id,name,localId,rarity,cm_updated,cm_unit,cm_idProduct,tp_updated,tp_unit,tp_reverse_holofoil_productId,tp_normal_productId,tp_holofoil_productId,cm_avg1,cm_avg1_holo,tp_normal_marketPrice,tp_reverse_holofoil_marketPrice
me04-001,Weedle,1,Common,2026-07-06T18:05:01.396Z,EUR,886393,2026-07-06T18:05:01.021Z,USD,693561.0,693561.0,,0.05,0.07,0.09,0.18
me04-001,Weedle,1,Common,2026-07-07T18:05:09.149Z,EUR,886393,2026-07-07T18:05:06.951Z,USD,693561.0,693561.0,,0.05,0.07,0.1,0.24
me04-001,Weedle,1,Common,2026-07-08T18:05:11.087Z,EUR,886393,2026-07-08T18:05:07.571Z,USD,693561.0,693561.0,,0.03,0.08,0.09,0.23
me04-001,Weedle,1,Common,2026-07-09T18:05:09.065Z,EUR,886393,2026-07-09T18:05:06.660Z,USD,693561.0,693561.0,,0.05,0.16,0.18,0.19
me04-001,Weedle,1,Common,2026-07-10T18:05:08.528Z,EUR,886393,2026-07-10T18:05:06.309Z,USD,693561.0,693561.0,,0.03,0.05,0.19,0.2
me04-001,Weedle,1,Common,2026-07-11T18:05:07.832Z,EUR,886393,2026-07-11T18:05:05.951Z,USD,693561.0,693561.0,,0.03,0.05,0.16,0.21
me04-001,Weedle,1,Common,2026-07-12T18:05:09.094Z,EUR,886393,2026-07-12T18:05:07.281Z,USD,693561.0,693561.0,,0.03,0.05,0.13,0.23
me04-001,Weedle,1,Common,2026-07-13T18:05:07.999Z,EUR,886393,2026-07-13T18:05:06.325Z,USD,693561.0,693561.0,,0.02,0.08,0.13,0.28
me04-001,Weedle,1,Common,2026-07-14T18:05:08.086Z,EUR,886393,2026-07-14T18:05:05.984Z,USD,693561.0,693561.0,,0.02,0.08,0.11,0.29
me04-001,Weedle,1,Common,2026-07-15T18:05:08.182Z,EUR,886393,2026-07-15T18:05:06.072Z,USD,693561.0,693561.0,,0.02,0.08,0.08,0.22
me04-001,Weedle,1,Common,2026-07-16T18:05:08.631Z,EUR,886393,2026-07-16T18:05:05.995Z,USD,693561.0,693561.0,,0.02,0.08,0.09,0.22
me04-001,Weedle,1,Common,2026-07-17T18:05:09.396Z,EUR,886393,2026-07-17T18:05:07.352Z,USD,693561.0,693561.0,,0.02,0.08,0.11,0.24
me04-001,Weedle,1,Common,2026-07-18T08:02:59.387Z,EUR,886393,2026-07-18T08:02:56.980Z,USD,693561.0,693561.0,,0.02,0.08,0.13,0.25
me04-001,Weedle,1,Common,2026-07-19T08:03:04.658Z,EUR,886393,2026-07-19T08:03:02.364Z,USD,693561.0,693561.0,,0.02,0.08,0.13,0.26
me04-001,Weedle,1,Common,2026-07-20T08:03:04.265Z,EUR,886393,2026-07-20T08:03:02.216Z,USD,693561.0,693561.0,,0.02,0.09,0.15,0.23
me04-001,Weedle,1,Common,2026-07-21T08:03:04.252Z,EUR,886393,2026-07-21T08:03:02.310Z,USD,693561.0,693561.0,,0.02,0.09,0.12,0.19
me04-001,Weedle,1,Common,2026-07-22T08:03:06.627Z,EUR,886393,2026-07-22T08:03:04.165Z,USD,693561.0,693561.0,,0.02,0.09,0.12,0.23
me04-001,Weedle,1,Common,2026-07-23T08:03:03.918Z,EUR,886393,2026-07-23T08:03:01.941Z,USD,693561.0,693561.0,,0.02,0.09,0.12,0.22
me04-001,Weedle,1,Common,2026-07-24T08:03:04.359Z,EUR,886393,2026-07-24T08:03:02.308Z,USD,693561.0,693561.0,,0.02,0.09,0.11,0.24
me04-001,Weedle,1,Common,2026-07-25T08:03:04.302Z,EUR,886393,2026-07-25T08:03:02.306Z,USD,693561.0,693561.0,,0.02,0.09,0.1,0.22
me04-001,Weedle,1,Common,2026-07-26T08:03:04.572Z,EUR,886393,2026-07-26T08:03:42.077Z,USD,693561.0,693561.0,,0.07,0.18,0.14,0.25
me04-001,Weedle,1,Common,2026-07-27T08:03:04.458Z,EUR,886393,2026-07-27T08:03:49.056Z,USD,693561.0,693561.0,,0.05,0.06,0.13,0.24
me04-002,Kakuna,2,Common,2026-07-06T18:05:01.396Z,EUR,886394,2026-07-06T18:05:01.021Z,USD,693502.0,693502.0,,0.03,0.11,0.1,0.26
me04-002,Kakuna,2,Common,2026-07-07T18:05:09.041Z,EUR,886394,2026-07-07T18:05:06.951Z,USD,693502.0,693502.0,,0.03,0.11,0.12,0.3
me04-002,Kakuna,2,Common,2026-07-08T18:05:10.950Z,EUR,886394,2026-07-08T18:05:07.571Z,USD,693502.0,693502.0,,0.03,0.16,0.14,0.35
me04-002,Kakuna,2,Common,2026-07-09T18:05:08.755Z,EUR,886394,2026-07-09T18:05:06.660Z,USD,693502.0,693502.0,,0.05,0.1,0.17,0.42
me04-002,Kakuna,2,Common,2026-07-10T18:05:08.528Z,EUR,886394,2026-07-10T18:05:06.309Z,USD,693502.0,693502.0,,0.06,0.18,0.16,0.37
me04-002,Kakuna,2,Common,2026-07-11T18:05:08.252Z,EUR,886394,2026-07-11T18:05:05.951Z,USD,693502.0,693502.0,,0.06,0.18,0.14,0.36
me04-002,Kakuna,2,Common,2026-07-12T18:05:09.094Z,EUR,886394,2026-07-12T18:05:07.281Z,USD,693502.0,693502.0,,0.06,0.18,0.13,0.3
me04-002,Kakuna,2,Common,2026-07-13T18:05:07.901Z,EUR,886394,2026-07-13T18:05:06.325Z,USD,693502.0,693502.0,,0.03,0.11,0.12,0.28
me04-002,Kakuna,2,Common,2026-07-14T18:05:08.086Z,EUR,886394,2026-07-14T18:05:05.984Z,USD,693502.0,693502.0,,0.03,0.11,0.1,0.26
me04-002,Kakuna,2,Common,2026-07-15T18:05:08.182Z,EUR,886394,2026-07-15T18:05:06.072Z,USD,693502.0,693502.0,,0.03,0.11,0.12,0.29
me04-002,Kakuna,2,Common,2026-07-16T18:05:08.727Z,EUR,886394,2026-07-16T18:05:05.995Z,USD,693502.0,693502.0,,0.03,0.11,0.15,0.26
me04-002,Kakuna,2,Common,2026-07-17T18:05:09.396Z,EUR,886394,2026-07-17T18:05:07.352Z,USD,693502.0,693502.0,,0.03,0.11,0.18,0.28
me04-002,Kakuna,2,Common,2026-07-18T08:02:59.776Z,EUR,886394,2026-07-18T08:02:56.980Z,USD,693502.0,693502.0,,0.03,0.11,0.18,0.24
me04-002,Kakuna,2,Common,2026-07-19T08:03:04.658Z,EUR,886394,2026-07-19T08:03:02.364Z,USD,693502.0,693502.0,,0.03,0.11,0.16,0.24
me04-002,Kakuna,2,Common,2026-07-20T08:03:04.265Z,EUR,886394,2026-07-20T08:03:02.216Z,USD,693502.0,693502.0,,0.02,0.16,0.15,0.28
me04-002,Kakuna,2,Common,2026-07-21T08:03:04.115Z,EUR,886394,2026-07-21T08:03:02.310Z,USD,693502.0,693502.0,,0.02,0.16,0.15,0.28
me04-002,Kakuna,2,Common,2026-07-22T08:03:06.627Z,EUR,886394,2026-07-22T08:03:04.165Z,USD,693502.0,693502.0,,0.02,0.16,0.14,0.26
me04-002,Kakuna,2,Common,2026-07-23T08:03:03.918Z,EUR,886394,2026-07-23T08:03:01.941Z,USD,693502.0,693502.0,,0.02,0.16,0.15,0.2
me04-002,Kakuna,2,Common,2026-07-24T08:03:04.359Z,EUR,886394,2026-07-24T08:03:02.308Z,USD,693502.0,693502.0,,0.02,0.16,0.15,0.22
me04-002,Kakuna,2,Common,2026-07-25T08:03:03.827Z,EUR,886394,2026-07-25T08:03:02.306Z,USD,693502.0,693502.0,,0.02,0.16,0.13,0.24
me04-002,Kakuna,2,Common,2026-07-26T08:03:04.572Z,EUR,886394,2026-07-26T08:03:42.077Z,USD,693502.0,693502.0,,0.07,0.19,0.12,0.24
me04-002,Kakuna,2,Common,2026-07-27T08:03:04.458Z,EUR,886394,2026-07-27T08:03:49.056Z,USD,693502.0,693502.0,,0.03,0.11,0.09,0.2
me04-003,Beedrill ex,3,Double rare,2026-07-06T18:05:01.396Z,EUR,886395,2026-07-06T18:05:01.021Z,USD,,,693453.0,0.96,,,
me04-003,Beedrill ex,3,Double rare,2026-07-07T18:05:09.041Z,EUR,886395,2026-07-07T18:05:06.951Z,USD,,,693453.0,0.96,,,
me04-003,Beedrill ex,3,Double rare,2026-07-08T18:05:10.950Z,EUR,886395,2026-07-08T18:05:07.571Z,USD,,,693453.0,0.75,,,
me04-003,Beedrill ex,3,Double rare,2026-07-09T18:05:09.065Z,EUR,886395,2026-07-09T18:05:06.660Z,USD,,,693453.0,1.2,,,
me04-003,Beedrill ex,3,Double rare,2026-07-10T18:05:08.528Z,EUR,886395,2026-07-10T18:05:06.309Z,USD,,,693453.0,0.81,,,
me04-003,Beedrill ex,3,Double rare,2026-07-11T18:05:07.832Z,EUR,886395,2026-07-11T18:05:05.951Z,USD,,,693453.0,0.81,,,
me04-003,Beedrill ex,3,Double rare,2026-07-12T18:05:09.094Z,EUR,886395,2026-07-12T18:05:07.281Z,USD,,,693453.0,0.81,,,
me04-003,Beedrill ex,3,Double rare,2026-07-13T18:05:07.999Z,EUR,886395,2026-07-13T18:05:06.325Z,USD,,,693453.0,0.81,,,
me04-003,Beedrill ex,3,Double rare,2026-07-14T18:05:08.458Z,EUR,886395,2026-07-14T18:05:05.984Z,USD,,,693453.0,0.81,,,
me04-003,Beedrill ex,3,Double rare,2026-07-15T18:05:08.182Z,EUR,886395,2026-07-15T18:05:06.072Z,USD,,,693453.0,0.81,,,
me04-003,Beedrill ex,3,Double rare,2026-07-16T18:05:08.727Z,EUR,886395,2026-07-16T18:05:05.995Z,USD,,,693453.0,0.81,,,
me04-003,Beedrill ex,3,Double rare,2026-07-17T18:05:09.396Z,EUR,886395,2026-07-17T18:05:07.352Z,USD,,,693453.0,0.81,,,
me04-003,Beedrill ex,3,Double rare,2026-07-18T08:02:59.776Z,EUR,886395,2026-07-18T08:02:56.980Z,USD,,,693453.0,0.81,,,
me04-003,Beedrill ex,3,Double rare,2026-07-19T08:03:04.658Z,EUR,886395,2026-07-19T08:03:02.364Z,USD,,,693453.0,0.81,,,
me04-003,Beedrill ex,3,Double rare,2026-07-20T08:03:04.265Z,EUR,886395,2026-07-20T08:03:02.216Z,USD,,,693453.0,0.7,,,
me04-003,Beedrill ex,3,Double rare,2026-07-21T08:03:04.252Z,EUR,886395,2026-07-21T08:03:02.310Z,USD,,,693453.0,0.7,,,
me04-003,Beedrill ex,3,Double rare,2026-07-22T08:03:06.627Z,EUR,886395,2026-07-22T08:03:04.165Z,USD,,,693453.0,0.7,,,
me04-003,Beedrill ex,3,Double rare,2026-07-23T08:03:03.735Z,EUR,886395,2026-07-23T08:03:01.941Z,USD,,,693453.0,0.7,,,
me04-003,Beedrill ex,3,Double rare,2026-07-24T08:03:04.359Z,EUR,886395,2026-07-24T08:03:02.308Z,USD,,,693453.0,0.7,,,
me04-003,Beedrill ex,3,Double rare,2026-07-25T08:03:03.827Z,EUR,886395,2026-07-25T08:03:02.306Z,USD,,,693453.0,0.7,,,
me04-003,Beedrill ex,3,Double rare,2026-07-26T08:03:04.572Z,EUR,886395,2026-07-26T08:03:42.077Z,USD,,,693453.0,0.92,,,
me04-003,Beedrill ex,3,Double rare,2026-07-27T08:03:04.458Z,EUR,886395,2026-07-27T08:03:49.056Z,USD,,,693453.0,1.24,,,
me04-004,Carnivine,4,Common,2026-07-06T18:05:01.253Z,EUR,886396,2026-07-06T18:05:01.021Z,USD,693459.0,693459.0,,0.02,0.05,0.11,0.17
me04-004,Carnivine,4,Common,2026-07-07T18:05:09.149Z,EUR,886396,2026-07-07T18:05:06.951Z,USD,693459.0,693459.0,,0.02,0.05,0.11,0.18
me04-004,Carnivine,4,Common,2026-07-08T18:05:10.950Z,EUR,886396,2026-07-08T18:05:07.571Z,USD,693459.0,693459.0,,0.06,0.09,0.1,0.17
me04-004,Carnivine,4,Common,2026-07-09T18:05:08.755Z,EUR,886396,2026-07-09T18:05:06.660Z,USD,693459.0,693459.0,,0.02,0.08,0.08,0.15
me04-004,Carnivine,4,Common,2026-07-10T18:05:08.528Z,EUR,886396,2026-07-10T18:05:06.309Z,USD,693459.0,693459.0,,0.03,0.18,0.07,0.14
me04-004,Carnivine,4,Common,2026-07-11T18:05:07.832Z,EUR,886396,2026-07-11T18:05:05.951Z,USD,693459.0,693459.0,,0.03,0.18,0.09,0.13
me04-004,Carnivine,4,Common,2026-07-12T18:05:09.094Z,EUR,886396,2026-07-12T18:05:07.281Z,USD,693459.0,693459.0,,0.03,0.18,0.08,0.16
me04-004,Carnivine,4,Common,2026-07-13T18:05:07.999Z,EUR,886396,2026-07-13T18:05:06.325Z,USD,693459.0,693459.0,,0.02,0.1,0.08,0.18
me04-004,Carnivine,4,Common,2026-07-14T18:05:08.458Z,EUR,886396,2026-07-14T18:05:05.984Z,USD,693459.0,693459.0,,0.02,0.1,0.07,0.23
me04-004,Carnivine,4,Common,2026-07-15T18:05:08.182Z,EUR,886396,2026-07-15T18:05:06.072Z,USD,693459.0,693459.0,,0.02,0.1,0.07,0.22
me04-004,Carnivine,4,Common,2026-07-16T18:05:08.727Z,EUR,886396,2026-07-16T18:05:05.995Z,USD,693459.0,693459.0,,0.02,0.1,0.11,0.22
me04-004,Carnivine,4,Common,2026-07-17T18:05:09.396Z,EUR,886396,2026-07-17T18:05:07.352Z,USD,693459.0,693459.0,,0.02,0.1,0.11,0.21
me04-004,Carnivine,4,Common,2026-07-18T08:02:59.546Z,EUR,886396,2026-07-18T08:02:56.980Z,USD,693459.0,693459.0,,0.02,0.1,0.1,0.24
me04-004,Carnivine,4,Common,2026-07-19T08:03:04.558Z,EUR,886396,2026-07-19T08:03:02.364Z,USD,693459.0,693459.0,,0.02,0.1,0.11,0.22
me04-004,Carnivine,4,Common,2026-07-20T08:03:04.386Z,EUR,886396,2026-07-20T08:03:02.216Z,USD,693459.0,693459.0,,0.03,0.07,0.1,0.19
me04-004,Carnivine,4,Common,2026-07-21T08:03:04.252Z,EUR,886396,2026-07-21T08:03:02.310Z,USD,693459.0,693459.0,,0.03,0.07,0.11,0.17
me04-004,Carnivine,4,Common,2026-07-22T08:03:06.471Z,EUR,886396,2026-07-22T08:03:04.165Z,USD,693459.0,693459.0,,0.03,0.07,0.11,0.17
me04-004,Carnivine,4,Common,2026-07-23T08:03:03.735Z,EUR,886396,2026-07-23T08:03:01.941Z,USD,693459.0,693459.0,,0.03,0.07,0.12,0.15
me04-004,Carnivine,4,Common,2026-07-24T08:03:04.300Z,EUR,886396,2026-07-24T08:03:02.308Z,USD,693459.0,693459.0,,0.03,0.07,0.09,0.15
me04-004,Carnivine,4,Common,2026-07-25T08:03:03.827Z,EUR,886396,2026-07-25T08:03:02.306Z,USD,693459.0,693459.0,,0.03,0.07,0.09,0.17
me04-004,Carnivine,4,Common,2026-07-26T08:03:04.571Z,EUR,886396,2026-07-26T08:03:42.077Z,USD,693459.0,693459.0,,0.02,0.11,0.09,0.18
me04-004,Carnivine,4,Common,2026-07-27T08:03:04.458Z,EUR,886396,2026-07-27T08:03:49.056Z,USD,693459.0,693459.0,,0.02,0.05,0.08,0.24
me04-005,Chespin,5,Common,2026-07-06T18:05:01.253Z,EUR,886397,2026-07-06T18:05:01.021Z,USD,693461.0,693461.0,,0.02,0.05,0.12,0.22
me04-005,Chespin,5,Common,2026-07-07T18:05:09.041Z,EUR,886397,2026-07-07T18:05:06.951Z,USD,693461.0,693461.0,,0.02,0.05,0.13,0.22
me04-005,Chespin,5,Common,2026-07-08T18:05:11.087Z,EUR,886397,2026-07-08T18:05:07.571Z,USD,693461.0,693461.0,,0.03,0.19,0.09,0.19
me04-005,Chespin,5,Common,2026-07-09T18:05:09.065Z,EUR,886397,2026-07-09T18:05:06.660Z,USD,693461.0,693461.0,,0.02,0.08,0.08,0.2
me04-005,Chespin,5,Common,2026-07-10T18:05:08.528Z,EUR,886397,2026-07-10T18:05:06.309Z,USD,693461.0,693461.0,,0.02,0.09,0.09,0.19
me04-005,Chespin,5,Common,2026-07-11T18:05:07.832Z,EUR,886397,2026-07-11T18:05:05.951Z,USD,693461.0,693461.0,,0.02,0.09,0.1,0.18
me04-005,Chespin,5,Common,2026-07-12T18:05:09.094Z,EUR,886397,2026-07-12T18:05:07.281Z,USD,693461.0,693461.0,,0.02,0.09,0.09,0.15
me04-005,Chespin,5,Common,2026-07-13T18:05:07.999Z,EUR,886397,2026-07-13T18:05:06.325Z,USD,693461.0,693461.0,,0.03,0.07,0.11,0.18
me04-005,Chespin,5,Common,2026-07-14T18:05:08.086Z,EUR,886397,2026-07-14T18:05:05.984Z,USD,693461.0,693461.0,,0.03,0.07,0.11,0.18
me04-005,Chespin,5,Common,2026-07-15T18:05:08.182Z,EUR,886397,2026-07-15T18:05:06.072Z,USD,693461.0,693461.0,,0.03,0.07,0.12,0.24
me04-005,Chespin,5,Common,2026-07-16T18:05:08.727Z,EUR,886397,2026-07-16T18:05:05.995Z,USD,693461.0,693461.0,,0.03,0.07,0.13,0.26
me04-005,Chespin,5,Common,2026-07-17T18:05:09.396Z,EUR,886397,2026-07-17T18:05:07.352Z,USD,693461.0,693461.0,,0.03,0.07,0.14,0.28
me04-005,Chespin,5,Common,2026-07-18T08:02:59.776Z,EUR,886397,2026-07-18T08:02:56.980Z,USD,693461.0,693461.0,,0.03,0.07,0.14,0.24
me04-005,Chespin,5,Common,2026-07-19T08:03:04.558Z,EUR,886397,2026-07-19T08:03:02.364Z,USD,693461.0,693461.0,,0.03,0.07,0.12,0.22
me04-005,Chespin,5,Common,2026-07-20T08:03:04.265Z,EUR,886397,2026-07-20T08:03:02.216Z,USD,693461.0,693461.0,,0.02,0.09,0.13,0.22
me04-005,Chespin,5,Common,2026-07-21T08:03:04.115Z,EUR,886397,2026-07-21T08:03:02.310Z,USD,693461.0,693461.0,,0.02,0.09,0.13,0.19
me04-005,Chespin,5,Common,2026-07-22T08:03:06.627Z,EUR,886397,2026-07-22T08:03:04.165Z,USD,693461.0,693461.0,,0.02,0.09,0.11,0.21
me04-005,Chespin,5,Common,2026-07-23T08:03:03.735Z,EUR,886397,2026-07-23T08:03:01.941Z,USD,693461.0,693461.0,,0.02,0.09,0.09,0.19
me04-005,Chespin,5,Common,2026-07-24T08:03:04.300Z,EUR,886397,2026-07-24T08:03:02.308Z,USD,693461.0,693461.0,,0.02,0.09,0.1,0.19
me04-005,Chespin,5,Common,2026-07-25T08:03:04.261Z,EUR,886397,2026-07-25T08:03:02.306Z,USD,693461.0,693461.0,,0.02,0.09,0.1,0.2
me04-005,Chespin,5,Common,2026-07-26T08:03:04.572Z,EUR,886397,2026-07-26T08:03:42.077Z,USD,693461.0,693461.0,,0.03,0.14,0.08,0.18
me04-005,Chespin,5,Common,2026-07-27T08:03:04.458Z,EUR,886397,2026-07-27T08:03:49.056Z,USD,693461.0,693461.0,,0.02,0.08,0.06,0.16
me04-006,Quilladin,6,Common,2026-07-06T18:05:01.396Z,EUR,886398,2026-07-06T18:05:01.021Z,USD,693537.0,693537.0,,0.02,0.13,0.16,0.24
me04-006,Quilladin,6,Common,2026-07-07T18:05:09.149Z,EUR,886398,2026-07-07T18:05:06.951Z,USD,693537.0,693537.0,,0.02,0.13,0.15,0.25
me04-006,Quilladin,6,Common,2026-07-08T18:05:10.657Z,EUR,886398,2026-07-08T18:05:07.571Z,USD,693537.0,693537.0,,0.05,0.13,0.13,0.25
me04-006,Quilladin,6,Common,2026-07-09T18:05:09.065Z,EUR,886398,2026-07-09T18:05:06.660Z,USD,693537.0,693537.0,,0.02,0.09,0.12,0.25
me04-006,Quilladin,6,Common,2026-07-10T18:05:08.528Z,EUR,886398,2026-07-10T18:05:06.309Z,USD,693537.0,693537.0,,0.03,0.08,0.11,0.25
me04-006,Quilladin,6,Common,2026-07-11T18:05:07.832Z,EUR,886398,2026-07-11T18:05:05.951Z,USD,693537.0,693537.0,,0.03,0.08,0.11,0.25
me04-006,Quilladin,6,Common,2026-07-12T18:05:09.094Z,EUR,886398,2026-07-12T18:05:07.281Z,USD,693537.0,693537.0,,0.03,0.08,0.13,0.21
me04-006,Quilladin,6,Common,2026-07-13T18:05:07.999Z,EUR,886398,2026-07-13T18:05:06.325Z,USD,693537.0,693537.0,,0.02,0.13,0.14,0.22
me04-006,Quilladin,6,Common,2026-07-14T18:05:08.086Z,EUR,886398,2026-07-14T18:05:05.984Z,USD,693537.0,693537.0,,0.02,0.13,0.17,0.22
me04-006,Quilladin,6,Common,2026-07-15T18:05:08.182Z,EUR,886398,2026-07-15T18:05:06.072Z,USD,693537.0,693537.0,,0.02,0.13,0.18,0.23
me04-006,Quilladin,6,Common,2026-07-16T18:05:08.727Z,EUR,886398,2026-07-16T18:05:05.995Z,USD,693537.0,693537.0,,0.02,0.13,0.17,0.24
me04-006,Quilladin,6,Common,2026-07-17T18:05:09.396Z,EUR,886398,2026-07-17T18:05:07.352Z,USD,693537.0,693537.0,,0.02,0.13,0.16,0.25
me04-006,Quilladin,6,Common,2026-07-18T08:02:59.546Z,EUR,886398,2026-07-18T08:02:56.980Z,USD,693537.0,693537.0,,0.02,0.13,0.15,0.24
me04-006,Quilladin,6,Common,2026-07-19T08:03:04.558Z,EUR,886398,2026-07-19T08:03:02.364Z,USD,693537.0,693537.0,,0.02,0.13,0.16,0.26
me04-006,Quilladin,6,Common,2026-07-20T08:03:04.265Z,EUR,886398,2026-07-20T08:03:02.216Z,USD,693537.0,693537.0,,0.11,0.13,0.17,0.23
me04-006,Quilladin,6,Common,2026-07-21T08:03:04.115Z,EUR,886398,2026-07-21T08:03:02.310Z,USD,693537.0,693537.0,,0.11,0.13,0.17,0.21
me04-006,Quilladin,6,Common,2026-07-22T08:03:06.627Z,EUR,886398,2026-07-22T08:03:04.165Z,USD,693537.0,693537.0,,0.11,0.13,0.17,0.22
me04-006,Quilladin,6,Common,2026-07-23T08:03:03.735Z,EUR,886398,2026-07-23T08:03:01.941Z,USD,693537.0,693537.0,,0.11,0.13,0.17,0.2
me04-006,Quilladin,6,Common,2026-07-24T08:03:04.300Z,EUR,886398,2026-07-24T08:03:02.308Z,USD,693537.0,693537.0,,0.11,0.13,0.17,0.23
me04-006,Quilladin,6,Common,2026-07-25T08:03:04.261Z,EUR,886398,2026-07-25T08:03:02.306Z,USD,693537.0,693537.0,,0.11,0.13,0.15,0.27
me04-006,Quilladin,6,Common,2026-07-26T08:03:04.571Z,EUR,886398,2026-07-26T08:03:42.077Z,USD,693537.0,693537.0,,0.03,0.14,0.16,0.26
me04-006,Quilladin,6,Common,2026-07-27T08:03:04.458Z,EUR,886398,2026-07-27T08:03:49.056Z,USD,693537.0,693537.0,,0.03,0.07,0.1,0.21
me04-007,Chesnaught,7,Rare,2026-07-06T18:05:01.253Z,EUR,886399,2026-07-06T18:05:01.021Z,USD,693460.0,,693460.0,0.09,0.1,,0.21
me04-007,Chesnaught,7,Rare,2026-07-07T18:05:09.041Z,EUR,886399,2026-07-07T18:05:06.951Z,USD,693460.0,,693460.0,0.09,0.1,,0.21
me04-007,Chesnaught,7,Rare,2026-07-08T18:05:10.950Z,EUR,886399,2026-07-08T18:05:07.571Z,USD,693460.0,,693460.0,0.05,0.09,,0.21
me04-007,Chesnaught,7,Rare,2026-07-09T18:05:09.065Z,EUR,886399,2026-07-09T18:05:06.660Z,USD,693460.0,,693460.0,0.07,0.15,,0.22
me04-007,Chesnaught,7,Rare,2026-07-10T18:05:08.528Z,EUR,886399,2026-07-10T18:05:06.309Z,USD,693460.0,,693460.0,0.08,0.11,,0.22
me04-007,Chesnaught,7,Rare,2026-07-11T18:05:07.832Z,EUR,886399,2026-07-11T18:05:05.951Z,USD,693460.0,,693460.0,0.08,0.11,,0.23
me04-007,Chesnaught,7,Rare,2026-07-12T18:05:09.094Z,EUR,886399,2026-07-12T18:05:07.281Z,USD,693460.0,,693460.0,0.08,0.11,,0.23
me04-007,Chesnaught,7,Rare,2026-07-13T18:05:07.999Z,EUR,886399,2026-07-13T18:05:06.325Z,USD,693460.0,,693460.0,0.06,0.09,,0.32
me04-007,Chesnaught,7,Rare,2026-07-14T18:05:08.458Z,EUR,886399,2026-07-14T18:05:05.984Z,USD,693460.0,,693460.0,0.06,0.09,,0.3
me04-007,Chesnaught,7,Rare,2026-07-15T18:05:08.182Z,EUR,886399,2026-07-15T18:05:06.072Z,USD,693460.0,,693460.0,0.06,0.09,,0.31
me04-007,Chesnaught,7,Rare,2026-07-16T18:05:08.727Z,EUR,886399,2026-07-16T18:05:05.995Z,USD,693460.0,,693460.0,0.06,0.09,,0.28
me04-007,Chesnaught,7,Rare,2026-07-17T18:05:10.824Z,EUR,886399,2026-07-17T18:05:07.352Z,USD,693460.0,,693460.0,0.06,0.09,,0.25
me04-007,Chesnaught,7,Rare,2026-07-18T08:02:59.546Z,EUR,886399,2026-07-18T08:02:56.980Z,USD,693460.0,,693460.0,0.06,0.09,,0.24
me04-007,Chesnaught,7,Rare,2026-07-19T08:03:04.558Z,EUR,886399,2026-07-19T08:03:02.364Z,USD,693460.0,,693460.0,0.06,0.09,,0.22
me04-007,Chesnaught,7,Rare,2026-07-20T08:03:04.265Z,EUR,886399,2026-07-20T08:03:02.216Z,USD,693460.0,,693460.0,0.03,0.21,,0.22
me04-007,Chesnaught,7,Rare,2026-07-21T08:03:04.115Z,EUR,886399,2026-07-21T08:03:02.310Z,USD,693460.0,,693460.0,0.03,0.21,,0.24
me04-007,Chesnaught,7,Rare,2026-07-22T08:03:06.471Z,EUR,886399,2026-07-22T08:03:04.165Z,USD,693460.0,,693460.0,0.03,0.21,,0.26
me04-007,Chesnaught,7,Rare,2026-07-23T08:03:03.735Z,EUR,886399,2026-07-23T08:03:01.941Z,USD,693460.0,,693460.0,0.03,0.21,,0.23
me04-007,Chesnaught,7,Rare,2026-07-24T08:03:04.300Z,EUR,886399,2026-07-24T08:03:02.308Z,USD,693460.0,,693460.0,0.03,0.21,,0.26
me04-007,Chesnaught,7,Rare,2026-07-25T08:03:03.827Z,EUR,886399,2026-07-25T08:03:02.306Z,USD,693460.0,,693460.0,0.03,0.21,,0.28
me04-007,Chesnaught,7,Rare,2026-07-26T08:03:04.571Z,EUR,886399,2026-07-26T08:03:42.077Z,USD,693460.0,,693460.0,0.08,0.26,,0.26
me04-007,Chesnaught,7,Rare,2026-07-27T08:03:04.458Z,EUR,886399,2026-07-27T08:03:49.056Z,USD,693460.0,,693460.0,0.03,0.09,,0.32
me04-008,Vulpix,8,Common,2026-07-06T18:05:01.253Z,EUR,886400,2026-07-06T18:05:01.021Z,USD,693558.0,693558.0,,0.03,0.13,0.14,0.22
me04-008,Vulpix,8,Common,2026-07-07T18:05:09.041Z,EUR,886400,2026-07-07T18:05:06.951Z,USD,693558.0,693558.0,,0.03,0.13,0.14,0.19
me04-008,Vulpix,8,Common,2026-07-08T18:05:11.087Z,EUR,886400,2026-07-08T18:05:07.571Z,USD,693558.0,693558.0,,0.05,0.07,0.15,0.2
me04-008,Vulpix,8,Common,2026-07-09T18:05:08.755Z,EUR,886400,2026-07-09T18:05:06.660Z,USD,693558.0,693558.0,,0.02,0.15,0.13,0.21
me04-008,Vulpix,8,Common,2026-07-10T18:05:08.528Z,EUR,886400,2026-07-10T18:05:06.309Z,USD,693558.0,693558.0,,0.03,0.09,0.14,0.22
me04-008,Vulpix,8,Common,2026-07-11T18:05:07.832Z,EUR,886400,2026-07-11T18:05:05.951Z,USD,693558.0,693558.0,,0.03,0.09,0.13,0.2
me04-008,Vulpix,8,Common,2026-07-12T18:05:09.094Z,EUR,886400,2026-07-12T18:05:07.281Z,USD,693558.0,693558.0,,0.03,0.09,0.13,0.19
me04-008,Vulpix,8,Common,2026-07-13T18:05:07.999Z,EUR,886400,2026-07-13T18:05:06.325Z,USD,693558.0,693558.0,,0.02,0.09,0.14,0.18
me04-008,Vulpix,8,Common,2026-07-14T18:05:08.458Z,EUR,886400,2026-07-14T18:05:05.984Z,USD,693558.0,693558.0,,0.02,0.09,0.15,0.21
me04-008,Vulpix,8,Common,2026-07-15T18:05:08.067Z,EUR,886400,2026-07-15T18:05:06.072Z,USD,693558.0,693558.0,,0.02,0.09,0.14,0.2
me04-008,Vulpix,8,Common,2026-07-16T18:05:08.727Z,EUR,886400,2026-07-16T18:05:05.995Z,USD,693558.0,693558.0,,0.02,0.09,0.13,0.22
me04-008,Vulpix,8,Common,2026-07-17T18:05:09.396Z,EUR,886400,2026-07-17T18:05:07.352Z,USD,693558.0,693558.0,,0.02,0.09,0.14,0.2
me04-008,Vulpix,8,Common,2026-07-18T08:02:59.776Z,EUR,886400,2026-07-18T08:02:56.980Z,USD,693558.0,693558.0,,0.02,0.09,0.13,0.25
me04-008,Vulpix,8,Common,2026-07-19T08:03:04.558Z,EUR,886400,2026-07-19T08:03:02.364Z,USD,693558.0,693558.0,,0.02,0.09,0.12,0.25
me04-008,Vulpix,8,Common,2026-07-20T08:03:04.265Z,EUR,886400,2026-07-20T08:03:02.216Z,USD,693558.0,693558.0,,0.05,0.1,0.13,0.25
me04-008,Vulpix,8,Common,2026-07-21T08:03:04.115Z,EUR,886400,2026-07-21T08:03:02.310Z,USD,693558.0,693558.0,,0.05,0.1,0.13,0.28
me04-008,Vulpix,8,Common,2026-07-22T08:03:06.471Z,EUR,886400,2026-07-22T08:03:04.165Z,USD,693558.0,693558.0,,0.05,0.1,0.14,0.29
me04-008,Vulpix,8,Common,2026-07-23T08:03:03.735Z,EUR,886400,2026-07-23T08:03:01.941Z,USD,693558.0,693558.0,,0.05,0.1,0.12,0.25
me04-008,Vulpix,8,Common,2026-07-24T08:03:04.300Z,EUR,886400,2026-07-24T08:03:02.308Z,USD,693558.0,693558.0,,0.05,0.1,0.11,0.27
me04-008,Vulpix,8,Common,2026-07-25T08:03:03.827Z,EUR,886400,2026-07-25T08:03:02.306Z,USD,693558.0,693558.0,,0.05,0.1,0.11,0.29
me04-008,Vulpix,8,Common,2026-07-26T08:03:04.571Z,EUR,886400,2026-07-26T08:03:42.077Z,USD,693558.0,693558.0,,0.03,0.09,0.08,0.28
me04-008,Vulpix,8,Common,2026-07-27T08:03:04.458Z,EUR,886400,2026-07-27T08:03:49.056Z,USD,693558.0,693558.0,,0.02,0.13,0.07,0.23
me04-009,Ninetales,9,Uncommon,2026-07-06T18:05:01.253Z,EUR,886401,2026-07-06T18:05:01.021Z,USD,693526.0,693526.0,,0.03,0.09,0.06,0.27
me04-009,Ninetales,9,Uncommon,2026-07-07T18:05:09.149Z,EUR,886401,2026-07-07T18:05:06.951Z,USD,693526.0,693526.0,,0.03,0.09,0.11,0.21
me04-009,Ninetales,9,Uncommon,2026-07-08T18:05:10.657Z,EUR,886401,2026-07-08T18:05:07.571Z,USD,693526.0,693526.0,,0.02,0.16,0.16,0.26
me04-009,Ninetales,9,Uncommon,2026-07-09T18:05:09.065Z,EUR,886401,2026-07-09T18:05:06.660Z,USD,693526.0,693526.0,,0.02,0.17,0.1,0.27
me04-009,Ninetales,9,Uncommon,2026-07-10T18:05:08.528Z,EUR,886401,2026-07-10T18:05:06.309Z,USD,693526.0,693526.0,,0.02,0.1,0.12,0.28
me04-009,Ninetales,9,Uncommon,2026-07-11T18:05:07.832Z,EUR,886401,2026-07-11T18:05:05.951Z,USD,693526.0,693526.0,,0.02,0.1,0.11,0.25
me04-009,Ninetales,9,Uncommon,2026-07-12T18:05:09.094Z,EUR,886401,2026-07-12T18:05:07.281Z,USD,693526.0,693526.0,,0.02,0.1,0.17,0.22
me04-009,Ninetales,9,Uncommon,2026-07-13T18:05:07.999Z,EUR,886401,2026-07-13T18:05:06.325Z,USD,693526.0,693526.0,,0.02,0.09,0.17,0.26
me04-009,Ninetales,9,Uncommon,2026-07-14T18:05:08.458Z,EUR,886401,2026-07-14T18:05:05.984Z,USD,693526.0,693526.0,,0.02,0.09,0.19,0.23
me04-009,Ninetales,9,Uncommon,2026-07-15T18:05:08.182Z,EUR,886401,2026-07-15T18:05:06.072Z,USD,693526.0,693526.0,,0.02,0.09,0.13,0.24
me04-009,Ninetales,9,Uncommon,2026-07-16T18:05:08.727Z,EUR,886401,2026-07-16T18:05:05.995Z,USD,693526.0,693526.0,,0.02,0.09,0.14,0.2
me04-009,Ninetales,9,Uncommon,2026-07-17T18:05:09.396Z,EUR,886401,2026-07-17T18:05:07.352Z,USD,693526.0,693526.0,,0.02,0.09,0.14,0.23
me04-009,Ninetales,9,Uncommon,2026-07-18T08:02:59.776Z,EUR,886401,2026-07-18T08:02:56.980Z,USD,693526.0,693526.0,,0.02,0.09,0.13,0.27
me04-009,Ninetales,9,Uncommon,2026-07-19T08:03:04.558Z,EUR,886401,2026-07-19T08:03:02.364Z,USD,693526.0,693526.0,,0.02,0.09,0.14,0.28
me04-009,Ninetales,9,Uncommon,2026-07-20T08:03:04.265Z,EUR,886401,2026-07-20T08:03:02.216Z,USD,693526.0,693526.0,,0.05,0.15,0.15,0.25
me04-009,Ninetales,9,Uncommon,2026-07-21T08:03:04.252Z,EUR,886401,2026-07-21T08:03:02.310Z,USD,693526.0,693526.0,,0.05,0.15,0.16,0.22
me04-009,Ninetales,9,Uncommon,2026-07-22T08:03:06.471Z,EUR,886401,2026-07-22T08:03:04.165Z,USD,693526.0,693526.0,,0.05,0.15,0.15,0.24
me04-009,Ninetales,9,Uncommon,2026-07-23T08:03:03.735Z,EUR,886401,2026-07-23T08:03:01.941Z,USD,693526.0,693526.0,,0.05,0.15,0.12,0.21
me04-009,Ninetales,9,Uncommon,2026-07-24T08:03:04.359Z,EUR,886401,2026-07-24T08:03:02.308Z,USD,693526.0,693526.0,,0.05,0.15,0.1,0.21
me04-009,Ninetales,9,Uncommon,2026-07-25T08:03:03.827Z,EUR,886401,2026-07-25T08:03:02.306Z,USD,693526.0,693526.0,,0.05,0.15,0.08,0.24
me04-009,Ninetales,9,Uncommon,2026-07-26T08:03:04.572Z,EUR,886401,2026-07-26T08:03:42.077Z,USD,693526.0,693526.0,,0.03,0.17,0.07,0.25
me04-009,Ninetales,9,Uncommon,2026-07-27T08:03:04.458Z,EUR,886401,2026-07-27T08:03:49.056Z,USD,693526.0,693526.0,,0.03,0.09,0.08,0.24
me04-010,Ho-Oh,10,Rare,2026-07-06T18:05:01.396Z,EUR,886402,2026-07-06T18:05:01.021Z,USD,693500.0,,693500.0,0.06,0.16,,0.23
me04-010,Ho-Oh,10,Rare,2026-07-07T18:05:09.149Z,EUR,886402,2026-07-07T18:05:06.951Z,USD,693500.0,,693500.0,0.06,0.16,,0.24
me04-010,Ho-Oh,10,Rare,2026-07-08T18:05:10.657Z,EUR,886402,2026-07-08T18:05:07.571Z,USD,693500.0,,693500.0,0.08,0.1,,0.22
me04-010,Ho-Oh,10,Rare,2026-07-09T18:05:08.755Z,EUR,886402,2026-07-09T18:05:06.660Z,USD,693500.0,,693500.0,0.07,0.16,,0.23
me04-010,Ho-Oh,10,Rare,2026-07-10T18:05:08.528Z,EUR,886402,2026-07-10T18:05:06.309Z,USD,693500.0,,693500.0,0.1,0.3,,0.24
me04-010,Ho-Oh,10,Rare,2026-07-11T18:05:08.252Z,EUR,886402,2026-07-11T18:05:05.951Z,USD,693500.0,,693500.0,0.1,0.3,,0.24
me04-010,Ho-Oh,10,Rare,2026-07-12T18:05:09.094Z,EUR,886402,2026-07-12T18:05:07.281Z,USD,693500.0,,693500.0,0.1,0.3,,0.23
me04-010,Ho-Oh,10,Rare,2026-07-13T18:05:07.999Z,EUR,886402,2026-07-13T18:05:06.325Z,USD,693500.0,,693500.0,0.03,0.11,,0.26
me04-010,Ho-Oh,10,Rare,2026-07-14T18:05:08.458Z,EUR,886402,2026-07-14T18:05:05.984Z,USD,693500.0,,693500.0,0.03,0.11,,0.23
me04-010,Ho-Oh,10,Rare,2026-07-15T18:05:08.182Z,EUR,886402,2026-07-15T18:05:06.072Z,USD,693500.0,,693500.0,0.03,0.11,,0.21
me04-010,Ho-Oh,10,Rare,2026-07-16T18:05:08.727Z,EUR,886402,2026-07-16T18:05:05.995Z,USD,693500.0,,693500.0,0.03,0.11,,0.23
me04-010,Ho-Oh,10,Rare,2026-07-17T18:05:09.396Z,EUR,886402,2026-07-17T18:05:07.352Z,USD,693500.0,,693500.0,0.03,0.11,,0.27
me04-010,Ho-Oh,10,Rare,2026-07-18T08:02:59.776Z,EUR,886402,2026-07-18T08:02:56.980Z,USD,693500.0,,693500.0,0.03,0.11,,0.28
me04-010,Ho-Oh,10,Rare,2026-07-19T08:03:04.558Z,EUR,886402,2026-07-19T08:03:02.364Z,USD,693500.0,,693500.0,0.03,0.11,,0.3
me04-010,Ho-Oh,10,Rare,2026-07-20T08:03:04.265Z,EUR,886402,2026-07-20T08:03:02.216Z,USD,693500.0,,693500.0,0.06,0.13,,0.3
me04-010,Ho-Oh,10,Rare,2026-07-21T08:03:04.252Z,EUR,886402,2026-07-21T08:03:02.310Z,USD,693500.0,,693500.0,0.06,0.13,,0.28
me04-010,Ho-Oh,10,Rare,2026-07-22T08:03:06.627Z,EUR,886402,2026-07-22T08:03:04.165Z,USD,693500.0,,693500.0,0.06,0.13,,0.29
me04-010,Ho-Oh,10,Rare,2026-07-23T08:03:03.735Z,EUR,886402,2026-07-23T08:03:01.941Z,USD,693500.0,,693500.0,0.06,0.13,,0.28
me04-010,Ho-Oh,10,Rare,2026-07-24T08:03:04.550Z,EUR,886402,2026-07-24T08:03:02.308Z,USD,693500.0,,693500.0,0.06,0.13,,0.27
me04-010,Ho-Oh,10,Rare,2026-07-25T08:03:03.827Z,EUR,886402,2026-07-25T08:03:02.306Z,USD,693500.0,,693500.0,0.06,0.13,,0.28
me04-010,Ho-Oh,10,Rare,2026-07-26T08:03:04.572Z,EUR,886402,2026-07-26T08:03:42.077Z,USD,693500.0,,693500.0,0.07,0.09,,0.29
me04-010,Ho-Oh,10,Rare,2026-07-27T08:03:04.458Z,EUR,886402,2026-07-27T08:03:49.056Z,USD,693500.0,,693500.0,0.03,0.1,,0.28
me04-011,Fennekin,11,Common,2026-07-06T18:05:01.253Z,EUR,886403,2026-07-06T18:05:01.021Z,USD,693484.0,693484.0,,0.02,0.08,0.09,0.24
me04-011,Fennekin,11,Common,2026-07-07T18:05:09.041Z,EUR,886403,2026-07-07T18:05:06.951Z,USD,693484.0,693484.0,,0.02,0.08,0.11,0.26
me04-011,Fennekin,11,Common,2026-07-08T18:05:10.950Z,EUR,886403,2026-07-08T18:05:07.571Z,USD,693484.0,693484.0,,0.06,0.08,0.1,0.24
me04-011,Fennekin,11,Common,2026-07-09T18:05:09.065Z,EUR,886403,2026-07-09T18:05:06.660Z,USD,693484.0,693484.0,,0.03,0.09,0.11,0.23
me04-011,Fennekin,11,Common,2026-07-10T18:05:08.528Z,EUR,886403,2026-07-10T18:05:06.309Z,USD,693484.0,693484.0,,0.02,0.05,0.12,0.23
me04-011,Fennekin,11,Common,2026-07-11T18:05:08.252Z,EUR,886403,2026-07-11T18:05:05.951Z,USD,693484.0,693484.0,,0.02,0.05,0.11,0.21
me04-011,Fennekin,11,Common,2026-07-12T18:05:09.094Z,EUR,886403,2026-07-12T18:05:07.281Z,USD,693484.0,693484.0,,0.02,0.05,0.08,0.19
me04-011,Fennekin,11,Common,2026-07-13T18:05:07.999Z,EUR,886403,2026-07-13T18:05:06.325Z,USD,693484.0,693484.0,,0.02,0.08,0.08,0.17
me04-011,Fennekin,11,Common,2026-07-14T18:05:08.458Z,EUR,886403,2026-07-14T18:05:05.984Z,USD,693484.0,693484.0,,0.02,0.08,0.12,0.19
me04-011,Fennekin,11,Common,2026-07-15T18:05:08.182Z,EUR,886403,2026-07-15T18:05:06.072Z,USD,693484.0,693484.0,,0.02,0.08,0.15,0.19
me04-011,Fennekin,11,Common,2026-07-16T18:05:08.727Z,EUR,886403,2026-07-16T18:05:05.995Z,USD,693484.0,693484.0,,0.02,0.08,0.16,0.19
me04-011,Fennekin,11,Common,2026-07-17T18:05:09.396Z,EUR,886403,2026-07-17T18:05:07.352Z,USD,693484.0,693484.0,,0.02,0.08,0.17,0.21
me04-011,Fennekin,11,Common,2026-07-18T08:02:59.776Z,EUR,886403,2026-07-18T08:02:56.980Z,USD,693484.0,693484.0,,0.02,0.08,0.14,0.21
me04-011,Fennekin,11,Common,2026-07-19T08:03:04.320Z,EUR,886403,2026-07-19T08:03:02.364Z,USD,693484.0,693484.0,,0.02,0.08,0.14,0.22
me04-011,Fennekin,11,Common,2026-07-20T08:03:04.265Z,EUR,886403,2026-07-20T08:03:02.216Z,USD,693484.0,693484.0,,0.05,0.09,0.14,0.26
me04-011,Fennekin,11,Common,2026-07-21T08:03:04.115Z,EUR,886403,2026-07-21T08:03:02.310Z,USD,693484.0,693484.0,,0.05,0.09,0.14,0.23
me04-011,Fennekin,11,Common,2026-07-22T08:03:06.471Z,EUR,886403,2026-07-22T08:03:04.165Z,USD,693484.0,693484.0,,0.05,0.09,0.15,0.25
me04-011,Fennekin,11,Common,2026-07-23T08:03:03.735Z,EUR,886403,2026-07-23T08:03:01.941Z,USD,693484.0,693484.0,,0.05,0.09,0.18,0.24
me04-011,Fennekin,11,Common,2026-07-24T08:03:04.550Z,EUR,886403,2026-07-24T08:03:02.308Z,USD,693484.0,693484.0,,0.05,0.09,0.17,0.24
me04-011,Fennekin,11,Common,2026-07-25T08:03:03.827Z,EUR,886403,2026-07-25T08:03:02.306Z,USD,693484.0,693484.0,,0.05,0.09,0.09,0.23
me04-011,Fennekin,11,Common,2026-07-26T08:03:04.571Z,EUR,886403,2026-07-26T08:03:42.077Z,USD,693484.0,693484.0,,0.08,0.09,0.06,0.24
me04-011,Fennekin,11,Common,2026-07-27T08:03:04.458Z,EUR,886403,2026-07-27T08:03:49.056Z,USD,693484.0,693484.0,,0.03,0.09,0.07,0.22
me04-012,Braixen,12,Common,2026-07-06T18:05:01.396Z,EUR,886404,2026-07-06T18:05:01.021Z,USD,693457.0,693457.0,,0.05,0.06,0.13,0.24
me04-012,Braixen,12,Common,2026-07-07T18:05:09.149Z,EUR,886404,2026-07-07T18:05:06.951Z,USD,693457.0,693457.0,,0.05,0.06,0.14,0.22
me04-012,Braixen,12,Common,2026-07-08T18:05:10.657Z,EUR,886404,2026-07-08T18:05:07.571Z,USD,693457.0,693457.0,,0.05,0.08,0.13,0.2
me04-012,Braixen,12,Common,2026-07-09T18:05:09.065Z,EUR,886404,2026-07-09T18:05:06.660Z,USD,693457.0,693457.0,,0.05,0.14,0.1,0.23
me04-012,Braixen,12,Common,2026-07-10T18:05:08.528Z,EUR,886404,2026-07-10T18:05:06.309Z,USD,693457.0,693457.0,,0.03,0.07,0.09,0.2
me04-012,Braixen,12,Common,2026-07-11T18:05:07.832Z,EUR,886404,2026-07-11T18:05:05.951Z,USD,693457.0,693457.0,,0.03,0.07,0.07,0.21
me04-012,Braixen,12,Common,2026-07-12T18:05:09.094Z,EUR,886404,2026-07-12T18:05:07.281Z,USD,693457.0,693457.0,,0.03,0.07,0.07,0.21
me04-012,Braixen,12,Common,2026-07-13T18:05:07.999Z,EUR,886404,2026-07-13T18:05:06.325Z,USD,693457.0,693457.0,,0.11,0.1,0.08,0.21
me04-012,Braixen,12,Common,2026-07-14T18:05:08.086Z,EUR,886404,2026-07-14T18:05:05.984Z,USD,693457.0,693457.0,,0.11,0.1,0.12,0.22
me04-012,Braixen,12,Common,2026-07-15T18:05:08.182Z,EUR,886404,2026-07-15T18:05:06.072Z,USD,693457.0,693457.0,,0.11,0.1,0.16,0.23
me04-012,Braixen,12,Common,2026-07-16T18:05:08.727Z,EUR,886404,2026-07-16T18:05:05.995Z,USD,693457.0,693457.0,,0.11,0.1,0.17,0.25
me04-012,Braixen,12,Common,2026-07-17T18:05:09.396Z,EUR,886404,2026-07-17T18:05:07.352Z,USD,693457.0,693457.0,,0.11,0.1,0.2,0.25
me04-012,Braixen,12,Common,2026-07-18T08:02:59.776Z,EUR,886404,2026-07-18T08:02:56.980Z,USD,693457.0,693457.0,,0.11,0.1,0.18,0.24
me04-012,Braixen,12,Common,2026-07-19T08:03:04.558Z,EUR,886404,2026-07-19T08:03:02.364Z,USD,693457.0,693457.0,,0.11,0.1,0.13,0.27
me04-012,Braixen,12,Common,2026-07-20T08:03:04.265Z,EUR,886404,2026-07-20T08:03:02.216Z,USD,693457.0,693457.0,,0.03,0.11,0.12,0.24
me04-012,Braixen,12,Common,2026-07-21T08:03:04.252Z,EUR,886404,2026-07-21T08:03:02.310Z,USD,693457.0,693457.0,,0.03,0.11,0.15,0.26
me04-012,Braixen,12,Common,2026-07-22T08:03:06.471Z,EUR,886404,2026-07-22T08:03:04.165Z,USD,693457.0,693457.0,,0.03,0.11,0.18,0.27
me04-012,Braixen,12,Common,2026-07-23T08:03:03.735Z,EUR,886404,2026-07-23T08:03:01.941Z,USD,693457.0,693457.0,,0.03,0.11,0.19,0.26
me04-012,Braixen,12,Common,2026-07-24T08:03:04.300Z,EUR,886404,2026-07-24T08:03:02.308Z,USD,693457.0,693457.0,,0.03,0.11,0.15,0.24
me04-012,Braixen,12,Common,2026-07-25T08:03:03.827Z,EUR,886404,2026-07-25T08:03:02.306Z,USD,693457.0,693457.0,,0.03,0.11,0.14,0.21
me04-012,Braixen,12,Common,2026-07-26T08:03:04.571Z,EUR,886404,2026-07-26T08:03:42.077Z,USD,693457.0,693457.0,,0.07,0.09,0.13,0.25
me04-012,Braixen,12,Common,2026-07-27T08:03:04.458Z,EUR,886404,2026-07-27T08:03:49.056Z,USD,693457.0,693457.0,,0.03,0.16,0.1,0.25
me04-013,Delphox,13,Rare,2026-07-06T18:05:01.253Z,EUR,888552,2026-07-06T18:05:01.021Z,USD,693473.0,,693473.0,1.39,,,0.26
me04-013,Delphox,13,Rare,2026-07-07T18:05:09.149Z,EUR,888552,2026-07-07T18:05:06.951Z,USD,693473.0,,693473.0,1.39,,,0.23
me04-013,Delphox,13,Rare,2026-07-08T18:05:10.950Z,EUR,888552,2026-07-08T18:05:07.571Z,USD,693473.0,,693473.0,1.14,,,0.27
me04-013,Delphox,13,Rare,2026-07-09T18:05:08.755Z,EUR,888552,2026-07-09T18:05:06.660Z,USD,693473.0,,693473.0,2.27,,,0.29
me04-013,Delphox,13,Rare,2026-07-10T18:05:08.528Z,EUR,888552,2026-07-10T18:05:06.309Z,USD,693473.0,,693473.0,1.14,,,0.29
me04-013,Delphox,13,Rare,2026-07-11T18:05:07.832Z,EUR,888552,2026-07-11T18:05:05.951Z,USD,693473.0,,693473.0,1.14,,,0.21
me04-013,Delphox,13,Rare,2026-07-12T18:05:09.094Z,EUR,888552,2026-07-12T18:05:07.281Z,USD,693473.0,,693473.0,1.14,,,0.17
me04-013,Delphox,13,Rare,2026-07-13T18:05:07.999Z,EUR,888552,2026-07-13T18:05:06.325Z,USD,693473.0,,693473.0,3.41,,,0.19
me04-013,Delphox,13,Rare,2026-07-14T18:05:08.086Z,EUR,888552,2026-07-14T18:05:05.984Z,USD,693473.0,,693473.0,3.41,,,0.25
me04-013,Delphox,13,Rare,2026-07-15T18:05:08.182Z,EUR,888552,2026-07-15T18:05:06.072Z,USD,693473.0,,693473.0,3.41,,,0.27
me04-013,Delphox,13,Rare,2026-07-16T18:05:08.727Z,EUR,888552,2026-07-16T18:05:05.995Z,USD,693473.0,,693473.0,3.41,,,0.28
me04-013,Delphox,13,Rare,2026-07-17T18:05:09.396Z,EUR,888552,2026-07-17T18:05:07.352Z,USD,693473.0,,693473.0,3.41,,,0.26
me04-013,Delphox,13,Rare,2026-07-18T08:02:59.776Z,EUR,888552,2026-07-18T08:02:56.980Z,USD,693473.0,,693473.0,3.41,,,0.25
me04-013,Delphox,13,Rare,2026-07-19T08:03:04.558Z,EUR,888552,2026-07-19T08:03:02.364Z,USD,693473.0,,693473.0,3.41,,,0.22
me04-013,Delphox,13,Rare,2026-07-20T08:03:04.265Z,EUR,888552,2026-07-20T08:03:02.216Z,USD,693473.0,,693473.0,2.27,,,0.27
me04-013,Delphox,13,Rare,2026-07-21T08:03:04.115Z,EUR,888552,2026-07-21T08:03:02.310Z,USD,693473.0,,693473.0,2.27,,,0.26
me04-013,Delphox,13,Rare,2026-07-22T08:03:06.471Z,EUR,888552,2026-07-22T08:03:04.165Z,USD,693473.0,,693473.0,2.27,,,0.29
me04-013,Delphox,13,Rare,2026-07-23T08:03:03.735Z,EUR,888552,2026-07-23T08:03:01.941Z,USD,693473.0,,693473.0,2.27,,,0.25
me04-013,Delphox,13,Rare,2026-07-24T08:03:04.300Z,EUR,888552,2026-07-24T08:03:02.308Z,USD,693473.0,,693473.0,2.27,,,0.28
me04-013,Delphox,13,Rare,2026-07-25T08:03:03.827Z,EUR,888552,2026-07-25T08:03:02.306Z,USD,693473.0,,693473.0,2.27,,,0.27
me04-013,Delphox,13,Rare,2026-07-26T08:03:04.532Z,EUR,888552,2026-07-26T08:03:42.077Z,USD,693473.0,,693473.0,2.42,,,0.28
me04-013,Delphox,13,Rare,2026-07-27T08:03:04.458Z,EUR,888552,2026-07-27T08:03:49.056Z,USD,693473.0,,693473.0,1.54,,,0.25
me04-014,Litleo,14,Common,2026-07-06T18:05:01.253Z,EUR,886406,2026-07-06T18:05:01.021Z,USD,693505.0,693505.0,,0.02,0.07,0.11,0.15
me04-014,Litleo,14,Common,2026-07-07T18:05:10.032Z,EUR,886406,2026-07-07T18:05:06.951Z,USD,693505.0,693505.0,,0.02,0.07,0.12,0.14
me04-014,Litleo,14,Common,2026-07-08T18:05:10.509Z,EUR,886406,2026-07-08T18:05:07.571Z,USD,693505.0,693505.0,,0.02,0.05,0.12,0.15
me04-014,Litleo,14,Common,2026-07-09T18:05:08.755Z,EUR,886406,2026-07-09T18:05:06.660Z,USD,693505.0,693505.0,,0.02,0.06,0.1,0.15
me04-014,Litleo,14,Common,2026-07-10T18:05:08.528Z,EUR,886406,2026-07-10T18:05:06.309Z,USD,693505.0,693505.0,,0.02,0.06,0.09,0.12
me04-014,Litleo,14,Common,2026-07-11T18:05:08.252Z,EUR,886406,2026-07-11T18:05:05.951Z,USD,693505.0,693505.0,,0.02,0.06,0.1,0.13
me04-014,Litleo,14,Common,2026-07-12T18:05:09.094Z,EUR,886406,2026-07-12T18:05:07.281Z,USD,693505.0,693505.0,,0.02,0.06,0.1,0.15
me04-014,Litleo,14,Common,2026-07-13T18:05:07.999Z,EUR,886406,2026-07-13T18:05:06.325Z,USD,693505.0,693505.0,,0.02,0.06,0.09,0.15
me04-014,Litleo,14,Common,2026-07-14T18:05:08.458Z,EUR,886406,2026-07-14T18:05:05.984Z,USD,693505.0,693505.0,,0.02,0.06,0.06,0.17
me04-014,Litleo,14,Common,2026-07-15T18:05:08.182Z,EUR,886406,2026-07-15T18:05:06.072Z,USD,693505.0,693505.0,,0.02,0.06,0.06,0.19
me04-014,Litleo,14,Common,2026-07-16T18:05:08.727Z,EUR,886406,2026-07-16T18:05:05.995Z,USD,693505.0,693505.0,,0.02,0.06,0.07,0.22
me04-014,Litleo,14,Common,2026-07-17T18:05:09.396Z,EUR,886406,2026-07-17T18:05:07.352Z,USD,693505.0,693505.0,,0.02,0.06,0.06,0.21
me04-014,Litleo,14,Common,2026-07-18T08:02:59.776Z,EUR,886406,2026-07-18T08:02:56.980Z,USD,693505.0,693505.0,,0.02,0.06,0.06,0.23
me04-014,Litleo,14,Common,2026-07-19T08:03:04.558Z,EUR,886406,2026-07-19T08:03:02.364Z,USD,693505.0,693505.0,,0.02,0.06,0.06,0.21
me04-014,Litleo,14,Common,2026-07-20T08:03:04.265Z,EUR,886406,2026-07-20T08:03:02.216Z,USD,693505.0,693505.0,,0.03,0.08,0.06,0.23
me04-014,Litleo,14,Common,2026-07-21T08:03:04.252Z,EUR,886406,2026-07-21T08:03:02.310Z,USD,693505.0,693505.0,,0.03,0.08,0.09,0.2
me04-014,Litleo,14,Common,2026-07-22T08:03:06.558Z,EUR,886406,2026-07-22T08:03:04.165Z,USD,693505.0,693505.0,,0.03,0.08,0.09,0.22
me04-014,Litleo,14,Common,2026-07-23T08:03:03.735Z,EUR,886406,2026-07-23T08:03:01.941Z,USD,693505.0,693505.0,,0.03,0.08,0.09,0.2
me04-014,Litleo,14,Common,2026-07-24T08:03:04.300Z,EUR,886406,2026-07-24T08:03:02.308Z,USD,693505.0,693505.0,,0.03,0.08,0.11,0.19
me04-014,Litleo,14,Common,2026-07-25T08:03:03.827Z,EUR,886406,2026-07-25T08:03:02.306Z,USD,693505.0,693505.0,,0.03,0.08,0.12,0.18
me04-014,Litleo,14,Common,2026-07-26T08:03:04.532Z,EUR,886406,2026-07-26T08:03:42.077Z,USD,693505.0,693505.0,,0.03,0.08,0.14,0.18
me04-014,Litleo,14,Common,2026-07-27T08:03:04.458Z,EUR,886406,2026-07-27T08:03:49.056Z,USD,693505.0,693505.0,,0.02,0.08,0.13,0.17
me04-015,Mega Pyroar ex,15,Double rare,2026-07-06T18:05:01.253Z,EUR,886407,2026-07-06T18:05:01.021Z,USD,,,693519.0,0.42,,,
me04-015,Mega Pyroar ex,15,Double rare,2026-07-07T18:05:09.041Z,EUR,886407,2026-07-07T18:05:06.951Z,USD,,,693519.0,0.42,,,
me04-015,Mega Pyroar ex,15,Double rare,2026-07-08T18:05:10.509Z,EUR,886407,2026-07-08T18:05:07.571Z,USD,,,693519.0,0.4,,,
me04-015,Mega Pyroar ex,15,Double rare,2026-07-09T18:05:09.065Z,EUR,886407,2026-07-09T18:05:06.660Z,USD,,,693519.0,0.44,,,
me04-015,Mega Pyroar ex,15,Double rare,2026-07-10T18:05:08.528Z,EUR,886407,2026-07-10T18:05:06.309Z,USD,,,693519.0,0.4,,,
me04-015,Mega Pyroar ex,15,Double rare,2026-07-11T18:05:08.252Z,EUR,886407,2026-07-11T18:05:05.951Z,USD,,,693519.0,0.4,,,
me04-015,Mega Pyroar ex,15,Double rare,2026-07-12T18:05:09.094Z,EUR,886407,2026-07-12T18:05:07.281Z,USD,,,693519.0,0.4,,,
me04-015,Mega Pyroar ex,15,Double rare,2026-07-13T18:05:07.999Z,EUR,886407,2026-07-13T18:05:06.325Z,USD,,,693519.0,0.51,,,
me04-015,Mega Pyroar ex,15,Double rare,2026-07-14T18:05:08.211Z,EUR,886407,2026-07-14T18:05:05.984Z,USD,,,693519.0,0.51,,,
me04-015,Mega Pyroar ex,15,Double rare,2026-07-15T18:05:08.182Z,EUR,886407,2026-07-15T18:05:06.072Z,USD,,,693519.0,0.51,,,
me04-015,Mega Pyroar ex,15,Double rare,2026-07-16T18:05:08.727Z,EUR,886407,2026-07-16T18:05:05.995Z,USD,,,693519.0,0.51,,,
me04-015,Mega Pyroar ex,15,Double rare,2026-07-17T18:05:09.396Z,EUR,886407,2026-07-17T18:05:07.352Z,USD,,,693519.0,0.51,,,
me04-015,Mega Pyroar ex,15,Double rare,2026-07-18T08:02:59.776Z,EUR,886407,2026-07-18T08:02:56.980Z,USD,,,693519.0,0.51,,,
me04-015,Mega Pyroar ex,15,Double rare,2026-07-19T08:03:04.558Z,EUR,886407,2026-07-19T08:03:02.364Z,USD,,,693519.0,0.51,,,
me04-015,Mega Pyroar ex,15,Double rare,2026-07-20T08:03:04.265Z,EUR,886407,2026-07-20T08:03:02.216Z,USD,,,693519.0,0.43,,,
me04-015,Mega Pyroar ex,15,Double rare,2026-07-21T08:03:04.252Z,EUR,886407,2026-07-21T08:03:02.310Z,USD,,,693519.0,0.43,,,
me04-015,Mega Pyroar ex,15,Double rare,2026-07-22T08:03:06.471Z,EUR,886407,2026-07-22T08:03:04.165Z,USD,,,693519.0,0.43,,,
me04-015,Mega Pyroar ex,15,Double rare,2026-07-23T08:03:03.735Z,EUR,886407,2026-07-23T08:03:01.941Z,USD,,,693519.0,0.43,,,
me04-015,Mega Pyroar ex,15,Double rare,2026-07-24T08:03:04.359Z,EUR,886407,2026-07-24T08:03:02.308Z,USD,,,693519.0,0.43,,,
me04-015,Mega Pyroar ex,15,Double rare,2026-07-25T08:03:04.261Z,EUR,886407,2026-07-25T08:03:02.306Z,USD,,,693519.0,0.43,,,
me04-015,Mega Pyroar ex,15,Double rare,2026-07-26T08:03:04.532Z,EUR,886407,2026-07-26T08:03:42.077Z,USD,,,693519.0,0.46,,,
me04-015,Mega Pyroar ex,15,Double rare,2026-07-27T08:03:04.458Z,EUR,886407,2026-07-27T08:03:49.056Z,USD,,,693519.0,0.49,,,
me04-016,Remoraid,16,Common,2026-07-06T18:05:01.396Z,EUR,886408,2026-07-06T18:05:01.021Z,USD,693539.0,693539.0,,0.05,0.1,0.1,0.17
me04-016,Remoraid,16,Common,2026-07-07T18:05:10.032Z,EUR,886408,2026-07-07T18:05:06.951Z,USD,693539.0,693539.0,,0.05,0.1,0.1,0.21
me04-016,Remoraid,16,Common,2026-07-08T18:05:10.950Z,EUR,886408,2026-07-08T18:05:07.571Z,USD,693539.0,693539.0,,0.1,0.03,0.09,0.2
me04-016,Remoraid,16,Common,2026-07-09T18:05:09.298Z,EUR,886408,2026-07-09T18:05:06.660Z,USD,693539.0,693539.0,,0.02,0.08,0.07,0.23
me04-016,Remoraid,16,Common,2026-07-10T18:05:08.528Z,EUR,886408,2026-07-10T18:05:06.309Z,USD,693539.0,693539.0,,0.02,0.08,0.06,0.21
me04-016,Remoraid,16,Common,2026-07-11T18:05:07.832Z,EUR,886408,2026-07-11T18:05:05.951Z,USD,693539.0,693539.0,,0.02,0.08,0.1,0.19
me04-016,Remoraid,16,Common,2026-07-12T18:05:09.094Z,EUR,886408,2026-07-12T18:05:07.281Z,USD,693539.0,693539.0,,0.02,0.08,0.11,0.17
me04-016,Remoraid,16,Common,2026-07-13T18:05:07.999Z,EUR,886408,2026-07-13T18:05:06.325Z,USD,693539.0,693539.0,,0.02,0.06,0.1,0.17
me04-016,Remoraid,16,Common,2026-07-14T18:05:08.086Z,EUR,886408,2026-07-14T18:05:05.984Z,USD,693539.0,693539.0,,0.02,0.06,0.15,0.17
me04-016,Remoraid,16,Common,2026-07-15T18:05:08.182Z,EUR,886408,2026-07-15T18:05:06.072Z,USD,693539.0,693539.0,,0.02,0.06,0.15,0.18
me04-016,Remoraid,16,Common,2026-07-16T18:05:08.727Z,EUR,886408,2026-07-16T18:05:05.995Z,USD,693539.0,693539.0,,0.02,0.06,0.15,0.19
me04-016,Remoraid,16,Common,2026-07-17T18:05:09.396Z,EUR,886408,2026-07-17T18:05:07.352Z,USD,693539.0,693539.0,,0.02,0.06,0.16,0.24
me04-016,Remoraid,16,Common,2026-07-18T08:02:59.776Z,EUR,886408,2026-07-18T08:02:56.980Z,USD,693539.0,693539.0,,0.02,0.06,0.16,0.24
me04-016,Remoraid,16,Common,2026-07-19T08:03:04.320Z,EUR,886408,2026-07-19T08:03:02.364Z,USD,693539.0,693539.0,,0.02,0.06,0.15,0.24
me04-016,Remoraid,16,Common,2026-07-20T08:03:04.265Z,EUR,886408,2026-07-20T08:03:02.216Z,USD,693539.0,693539.0,,0.02,0.13,0.15,0.25
me04-016,Remoraid,16,Common,2026-07-21T08:03:04.252Z,EUR,886408,2026-07-21T08:03:02.310Z,USD,693539.0,693539.0,,0.02,0.13,0.14,0.27
me04-016,Remoraid,16,Common,2026-07-22T08:03:06.627Z,EUR,886408,2026-07-22T08:03:04.165Z,USD,693539.0,693539.0,,0.02,0.13,0.14,0.24
me04-016,Remoraid,16,Common,2026-07-23T08:03:03.735Z,EUR,886408,2026-07-23T08:03:01.941Z,USD,693539.0,693539.0,,0.02,0.13,0.14,0.2
me04-016,Remoraid,16,Common,2026-07-24T08:03:04.300Z,EUR,886408,2026-07-24T08:03:02.308Z,USD,693539.0,693539.0,,0.02,0.13,0.12,0.21
me04-016,Remoraid,16,Common,2026-07-25T08:03:03.827Z,EUR,886408,2026-07-25T08:03:02.306Z,USD,693539.0,693539.0,,0.02,0.13,0.14,0.26
me04-016,Remoraid,16,Common,2026-07-26T08:03:04.532Z,EUR,886408,2026-07-26T08:03:42.077Z,USD,693539.0,693539.0,,0.02,0.09,0.12,0.26
me04-016,Remoraid,16,Common,2026-07-27T08:03:04.458Z,EUR,886408,2026-07-27T08:03:49.056Z,USD,693539.0,693539.0,,0.02,0.07,0.1,0.26
me04-017,Octillery,17,Common,2026-07-06T18:05:01.396Z,EUR,886409,2026-07-06T18:05:01.021Z,USD,693528.0,693528.0,,0.03,0.08,0.13,0.28
me04-017,Octillery,17,Common,2026-07-07T18:05:09.041Z,EUR,886409,2026-07-07T18:05:06.951Z,USD,693528.0,693528.0,,0.03,0.08,0.12,0.26
me04-017,Octillery,17,Common,2026-07-08T18:05:10.950Z,EUR,886409,2026-07-08T18:05:07.571Z,USD,693528.0,693528.0,,0.06,0.09,0.11,0.27
me04-017,Octillery,17,Common,2026-07-09T18:05:08.755Z,EUR,886409,2026-07-09T18:05:06.660Z,USD,693528.0,693528.0,,0.02,0.11,0.09,0.25
me04-017,Octillery,17,Common,2026-07-10T18:05:08.528Z,EUR,886409,2026-07-10T18:05:06.309Z,USD,693528.0,693528.0,,0.02,0.13,0.08,0.23
me04-017,Octillery,17,Common,2026-07-11T18:05:08.252Z,EUR,886409,2026-07-11T18:05:05.951Z,USD,693528.0,693528.0,,0.02,0.13,0.08,0.2
me04-017,Octillery,17,Common,2026-07-12T18:05:09.094Z,EUR,886409,2026-07-12T18:05:07.281Z,USD,693528.0,693528.0,,0.02,0.13,0.08,0.18
me04-017,Octillery,17,Common,2026-07-13T18:05:07.999Z,EUR,886409,2026-07-13T18:05:06.325Z,USD,693528.0,693528.0,,0.02,0.07,0.11,0.18
me04-017,Octillery,17,Common,2026-07-14T18:05:08.086Z,EUR,886409,2026-07-14T18:05:05.984Z,USD,693528.0,693528.0,,0.02,0.07,0.1,0.16
me04-017,Octillery,17,Common,2026-07-15T18:05:08.182Z,EUR,886409,2026-07-15T18:05:06.072Z,USD,693528.0,693528.0,,0.02,0.07,0.09,0.18
me04-017,Octillery,17,Common,2026-07-16T18:05:08.727Z,EUR,886409,2026-07-16T18:05:05.995Z,USD,693528.0,693528.0,,0.02,0.07,0.11,0.2
me04-017,Octillery,17,Common,2026-07-17T18:05:09.396Z,EUR,886409,2026-07-17T18:05:07.352Z,USD,693528.0,693528.0,,0.02,0.07,0.11,0.24
me04-017,Octillery,17,Common,2026-07-18T08:02:59.776Z,EUR,886409,2026-07-18T08:02:56.980Z,USD,693528.0,693528.0,,0.02,0.07,0.13,0.23
me04-017,Octillery,17,Common,2026-07-19T08:03:04.658Z,EUR,886409,2026-07-19T08:03:02.364Z,USD,693528.0,693528.0,,0.02,0.07,0.12,0.23
me04-017,Octillery,17,Common,2026-07-20T08:03:04.265Z,EUR,886409,2026-07-20T08:03:02.216Z,USD,693528.0,693528.0,,0.02,0.09,0.09,0.23
me04-017,Octillery,17,Common,2026-07-21T08:03:04.252Z,EUR,886409,2026-07-21T08:03:02.310Z,USD,693528.0,693528.0,,0.02,0.09,0.09,0.21
me04-017,Octillery,17,Common,2026-07-22T08:03:06.399Z,EUR,886409,2026-07-22T08:03:04.165Z,USD,693528.0,693528.0,,0.02,0.09,0.09,0.2
me04-017,Octillery,17,Common,2026-07-23T08:03:03.735Z,EUR,886409,2026-07-23T08:03:01.941Z,USD,693528.0,693528.0,,0.02,0.09,0.07,0.18
me04-017,Octillery,17,Common,2026-07-24T08:03:04.300Z,EUR,886409,2026-07-24T08:03:02.308Z,USD,693528.0,693528.0,,0.02,0.09,0.09,0.19
me04-017,Octillery,17,Common,2026-07-25T08:03:03.827Z,EUR,886409,2026-07-25T08:03:02.306Z,USD,693528.0,693528.0,,0.02,0.09,0.07,0.23
me04-017,Octillery,17,Common,2026-07-26T08:03:04.532Z,EUR,886409,2026-07-26T08:03:42.077Z,USD,693528.0,693528.0,,0.02,0.13,0.06,0.25
me04-017,Octillery,17,Common,2026-07-27T08:03:04.458Z,EUR,886409,2026-07-27T08:03:49.056Z,USD,693528.0,693528.0,,0.02,0.1,0.07,0.27
me04-018,Delibird,18,Uncommon,2026-07-06T18:05:01.396Z,EUR,886410,2026-07-06T18:05:01.021Z,USD,693472.0,693472.0,,0.03,0.08,0.03,0.21
me04-018,Delibird,18,Uncommon,2026-07-07T18:05:09.141Z,EUR,886410,2026-07-07T18:05:06.951Z,USD,693472.0,693472.0,,0.03,0.08,0.03,0.2
me04-018,Delibird,18,Uncommon,2026-07-08T18:05:10.509Z,EUR,886410,2026-07-08T18:05:07.571Z,USD,693472.0,693472.0,,0.02,0.08,0.06,0.22
me04-018,Delibird,18,Uncommon,2026-07-09T18:05:08.755Z,EUR,886410,2026-07-09T18:05:06.660Z,USD,693472.0,693472.0,,0.02,0.09,0.05,0.25
me04-018,Delibird,18,Uncommon,2026-07-10T18:05:08.528Z,EUR,886410,2026-07-10T18:05:06.309Z,USD,693472.0,693472.0,,0.02,0.08,0.07,0.24
me04-018,Delibird,18,Uncommon,2026-07-11T18:05:08.252Z,EUR,886410,2026-07-11T18:05:05.951Z,USD,693472.0,693472.0,,0.02,0.08,0.07,0.23
me04-018,Delibird,18,Uncommon,2026-07-12T18:05:09.094Z,EUR,886410,2026-07-12T18:05:07.281Z,USD,693472.0,693472.0,,0.02,0.08,0.05,0.19
me04-018,Delibird,18,Uncommon,2026-07-13T18:05:07.999Z,EUR,886410,2026-07-13T18:05:06.325Z,USD,693472.0,693472.0,,0.02,0.08,0.07,0.2
me04-018,Delibird,18,Uncommon,2026-07-14T18:05:08.086Z,EUR,886410,2026-07-14T18:05:05.984Z,USD,693472.0,693472.0,,0.02,0.08,0.07,0.2
me04-018,Delibird,18,Uncommon,2026-07-15T18:05:08.182Z,EUR,886410,2026-07-15T18:05:06.072Z,USD,693472.0,693472.0,,0.02,0.08,0.06,0.23
me04-018,Delibird,18,Uncommon,2026-07-16T18:05:08.727Z,EUR,886410,2026-07-16T18:05:05.995Z,USD,693472.0,693472.0,,0.02,0.08,0.08,0.23
me04-018,Delibird,18,Uncommon,2026-07-17T18:05:09.396Z,EUR,886410,2026-07-17T18:05:07.352Z,USD,693472.0,693472.0,,0.02,0.08,0.06,0.21
me04-018,Delibird,18,Uncommon,2026-07-18T08:02:59.776Z,EUR,886410,2026-07-18T08:02:56.980Z,USD,693472.0,693472.0,,0.02,0.08,0.06,0.23
me04-018,Delibird,18,Uncommon,2026-07-19T08:03:04.320Z,EUR,886410,2026-07-19T08:03:02.364Z,USD,693472.0,693472.0,,0.02,0.08,0.06,0.22
me04-018,Delibird,18,Uncommon,2026-07-20T08:03:04.265Z,EUR,886410,2026-07-20T08:03:02.216Z,USD,693472.0,693472.0,,0.02,0.14,0.05,0.22
me04-018,Delibird,18,Uncommon,2026-07-21T08:03:04.252Z,EUR,886410,2026-07-21T08:03:02.310Z,USD,693472.0,693472.0,,0.02,0.14,0.06,0.23
me04-018,Delibird,18,Uncommon,2026-07-22T08:03:06.471Z,EUR,886410,2026-07-22T08:03:04.165Z,USD,693472.0,693472.0,,0.02,0.14,0.08,0.24
me04-018,Delibird,18,Uncommon,2026-07-23T08:03:03.735Z,EUR,886410,2026-07-23T08:03:01.941Z,USD,693472.0,693472.0,,0.02,0.14,0.08,0.21
me04-018,Delibird,18,Uncommon,2026-07-24T08:03:04.300Z,EUR,886410,2026-07-24T08:03:02.308Z,USD,693472.0,693472.0,,0.02,0.14,0.08,0.23
me04-018,Delibird,18,Uncommon,2026-07-25T08:03:03.827Z,EUR,886410,2026-07-25T08:03:02.306Z,USD,693472.0,693472.0,,0.02,0.14,0.07,0.24
me04-018,Delibird,18,Uncommon,2026-07-26T08:03:04.571Z,EUR,886410,2026-07-26T08:03:42.077Z,USD,693472.0,693472.0,,0.03,0.15,0.08,0.22
me04-018,Delibird,18,Uncommon,2026-07-27T08:03:04.458Z,EUR,886410,2026-07-27T08:03:49.056Z,USD,693472.0,693472.0,,0.02,0.06,0.05,0.21
me04-019,Keldeo,19,Rare,2026-07-06T18:05:01.132Z,EUR,886411,2026-07-06T18:05:01.021Z,USD,693503.0,,693503.0,0.06,0.14,,0.2
me04-019,Keldeo,19,Rare,2026-07-07T18:05:09.041Z,EUR,886411,2026-07-07T18:05:06.951Z,USD,693503.0,,693503.0,0.06,0.14,,0.23
me04-019,Keldeo,19,Rare,2026-07-08T18:05:10.950Z,EUR,886411,2026-07-08T18:05:07.571Z,USD,693503.0,,693503.0,0.07,0.09,,0.21
me04-019,Keldeo,19,Rare,2026-07-09T18:05:09.298Z,EUR,886411,2026-07-09T18:05:06.660Z,USD,693503.0,,693503.0,0.05,0.18,,0.24
me04-019,Keldeo,19,Rare,2026-07-10T18:05:08.528Z,EUR,886411,2026-07-10T18:05:06.309Z,USD,693503.0,,693503.0,0.03,0.15,,0.25
me04-019,Keldeo,19,Rare,2026-07-11T18:05:08.252Z,EUR,886411,2026-07-11T18:05:05.951Z,USD,693503.0,,693503.0,0.03,0.15,,0.25
me04-019,Keldeo,19,Rare,2026-07-12T18:05:09.094Z,EUR,886411,2026-07-12T18:05:07.281Z,USD,693503.0,,693503.0,0.03,0.15,,0.24
me04-019,Keldeo,19,Rare,2026-07-13T18:05:07.999Z,EUR,886411,2026-07-13T18:05:06.325Z,USD,693503.0,,693503.0,0.07,0.09,,0.21
me04-019,Keldeo,19,Rare,2026-07-14T18:05:08.086Z,EUR,886411,2026-07-14T18:05:05.984Z,USD,693503.0,,693503.0,0.07,0.09,,0.22
me04-019,Keldeo,19,Rare,2026-07-15T18:05:08.182Z,EUR,886411,2026-07-15T18:05:06.072Z,USD,693503.0,,693503.0,0.07,0.09,,0.21
me04-019,Keldeo,19,Rare,2026-07-16T18:05:08.253Z,EUR,886411,2026-07-16T18:05:05.995Z,USD,693503.0,,693503.0,0.07,0.09,,0.25
me04-019,Keldeo,19,Rare,2026-07-17T18:05:09.396Z,EUR,886411,2026-07-17T18:05:07.352Z,USD,693503.0,,693503.0,0.07,0.09,,0.26
me04-019,Keldeo,19,Rare,2026-07-18T08:02:59.776Z,EUR,886411,2026-07-18T08:02:56.980Z,USD,693503.0,,693503.0,0.07,0.09,,0.27
me04-019,Keldeo,19,Rare,2026-07-19T08:03:04.558Z,EUR,886411,2026-07-19T08:03:02.364Z,USD,693503.0,,693503.0,0.07,0.09,,0.29
me04-019,Keldeo,19,Rare,2026-07-20T08:03:04.265Z,EUR,886411,2026-07-20T08:03:02.216Z,USD,693503.0,,693503.0,0.03,0.08,,0.27
me04-019,Keldeo,19,Rare,2026-07-21T08:03:04.252Z,EUR,886411,2026-07-21T08:03:02.310Z,USD,693503.0,,693503.0,0.03,0.08,,0.29
me04-019,Keldeo,19,Rare,2026-07-22T08:03:06.471Z,EUR,886411,2026-07-22T08:03:04.165Z,USD,693503.0,,693503.0,0.03,0.08,,0.27
me04-019,Keldeo,19,Rare,2026-07-23T08:03:03.735Z,EUR,886411,2026-07-23T08:03:01.941Z,USD,693503.0,,693503.0,0.03,0.08,,0.21
me04-019,Keldeo,19,Rare,2026-07-24T08:03:04.300Z,EUR,886411,2026-07-24T08:03:02.308Z,USD,693503.0,,693503.0,0.03,0.08,,0.2
me04-019,Keldeo,19,Rare,2026-07-25T08:03:03.827Z,EUR,886411,2026-07-25T08:03:02.306Z,USD,693503.0,,693503.0,0.03,0.08,,0.27
me04-019,Keldeo,19,Rare,2026-07-26T08:03:04.571Z,EUR,886411,2026-07-26T08:03:42.077Z,USD,693503.0,,693503.0,0.07,0.07,,0.24
me04-019,Keldeo,19,Rare,2026-07-27T08:03:04.458Z,EUR,886411,2026-07-27T08:03:49.056Z,USD,693503.0,,693503.0,0.08,0.1,,0.25
me04-020,Froakie,20,Common,2026-07-06T18:05:01.396Z,EUR,886412,2026-07-06T18:05:01.021Z,USD,693488.0,693488.0,,0.1,0.08,0.09,0.25
me04-020,Froakie,20,Common,2026-07-07T18:05:09.041Z,EUR,886412,2026-07-07T18:05:06.951Z,USD,693488.0,693488.0,,0.1,0.08,0.07,0.25
me04-020,Froakie,20,Common,2026-07-08T18:05:10.950Z,EUR,886412,2026-07-08T18:05:07.571Z,USD,693488.0,693488.0,,0.11,0.16,0.07,0.27
me04-020,Froakie,20,Common,2026-07-09T18:05:09.298Z,EUR,886412,2026-07-09T18:05:06.660Z,USD,693488.0,693488.0,,0.05,0.09,0.11,0.27
me04-020,Froakie,20,Common,2026-07-10T18:05:08.528Z,EUR,886412,2026-07-10T18:05:06.309Z,USD,693488.0,693488.0,,0.03,0.08,0.15,0.23
me04-020,Froakie,20,Common,2026-07-11T18:05:08.252Z,EUR,886412,2026-07-11T18:05:05.951Z,USD,693488.0,693488.0,,0.03,0.08,0.13,0.25
me04-020,Froakie,20,Common,2026-07-12T18:05:09.094Z,EUR,886412,2026-07-12T18:05:07.281Z,USD,693488.0,693488.0,,0.03,0.08,0.13,0.22
me04-020,Froakie,20,Common,2026-07-13T18:05:07.999Z,EUR,886412,2026-07-13T18:05:06.325Z,USD,693488.0,693488.0,,0.03,0.14,0.13,0.27
me04-020,Froakie,20,Common,2026-07-14T18:05:08.086Z,EUR,886412,2026-07-14T18:05:05.984Z,USD,693488.0,693488.0,,0.03,0.14,0.13,0.27
me04-020,Froakie,20,Common,2026-07-15T18:05:08.182Z,EUR,886412,2026-07-15T18:05:06.072Z,USD,693488.0,693488.0,,0.03,0.14,0.15,0.28
me04-020,Froakie,20,Common,2026-07-16T18:05:08.727Z,EUR,886412,2026-07-16T18:05:05.995Z,USD,693488.0,693488.0,,0.03,0.14,0.16,0.26
me04-020,Froakie,20,Common,2026-07-17T18:05:09.396Z,EUR,886412,2026-07-17T18:05:07.352Z,USD,693488.0,693488.0,,0.03,0.14,0.18,0.26
me04-020,Froakie,20,Common,2026-07-18T08:02:59.776Z,EUR,886412,2026-07-18T08:02:56.980Z,USD,693488.0,693488.0,,0.03,0.14,0.12,0.24
me04-020,Froakie,20,Common,2026-07-19T08:03:04.558Z,EUR,886412,2026-07-19T08:03:02.364Z,USD,693488.0,693488.0,,0.03,0.14,0.19,0.22
me04-020,Froakie,20,Common,2026-07-20T08:03:04.265Z,EUR,886412,2026-07-20T08:03:02.216Z,USD,693488.0,693488.0,,0.03,0.13,0.16,0.25
me04-020,Froakie,20,Common,2026-07-21T08:03:04.252Z,EUR,886412,2026-07-21T08:03:02.310Z,USD,693488.0,693488.0,,0.03,0.13,0.16,0.22
me04-020,Froakie,20,Common,2026-07-22T08:03:06.471Z,EUR,886412,2026-07-22T08:03:04.165Z,USD,693488.0,693488.0,,0.03,0.13,0.18,0.25
me04-020,Froakie,20,Common,2026-07-23T08:03:03.735Z,EUR,886412,2026-07-23T08:03:01.941Z,USD,693488.0,693488.0,,0.03,0.13,0.16,0.26
me04-020,Froakie,20,Common,2026-07-24T08:03:04.300Z,EUR,886412,2026-07-24T08:03:02.308Z,USD,693488.0,693488.0,,0.03,0.13,0.15,0.28
me04-020,Froakie,20,Common,2026-07-25T08:03:03.827Z,EUR,886412,2026-07-25T08:03:02.306Z,USD,693488.0,693488.0,,0.03,0.13,0.15,0.28
me04-020,Froakie,20,Common,2026-07-26T08:03:04.571Z,EUR,886412,2026-07-26T08:03:42.077Z,USD,693488.0,693488.0,,0.05,0.09,0.11,0.26
me04-020,Froakie,20,Common,2026-07-27T08:03:04.458Z,EUR,886412,2026-07-27T08:03:49.056Z,USD,693488.0,693488.0,,0.05,0.06,0.08,0.18
me04-021,Frogadier,21,Common,2026-07-06T18:05:01.396Z,EUR,886413,2026-07-06T18:05:01.021Z,USD,693490.0,693490.0,,0.15,0.11,0.1,0.38
me04-021,Frogadier,21,Common,2026-07-07T18:05:09.149Z,EUR,886413,2026-07-07T18:05:06.951Z,USD,693490.0,693490.0,,0.15,0.11,0.09,0.29
me04-021,Frogadier,21,Common,2026-07-08T18:05:10.657Z,EUR,886413,2026-07-08T18:05:07.571Z,USD,693490.0,693490.0,,0.15,0.09,0.1,0.27
me04-021,Frogadier,21,Common,2026-07-09T18:05:08.755Z,EUR,886413,2026-07-09T18:05:06.660Z,USD,693490.0,693490.0,,0.07,0.13,0.15,0.27
me04-021,Frogadier,21,Common,2026-07-10T18:05:08.528Z,EUR,886413,2026-07-10T18:05:06.309Z,USD,693490.0,693490.0,,0.07,0.21,0.16,0.26
me04-021,Frogadier,21,Common,2026-07-11T18:05:07.832Z,EUR,886413,2026-07-11T18:05:05.951Z,USD,693490.0,693490.0,,0.07,0.21,0.14,0.24
me04-021,Frogadier,21,Common,2026-07-12T18:05:09.094Z,EUR,886413,2026-07-12T18:05:07.281Z,USD,693490.0,693490.0,,0.07,0.21,0.15,0.27
me04-021,Frogadier,21,Common,2026-07-13T18:05:07.999Z,EUR,886413,2026-07-13T18:05:06.325Z,USD,693490.0,693490.0,,0.09,0.07,0.12,0.31
me04-021,Frogadier,21,Common,2026-07-14T18:05:08.086Z,EUR,886413,2026-07-14T18:05:05.984Z,USD,693490.0,693490.0,,0.09,0.07,0.09,0.31
me04-021,Frogadier,21,Common,2026-07-15T18:05:08.182Z,EUR,886413,2026-07-15T18:05:06.072Z,USD,693490.0,693490.0,,0.09,0.07,0.12,0.31
me04-021,Frogadier,21,Common,2026-07-16T18:05:08.727Z,EUR,886413,2026-07-16T18:05:05.995Z,USD,693490.0,693490.0,,0.09,0.07,0.15,0.29
me04-021,Frogadier,21,Common,2026-07-17T18:05:09.396Z,EUR,886413,2026-07-17T18:05:07.352Z,USD,693490.0,693490.0,,0.09,0.07,0.18,0.26
me04-021,Frogadier,21,Common,2026-07-18T08:02:59.776Z,EUR,886413,2026-07-18T08:02:56.980Z,USD,693490.0,693490.0,,0.09,0.07,0.21,0.25
me04-021,Frogadier,21,Common,2026-07-19T08:03:04.320Z,EUR,886413,2026-07-19T08:03:02.364Z,USD,693490.0,693490.0,,0.09,0.07,0.19,0.28
me04-021,Frogadier,21,Common,2026-07-20T08:03:04.265Z,EUR,886413,2026-07-20T08:03:02.216Z,USD,693490.0,693490.0,,0.03,0.1,0.19,0.28
me04-021,Frogadier,21,Common,2026-07-21T08:03:04.252Z,EUR,886413,2026-07-21T08:03:02.310Z,USD,693490.0,693490.0,,0.03,0.1,0.15,0.39
me04-021,Frogadier,21,Common,2026-07-22T08:03:06.627Z,EUR,886413,2026-07-22T08:03:04.165Z,USD,693490.0,693490.0,,0.03,0.1,0.14,0.32
me04-021,Frogadier,21,Common,2026-07-23T08:03:03.735Z,EUR,886413,2026-07-23T08:03:01.941Z,USD,693490.0,693490.0,,0.03,0.1,0.2,0.23
me04-021,Frogadier,21,Common,2026-07-24T08:03:04.300Z,EUR,886413,2026-07-24T08:03:02.308Z,USD,693490.0,693490.0,,0.03,0.1,0.17,0.3
me04-021,Frogadier,21,Common,2026-07-25T08:03:04.261Z,EUR,886413,2026-07-25T08:03:02.306Z,USD,693490.0,693490.0,,0.03,0.1,0.15,0.39
me04-021,Frogadier,21,Common,2026-07-26T08:03:04.571Z,EUR,886413,2026-07-26T08:03:42.077Z,USD,693490.0,693490.0,,0.06,0.11,0.1,0.49
me04-021,Frogadier,21,Common,2026-07-27T08:03:04.458Z,EUR,886413,2026-07-27T08:03:49.056Z,USD,693490.0,693490.0,,0.03,0.13,0.12,0.42
me04-022,Mega Greninja ex,22,Double rare,2026-07-06T18:05:01.396Z,EUR,886414,2026-07-06T18:05:01.021Z,USD,,,693515.0,1.8,,,
me04-022,Mega Greninja ex,22,Double rare,2026-07-07T18:05:09.041Z,EUR,886414,2026-07-07T18:05:06.951Z,USD,,,693515.0,1.8,,,
me04-022,Mega Greninja ex,22,Double rare,2026-07-08T18:05:10.509Z,EUR,886414,2026-07-08T18:05:07.571Z,USD,,,693515.0,1.57,,,
me04-022,Mega Greninja ex,22,Double rare,2026-07-09T18:05:09.298Z,EUR,886414,2026-07-09T18:05:06.660Z,USD,,,693515.0,1.7,,,
me04-022,Mega Greninja ex,22,Double rare,2026-07-10T18:05:08.528Z,EUR,886414,2026-07-10T18:05:06.309Z,USD,,,693515.0,1.87,,,
me04-022,Mega Greninja ex,22,Double rare,2026-07-11T18:05:07.832Z,EUR,886414,2026-07-11T18:05:05.951Z,USD,,,693515.0,1.87,,,
me04-022,Mega Greninja ex,22,Double rare,2026-07-12T18:05:09.094Z,EUR,886414,2026-07-12T18:05:07.281Z,USD,,,693515.0,1.87,,,
me04-022,Mega Greninja ex,22,Double rare,2026-07-13T18:05:07.999Z,EUR,886414,2026-07-13T18:05:06.325Z,USD,,,693515.0,1.52,,,
me04-022,Mega Greninja ex,22,Double rare,2026-07-14T18:05:08.458Z,EUR,886414,2026-07-14T18:05:05.984Z,USD,,,693515.0,1.52,,,
me04-022,Mega Greninja ex,22,Double rare,2026-07-15T18:05:08.182Z,EUR,886414,2026-07-15T18:05:06.072Z,USD,,,693515.0,1.52,,,
me04-022,Mega Greninja ex,22,Double rare,2026-07-16T18:05:08.253Z,EUR,886414,2026-07-16T18:05:05.995Z,USD,,,693515.0,1.52,,,
me04-022,Mega Greninja ex,22,Double rare,2026-07-17T18:05:09.396Z,EUR,886414,2026-07-17T18:05:07.352Z,USD,,,693515.0,1.52,,,
me04-022,Mega Greninja ex,22,Double rare,2026-07-18T08:02:59.546Z,EUR,886414,2026-07-18T08:02:56.980Z,USD,,,693515.0,1.52,,,
me04-022,Mega Greninja ex,22,Double rare,2026-07-19T08:03:04.558Z,EUR,886414,2026-07-19T08:03:02.364Z,USD,,,693515.0,1.52,,,
me04-022,Mega Greninja ex,22,Double rare,2026-07-20T08:03:04.265Z,EUR,886414,2026-07-20T08:03:02.216Z,USD,,,693515.0,1.57,,,
me04-022,Mega Greninja ex,22,Double rare,2026-07-21T08:03:04.252Z,EUR,886414,2026-07-21T08:03:02.310Z,USD,,,693515.0,1.57,,,
me04-022,Mega Greninja ex,22,Double rare,2026-07-22T08:03:06.627Z,EUR,886414,2026-07-22T08:03:04.165Z,USD,,,693515.0,1.57,,,
me04-022,Mega Greninja ex,22,Double rare,2026-07-23T08:03:03.735Z,EUR,886414,2026-07-23T08:03:01.941Z,USD,,,693515.0,1.57,,,
me04-022,Mega Greninja ex,22,Double rare,2026-07-24T08:03:04.359Z,EUR,886414,2026-07-24T08:03:02.308Z,USD,,,693515.0,1.57,,,
me04-022,Mega Greninja ex,22,Double rare,2026-07-25T08:03:04.261Z,EUR,886414,2026-07-25T08:03:02.306Z,USD,,,693515.0,1.57,,,
me04-022,Mega Greninja ex,22,Double rare,2026-07-26T08:03:04.572Z,EUR,886414,2026-07-26T08:03:42.077Z,USD,,,693515.0,1.47,,,
me04-022,Mega Greninja ex,22,Double rare,2026-07-27T08:03:04.458Z,EUR,886414,2026-07-27T08:03:49.056Z,USD,,,693515.0,1.78,,,
me04-023,Bergmite,23,Common,2026-07-06T18:05:01.253Z,EUR,886415,2026-07-06T18:05:01.021Z,USD,693456.0,693456.0,,0.02,0.05,0.1,0.16
me04-023,Bergmite,23,Common,2026-07-07T18:05:09.149Z,EUR,886415,2026-07-07T18:05:06.951Z,USD,693456.0,693456.0,,0.02,0.05,0.09,0.17
me04-023,Bergmite,23,Common,2026-07-08T18:05:10.657Z,EUR,886415,2026-07-08T18:05:07.571Z,USD,693456.0,693456.0,,0.03,0.09,0.09,0.2
me04-023,Bergmite,23,Common,2026-07-09T18:05:08.755Z,EUR,886415,2026-07-09T18:05:06.660Z,USD,693456.0,693456.0,,0.02,0.19,0.09,0.23
me04-023,Bergmite,23,Common,2026-07-10T18:05:08.528Z,EUR,886415,2026-07-10T18:05:06.309Z,USD,693456.0,693456.0,,0.02,0.07,0.09,0.23
me04-023,Bergmite,23,Common,2026-07-11T18:05:07.832Z,EUR,886415,2026-07-11T18:05:05.951Z,USD,693456.0,693456.0,,0.02,0.07,0.08,0.22
me04-023,Bergmite,23,Common,2026-07-12T18:05:09.094Z,EUR,886415,2026-07-12T18:05:07.281Z,USD,693456.0,693456.0,,0.02,0.07,0.1,0.18
me04-023,Bergmite,23,Common,2026-07-13T18:05:07.999Z,EUR,886415,2026-07-13T18:05:06.325Z,USD,693456.0,693456.0,,0.02,0.07,0.1,0.17
me04-023,Bergmite,23,Common,2026-07-14T18:05:08.458Z,EUR,886415,2026-07-14T18:05:05.984Z,USD,693456.0,693456.0,,0.02,0.07,0.1,0.16
me04-023,Bergmite,23,Common,2026-07-15T18:05:08.182Z,EUR,886415,2026-07-15T18:05:06.072Z,USD,693456.0,693456.0,,0.02,0.07,0.1,0.17
me04-023,Bergmite,23,Common,2026-07-16T18:05:08.631Z,EUR,886415,2026-07-16T18:05:05.995Z,USD,693456.0,693456.0,,0.02,0.07,0.11,0.18
me04-023,Bergmite,23,Common,2026-07-17T18:05:09.396Z,EUR,886415,2026-07-17T18:05:07.352Z,USD,693456.0,693456.0,,0.02,0.07,0.11,0.18
me04-023,Bergmite,23,Common,2026-07-18T08:02:59.546Z,EUR,886415,2026-07-18T08:02:56.980Z,USD,693456.0,693456.0,,0.02,0.07,0.09,0.16
me04-023,Bergmite,23,Common,2026-07-19T08:03:04.320Z,EUR,886415,2026-07-19T08:03:02.364Z,USD,693456.0,693456.0,,0.02,0.07,0.08,0.16
me04-023,Bergmite,23,Common,2026-07-20T08:03:04.265Z,EUR,886415,2026-07-20T08:03:02.216Z,USD,693456.0,693456.0,,0.02,0.1,0.1,0.17
me04-023,Bergmite,23,Common,2026-07-21T08:03:04.252Z,EUR,886415,2026-07-21T08:03:02.310Z,USD,693456.0,693456.0,,0.02,0.1,0.11,0.16
me04-023,Bergmite,23,Common,2026-07-22T08:03:06.627Z,EUR,886415,2026-07-22T08:03:04.165Z,USD,693456.0,693456.0,,0.02,0.1,0.1,0.15
me04-023,Bergmite,23,Common,2026-07-23T08:03:03.735Z,EUR,886415,2026-07-23T08:03:01.941Z,USD,693456.0,693456.0,,0.02,0.1,0.1,0.15
me04-023,Bergmite,23,Common,2026-07-24T08:03:04.300Z,EUR,886415,2026-07-24T08:03:02.308Z,USD,693456.0,693456.0,,0.02,0.1,0.1,0.14
me04-023,Bergmite,23,Common,2026-07-25T08:03:04.261Z,EUR,886415,2026-07-25T08:03:02.306Z,USD,693456.0,693456.0,,0.02,0.1,0.11,0.15
me04-023,Bergmite,23,Common,2026-07-26T08:03:04.532Z,EUR,886415,2026-07-26T08:03:42.077Z,USD,693456.0,693456.0,,0.02,0.13,0.09,0.16
me04-023,Bergmite,23,Common,2026-07-27T08:03:04.458Z,EUR,886415,2026-07-27T08:03:49.056Z,USD,693456.0,693456.0,,0.07,0.07,0.1,0.17
me04-024,Avalugg,24,Uncommon,2026-07-06T18:05:01.253Z,EUR,886416,2026-07-06T18:05:01.021Z,USD,693448.0,693448.0,,0.02,0.1,0.06,0.19
me04-024,Avalugg,24,Uncommon,2026-07-07T18:05:10.032Z,EUR,886416,2026-07-07T18:05:06.951Z,USD,693448.0,693448.0,,0.02,0.1,0.05,0.16
me04-024,Avalugg,24,Uncommon,2026-07-08T18:05:10.950Z,EUR,886416,2026-07-08T18:05:07.571Z,USD,693448.0,693448.0,,0.03,0.13,0.05,0.17
me04-024,Avalugg,24,Uncommon,2026-07-09T18:05:08.755Z,EUR,886416,2026-07-09T18:05:06.660Z,USD,693448.0,693448.0,,0.02,0.11,0.05,0.2
me04-024,Avalugg,24,Uncommon,2026-07-10T18:05:08.601Z,EUR,886416,2026-07-10T18:05:06.309Z,USD,693448.0,693448.0,,0.02,0.22,0.06,0.19
me04-024,Avalugg,24,Uncommon,2026-07-11T18:05:07.832Z,EUR,886416,2026-07-11T18:05:05.951Z,USD,693448.0,693448.0,,0.02,0.22,0.08,0.18
me04-024,Avalugg,24,Uncommon,2026-07-12T18:05:09.094Z,EUR,886416,2026-07-12T18:05:07.281Z,USD,693448.0,693448.0,,0.02,0.22,0.16,0.16
me04-024,Avalugg,24,Uncommon,2026-07-13T18:05:07.999Z,EUR,886416,2026-07-13T18:05:06.325Z,USD,693448.0,693448.0,,0.02,0.09,0.17,0.2
me04-024,Avalugg,24,Uncommon,2026-07-14T18:05:08.458Z,EUR,886416,2026-07-14T18:05:05.984Z,USD,693448.0,693448.0,,0.02,0.09,0.18,0.21
me04-024,Avalugg,24,Uncommon,2026-07-15T18:05:08.182Z,EUR,886416,2026-07-15T18:05:06.072Z,USD,693448.0,693448.0,,0.02,0.09,0.16,0.19
me04-024,Avalugg,24,Uncommon,2026-07-16T18:05:08.631Z,EUR,886416,2026-07-16T18:05:05.995Z,USD,693448.0,693448.0,,0.02,0.09,0.17,0.2
me04-024,Avalugg,24,Uncommon,2026-07-17T18:05:09.396Z,EUR,886416,2026-07-17T18:05:07.352Z,USD,693448.0,693448.0,,0.02,0.09,0.18,0.2
me04-024,Avalugg,24,Uncommon,2026-07-18T08:02:59.387Z,EUR,886416,2026-07-18T08:02:56.980Z,USD,693448.0,693448.0,,0.02,0.09,0.16,0.2
me04-024,Avalugg,24,Uncommon,2026-07-19T08:03:04.558Z,EUR,886416,2026-07-19T08:03:02.364Z,USD,693448.0,693448.0,,0.02,0.09,0.14,0.22
me04-024,Avalugg,24,Uncommon,2026-07-20T08:03:04.265Z,EUR,886416,2026-07-20T08:03:02.216Z,USD,693448.0,693448.0,,0.02,0.1,0.11,0.19
me04-024,Avalugg,24,Uncommon,2026-07-21T08:03:04.115Z,EUR,886416,2026-07-21T08:03:02.310Z,USD,693448.0,693448.0,,0.02,0.1,0.12,0.17
me04-024,Avalugg,24,Uncommon,2026-07-22T08:03:06.627Z,EUR,886416,2026-07-22T08:03:04.165Z,USD,693448.0,693448.0,,0.02,0.1,0.12,0.2
me04-024,Avalugg,24,Uncommon,2026-07-23T08:03:03.735Z,EUR,886416,2026-07-23T08:03:01.941Z,USD,693448.0,693448.0,,0.02,0.1,0.12,0.23
me04-024,Avalugg,24,Uncommon,2026-07-24T08:03:04.300Z,EUR,886416,2026-07-24T08:03:02.308Z,USD,693448.0,693448.0,,0.02,0.1,0.12,0.24
me04-024,Avalugg,24,Uncommon,2026-07-25T08:03:04.261Z,EUR,886416,2026-07-25T08:03:02.306Z,USD,693448.0,693448.0,,0.02,0.1,0.09,0.28
me04-024,Avalugg,24,Uncommon,2026-07-26T08:03:04.571Z,EUR,886416,2026-07-26T08:03:42.077Z,USD,693448.0,693448.0,,0.02,0.09,0.1,0.27
me04-024,Avalugg,24,Uncommon,2026-07-27T08:03:04.458Z,EUR,886416,2026-07-27T08:03:49.056Z,USD,693448.0,693448.0,,0.02,0.15,0.06,0.23
me04-025,Wimpod,25,Common,2026-07-06T18:05:01.253Z,EUR,886417,2026-07-06T18:05:01.021Z,USD,693562.0,693562.0,,0.02,0.06,0.12,0.14
me04-025,Wimpod,25,Common,2026-07-07T18:05:09.149Z,EUR,886417,2026-07-07T18:05:06.951Z,USD,693562.0,693562.0,,0.02,0.06,0.11,0.13
me04-025,Wimpod,25,Common,2026-07-08T18:05:10.950Z,EUR,886417,2026-07-08T18:05:07.571Z,USD,693562.0,693562.0,,0.05,0.14,0.09,0.14
me04-025,Wimpod,25,Common,2026-07-09T18:05:08.755Z,EUR,886417,2026-07-09T18:05:06.660Z,USD,693562.0,693562.0,,0.02,0.13,0.09,0.15
me04-025,Wimpod,25,Common,2026-07-10T18:05:08.528Z,EUR,886417,2026-07-10T18:05:06.309Z,USD,693562.0,693562.0,,0.02,0.09,0.08,0.13
me04-025,Wimpod,25,Common,2026-07-11T18:05:07.832Z,EUR,886417,2026-07-11T18:05:05.951Z,USD,693562.0,693562.0,,0.02,0.09,0.08,0.12
me04-025,Wimpod,25,Common,2026-07-12T18:05:09.094Z,EUR,886417,2026-07-12T18:05:07.281Z,USD,693562.0,693562.0,,0.02,0.09,0.1,0.12
me04-025,Wimpod,25,Common,2026-07-13T18:05:07.999Z,EUR,886417,2026-07-13T18:05:06.325Z,USD,693562.0,693562.0,,0.02,0.07,0.09,0.15
me04-025,Wimpod,25,Common,2026-07-14T18:05:08.458Z,EUR,886417,2026-07-14T18:05:05.984Z,USD,693562.0,693562.0,,0.02,0.07,0.09,0.15
me04-025,Wimpod,25,Common,2026-07-15T18:05:08.182Z,EUR,886417,2026-07-15T18:05:06.072Z,USD,693562.0,693562.0,,0.02,0.07,0.09,0.15
me04-025,Wimpod,25,Common,2026-07-16T18:05:08.727Z,EUR,886417,2026-07-16T18:05:05.995Z,USD,693562.0,693562.0,,0.02,0.07,0.12,0.17
me04-025,Wimpod,25,Common,2026-07-17T18:05:09.396Z,EUR,886417,2026-07-17T18:05:07.352Z,USD,693562.0,693562.0,,0.02,0.07,0.12,0.17
me04-025,Wimpod,25,Common,2026-07-18T08:02:59.387Z,EUR,886417,2026-07-18T08:02:56.980Z,USD,693562.0,693562.0,,0.02,0.07,0.12,0.17
me04-025,Wimpod,25,Common,2026-07-19T08:03:04.558Z,EUR,886417,2026-07-19T08:03:02.364Z,USD,693562.0,693562.0,,0.02,0.07,0.13,0.17
me04-025,Wimpod,25,Common,2026-07-20T08:03:04.265Z,EUR,886417,2026-07-20T08:03:02.216Z,USD,693562.0,693562.0,,0.02,0.09,0.12,0.17
me04-025,Wimpod,25,Common,2026-07-21T08:03:04.252Z,EUR,886417,2026-07-21T08:03:02.310Z,USD,693562.0,693562.0,,0.02,0.09,0.14,0.2
me04-025,Wimpod,25,Common,2026-07-22T08:03:06.627Z,EUR,886417,2026-07-22T08:03:04.165Z,USD,693562.0,693562.0,,0.02,0.09,0.12,0.22
me04-025,Wimpod,25,Common,2026-07-23T08:03:03.735Z,EUR,886417,2026-07-23T08:03:01.941Z,USD,693562.0,693562.0,,0.02,0.09,0.1,0.21
me04-025,Wimpod,25,Common,2026-07-24T08:03:04.300Z,EUR,886417,2026-07-24T08:03:02.308Z,USD,693562.0,693562.0,,0.02,0.09,0.12,0.2
me04-025,Wimpod,25,Common,2026-07-25T08:03:03.827Z,EUR,886417,2026-07-25T08:03:02.306Z,USD,693562.0,693562.0,,0.02,0.09,0.1,0.2
me04-025,Wimpod,25,Common,2026-07-26T08:03:04.572Z,EUR,886417,2026-07-26T08:03:42.077Z,USD,693562.0,693562.0,,0.02,0.1,0.1,0.21
me04-025,Wimpod,25,Common,2026-07-27T08:03:04.458Z,EUR,886417,2026-07-27T08:03:49.056Z,USD,693562.0,693562.0,,0.06,0.08,0.07,0.17
me04-026,Golisopod,26,Uncommon,2026-07-06T18:05:01.253Z,EUR,886418,2026-07-06T18:05:01.021Z,USD,693494.0,693494.0,,0.08,0.11,0.08,0.23
me04-026,Golisopod,26,Uncommon,2026-07-07T18:05:09.041Z,EUR,886418,2026-07-07T18:05:06.951Z,USD,693494.0,693494.0,,0.08,0.11,0.08,0.19
me04-026,Golisopod,26,Uncommon,2026-07-08T18:05:10.509Z,EUR,886418,2026-07-08T18:05:07.571Z,USD,693494.0,693494.0,,0.06,0.08,0.07,0.2
me04-026,Golisopod,26,Uncommon,2026-07-09T18:05:08.755Z,EUR,886418,2026-07-09T18:05:06.660Z,USD,693494.0,693494.0,,0.02,0.09,0.05,0.22
me04-026,Golisopod,26,Uncommon,2026-07-10T18:05:08.601Z,EUR,886418,2026-07-10T18:05:06.309Z,USD,693494.0,693494.0,,0.02,0.08,0.04,0.23
me04-026,Golisopod,26,Uncommon,2026-07-11T18:05:07.832Z,EUR,886418,2026-07-11T18:05:05.951Z,USD,693494.0,693494.0,,0.02,0.08,0.05,0.23
me04-026,Golisopod,26,Uncommon,2026-07-12T18:05:09.094Z,EUR,886418,2026-07-12T18:05:07.281Z,USD,693494.0,693494.0,,0.02,0.08,0.05,0.23
me04-026,Golisopod,26,Uncommon,2026-07-13T18:05:07.999Z,EUR,886418,2026-07-13T18:05:06.325Z,USD,693494.0,693494.0,,0.02,0.07,0.05,0.24
me04-026,Golisopod,26,Uncommon,2026-07-14T18:05:08.458Z,EUR,886418,2026-07-14T18:05:05.984Z,USD,693494.0,693494.0,,0.02,0.07,0.08,0.26
me04-026,Golisopod,26,Uncommon,2026-07-15T18:05:08.182Z,EUR,886418,2026-07-15T18:05:06.072Z,USD,693494.0,693494.0,,0.02,0.07,0.09,0.28
me04-026,Golisopod,26,Uncommon,2026-07-16T18:05:08.727Z,EUR,886418,2026-07-16T18:05:05.995Z,USD,693494.0,693494.0,,0.02,0.07,0.12,0.27
me04-026,Golisopod,26,Uncommon,2026-07-17T18:05:09.396Z,EUR,886418,2026-07-17T18:05:07.352Z,USD,693494.0,693494.0,,0.02,0.07,0.12,0.29
me04-026,Golisopod,26,Uncommon,2026-07-18T08:02:59.387Z,EUR,886418,2026-07-18T08:02:56.980Z,USD,693494.0,693494.0,,0.02,0.07,0.12,0.26
me04-026,Golisopod,26,Uncommon,2026-07-19T08:03:04.558Z,EUR,886418,2026-07-19T08:03:02.364Z,USD,693494.0,693494.0,,0.02,0.07,0.15,0.23
me04-026,Golisopod,26,Uncommon,2026-07-20T08:03:04.265Z,EUR,886418,2026-07-20T08:03:02.216Z,USD,693494.0,693494.0,,0.03,0.16,0.15,0.19
me04-026,Golisopod,26,Uncommon,2026-07-21T08:03:04.252Z,EUR,886418,2026-07-21T08:03:02.310Z,USD,693494.0,693494.0,,0.03,0.16,0.16,0.2
me04-026,Golisopod,26,Uncommon,2026-07-22T08:03:06.471Z,EUR,886418,2026-07-22T08:03:04.165Z,USD,693494.0,693494.0,,0.03,0.16,0.17,0.21
me04-026,Golisopod,26,Uncommon,2026-07-23T08:03:03.735Z,EUR,886418,2026-07-23T08:03:01.941Z,USD,693494.0,693494.0,,0.03,0.16,0.16,0.23
me04-026,Golisopod,26,Uncommon,2026-07-24T08:03:04.359Z,EUR,886418,2026-07-24T08:03:02.308Z,USD,693494.0,693494.0,,0.03,0.16,0.16,0.24
me04-026,Golisopod,26,Uncommon,2026-07-25T08:03:03.827Z,EUR,886418,2026-07-25T08:03:02.306Z,USD,693494.0,693494.0,,0.03,0.16,0.14,0.24
me04-026,Golisopod,26,Uncommon,2026-07-26T08:03:04.532Z,EUR,886418,2026-07-26T08:03:42.077Z,USD,693494.0,693494.0,,0.05,0.13,0.13,0.26
me04-026,Golisopod,26,Uncommon,2026-07-27T08:03:04.458Z,EUR,886418,2026-07-27T08:03:49.056Z,USD,693494.0,693494.0,,0.03,0.1,0.1,0.23
me04-027,Mareep,27,Common,2026-07-06T18:05:01.253Z,EUR,886419,2026-07-06T18:05:01.021Z,USD,693507.0,693507.0,,0.03,0.11,0.17,0.2
me04-027,Mareep,27,Common,2026-07-07T18:05:09.041Z,EUR,886419,2026-07-07T18:05:06.951Z,USD,693507.0,693507.0,,0.03,0.11,0.17,0.2
me04-027,Mareep,27,Common,2026-07-08T18:05:10.950Z,EUR,886419,2026-07-08T18:05:07.571Z,USD,693507.0,693507.0,,0.02,0.06,0.13,0.18
me04-027,Mareep,27,Common,2026-07-09T18:05:09.065Z,EUR,886419,2026-07-09T18:05:06.660Z,USD,693507.0,693507.0,,0.02,0.09,0.11,0.17
me04-027,Mareep,27,Common,2026-07-10T18:05:08.528Z,EUR,886419,2026-07-10T18:05:06.309Z,USD,693507.0,693507.0,,0.02,0.1,0.08,0.17
me04-027,Mareep,27,Common,2026-07-11T18:05:07.832Z,EUR,886419,2026-07-11T18:05:05.951Z,USD,693507.0,693507.0,,0.02,0.1,0.09,0.2
me04-027,Mareep,27,Common,2026-07-12T18:05:09.094Z,EUR,886419,2026-07-12T18:05:07.281Z,USD,693507.0,693507.0,,0.02,0.1,0.09,0.21
me04-027,Mareep,27,Common,2026-07-13T18:05:07.999Z,EUR,886419,2026-07-13T18:05:06.325Z,USD,693507.0,693507.0,,0.02,0.06,0.09,0.23
me04-027,Mareep,27,Common,2026-07-14T18:05:08.458Z,EUR,886419,2026-07-14T18:05:05.984Z,USD,693507.0,693507.0,,0.02,0.06,0.12,0.23
me04-027,Mareep,27,Common,2026-07-15T18:05:08.182Z,EUR,886419,2026-07-15T18:05:06.072Z,USD,693507.0,693507.0,,0.02,0.06,0.13,0.22
me04-027,Mareep,27,Common,2026-07-16T18:05:08.727Z,EUR,886419,2026-07-16T18:05:05.995Z,USD,693507.0,693507.0,,0.02,0.06,0.17,0.2
me04-027,Mareep,27,Common,2026-07-17T18:05:09.396Z,EUR,886419,2026-07-17T18:05:07.352Z,USD,693507.0,693507.0,,0.02,0.06,0.18,0.23
me04-027,Mareep,27,Common,2026-07-18T08:02:59.387Z,EUR,886419,2026-07-18T08:02:56.980Z,USD,693507.0,693507.0,,0.02,0.06,0.15,0.21
me04-027,Mareep,27,Common,2026-07-19T08:03:04.658Z,EUR,886419,2026-07-19T08:03:02.364Z,USD,693507.0,693507.0,,0.02,0.06,0.14,0.2
me04-027,Mareep,27,Common,2026-07-20T08:03:04.265Z,EUR,886419,2026-07-20T08:03:02.216Z,USD,693507.0,693507.0,,0.02,0.09,0.12,0.21
me04-027,Mareep,27,Common,2026-07-21T08:03:04.252Z,EUR,886419,2026-07-21T08:03:02.310Z,USD,693507.0,693507.0,,0.02,0.09,0.13,0.21
me04-027,Mareep,27,Common,2026-07-22T08:03:06.627Z,EUR,886419,2026-07-22T08:03:04.165Z,USD,693507.0,693507.0,,0.02,0.09,0.11,0.23
me04-027,Mareep,27,Common,2026-07-23T08:03:03.735Z,EUR,886419,2026-07-23T08:03:01.941Z,USD,693507.0,693507.0,,0.02,0.09,0.12,0.21
me04-027,Mareep,27,Common,2026-07-24T08:03:04.359Z,EUR,886419,2026-07-24T08:03:02.308Z,USD,693507.0,693507.0,,0.02,0.09,0.13,0.22
me04-027,Mareep,27,Common,2026-07-25T08:03:04.261Z,EUR,886419,2026-07-25T08:03:02.306Z,USD,693507.0,693507.0,,0.02,0.09,0.11,0.18
me04-027,Mareep,27,Common,2026-07-26T08:03:04.572Z,EUR,886419,2026-07-26T08:03:42.077Z,USD,693507.0,693507.0,,0.02,0.14,0.09,0.22
me04-027,Mareep,27,Common,2026-07-27T08:03:04.458Z,EUR,886419,2026-07-27T08:03:49.056Z,USD,693507.0,693507.0,,0.02,0.07,0.07,0.19
me04-028,Flaaffy,28,Common,2026-07-06T18:05:01.396Z,EUR,886420,2026-07-06T18:05:01.021Z,USD,693487.0,693487.0,,0.05,0.06,0.13,0.25
me04-028,Flaaffy,28,Common,2026-07-07T18:05:09.149Z,EUR,886420,2026-07-07T18:05:06.951Z,USD,693487.0,693487.0,,0.05,0.06,0.13,0.22
me04-028,Flaaffy,28,Common,2026-07-08T18:05:10.509Z,EUR,886420,2026-07-08T18:05:07.571Z,USD,693487.0,693487.0,,0.08,0.08,0.11,0.21
me04-028,Flaaffy,28,Common,2026-07-09T18:05:09.065Z,EUR,886420,2026-07-09T18:05:06.660Z,USD,693487.0,693487.0,,0.03,0.14,0.11,0.2
me04-028,Flaaffy,28,Common,2026-07-10T18:05:08.450Z,EUR,886420,2026-07-10T18:05:06.309Z,USD,693487.0,693487.0,,0.03,0.09,0.1,0.25
me04-028,Flaaffy,28,Common,2026-07-11T18:05:07.832Z,EUR,886420,2026-07-11T18:05:05.951Z,USD,693487.0,693487.0,,0.03,0.09,0.12,0.24
me04-028,Flaaffy,28,Common,2026-07-12T18:05:09.094Z,EUR,886420,2026-07-12T18:05:07.281Z,USD,693487.0,693487.0,,0.03,0.09,0.13,0.24
me04-028,Flaaffy,28,Common,2026-07-13T18:05:07.999Z,EUR,886420,2026-07-13T18:05:06.325Z,USD,693487.0,693487.0,,0.02,0.08,0.13,0.24
me04-028,Flaaffy,28,Common,2026-07-14T18:05:08.458Z,EUR,886420,2026-07-14T18:05:05.984Z,USD,693487.0,693487.0,,0.02,0.08,0.12,0.22
me04-028,Flaaffy,28,Common,2026-07-15T18:05:08.182Z,EUR,886420,2026-07-15T18:05:06.072Z,USD,693487.0,693487.0,,0.02,0.08,0.11,0.22
me04-028,Flaaffy,28,Common,2026-07-16T18:05:08.727Z,EUR,886420,2026-07-16T18:05:05.995Z,USD,693487.0,693487.0,,0.02,0.08,0.1,0.23
me04-028,Flaaffy,28,Common,2026-07-17T18:05:09.396Z,EUR,886420,2026-07-17T18:05:07.352Z,USD,693487.0,693487.0,,0.02,0.08,0.11,0.26
me04-028,Flaaffy,28,Common,2026-07-18T08:02:59.387Z,EUR,886420,2026-07-18T08:02:56.980Z,USD,693487.0,693487.0,,0.02,0.08,0.12,0.27
me04-028,Flaaffy,28,Common,2026-07-19T08:03:04.320Z,EUR,886420,2026-07-19T08:03:02.364Z,USD,693487.0,693487.0,,0.02,0.08,0.11,0.28
me04-028,Flaaffy,28,Common,2026-07-20T08:03:04.265Z,EUR,886420,2026-07-20T08:03:02.216Z,USD,693487.0,693487.0,,0.05,0.09,0.08,0.26
me04-028,Flaaffy,28,Common,2026-07-21T08:03:04.252Z,EUR,886420,2026-07-21T08:03:02.310Z,USD,693487.0,693487.0,,0.05,0.09,0.1,0.21
me04-028,Flaaffy,28,Common,2026-07-22T08:03:06.627Z,EUR,886420,2026-07-22T08:03:04.165Z,USD,693487.0,693487.0,,0.05,0.09,0.1,0.22
me04-028,Flaaffy,28,Common,2026-07-23T08:03:03.735Z,EUR,886420,2026-07-23T08:03:01.941Z,USD,693487.0,693487.0,,0.05,0.09,0.12,0.19
me04-028,Flaaffy,28,Common,2026-07-24T08:03:04.359Z,EUR,886420,2026-07-24T08:03:02.308Z,USD,693487.0,693487.0,,0.05,0.09,0.11,0.23
me04-028,Flaaffy,28,Common,2026-07-25T08:03:03.827Z,EUR,886420,2026-07-25T08:03:02.306Z,USD,693487.0,693487.0,,0.05,0.09,0.09,0.24
me04-028,Flaaffy,28,Common,2026-07-26T08:03:04.572Z,EUR,886420,2026-07-26T08:03:42.077Z,USD,693487.0,693487.0,,0.02,0.08,0.08,0.23
me04-028,Flaaffy,28,Common,2026-07-27T08:03:04.458Z,EUR,886420,2026-07-27T08:03:49.056Z,USD,693487.0,693487.0,,0.02,0.08,0.07,0.22
me04-029,Ampharos,29,Rare,2026-07-06T18:05:01.253Z,EUR,888542,2026-07-06T18:05:01.021Z,USD,693445.0,,693445.0,2.09,,,0.22
me04-029,Ampharos,29,Rare,2026-07-07T18:05:09.041Z,EUR,888542,2026-07-07T18:05:06.951Z,USD,693445.0,,693445.0,2.09,,,0.25
me04-029,Ampharos,29,Rare,2026-07-08T18:05:10.509Z,EUR,888542,2026-07-08T18:05:07.571Z,USD,693445.0,,693445.0,2.0,,,0.23
me04-029,Ampharos,29,Rare,2026-07-09T18:05:09.065Z,EUR,888542,2026-07-09T18:05:06.660Z,USD,693445.0,,693445.0,1.58,,,0.23
me04-029,Ampharos,29,Rare,2026-07-10T18:05:08.528Z,EUR,888542,2026-07-10T18:05:06.309Z,USD,693445.0,,693445.0,1.13,,,0.22
me04-029,Ampharos,29,Rare,2026-07-11T18:05:07.832Z,EUR,888542,2026-07-11T18:05:05.951Z,USD,693445.0,,693445.0,1.13,,,0.23
me04-029,Ampharos,29,Rare,2026-07-12T18:05:09.094Z,EUR,888542,2026-07-12T18:05:07.281Z,USD,693445.0,,693445.0,1.13,,,0.22
me04-029,Ampharos,29,Rare,2026-07-13T18:05:07.999Z,EUR,888542,2026-07-13T18:05:06.325Z,USD,693445.0,,693445.0,3.28,,,0.26
me04-029,Ampharos,29,Rare,2026-07-14T18:05:08.458Z,EUR,888542,2026-07-14T18:05:05.984Z,USD,693445.0,,693445.0,3.28,,,0.26
me04-029,Ampharos,29,Rare,2026-07-15T18:05:08.182Z,EUR,888542,2026-07-15T18:05:06.072Z,USD,693445.0,,693445.0,3.28,,,0.26
me04-029,Ampharos,29,Rare,2026-07-16T18:05:08.631Z,EUR,888542,2026-07-16T18:05:05.995Z,USD,693445.0,,693445.0,3.28,,,0.26
me04-029,Ampharos,29,Rare,2026-07-17T18:05:09.396Z,EUR,888542,2026-07-17T18:05:07.352Z,USD,693445.0,,693445.0,3.28,,,0.24
me04-029,Ampharos,29,Rare,2026-07-18T08:02:59.546Z,EUR,888542,2026-07-18T08:02:56.980Z,USD,693445.0,,693445.0,3.28,,,0.22
me04-029,Ampharos,29,Rare,2026-07-19T08:03:04.320Z,EUR,888542,2026-07-19T08:03:02.364Z,USD,693445.0,,693445.0,3.28,,,0.2
me04-029,Ampharos,29,Rare,2026-07-20T08:03:04.265Z,EUR,888542,2026-07-20T08:03:02.216Z,USD,693445.0,,693445.0,2.83,,,0.22
me04-029,Ampharos,29,Rare,2026-07-21T08:03:04.252Z,EUR,888542,2026-07-21T08:03:02.310Z,USD,693445.0,,693445.0,2.83,,,0.24
me04-029,Ampharos,29,Rare,2026-07-22T08:03:06.471Z,EUR,888542,2026-07-22T08:03:04.165Z,USD,693445.0,,693445.0,2.83,,,0.25
me04-029,Ampharos,29,Rare,2026-07-23T08:03:03.735Z,EUR,888542,2026-07-23T08:03:01.941Z,USD,693445.0,,693445.0,2.83,,,0.25
me04-029,Ampharos,29,Rare,2026-07-24T08:03:04.300Z,EUR,888542,2026-07-24T08:03:02.308Z,USD,693445.0,,693445.0,2.83,,,0.23
me04-029,Ampharos,29,Rare,2026-07-25T08:03:04.261Z,EUR,888542,2026-07-25T08:03:02.306Z,USD,693445.0,,693445.0,2.83,,,0.24
me04-029,Ampharos,29,Rare,2026-07-26T08:03:04.571Z,EUR,888542,2026-07-26T08:03:42.077Z,USD,693445.0,,693445.0,1.86,,,0.3
me04-029,Ampharos,29,Rare,2026-07-27T08:03:04.458Z,EUR,888542,2026-07-27T08:03:49.056Z,USD,693445.0,,693445.0,1.69,,,0.3
me04-030,Emolga,30,Common,2026-07-06T18:05:01.396Z,EUR,886422,2026-07-06T18:05:01.021Z,USD,693481.0,693481.0,,0.03,0.1,0.09,0.19
me04-030,Emolga,30,Common,2026-07-07T18:05:10.032Z,EUR,886422,2026-07-07T18:05:06.951Z,USD,693481.0,693481.0,,0.03,0.1,0.11,0.19
me04-030,Emolga,30,Common,2026-07-08T18:05:10.657Z,EUR,886422,2026-07-08T18:05:07.571Z,USD,693481.0,693481.0,,0.02,0.15,0.1,0.2
me04-030,Emolga,30,Common,2026-07-09T18:05:09.065Z,EUR,886422,2026-07-09T18:05:06.660Z,USD,693481.0,693481.0,,0.03,0.11,0.09,0.19
me04-030,Emolga,30,Common,2026-07-10T18:05:08.528Z,EUR,886422,2026-07-10T18:05:06.309Z,USD,693481.0,693481.0,,0.02,0.14,0.09,0.19
me04-030,Emolga,30,Common,2026-07-11T18:05:07.832Z,EUR,886422,2026-07-11T18:05:05.951Z,USD,693481.0,693481.0,,0.02,0.14,0.1,0.21
me04-030,Emolga,30,Common,2026-07-12T18:05:09.094Z,EUR,886422,2026-07-12T18:05:07.281Z,USD,693481.0,693481.0,,0.02,0.14,0.07,0.18
me04-030,Emolga,30,Common,2026-07-13T18:05:07.999Z,EUR,886422,2026-07-13T18:05:06.325Z,USD,693481.0,693481.0,,0.02,0.07,0.09,0.22
me04-030,Emolga,30,Common,2026-07-14T18:05:08.458Z,EUR,886422,2026-07-14T18:05:05.984Z,USD,693481.0,693481.0,,0.02,0.07,0.09,0.24
me04-030,Emolga,30,Common,2026-07-15T18:05:08.182Z,EUR,886422,2026-07-15T18:05:06.072Z,USD,693481.0,693481.0,,0.02,0.07,0.09,0.26
me04-030,Emolga,30,Common,2026-07-16T18:05:08.727Z,EUR,886422,2026-07-16T18:05:05.995Z,USD,693481.0,693481.0,,0.02,0.07,0.12,0.25
me04-030,Emolga,30,Common,2026-07-17T18:05:09.396Z,EUR,886422,2026-07-17T18:05:07.352Z,USD,693481.0,693481.0,,0.02,0.07,0.11,0.24
me04-030,Emolga,30,Common,2026-07-18T08:02:59.776Z,EUR,886422,2026-07-18T08:02:56.980Z,USD,693481.0,693481.0,,0.02,0.07,0.09,0.24
me04-030,Emolga,30,Common,2026-07-19T08:03:04.320Z,EUR,886422,2026-07-19T08:03:02.364Z,USD,693481.0,693481.0,,0.02,0.07,0.08,0.22
me04-030,Emolga,30,Common,2026-07-20T08:03:04.265Z,EUR,886422,2026-07-20T08:03:02.216Z,USD,693481.0,693481.0,,0.03,0.13,0.08,0.23
me04-030,Emolga,30,Common,2026-07-21T08:03:04.252Z,EUR,886422,2026-07-21T08:03:02.310Z,USD,693481.0,693481.0,,0.03,0.13,0.09,0.2
me04-030,Emolga,30,Common,2026-07-22T08:03:06.471Z,EUR,886422,2026-07-22T08:03:04.165Z,USD,693481.0,693481.0,,0.03,0.13,0.07,0.22
me04-030,Emolga,30,Common,2026-07-23T08:03:03.735Z,EUR,886422,2026-07-23T08:03:01.941Z,USD,693481.0,693481.0,,0.03,0.13,0.07,0.21
me04-030,Emolga,30,Common,2026-07-24T08:03:04.300Z,EUR,886422,2026-07-24T08:03:02.308Z,USD,693481.0,693481.0,,0.03,0.13,0.08,0.24
me04-030,Emolga,30,Common,2026-07-25T08:03:04.261Z,EUR,886422,2026-07-25T08:03:02.306Z,USD,693481.0,693481.0,,0.03,0.13,0.08,0.28
me04-030,Emolga,30,Common,2026-07-26T08:03:04.572Z,EUR,886422,2026-07-26T08:03:42.077Z,USD,693481.0,693481.0,,0.02,0.14,0.06,0.25
me04-030,Emolga,30,Common,2026-07-27T08:03:04.458Z,EUR,886422,2026-07-27T08:03:49.056Z,USD,693481.0,693481.0,,0.03,0.11,0.04,0.24
me04-031,Deoxys,31,Uncommon,2026-07-06T18:05:01.253Z,EUR,886423,2026-07-06T18:05:01.021Z,USD,693474.0,693474.0,,0.02,0.15,0.1,0.25
me04-031,Deoxys,31,Uncommon,2026-07-07T18:05:10.032Z,EUR,886423,2026-07-07T18:05:06.951Z,USD,693474.0,693474.0,,0.02,0.15,0.08,0.2
me04-031,Deoxys,31,Uncommon,2026-07-08T18:05:10.950Z,EUR,886423,2026-07-08T18:05:07.571Z,USD,693474.0,693474.0,,0.03,0.16,0.09,0.19
me04-031,Deoxys,31,Uncommon,2026-07-09T18:05:09.065Z,EUR,886423,2026-07-09T18:05:06.660Z,USD,693474.0,693474.0,,0.02,0.13,0.07,0.21
me04-031,Deoxys,31,Uncommon,2026-07-10T18:05:08.450Z,EUR,886423,2026-07-10T18:05:06.309Z,USD,693474.0,693474.0,,0.02,0.09,0.07,0.22
me04-031,Deoxys,31,Uncommon,2026-07-11T18:05:07.832Z,EUR,886423,2026-07-11T18:05:05.951Z,USD,693474.0,693474.0,,0.02,0.09,0.1,0.19
me04-031,Deoxys,31,Uncommon,2026-07-12T18:05:09.094Z,EUR,886423,2026-07-12T18:05:07.281Z,USD,693474.0,693474.0,,0.02,0.09,0.1,0.18
me04-031,Deoxys,31,Uncommon,2026-07-13T18:05:07.999Z,EUR,886423,2026-07-13T18:05:06.325Z,USD,693474.0,693474.0,,0.02,0.07,0.12,0.19
me04-031,Deoxys,31,Uncommon,2026-07-14T18:05:08.458Z,EUR,886423,2026-07-14T18:05:05.984Z,USD,693474.0,693474.0,,0.02,0.07,0.11,0.21
me04-031,Deoxys,31,Uncommon,2026-07-15T18:05:08.182Z,EUR,886423,2026-07-15T18:05:06.072Z,USD,693474.0,693474.0,,0.02,0.07,0.12,0.18
me04-031,Deoxys,31,Uncommon,2026-07-16T18:05:08.727Z,EUR,886423,2026-07-16T18:05:05.995Z,USD,693474.0,693474.0,,0.02,0.07,0.15,0.19
me04-031,Deoxys,31,Uncommon,2026-07-17T18:05:09.396Z,EUR,886423,2026-07-17T18:05:07.352Z,USD,693474.0,693474.0,,0.02,0.07,0.14,0.26
me04-031,Deoxys,31,Uncommon,2026-07-18T08:02:59.776Z,EUR,886423,2026-07-18T08:02:56.980Z,USD,693474.0,693474.0,,0.02,0.07,0.13,0.28
me04-031,Deoxys,31,Uncommon,2026-07-19T08:03:04.658Z,EUR,886423,2026-07-19T08:03:02.364Z,USD,693474.0,693474.0,,0.02,0.07,0.12,0.25
me04-031,Deoxys,31,Uncommon,2026-07-20T08:03:04.265Z,EUR,886423,2026-07-20T08:03:02.216Z,USD,693474.0,693474.0,,0.08,0.16,0.13,0.26
me04-031,Deoxys,31,Uncommon,2026-07-21T08:03:04.252Z,EUR,886423,2026-07-21T08:03:02.310Z,USD,693474.0,693474.0,,0.08,0.16,0.17,0.26
me04-031,Deoxys,31,Uncommon,2026-07-22T08:03:06.471Z,EUR,886423,2026-07-22T08:03:04.165Z,USD,693474.0,693474.0,,0.08,0.16,0.11,0.28
me04-031,Deoxys,31,Uncommon,2026-07-23T08:03:03.735Z,EUR,886423,2026-07-23T08:03:01.941Z,USD,693474.0,693474.0,,0.08,0.16,0.13,0.2
me04-031,Deoxys,31,Uncommon,2026-07-24T08:03:04.359Z,EUR,886423,2026-07-24T08:03:02.308Z,USD,693474.0,693474.0,,0.08,0.16,0.14,0.22
me04-031,Deoxys,31,Uncommon,2026-07-25T08:03:03.827Z,EUR,886423,2026-07-25T08:03:02.306Z,USD,693474.0,693474.0,,0.08,0.16,0.13,0.36
me04-031,Deoxys,31,Uncommon,2026-07-26T08:03:04.572Z,EUR,886423,2026-07-26T08:03:42.077Z,USD,693474.0,693474.0,,0.02,0.15,0.12,0.37
me04-031,Deoxys,31,Uncommon,2026-07-27T08:03:04.458Z,EUR,886423,2026-07-27T08:03:49.056Z,USD,693474.0,693474.0,,0.02,0.08,0.12,0.39
me04-032,Deoxys,32,Uncommon,2026-07-06T18:05:01.132Z,EUR,886424,2026-07-06T18:05:01.021Z,USD,693475.0,693475.0,,0.02,0.1,0.14,0.22
me04-032,Deoxys,32,Uncommon,2026-07-07T18:05:10.032Z,EUR,886424,2026-07-07T18:05:06.951Z,USD,693475.0,693475.0,,0.02,0.1,0.12,0.22
me04-032,Deoxys,32,Uncommon,2026-07-08T18:05:10.509Z,EUR,886424,2026-07-08T18:05:07.571Z,USD,693475.0,693475.0,,0.05,0.14,0.1,0.25
me04-032,Deoxys,32,Uncommon,2026-07-09T18:05:09.065Z,EUR,886424,2026-07-09T18:05:06.660Z,USD,693475.0,693475.0,,0.02,0.1,0.1,0.24
me04-032,Deoxys,32,Uncommon,2026-07-10T18:05:08.528Z,EUR,886424,2026-07-10T18:05:06.309Z,USD,693475.0,693475.0,,0.02,0.17,0.09,0.23
me04-032,Deoxys,32,Uncommon,2026-07-11T18:05:07.832Z,EUR,886424,2026-07-11T18:05:05.951Z,USD,693475.0,693475.0,,0.02,0.17,0.09,0.21
me04-032,Deoxys,32,Uncommon,2026-07-12T18:05:09.094Z,EUR,886424,2026-07-12T18:05:07.281Z,USD,693475.0,693475.0,,0.02,0.17,0.09,0.23
me04-032,Deoxys,32,Uncommon,2026-07-13T18:05:07.999Z,EUR,886424,2026-07-13T18:05:06.325Z,USD,693475.0,693475.0,,0.02,0.08,0.09,0.24
me04-032,Deoxys,32,Uncommon,2026-07-14T18:05:08.086Z,EUR,886424,2026-07-14T18:05:05.984Z,USD,693475.0,693475.0,,0.02,0.08,0.11,0.25
me04-032,Deoxys,32,Uncommon,2026-07-15T18:05:08.182Z,EUR,886424,2026-07-15T18:05:06.072Z,USD,693475.0,693475.0,,0.02,0.08,0.11,0.25
me04-032,Deoxys,32,Uncommon,2026-07-16T18:05:08.727Z,EUR,886424,2026-07-16T18:05:05.995Z,USD,693475.0,693475.0,,0.02,0.08,0.13,0.23
me04-032,Deoxys,32,Uncommon,2026-07-17T18:05:09.396Z,EUR,886424,2026-07-17T18:05:07.352Z,USD,693475.0,693475.0,,0.02,0.08,0.15,0.3
me04-032,Deoxys,32,Uncommon,2026-07-18T08:02:59.387Z,EUR,886424,2026-07-18T08:02:56.980Z,USD,693475.0,693475.0,,0.02,0.08,0.14,0.3
me04-032,Deoxys,32,Uncommon,2026-07-19T08:03:04.558Z,EUR,886424,2026-07-19T08:03:02.364Z,USD,693475.0,693475.0,,0.02,0.08,0.14,0.35
me04-032,Deoxys,32,Uncommon,2026-07-20T08:03:04.265Z,EUR,886424,2026-07-20T08:03:02.216Z,USD,693475.0,693475.0,,0.02,0.15,0.16,0.33
me04-032,Deoxys,32,Uncommon,2026-07-21T08:03:04.115Z,EUR,886424,2026-07-21T08:03:02.310Z,USD,693475.0,693475.0,,0.02,0.15,0.18,0.27
me04-032,Deoxys,32,Uncommon,2026-07-22T08:03:06.471Z,EUR,886424,2026-07-22T08:03:04.165Z,USD,693475.0,693475.0,,0.02,0.15,0.18,0.23
me04-032,Deoxys,32,Uncommon,2026-07-23T08:03:03.735Z,EUR,886424,2026-07-23T08:03:01.941Z,USD,693475.0,693475.0,,0.02,0.15,0.16,0.21
me04-032,Deoxys,32,Uncommon,2026-07-24T08:03:04.359Z,EUR,886424,2026-07-24T08:03:02.308Z,USD,693475.0,693475.0,,0.02,0.15,0.12,0.28
me04-032,Deoxys,32,Uncommon,2026-07-25T08:03:04.261Z,EUR,886424,2026-07-25T08:03:02.306Z,USD,693475.0,693475.0,,0.02,0.15,0.11,0.27
me04-032,Deoxys,32,Uncommon,2026-07-26T08:03:04.572Z,EUR,886424,2026-07-26T08:03:42.077Z,USD,693475.0,693475.0,,0.03,0.16,0.11,0.27
me04-032,Deoxys,32,Uncommon,2026-07-27T08:03:04.458Z,EUR,886424,2026-07-27T08:03:49.056Z,USD,693475.0,693475.0,,0.02,0.14,0.12,0.22
me04-033,Deoxys,33,Uncommon,2026-07-06T18:05:01.500Z,EUR,886425,2026-07-06T18:05:01.021Z,USD,693476.0,693476.0,,0.02,0.15,0.1,0.25
me04-033,Deoxys,33,Uncommon,2026-07-07T18:05:10.032Z,EUR,886425,2026-07-07T18:05:06.951Z,USD,693476.0,693476.0,,0.02,0.15,0.1,0.25
me04-033,Deoxys,33,Uncommon,2026-07-08T18:05:10.509Z,EUR,886425,2026-07-08T18:05:07.571Z,USD,693476.0,693476.0,,0.05,0.08,0.09,0.23
me04-033,Deoxys,33,Uncommon,2026-07-09T18:05:09.065Z,EUR,886425,2026-07-09T18:05:06.660Z,USD,693476.0,693476.0,,0.02,0.15,0.06,0.24
me04-033,Deoxys,33,Uncommon,2026-07-10T18:05:08.528Z,EUR,886425,2026-07-10T18:05:06.309Z,USD,693476.0,693476.0,,0.02,0.17,0.07,0.22
me04-033,Deoxys,33,Uncommon,2026-07-11T18:05:07.832Z,EUR,886425,2026-07-11T18:05:05.951Z,USD,693476.0,693476.0,,0.02,0.17,0.08,0.2
me04-033,Deoxys,33,Uncommon,2026-07-12T18:05:09.094Z,EUR,886425,2026-07-12T18:05:07.281Z,USD,693476.0,693476.0,,0.02,0.17,0.09,0.22
me04-033,Deoxys,33,Uncommon,2026-07-13T18:05:07.999Z,EUR,886425,2026-07-13T18:05:06.325Z,USD,693476.0,693476.0,,0.03,0.09,0.09,0.22
me04-033,Deoxys,33,Uncommon,2026-07-14T18:05:08.086Z,EUR,886425,2026-07-14T18:05:05.984Z,USD,693476.0,693476.0,,0.03,0.09,0.08,0.22
me04-033,Deoxys,33,Uncommon,2026-07-15T18:05:08.182Z,EUR,886425,2026-07-15T18:05:06.072Z,USD,693476.0,693476.0,,0.03,0.09,0.13,0.22
me04-033,Deoxys,33,Uncommon,2026-07-16T18:05:08.727Z,EUR,886425,2026-07-16T18:05:05.995Z,USD,693476.0,693476.0,,0.03,0.09,0.15,0.24
me04-033,Deoxys,33,Uncommon,2026-07-17T18:05:09.396Z,EUR,886425,2026-07-17T18:05:07.352Z,USD,693476.0,693476.0,,0.03,0.09,0.15,0.27
me04-033,Deoxys,33,Uncommon,2026-07-18T08:02:59.776Z,EUR,886425,2026-07-18T08:02:56.980Z,USD,693476.0,693476.0,,0.03,0.09,0.14,0.27
me04-033,Deoxys,33,Uncommon,2026-07-19T08:03:04.320Z,EUR,886425,2026-07-19T08:03:02.364Z,USD,693476.0,693476.0,,0.03,0.09,0.13,0.26
me04-033,Deoxys,33,Uncommon,2026-07-20T08:03:04.265Z,EUR,886425,2026-07-20T08:03:02.216Z,USD,693476.0,693476.0,,0.02,0.09,0.1,0.27
me04-033,Deoxys,33,Uncommon,2026-07-21T08:03:04.115Z,EUR,886425,2026-07-21T08:03:02.310Z,USD,693476.0,693476.0,,0.02,0.09,0.12,0.25
me04-033,Deoxys,33,Uncommon,2026-07-22T08:03:06.471Z,EUR,886425,2026-07-22T08:03:04.165Z,USD,693476.0,693476.0,,0.02,0.09,0.13,0.24
me04-033,Deoxys,33,Uncommon,2026-07-23T08:03:03.735Z,EUR,886425,2026-07-23T08:03:01.941Z,USD,693476.0,693476.0,,0.02,0.09,0.11,0.21
me04-033,Deoxys,33,Uncommon,2026-07-24T08:03:04.359Z,EUR,886425,2026-07-24T08:03:02.308Z,USD,693476.0,693476.0,,0.02,0.09,0.13,0.26
me04-033,Deoxys,33,Uncommon,2026-07-25T08:03:04.261Z,EUR,886425,2026-07-25T08:03:02.306Z,USD,693476.0,693476.0,,0.02,0.09,0.09,0.24
me04-033,Deoxys,33,Uncommon,2026-07-26T08:03:04.572Z,EUR,886425,2026-07-26T08:03:42.077Z,USD,693476.0,693476.0,,0.02,0.13,0.08,0.25
me04-033,Deoxys,33,Uncommon,2026-07-27T08:03:04.458Z,EUR,886425,2026-07-27T08:03:49.056Z,USD,693476.0,693476.0,,0.03,0.24,0.07,0.24
me04-034,Deoxys,34,Uncommon,2026-07-06T18:05:01.132Z,EUR,886426,2026-07-06T18:05:01.021Z,USD,693477.0,693477.0,,0.02,0.08,0.09,0.24
me04-034,Deoxys,34,Uncommon,2026-07-07T18:05:09.041Z,EUR,886426,2026-07-07T18:05:06.951Z,USD,693477.0,693477.0,,0.02,0.08,0.09,0.24
me04-034,Deoxys,34,Uncommon,2026-07-08T18:05:10.950Z,EUR,886426,2026-07-08T18:05:07.571Z,USD,693477.0,693477.0,,0.02,0.19,0.06,0.23
me04-034,Deoxys,34,Uncommon,2026-07-09T18:05:09.065Z,EUR,886426,2026-07-09T18:05:06.660Z,USD,693477.0,693477.0,,0.02,0.13,0.08,0.27
me04-034,Deoxys,34,Uncommon,2026-07-10T18:05:08.528Z,EUR,886426,2026-07-10T18:05:06.309Z,USD,693477.0,693477.0,,0.02,0.09,0.08,0.26
me04-034,Deoxys,34,Uncommon,2026-07-11T18:05:07.832Z,EUR,886426,2026-07-11T18:05:05.951Z,USD,693477.0,693477.0,,0.02,0.09,0.09,0.26
me04-034,Deoxys,34,Uncommon,2026-07-12T18:05:09.094Z,EUR,886426,2026-07-12T18:05:07.281Z,USD,693477.0,693477.0,,0.02,0.09,0.1,0.24
me04-034,Deoxys,34,Uncommon,2026-07-13T18:05:07.999Z,EUR,886426,2026-07-13T18:05:06.325Z,USD,693477.0,693477.0,,0.03,0.07,0.1,0.22
me04-034,Deoxys,34,Uncommon,2026-07-14T18:05:08.458Z,EUR,886426,2026-07-14T18:05:05.984Z,USD,693477.0,693477.0,,0.03,0.07,0.08,0.23
me04-034,Deoxys,34,Uncommon,2026-07-15T18:05:08.182Z,EUR,886426,2026-07-15T18:05:06.072Z,USD,693477.0,693477.0,,0.03,0.07,0.1,0.23
me04-034,Deoxys,34,Uncommon,2026-07-16T18:05:08.727Z,EUR,886426,2026-07-16T18:05:05.995Z,USD,693477.0,693477.0,,0.03,0.07,0.12,0.24
me04-034,Deoxys,34,Uncommon,2026-07-17T18:05:09.396Z,EUR,886426,2026-07-17T18:05:07.352Z,USD,693477.0,693477.0,,0.03,0.07,0.11,0.23
me04-034,Deoxys,34,Uncommon,2026-07-18T08:02:59.776Z,EUR,886426,2026-07-18T08:02:56.980Z,USD,693477.0,693477.0,,0.03,0.07,0.12,0.24
me04-034,Deoxys,34,Uncommon,2026-07-19T08:03:04.558Z,EUR,886426,2026-07-19T08:03:02.364Z,USD,693477.0,693477.0,,0.03,0.07,0.11,0.22
me04-034,Deoxys,34,Uncommon,2026-07-20T08:03:04.265Z,EUR,886426,2026-07-20T08:03:02.216Z,USD,693477.0,693477.0,,0.02,0.09,0.08,0.21
me04-034,Deoxys,34,Uncommon,2026-07-21T08:03:04.115Z,EUR,886426,2026-07-21T08:03:02.310Z,USD,693477.0,693477.0,,0.02,0.09,0.11,0.19
me04-034,Deoxys,34,Uncommon,2026-07-22T08:03:06.471Z,EUR,886426,2026-07-22T08:03:04.165Z,USD,693477.0,693477.0,,0.02,0.09,0.1,0.2
me04-034,Deoxys,34,Uncommon,2026-07-23T08:03:03.735Z,EUR,886426,2026-07-23T08:03:01.941Z,USD,693477.0,693477.0,,0.02,0.09,0.11,0.19
me04-034,Deoxys,34,Uncommon,2026-07-24T08:03:04.359Z,EUR,886426,2026-07-24T08:03:02.308Z,USD,693477.0,693477.0,,0.02,0.09,0.12,0.21
me04-034,Deoxys,34,Uncommon,2026-07-25T08:03:04.261Z,EUR,886426,2026-07-25T08:03:02.306Z,USD,693477.0,693477.0,,0.02,0.09,0.1,0.24
me04-034,Deoxys,34,Uncommon,2026-07-26T08:03:04.572Z,EUR,886426,2026-07-26T08:03:42.077Z,USD,693477.0,693477.0,,0.02,0.11,0.1,0.28
me04-034,Deoxys,34,Uncommon,2026-07-27T08:03:04.458Z,EUR,886426,2026-07-27T08:03:49.056Z,USD,693477.0,693477.0,,0.05,0.1,0.1,0.27
me04-035,Mega Floette ex,35,Double rare,2026-07-06T18:05:01.396Z,EUR,886427,2026-07-06T18:05:01.021Z,USD,,,693511.0,0.48,,,
me04-035,Mega Floette ex,35,Double rare,2026-07-07T18:05:09.041Z,EUR,886427,2026-07-07T18:05:06.951Z,USD,,,693511.0,0.48,,,
me04-035,Mega Floette ex,35,Double rare,2026-07-08T18:05:10.657Z,EUR,886427,2026-07-08T18:05:07.571Z,USD,,,693511.0,0.76,,,
me04-035,Mega Floette ex,35,Double rare,2026-07-09T18:05:09.065Z,EUR,886427,2026-07-09T18:05:06.660Z,USD,,,693511.0,0.5,,,
me04-035,Mega Floette ex,35,Double rare,2026-07-10T18:05:08.528Z,EUR,886427,2026-07-10T18:05:06.309Z,USD,,,693511.0,0.64,,,
me04-035,Mega Floette ex,35,Double rare,2026-07-11T18:05:07.832Z,EUR,886427,2026-07-11T18:05:05.951Z,USD,,,693511.0,0.64,,,
me04-035,Mega Floette ex,35,Double rare,2026-07-12T18:05:09.094Z,EUR,886427,2026-07-12T18:05:07.281Z,USD,,,693511.0,0.64,,,
me04-035,Mega Floette ex,35,Double rare,2026-07-13T18:05:07.999Z,EUR,886427,2026-07-13T18:05:06.325Z,USD,,,693511.0,0.71,,,
me04-035,Mega Floette ex,35,Double rare,2026-07-14T18:05:08.458Z,EUR,886427,2026-07-14T18:05:05.984Z,USD,,,693511.0,0.71,,,
me04-035,Mega Floette ex,35,Double rare,2026-07-15T18:05:08.182Z,EUR,886427,2026-07-15T18:05:06.072Z,USD,,,693511.0,0.71,,,
me04-035,Mega Floette ex,35,Double rare,2026-07-16T18:05:08.253Z,EUR,886427,2026-07-16T18:05:05.995Z,USD,,,693511.0,0.71,,,
me04-035,Mega Floette ex,35,Double rare,2026-07-17T18:05:09.396Z,EUR,886427,2026-07-17T18:05:07.352Z,USD,,,693511.0,0.71,,,
me04-035,Mega Floette ex,35,Double rare,2026-07-18T08:02:59.387Z,EUR,886427,2026-07-18T08:02:56.980Z,USD,,,693511.0,0.71,,,
me04-035,Mega Floette ex,35,Double rare,2026-07-19T08:03:04.558Z,EUR,886427,2026-07-19T08:03:02.364Z,USD,,,693511.0,0.71,,,
me04-035,Mega Floette ex,35,Double rare,2026-07-20T08:03:04.265Z,EUR,886427,2026-07-20T08:03:02.216Z,USD,,,693511.0,0.73,,,
me04-035,Mega Floette ex,35,Double rare,2026-07-21T08:03:04.115Z,EUR,886427,2026-07-21T08:03:02.310Z,USD,,,693511.0,0.73,,,
me04-035,Mega Floette ex,35,Double rare,2026-07-22T08:03:06.471Z,EUR,886427,2026-07-22T08:03:04.165Z,USD,,,693511.0,0.73,,,
me04-035,Mega Floette ex,35,Double rare,2026-07-23T08:03:03.735Z,EUR,886427,2026-07-23T08:03:01.941Z,USD,,,693511.0,0.73,,,
me04-035,Mega Floette ex,35,Double rare,2026-07-24T08:03:04.359Z,EUR,886427,2026-07-24T08:03:02.308Z,USD,,,693511.0,0.73,,,
me04-035,Mega Floette ex,35,Double rare,2026-07-25T08:03:03.827Z,EUR,886427,2026-07-25T08:03:02.306Z,USD,,,693511.0,0.73,,,
me04-035,Mega Floette ex,35,Double rare,2026-07-26T08:03:04.572Z,EUR,886427,2026-07-26T08:03:42.077Z,USD,,,693511.0,0.46,,,
me04-035,Mega Floette ex,35,Double rare,2026-07-27T08:03:04.458Z,EUR,886427,2026-07-27T08:03:49.056Z,USD,,,693511.0,0.74,,,
me04-036,Espurr,36,Common,2026-07-06T18:05:01.396Z,EUR,886428,2026-07-06T18:05:01.021Z,USD,693483.0,693483.0,,0.05,0.08,0.11,0.22
me04-036,Espurr,36,Common,2026-07-07T18:05:09.041Z,EUR,886428,2026-07-07T18:05:06.951Z,USD,693483.0,693483.0,,0.05,0.08,0.12,0.25
me04-036,Espurr,36,Common,2026-07-08T18:05:10.950Z,EUR,886428,2026-07-08T18:05:07.571Z,USD,693483.0,693483.0,,0.02,0.11,0.11,0.21
me04-036,Espurr,36,Common,2026-07-09T18:05:09.065Z,EUR,886428,2026-07-09T18:05:06.660Z,USD,693483.0,693483.0,,0.02,0.14,0.1,0.22
me04-036,Espurr,36,Common,2026-07-10T18:05:08.528Z,EUR,886428,2026-07-10T18:05:06.309Z,USD,693483.0,693483.0,,0.02,0.13,0.09,0.18
me04-036,Espurr,36,Common,2026-07-11T18:05:07.832Z,EUR,886428,2026-07-11T18:05:05.951Z,USD,693483.0,693483.0,,0.02,0.13,0.09,0.18
me04-036,Espurr,36,Common,2026-07-12T18:05:09.094Z,EUR,886428,2026-07-12T18:05:07.281Z,USD,693483.0,693483.0,,0.02,0.13,0.13,0.16
me04-036,Espurr,36,Common,2026-07-13T18:05:07.999Z,EUR,886428,2026-07-13T18:05:06.325Z,USD,693483.0,693483.0,,0.02,0.08,0.16,0.21
me04-036,Espurr,36,Common,2026-07-14T18:05:08.458Z,EUR,886428,2026-07-14T18:05:05.984Z,USD,693483.0,693483.0,,0.02,0.08,0.18,0.18
me04-036,Espurr,36,Common,2026-07-15T18:05:08.182Z,EUR,886428,2026-07-15T18:05:06.072Z,USD,693483.0,693483.0,,0.02,0.08,0.16,0.22
me04-036,Espurr,36,Common,2026-07-16T18:05:08.727Z,EUR,886428,2026-07-16T18:05:05.995Z,USD,693483.0,693483.0,,0.02,0.08,0.15,0.25
me04-036,Espurr,36,Common,2026-07-17T18:05:10.824Z,EUR,886428,2026-07-17T18:05:07.352Z,USD,693483.0,693483.0,,0.02,0.08,0.13,0.24
me04-036,Espurr,36,Common,2026-07-18T08:02:59.546Z,EUR,886428,2026-07-18T08:02:56.980Z,USD,693483.0,693483.0,,0.02,0.08,0.13,0.21
me04-036,Espurr,36,Common,2026-07-19T08:03:04.320Z,EUR,886428,2026-07-19T08:03:02.364Z,USD,693483.0,693483.0,,0.02,0.08,0.1,0.2
me04-036,Espurr,36,Common,2026-07-20T08:03:04.265Z,EUR,886428,2026-07-20T08:03:02.216Z,USD,693483.0,693483.0,,0.07,0.11,0.11,0.22
me04-036,Espurr,36,Common,2026-07-21T08:03:04.115Z,EUR,886428,2026-07-21T08:03:02.310Z,USD,693483.0,693483.0,,0.07,0.11,0.14,0.23
me04-036,Espurr,36,Common,2026-07-22T08:03:06.471Z,EUR,886428,2026-07-22T08:03:04.165Z,USD,693483.0,693483.0,,0.07,0.11,0.15,0.25
me04-036,Espurr,36,Common,2026-07-23T08:03:03.735Z,EUR,886428,2026-07-23T08:03:01.941Z,USD,693483.0,693483.0,,0.07,0.11,0.16,0.25
me04-036,Espurr,36,Common,2026-07-24T08:03:04.359Z,EUR,886428,2026-07-24T08:03:02.308Z,USD,693483.0,693483.0,,0.07,0.11,0.15,0.24
me04-036,Espurr,36,Common,2026-07-25T08:03:04.261Z,EUR,886428,2026-07-25T08:03:02.306Z,USD,693483.0,693483.0,,0.07,0.11,0.11,0.26
me04-036,Espurr,36,Common,2026-07-26T08:03:04.532Z,EUR,886428,2026-07-26T08:03:42.077Z,USD,693483.0,693483.0,,0.03,0.21,0.08,0.24
me04-036,Espurr,36,Common,2026-07-27T08:03:04.458Z,EUR,886428,2026-07-27T08:03:49.056Z,USD,693483.0,693483.0,,0.02,0.08,0.09,0.21
me04-037,Meowstic,37,Uncommon,2026-07-06T18:05:01.253Z,EUR,886429,2026-07-06T18:05:01.021Z,USD,693521.0,693521.0,,0.02,0.07,0.11,0.23
me04-037,Meowstic,37,Uncommon,2026-07-07T18:05:09.149Z,EUR,886429,2026-07-07T18:05:06.951Z,USD,693521.0,693521.0,,0.02,0.07,0.13,0.21
me04-037,Meowstic,37,Uncommon,2026-07-08T18:05:10.509Z,EUR,886429,2026-07-08T18:05:07.571Z,USD,693521.0,693521.0,,0.02,0.1,0.09,0.21
me04-037,Meowstic,37,Uncommon,2026-07-09T18:05:09.065Z,EUR,886429,2026-07-09T18:05:06.660Z,USD,693521.0,693521.0,,0.02,0.13,0.07,0.21
me04-037,Meowstic,37,Uncommon,2026-07-10T18:05:08.528Z,EUR,886429,2026-07-10T18:05:06.309Z,USD,693521.0,693521.0,,0.02,0.09,0.06,0.22
me04-037,Meowstic,37,Uncommon,2026-07-11T18:05:07.832Z,EUR,886429,2026-07-11T18:05:05.951Z,USD,693521.0,693521.0,,0.02,0.09,0.08,0.24
me04-037,Meowstic,37,Uncommon,2026-07-12T18:05:09.094Z,EUR,886429,2026-07-12T18:05:07.281Z,USD,693521.0,693521.0,,0.02,0.09,0.09,0.24
me04-037,Meowstic,37,Uncommon,2026-07-13T18:05:07.999Z,EUR,886429,2026-07-13T18:05:06.325Z,USD,693521.0,693521.0,,0.02,0.09,0.11,0.24
me04-037,Meowstic,37,Uncommon,2026-07-14T18:05:08.458Z,EUR,886429,2026-07-14T18:05:05.984Z,USD,693521.0,693521.0,,0.02,0.09,0.12,0.24
me04-037,Meowstic,37,Uncommon,2026-07-15T18:05:08.182Z,EUR,886429,2026-07-15T18:05:06.072Z,USD,693521.0,693521.0,,0.02,0.09,0.12,0.23
me04-037,Meowstic,37,Uncommon,2026-07-16T18:05:08.727Z,EUR,886429,2026-07-16T18:05:05.995Z,USD,693521.0,693521.0,,0.02,0.09,0.13,0.25
me04-037,Meowstic,37,Uncommon,2026-07-17T18:05:09.396Z,EUR,886429,2026-07-17T18:05:07.352Z,USD,693521.0,693521.0,,0.02,0.09,0.11,0.25
me04-037,Meowstic,37,Uncommon,2026-07-18T08:02:59.387Z,EUR,886429,2026-07-18T08:02:56.980Z,USD,693521.0,693521.0,,0.02,0.09,0.12,0.25
me04-037,Meowstic,37,Uncommon,2026-07-19T08:03:04.320Z,EUR,886429,2026-07-19T08:03:02.364Z,USD,693521.0,693521.0,,0.02,0.09,0.09,0.27
me04-037,Meowstic,37,Uncommon,2026-07-20T08:03:04.265Z,EUR,886429,2026-07-20T08:03:02.216Z,USD,693521.0,693521.0,,0.03,0.15,0.12,0.26
me04-037,Meowstic,37,Uncommon,2026-07-21T08:03:04.252Z,EUR,886429,2026-07-21T08:03:02.310Z,USD,693521.0,693521.0,,0.03,0.15,0.14,0.25
me04-037,Meowstic,37,Uncommon,2026-07-22T08:03:06.627Z,EUR,886429,2026-07-22T08:03:04.165Z,USD,693521.0,693521.0,,0.03,0.15,0.12,0.24
me04-037,Meowstic,37,Uncommon,2026-07-23T08:03:03.735Z,EUR,886429,2026-07-23T08:03:01.941Z,USD,693521.0,693521.0,,0.03,0.15,0.12,0.23
me04-037,Meowstic,37,Uncommon,2026-07-24T08:03:04.359Z,EUR,886429,2026-07-24T08:03:02.308Z,USD,693521.0,693521.0,,0.03,0.15,0.14,0.23
me04-037,Meowstic,37,Uncommon,2026-07-25T08:03:04.261Z,EUR,886429,2026-07-25T08:03:02.306Z,USD,693521.0,693521.0,,0.03,0.15,0.11,0.3
me04-037,Meowstic,37,Uncommon,2026-07-26T08:03:04.532Z,EUR,886429,2026-07-26T08:03:42.077Z,USD,693521.0,693521.0,,0.07,0.18,0.09,0.32
me04-037,Meowstic,37,Uncommon,2026-07-27T08:03:04.458Z,EUR,886429,2026-07-27T08:03:49.056Z,USD,693521.0,693521.0,,0.02,0.09,0.09,0.32
me04-038,Phantump,38,Common,2026-07-06T18:05:01.500Z,EUR,886430,2026-07-06T18:05:01.021Z,USD,693531.0,693531.0,,0.02,0.08,0.13,0.26
me04-038,Phantump,38,Common,2026-07-07T18:05:09.041Z,EUR,886430,2026-07-07T18:05:06.951Z,USD,693531.0,693531.0,,0.02,0.08,0.15,0.25
me04-038,Phantump,38,Common,2026-07-08T18:05:10.657Z,EUR,886430,2026-07-08T18:05:07.571Z,USD,693531.0,693531.0,,0.02,0.07,0.14,0.22
me04-038,Phantump,38,Common,2026-07-09T18:05:09.298Z,EUR,886430,2026-07-09T18:05:06.660Z,USD,693531.0,693531.0,,0.02,0.11,0.13,0.2
me04-038,Phantump,38,Common,2026-07-10T18:05:08.528Z,EUR,886430,2026-07-10T18:05:06.309Z,USD,693531.0,693531.0,,0.02,0.17,0.1,0.21
me04-038,Phantump,38,Common,2026-07-11T18:05:08.252Z,EUR,886430,2026-07-11T18:05:05.951Z,USD,693531.0,693531.0,,0.02,0.17,0.12,0.22
me04-038,Phantump,38,Common,2026-07-12T18:05:09.094Z,EUR,886430,2026-07-12T18:05:07.281Z,USD,693531.0,693531.0,,0.02,0.17,0.11,0.2
me04-038,Phantump,38,Common,2026-07-13T18:05:07.999Z,EUR,886430,2026-07-13T18:05:06.325Z,USD,693531.0,693531.0,,0.03,0.07,0.1,0.19
me04-038,Phantump,38,Common,2026-07-14T18:05:08.458Z,EUR,886430,2026-07-14T18:05:05.984Z,USD,693531.0,693531.0,,0.03,0.07,0.12,0.21
me04-038,Phantump,38,Common,2026-07-15T18:05:08.182Z,EUR,886430,2026-07-15T18:05:06.072Z,USD,693531.0,693531.0,,0.03,0.07,0.12,0.18
me04-038,Phantump,38,Common,2026-07-16T18:05:08.253Z,EUR,886430,2026-07-16T18:05:05.995Z,USD,693531.0,693531.0,,0.03,0.07,0.16,0.25
me04-038,Phantump,38,Common,2026-07-17T18:05:10.824Z,EUR,886430,2026-07-17T18:05:07.352Z,USD,693531.0,693531.0,,0.03,0.07,0.18,0.3
me04-038,Phantump,38,Common,2026-07-18T08:02:59.546Z,EUR,886430,2026-07-18T08:02:56.980Z,USD,693531.0,693531.0,,0.03,0.07,0.17,0.28
me04-038,Phantump,38,Common,2026-07-19T08:03:04.658Z,EUR,886430,2026-07-19T08:03:02.364Z,USD,693531.0,693531.0,,0.03,0.07,0.18,0.27
me04-038,Phantump,38,Common,2026-07-20T08:03:04.265Z,EUR,886430,2026-07-20T08:03:02.216Z,USD,693531.0,693531.0,,0.02,0.1,0.1,0.24
me04-038,Phantump,38,Common,2026-07-21T08:03:04.115Z,EUR,886430,2026-07-21T08:03:02.310Z,USD,693531.0,693531.0,,0.02,0.1,0.13,0.23
me04-038,Phantump,38,Common,2026-07-22T08:03:06.471Z,EUR,886430,2026-07-22T08:03:04.165Z,USD,693531.0,693531.0,,0.02,0.1,0.13,0.21
me04-038,Phantump,38,Common,2026-07-23T08:03:03.735Z,EUR,886430,2026-07-23T08:03:01.941Z,USD,693531.0,693531.0,,0.02,0.1,0.12,0.2
me04-038,Phantump,38,Common,2026-07-24T08:03:04.359Z,EUR,886430,2026-07-24T08:03:02.308Z,USD,693531.0,693531.0,,0.02,0.1,0.14,0.21
me04-038,Phantump,38,Common,2026-07-25T08:03:03.827Z,EUR,886430,2026-07-25T08:03:02.306Z,USD,693531.0,693531.0,,0.02,0.1,0.15,0.24
me04-038,Phantump,38,Common,2026-07-26T08:03:04.532Z,EUR,886430,2026-07-26T08:03:42.077Z,USD,693531.0,693531.0,,0.03,0.14,0.12,0.26
me04-038,Phantump,38,Common,2026-07-27T08:03:04.458Z,EUR,886430,2026-07-27T08:03:49.056Z,USD,693531.0,693531.0,,0.03,0.13,0.09,0.28
me04-039,Trevenant,39,Rare,2026-07-06T18:05:01.132Z,EUR,886431,2026-07-06T18:05:01.021Z,USD,693556.0,,693556.0,0.05,0.13,,0.26
me04-039,Trevenant,39,Rare,2026-07-07T18:05:09.149Z,EUR,886431,2026-07-07T18:05:06.951Z,USD,693556.0,,693556.0,0.05,0.13,,0.21
me04-039,Trevenant,39,Rare,2026-07-08T18:05:11.087Z,EUR,886431,2026-07-08T18:05:07.571Z,USD,693556.0,,693556.0,0.05,0.08,,0.19
me04-039,Trevenant,39,Rare,2026-07-09T18:05:09.065Z,EUR,886431,2026-07-09T18:05:06.660Z,USD,693556.0,,693556.0,0.08,0.11,,0.19
me04-039,Trevenant,39,Rare,2026-07-10T18:05:08.528Z,EUR,886431,2026-07-10T18:05:06.309Z,USD,693556.0,,693556.0,0.05,0.15,,0.22
me04-039,Trevenant,39,Rare,2026-07-11T18:05:07.832Z,EUR,886431,2026-07-11T18:05:05.951Z,USD,693556.0,,693556.0,0.05,0.15,,0.24
me04-039,Trevenant,39,Rare,2026-07-12T18:05:09.094Z,EUR,886431,2026-07-12T18:05:07.281Z,USD,693556.0,,693556.0,0.05,0.15,,0.24
me04-039,Trevenant,39,Rare,2026-07-13T18:05:07.999Z,EUR,886431,2026-07-13T18:05:06.325Z,USD,693556.0,,693556.0,0.07,0.05,,0.25
me04-039,Trevenant,39,Rare,2026-07-14T18:05:08.458Z,EUR,886431,2026-07-14T18:05:05.984Z,USD,693556.0,,693556.0,0.07,0.05,,0.25
me04-039,Trevenant,39,Rare,2026-07-15T18:05:08.182Z,EUR,886431,2026-07-15T18:05:06.072Z,USD,693556.0,,693556.0,0.07,0.05,,0.22
me04-039,Trevenant,39,Rare,2026-07-16T18:05:08.253Z,EUR,886431,2026-07-16T18:05:05.995Z,USD,693556.0,,693556.0,0.07,0.05,,0.23
me04-039,Trevenant,39,Rare,2026-07-17T18:05:09.396Z,EUR,886431,2026-07-17T18:05:07.352Z,USD,693556.0,,693556.0,0.07,0.05,,0.28
me04-039,Trevenant,39,Rare,2026-07-18T08:02:59.546Z,EUR,886431,2026-07-18T08:02:56.980Z,USD,693556.0,,693556.0,0.07,0.05,,0.25
me04-039,Trevenant,39,Rare,2026-07-19T08:03:04.658Z,EUR,886431,2026-07-19T08:03:02.364Z,USD,693556.0,,693556.0,0.07,0.05,,0.24
me04-039,Trevenant,39,Rare,2026-07-20T08:03:04.265Z,EUR,886431,2026-07-20T08:03:02.216Z,USD,693556.0,,693556.0,0.03,0.1,,0.23
me04-039,Trevenant,39,Rare,2026-07-21T08:03:04.252Z,EUR,886431,2026-07-21T08:03:02.310Z,USD,693556.0,,693556.0,0.03,0.1,,0.22
me04-039,Trevenant,39,Rare,2026-07-22T08:03:06.627Z,EUR,886431,2026-07-22T08:03:04.165Z,USD,693556.0,,693556.0,0.03,0.1,,0.23
me04-039,Trevenant,39,Rare,2026-07-23T08:03:03.735Z,EUR,886431,2026-07-23T08:03:01.941Z,USD,693556.0,,693556.0,0.03,0.1,,0.21
me04-039,Trevenant,39,Rare,2026-07-24T08:03:04.300Z,EUR,886431,2026-07-24T08:03:02.308Z,USD,693556.0,,693556.0,0.03,0.1,,0.21
me04-039,Trevenant,39,Rare,2026-07-25T08:03:04.261Z,EUR,886431,2026-07-25T08:03:02.306Z,USD,693556.0,,693556.0,0.03,0.1,,0.25
me04-039,Trevenant,39,Rare,2026-07-26T08:03:04.532Z,EUR,886431,2026-07-26T08:03:42.077Z,USD,693556.0,,693556.0,0.06,0.08,,0.24
me04-039,Trevenant,39,Rare,2026-07-27T08:03:04.458Z,EUR,886431,2026-07-27T08:03:49.056Z,USD,693556.0,,693556.0,0.11,0.08,,0.22
me04-040,Pumpkaboo,40,Common,2026-07-06T18:05:01.253Z,EUR,886432,2026-07-06T18:05:01.021Z,USD,693536.0,693536.0,,0.02,0.08,0.18,0.21
me04-040,Pumpkaboo,40,Common,2026-07-07T18:05:10.032Z,EUR,886432,2026-07-07T18:05:06.951Z,USD,693536.0,693536.0,,0.02,0.08,0.17,0.2
me04-040,Pumpkaboo,40,Common,2026-07-08T18:05:10.509Z,EUR,886432,2026-07-08T18:05:07.571Z,USD,693536.0,693536.0,,0.05,0.14,0.13,0.18
me04-040,Pumpkaboo,40,Common,2026-07-09T18:05:09.298Z,EUR,886432,2026-07-09T18:05:06.660Z,USD,693536.0,693536.0,,0.02,0.1,0.13,0.21
me04-040,Pumpkaboo,40,Common,2026-07-10T18:05:08.528Z,EUR,886432,2026-07-10T18:05:06.309Z,USD,693536.0,693536.0,,0.07,0.16,0.11,0.21
me04-040,Pumpkaboo,40,Common,2026-07-11T18:05:07.832Z,EUR,886432,2026-07-11T18:05:05.951Z,USD,693536.0,693536.0,,0.07,0.16,0.1,0.21
me04-040,Pumpkaboo,40,Common,2026-07-12T18:05:09.094Z,EUR,886432,2026-07-12T18:05:07.281Z,USD,693536.0,693536.0,,0.07,0.16,0.09,0.22
me04-040,Pumpkaboo,40,Common,2026-07-13T18:05:07.999Z,EUR,886432,2026-07-13T18:05:06.325Z,USD,693536.0,693536.0,,0.02,0.07,0.11,0.21
me04-040,Pumpkaboo,40,Common,2026-07-14T18:05:08.458Z,EUR,886432,2026-07-14T18:05:05.984Z,USD,693536.0,693536.0,,0.02,0.07,0.12,0.19
me04-040,Pumpkaboo,40,Common,2026-07-15T18:05:08.182Z,EUR,886432,2026-07-15T18:05:06.072Z,USD,693536.0,693536.0,,0.02,0.07,0.11,0.18
me04-040,Pumpkaboo,40,Common,2026-07-16T18:05:08.727Z,EUR,886432,2026-07-16T18:05:05.995Z,USD,693536.0,693536.0,,0.02,0.07,0.14,0.24
me04-040,Pumpkaboo,40,Common,2026-07-17T18:05:09.396Z,EUR,886432,2026-07-17T18:05:07.352Z,USD,693536.0,693536.0,,0.02,0.07,0.13,0.3
me04-040,Pumpkaboo,40,Common,2026-07-18T08:02:59.546Z,EUR,886432,2026-07-18T08:02:56.980Z,USD,693536.0,693536.0,,0.02,0.07,0.13,0.3
me04-040,Pumpkaboo,40,Common,2026-07-19T08:03:04.320Z,EUR,886432,2026-07-19T08:03:02.364Z,USD,693536.0,693536.0,,0.02,0.07,0.13,0.31
me04-040,Pumpkaboo,40,Common,2026-07-20T08:03:04.265Z,EUR,886432,2026-07-20T08:03:02.216Z,USD,693536.0,693536.0,,0.03,0.11,0.12,0.27
me04-040,Pumpkaboo,40,Common,2026-07-21T08:03:04.252Z,EUR,886432,2026-07-21T08:03:02.310Z,USD,693536.0,693536.0,,0.03,0.11,0.13,0.24
me04-040,Pumpkaboo,40,Common,2026-07-22T08:03:06.627Z,EUR,886432,2026-07-22T08:03:04.165Z,USD,693536.0,693536.0,,0.03,0.11,0.13,0.23
me04-040,Pumpkaboo,40,Common,2026-07-23T08:03:03.735Z,EUR,886432,2026-07-23T08:03:01.941Z,USD,693536.0,693536.0,,0.03,0.11,0.14,0.2
me04-040,Pumpkaboo,40,Common,2026-07-24T08:03:04.359Z,EUR,886432,2026-07-24T08:03:02.308Z,USD,693536.0,693536.0,,0.03,0.11,0.13,0.17
me04-040,Pumpkaboo,40,Common,2026-07-25T08:03:04.624Z,EUR,886432,2026-07-25T08:03:02.306Z,USD,693536.0,693536.0,,0.03,0.11,0.13,0.19
me04-040,Pumpkaboo,40,Common,2026-07-26T08:03:04.532Z,EUR,886432,2026-07-26T08:03:42.077Z,USD,693536.0,693536.0,,0.03,0.15,0.11,0.22
me04-040,Pumpkaboo,40,Common,2026-07-27T08:03:04.705Z,EUR,886432,2026-07-27T08:03:49.056Z,USD,693536.0,693536.0,,0.03,0.13,0.1,0.23
me04-041,Gourgeist ex,41,Double rare,2026-07-06T18:05:01.396Z,EUR,886433,2026-07-06T18:05:01.021Z,USD,,,693497.0,0.28,,,
me04-041,Gourgeist ex,41,Double rare,2026-07-07T18:05:10.032Z,EUR,886433,2026-07-07T18:05:06.951Z,USD,,,693497.0,0.28,,,
me04-041,Gourgeist ex,41,Double rare,2026-07-08T18:05:10.657Z,EUR,886433,2026-07-08T18:05:07.571Z,USD,,,693497.0,0.4,,,
me04-041,Gourgeist ex,41,Double rare,2026-07-09T18:05:09.065Z,EUR,886433,2026-07-09T18:05:06.660Z,USD,,,693497.0,0.36,,,
me04-041,Gourgeist ex,41,Double rare,2026-07-10T18:05:08.528Z,EUR,886433,2026-07-10T18:05:06.309Z,USD,,,693497.0,0.32,,,
me04-041,Gourgeist ex,41,Double rare,2026-07-11T18:05:08.252Z,EUR,886433,2026-07-11T18:05:05.951Z,USD,,,693497.0,0.32,,,
me04-041,Gourgeist ex,41,Double rare,2026-07-12T18:05:09.094Z,EUR,886433,2026-07-12T18:05:07.281Z,USD,,,693497.0,0.32,,,
me04-041,Gourgeist ex,41,Double rare,2026-07-13T18:05:07.999Z,EUR,886433,2026-07-13T18:05:06.325Z,USD,,,693497.0,0.39,,,
me04-041,Gourgeist ex,41,Double rare,2026-07-14T18:05:08.458Z,EUR,886433,2026-07-14T18:05:05.984Z,USD,,,693497.0,0.39,,,
me04-041,Gourgeist ex,41,Double rare,2026-07-15T18:05:08.182Z,EUR,886433,2026-07-15T18:05:06.072Z,USD,,,693497.0,0.39,,,
me04-041,Gourgeist ex,41,Double rare,2026-07-16T18:05:08.727Z,EUR,886433,2026-07-16T18:05:05.995Z,USD,,,693497.0,0.39,,,
me04-041,Gourgeist ex,41,Double rare,2026-07-17T18:05:09.396Z,EUR,886433,2026-07-17T18:05:07.352Z,USD,,,693497.0,0.39,,,
me04-041,Gourgeist ex,41,Double rare,2026-07-18T08:02:59.776Z,EUR,886433,2026-07-18T08:02:56.980Z,USD,,,693497.0,0.39,,,
me04-041,Gourgeist ex,41,Double rare,2026-07-19T08:03:04.320Z,EUR,886433,2026-07-19T08:03:02.364Z,USD,,,693497.0,0.39,,,
me04-041,Gourgeist ex,41,Double rare,2026-07-20T08:03:04.265Z,EUR,886433,2026-07-20T08:03:02.216Z,USD,,,693497.0,0.32,,,
me04-041,Gourgeist ex,41,Double rare,2026-07-21T08:03:04.252Z,EUR,886433,2026-07-21T08:03:02.310Z,USD,,,693497.0,0.32,,,
me04-041,Gourgeist ex,41,Double rare,2026-07-22T08:03:06.627Z,EUR,886433,2026-07-22T08:03:04.165Z,USD,,,693497.0,0.32,,,
me04-041,Gourgeist ex,41,Double rare,2026-07-23T08:03:03.735Z,EUR,886433,2026-07-23T08:03:01.941Z,USD,,,693497.0,0.32,,,
me04-041,Gourgeist ex,41,Double rare,2026-07-24T08:03:04.300Z,EUR,886433,2026-07-24T08:03:02.308Z,USD,,,693497.0,0.32,,,
me04-041,Gourgeist ex,41,Double rare,2026-07-25T08:03:04.261Z,EUR,886433,2026-07-25T08:03:02.306Z,USD,,,693497.0,0.32,,,
me04-041,Gourgeist ex,41,Double rare,2026-07-26T08:03:04.532Z,EUR,886433,2026-07-26T08:03:42.077Z,USD,,,693497.0,0.42,,,
me04-041,Gourgeist ex,41,Double rare,2026-07-27T08:03:04.705Z,EUR,886433,2026-07-27T08:03:49.056Z,USD,,,693497.0,0.47,,,
me04-042,Xerneas,42,Rare,2026-07-06T18:05:01.132Z,EUR,886434,2026-07-06T18:05:01.021Z,USD,693563.0,,693563.0,0.06,0.13,,0.22
me04-042,Xerneas,42,Rare,2026-07-07T18:05:09.041Z,EUR,886434,2026-07-07T18:05:06.951Z,USD,693563.0,,693563.0,0.06,0.13,,0.25
me04-042,Xerneas,42,Rare,2026-07-08T18:05:10.657Z,EUR,886434,2026-07-08T18:05:07.571Z,USD,693563.0,,693563.0,0.05,0.07,,0.22
me04-042,Xerneas,42,Rare,2026-07-09T18:05:09.065Z,EUR,886434,2026-07-09T18:05:06.660Z,USD,693563.0,,693563.0,0.05,0.14,,0.25
me04-042,Xerneas,42,Rare,2026-07-10T18:05:08.528Z,EUR,886434,2026-07-10T18:05:06.309Z,USD,693563.0,,693563.0,0.03,0.1,,0.24
me04-042,Xerneas,42,Rare,2026-07-11T18:05:07.832Z,EUR,886434,2026-07-11T18:05:05.951Z,USD,693563.0,,693563.0,0.03,0.1,,0.24
me04-042,Xerneas,42,Rare,2026-07-12T18:05:09.094Z,EUR,886434,2026-07-12T18:05:07.281Z,USD,693563.0,,693563.0,0.03,0.1,,0.24
me04-042,Xerneas,42,Rare,2026-07-13T18:05:07.999Z,EUR,886434,2026-07-13T18:05:06.325Z,USD,693563.0,,693563.0,0.03,0.09,,0.26
me04-042,Xerneas,42,Rare,2026-07-14T18:05:08.458Z,EUR,886434,2026-07-14T18:05:05.984Z,USD,693563.0,,693563.0,0.03,0.09,,0.25
me04-042,Xerneas,42,Rare,2026-07-15T18:05:08.182Z,EUR,886434,2026-07-15T18:05:06.072Z,USD,693563.0,,693563.0,0.03,0.09,,0.25
me04-042,Xerneas,42,Rare,2026-07-16T18:05:08.727Z,EUR,886434,2026-07-16T18:05:05.995Z,USD,693563.0,,693563.0,0.03,0.09,,0.24
me04-042,Xerneas,42,Rare,2026-07-17T18:05:09.396Z,EUR,886434,2026-07-17T18:05:07.352Z,USD,693563.0,,693563.0,0.03,0.09,,0.26
me04-042,Xerneas,42,Rare,2026-07-18T08:02:59.387Z,EUR,886434,2026-07-18T08:02:56.980Z,USD,693563.0,,693563.0,0.03,0.09,,0.26
me04-042,Xerneas,42,Rare,2026-07-19T08:03:04.658Z,EUR,886434,2026-07-19T08:03:02.364Z,USD,693563.0,,693563.0,0.03,0.09,,0.26
me04-042,Xerneas,42,Rare,2026-07-20T08:03:04.265Z,EUR,886434,2026-07-20T08:03:02.216Z,USD,693563.0,,693563.0,0.03,0.15,,0.27
me04-042,Xerneas,42,Rare,2026-07-21T08:03:04.252Z,EUR,886434,2026-07-21T08:03:02.310Z,USD,693563.0,,693563.0,0.03,0.15,,0.27
me04-042,Xerneas,42,Rare,2026-07-22T08:03:06.627Z,EUR,886434,2026-07-22T08:03:04.165Z,USD,693563.0,,693563.0,0.03,0.15,,0.26
me04-042,Xerneas,42,Rare,2026-07-23T08:03:03.735Z,EUR,886434,2026-07-23T08:03:01.941Z,USD,693563.0,,693563.0,0.03,0.15,,0.26
me04-042,Xerneas,42,Rare,2026-07-24T08:03:04.359Z,EUR,886434,2026-07-24T08:03:02.308Z,USD,693563.0,,693563.0,0.03,0.15,,0.21
me04-042,Xerneas,42,Rare,2026-07-25T08:03:04.302Z,EUR,886434,2026-07-25T08:03:02.306Z,USD,693563.0,,693563.0,0.03,0.15,,0.22
me04-042,Xerneas,42,Rare,2026-07-26T08:03:04.532Z,EUR,886434,2026-07-26T08:03:42.077Z,USD,693563.0,,693563.0,0.06,0.14,,0.23
me04-042,Xerneas,42,Rare,2026-07-27T08:03:04.458Z,EUR,886434,2026-07-27T08:03:49.056Z,USD,693563.0,,693563.0,0.03,0.07,,0.26
me04-043,Sudowoodo,43,Uncommon,2026-07-06T18:05:01.132Z,EUR,886435,2026-07-06T18:05:01.021Z,USD,693550.0,693550.0,,0.03,0.09,0.07,0.22
me04-043,Sudowoodo,43,Uncommon,2026-07-07T18:05:09.041Z,EUR,886435,2026-07-07T18:05:06.951Z,USD,693550.0,693550.0,,0.03,0.09,0.08,0.2
me04-043,Sudowoodo,43,Uncommon,2026-07-08T18:05:10.950Z,EUR,886435,2026-07-08T18:05:07.571Z,USD,693550.0,693550.0,,0.03,0.14,0.08,0.18
me04-043,Sudowoodo,43,Uncommon,2026-07-09T18:05:09.065Z,EUR,886435,2026-07-09T18:05:06.660Z,USD,693550.0,693550.0,,0.03,0.1,0.05,0.19
me04-043,Sudowoodo,43,Uncommon,2026-07-10T18:05:08.528Z,EUR,886435,2026-07-10T18:05:06.309Z,USD,693550.0,693550.0,,0.02,0.08,0.04,0.2
me04-043,Sudowoodo,43,Uncommon,2026-07-11T18:05:07.832Z,EUR,886435,2026-07-11T18:05:05.951Z,USD,693550.0,693550.0,,0.02,0.08,0.05,0.24
me04-043,Sudowoodo,43,Uncommon,2026-07-12T18:05:09.094Z,EUR,886435,2026-07-12T18:05:07.281Z,USD,693550.0,693550.0,,0.02,0.08,0.07,0.25
me04-043,Sudowoodo,43,Uncommon,2026-07-13T18:05:07.999Z,EUR,886435,2026-07-13T18:05:06.325Z,USD,693550.0,693550.0,,0.02,0.06,0.07,0.28
me04-043,Sudowoodo,43,Uncommon,2026-07-14T18:05:08.458Z,EUR,886435,2026-07-14T18:05:05.984Z,USD,693550.0,693550.0,,0.02,0.06,0.07,0.21
me04-043,Sudowoodo,43,Uncommon,2026-07-15T18:05:08.182Z,EUR,886435,2026-07-15T18:05:06.072Z,USD,693550.0,693550.0,,0.02,0.06,0.07,0.21
me04-043,Sudowoodo,43,Uncommon,2026-07-16T18:05:08.727Z,EUR,886435,2026-07-16T18:05:05.995Z,USD,693550.0,693550.0,,0.02,0.06,0.09,0.22
me04-043,Sudowoodo,43,Uncommon,2026-07-17T18:05:10.824Z,EUR,886435,2026-07-17T18:05:07.352Z,USD,693550.0,693550.0,,0.02,0.06,0.09,0.21
me04-043,Sudowoodo,43,Uncommon,2026-07-18T08:02:59.776Z,EUR,886435,2026-07-18T08:02:56.980Z,USD,693550.0,693550.0,,0.02,0.06,0.09,0.21
me04-043,Sudowoodo,43,Uncommon,2026-07-19T08:03:04.320Z,EUR,886435,2026-07-19T08:03:02.364Z,USD,693550.0,693550.0,,0.02,0.06,0.11,0.21
me04-043,Sudowoodo,43,Uncommon,2026-07-20T08:03:04.265Z,EUR,886435,2026-07-20T08:03:02.216Z,USD,693550.0,693550.0,,0.02,0.08,0.09,0.19
me04-043,Sudowoodo,43,Uncommon,2026-07-21T08:03:04.252Z,EUR,886435,2026-07-21T08:03:02.310Z,USD,693550.0,693550.0,,0.02,0.08,0.11,0.2
me04-043,Sudowoodo,43,Uncommon,2026-07-22T08:03:06.399Z,EUR,886435,2026-07-22T08:03:04.165Z,USD,693550.0,693550.0,,0.02,0.08,0.09,0.21
me04-043,Sudowoodo,43,Uncommon,2026-07-23T08:03:03.735Z,EUR,886435,2026-07-23T08:03:01.941Z,USD,693550.0,693550.0,,0.02,0.08,0.09,0.17
me04-043,Sudowoodo,43,Uncommon,2026-07-24T08:03:04.359Z,EUR,886435,2026-07-24T08:03:02.308Z,USD,693550.0,693550.0,,0.02,0.08,0.09,0.21
me04-043,Sudowoodo,43,Uncommon,2026-07-25T08:03:03.827Z,EUR,886435,2026-07-25T08:03:02.306Z,USD,693550.0,693550.0,,0.02,0.08,0.08,0.21
me04-043,Sudowoodo,43,Uncommon,2026-07-26T08:03:04.532Z,EUR,886435,2026-07-26T08:03:42.077Z,USD,693550.0,693550.0,,0.03,0.1,0.07,0.23
me04-043,Sudowoodo,43,Uncommon,2026-07-27T08:03:04.458Z,EUR,886435,2026-07-27T08:03:49.056Z,USD,693550.0,693550.0,,0.02,0.09,0.06,0.24
me04-044,Phanpy,44,Common,2026-07-06T18:05:01.253Z,EUR,886436,2026-07-06T18:05:01.021Z,USD,693530.0,693530.0,,0.07,0.08,0.11,0.2
me04-044,Phanpy,44,Common,2026-07-07T18:05:09.149Z,EUR,886436,2026-07-07T18:05:06.951Z,USD,693530.0,693530.0,,0.07,0.08,0.11,0.22
me04-044,Phanpy,44,Common,2026-07-08T18:05:10.950Z,EUR,886436,2026-07-08T18:05:07.571Z,USD,693530.0,693530.0,,0.05,0.21,0.1,0.19
me04-044,Phanpy,44,Common,2026-07-09T18:05:09.065Z,EUR,886436,2026-07-09T18:05:06.660Z,USD,693530.0,693530.0,,0.03,0.14,0.1,0.2
me04-044,Phanpy,44,Common,2026-07-10T18:05:08.528Z,EUR,886436,2026-07-10T18:05:06.309Z,USD,693530.0,693530.0,,0.02,0.11,0.09,0.21
me04-044,Phanpy,44,Common,2026-07-11T18:05:07.832Z,EUR,886436,2026-07-11T18:05:05.951Z,USD,693530.0,693530.0,,0.02,0.11,0.11,0.23
me04-044,Phanpy,44,Common,2026-07-12T18:05:09.094Z,EUR,886436,2026-07-12T18:05:07.281Z,USD,693530.0,693530.0,,0.02,0.11,0.12,0.2
me04-044,Phanpy,44,Common,2026-07-13T18:05:07.999Z,EUR,886436,2026-07-13T18:05:06.325Z,USD,693530.0,693530.0,,0.02,0.09,0.11,0.19
me04-044,Phanpy,44,Common,2026-07-14T18:05:08.458Z,EUR,886436,2026-07-14T18:05:05.984Z,USD,693530.0,693530.0,,0.02,0.09,0.11,0.18
me04-044,Phanpy,44,Common,2026-07-15T18:05:08.182Z,EUR,886436,2026-07-15T18:05:06.072Z,USD,693530.0,693530.0,,0.02,0.09,0.12,0.21
me04-044,Phanpy,44,Common,2026-07-16T18:05:08.727Z,EUR,886436,2026-07-16T18:05:05.995Z,USD,693530.0,693530.0,,0.02,0.09,0.13,0.22
me04-044,Phanpy,44,Common,2026-07-17T18:05:09.396Z,EUR,886436,2026-07-17T18:05:07.352Z,USD,693530.0,693530.0,,0.02,0.09,0.13,0.25
me04-044,Phanpy,44,Common,2026-07-18T08:02:59.776Z,EUR,886436,2026-07-18T08:02:56.980Z,USD,693530.0,693530.0,,0.02,0.09,0.14,0.24
me04-044,Phanpy,44,Common,2026-07-19T08:03:04.658Z,EUR,886436,2026-07-19T08:03:02.364Z,USD,693530.0,693530.0,,0.02,0.09,0.14,0.26
me04-044,Phanpy,44,Common,2026-07-20T08:03:04.265Z,EUR,886436,2026-07-20T08:03:02.216Z,USD,693530.0,693530.0,,0.03,0.13,0.14,0.23
me04-044,Phanpy,44,Common,2026-07-21T08:03:04.252Z,EUR,886436,2026-07-21T08:03:02.310Z,USD,693530.0,693530.0,,0.03,0.13,0.14,0.21
me04-044,Phanpy,44,Common,2026-07-22T08:03:06.558Z,EUR,886436,2026-07-22T08:03:04.165Z,USD,693530.0,693530.0,,0.03,0.13,0.14,0.22
me04-044,Phanpy,44,Common,2026-07-23T08:03:03.735Z,EUR,886436,2026-07-23T08:03:01.941Z,USD,693530.0,693530.0,,0.03,0.13,0.12,0.21
me04-044,Phanpy,44,Common,2026-07-24T08:03:04.300Z,EUR,886436,2026-07-24T08:03:02.308Z,USD,693530.0,693530.0,,0.03,0.13,0.11,0.2
me04-044,Phanpy,44,Common,2026-07-25T08:03:03.827Z,EUR,886436,2026-07-25T08:03:02.306Z,USD,693530.0,693530.0,,0.03,0.13,0.14,0.25
me04-044,Phanpy,44,Common,2026-07-26T08:03:04.532Z,EUR,886436,2026-07-26T08:03:42.077Z,USD,693530.0,693530.0,,0.03,0.08,0.12,0.26
me04-044,Phanpy,44,Common,2026-07-27T08:03:04.458Z,EUR,886436,2026-07-27T08:03:49.056Z,USD,693530.0,693530.0,,0.02,0.07,0.1,0.25
me04-045,Donphan,45,Common,2026-07-06T18:05:01.500Z,EUR,886437,2026-07-06T18:05:01.021Z,USD,693478.0,693478.0,,0.08,0.14,0.1,0.21
me04-045,Donphan,45,Common,2026-07-07T18:05:10.032Z,EUR,886437,2026-07-07T18:05:06.951Z,USD,693478.0,693478.0,,0.08,0.14,0.09,0.24
me04-045,Donphan,45,Common,2026-07-08T18:05:10.950Z,EUR,886437,2026-07-08T18:05:07.571Z,USD,693478.0,693478.0,,0.08,0.09,0.09,0.25
me04-045,Donphan,45,Common,2026-07-09T18:05:09.065Z,EUR,886437,2026-07-09T18:05:06.660Z,USD,693478.0,693478.0,,0.02,0.11,0.07,0.25
me04-045,Donphan,45,Common,2026-07-10T18:05:08.528Z,EUR,886437,2026-07-10T18:05:06.309Z,USD,693478.0,693478.0,,0.02,0.07,0.06,0.23
me04-045,Donphan,45,Common,2026-07-11T18:05:07.832Z,EUR,886437,2026-07-11T18:05:05.951Z,USD,693478.0,693478.0,,0.02,0.07,0.07,0.23
me04-045,Donphan,45,Common,2026-07-12T18:05:09.094Z,EUR,886437,2026-07-12T18:05:07.281Z,USD,693478.0,693478.0,,0.02,0.07,0.07,0.2
me04-045,Donphan,45,Common,2026-07-13T18:05:07.999Z,EUR,886437,2026-07-13T18:05:06.325Z,USD,693478.0,693478.0,,0.02,0.06,0.07,0.17
me04-045,Donphan,45,Common,2026-07-14T18:05:08.458Z,EUR,886437,2026-07-14T18:05:05.984Z,USD,693478.0,693478.0,,0.02,0.06,0.1,0.18
me04-045,Donphan,45,Common,2026-07-15T18:05:08.182Z,EUR,886437,2026-07-15T18:05:06.072Z,USD,693478.0,693478.0,,0.02,0.06,0.1,0.19
me04-045,Donphan,45,Common,2026-07-16T18:05:08.727Z,EUR,886437,2026-07-16T18:05:05.995Z,USD,693478.0,693478.0,,0.02,0.06,0.12,0.21
me04-045,Donphan,45,Common,2026-07-17T18:05:09.396Z,EUR,886437,2026-07-17T18:05:07.352Z,USD,693478.0,693478.0,,0.02,0.06,0.12,0.23
me04-045,Donphan,45,Common,2026-07-18T08:02:59.776Z,EUR,886437,2026-07-18T08:02:56.980Z,USD,693478.0,693478.0,,0.02,0.06,0.14,0.24
me04-045,Donphan,45,Common,2026-07-19T08:03:04.658Z,EUR,886437,2026-07-19T08:03:02.364Z,USD,693478.0,693478.0,,0.02,0.06,0.14,0.23
me04-045,Donphan,45,Common,2026-07-20T08:03:04.265Z,EUR,886437,2026-07-20T08:03:02.216Z,USD,693478.0,693478.0,,0.03,0.15,0.13,0.21
me04-045,Donphan,45,Common,2026-07-21T08:03:04.252Z,EUR,886437,2026-07-21T08:03:02.310Z,USD,693478.0,693478.0,,0.03,0.15,0.13,0.18
me04-045,Donphan,45,Common,2026-07-22T08:03:06.627Z,EUR,886437,2026-07-22T08:03:04.165Z,USD,693478.0,693478.0,,0.03,0.15,0.11,0.18
me04-045,Donphan,45,Common,2026-07-23T08:03:03.735Z,EUR,886437,2026-07-23T08:03:01.941Z,USD,693478.0,693478.0,,0.03,0.15,0.1,0.21
me04-045,Donphan,45,Common,2026-07-24T08:03:04.300Z,EUR,886437,2026-07-24T08:03:02.308Z,USD,693478.0,693478.0,,0.03,0.15,0.11,0.21
me04-045,Donphan,45,Common,2026-07-25T08:03:04.624Z,EUR,886437,2026-07-25T08:03:02.306Z,USD,693478.0,693478.0,,0.03,0.15,0.09,0.23
me04-045,Donphan,45,Common,2026-07-26T08:03:04.532Z,EUR,886437,2026-07-26T08:03:42.077Z,USD,693478.0,693478.0,,0.02,0.09,0.07,0.23
me04-045,Donphan,45,Common,2026-07-27T08:03:04.458Z,EUR,886437,2026-07-27T08:03:49.056Z,USD,693478.0,693478.0,,0.02,0.08,0.08,0.2
me04-046,Baltoy,46,Common,2026-07-06T18:05:01.132Z,EUR,886438,2026-07-06T18:05:01.021Z,USD,693452.0,693452.0,,0.02,0.13,0.11,0.18
me04-046,Baltoy,46,Common,2026-07-07T18:05:10.032Z,EUR,886438,2026-07-07T18:05:06.951Z,USD,693452.0,693452.0,,0.02,0.13,0.11,0.23
me04-046,Baltoy,46,Common,2026-07-08T18:05:10.509Z,EUR,886438,2026-07-08T18:05:07.571Z,USD,693452.0,693452.0,,0.03,0.1,0.11,0.22
me04-046,Baltoy,46,Common,2026-07-09T18:05:09.065Z,EUR,886438,2026-07-09T18:05:06.660Z,USD,693452.0,693452.0,,0.02,0.1,0.09,0.23
me04-046,Baltoy,46,Common,2026-07-10T18:05:08.528Z,EUR,886438,2026-07-10T18:05:06.309Z,USD,693452.0,693452.0,,0.02,0.06,0.09,0.21
me04-046,Baltoy,46,Common,2026-07-11T18:05:07.832Z,EUR,886438,2026-07-11T18:05:05.951Z,USD,693452.0,693452.0,,0.02,0.06,0.07,0.19
me04-046,Baltoy,46,Common,2026-07-12T18:05:09.094Z,EUR,886438,2026-07-12T18:05:07.281Z,USD,693452.0,693452.0,,0.02,0.06,0.05,0.21
me04-046,Baltoy,46,Common,2026-07-13T18:05:07.999Z,EUR,886438,2026-07-13T18:05:06.325Z,USD,693452.0,693452.0,,0.03,0.08,0.08,0.23
me04-046,Baltoy,46,Common,2026-07-14T18:05:08.458Z,EUR,886438,2026-07-14T18:05:05.984Z,USD,693452.0,693452.0,,0.03,0.08,0.07,0.23
me04-046,Baltoy,46,Common,2026-07-15T18:05:08.182Z,EUR,886438,2026-07-15T18:05:06.072Z,USD,693452.0,693452.0,,0.03,0.08,0.09,0.22
me04-046,Baltoy,46,Common,2026-07-16T18:05:08.727Z,EUR,886438,2026-07-16T18:05:05.995Z,USD,693452.0,693452.0,,0.03,0.08,0.09,0.26
me04-046,Baltoy,46,Common,2026-07-17T18:05:09.396Z,EUR,886438,2026-07-17T18:05:07.352Z,USD,693452.0,693452.0,,0.03,0.08,0.1,0.26
me04-046,Baltoy,46,Common,2026-07-18T08:02:59.776Z,EUR,886438,2026-07-18T08:02:56.980Z,USD,693452.0,693452.0,,0.03,0.08,0.1,0.23
me04-046,Baltoy,46,Common,2026-07-19T08:03:04.658Z,EUR,886438,2026-07-19T08:03:02.364Z,USD,693452.0,693452.0,,0.03,0.08,0.12,0.23
me04-046,Baltoy,46,Common,2026-07-20T08:03:04.265Z,EUR,886438,2026-07-20T08:03:02.216Z,USD,693452.0,693452.0,,0.02,0.08,0.09,0.23
me04-046,Baltoy,46,Common,2026-07-21T08:03:04.252Z,EUR,886438,2026-07-21T08:03:02.310Z,USD,693452.0,693452.0,,0.02,0.08,0.09,0.18
me04-046,Baltoy,46,Common,2026-07-22T08:03:06.627Z,EUR,886438,2026-07-22T08:03:04.165Z,USD,693452.0,693452.0,,0.02,0.08,0.08,0.21
me04-046,Baltoy,46,Common,2026-07-23T08:03:03.735Z,EUR,886438,2026-07-23T08:03:01.941Z,USD,693452.0,693452.0,,0.02,0.08,0.08,0.22
me04-046,Baltoy,46,Common,2026-07-24T08:03:04.300Z,EUR,886438,2026-07-24T08:03:02.308Z,USD,693452.0,693452.0,,0.02,0.08,0.07,0.26
me04-046,Baltoy,46,Common,2026-07-25T08:03:03.827Z,EUR,886438,2026-07-25T08:03:02.306Z,USD,693452.0,693452.0,,0.02,0.08,0.07,0.24
me04-046,Baltoy,46,Common,2026-07-26T08:03:04.572Z,EUR,886438,2026-07-26T08:03:42.077Z,USD,693452.0,693452.0,,0.03,0.13,0.07,0.25
me04-046,Baltoy,46,Common,2026-07-27T08:03:04.458Z,EUR,886438,2026-07-27T08:03:49.056Z,USD,693452.0,693452.0,,0.03,0.11,0.05,0.25
me04-047,Claydol,47,Uncommon,2026-07-06T18:05:01.396Z,EUR,886439,2026-07-06T18:05:01.021Z,USD,693466.0,693466.0,,0.02,0.07,0.1,0.19
me04-047,Claydol,47,Uncommon,2026-07-07T18:05:09.149Z,EUR,886439,2026-07-07T18:05:06.951Z,USD,693466.0,693466.0,,0.02,0.07,0.1,0.19
me04-047,Claydol,47,Uncommon,2026-07-08T18:05:10.950Z,EUR,886439,2026-07-08T18:05:07.571Z,USD,693466.0,693466.0,,0.02,0.08,0.09,0.18
me04-047,Claydol,47,Uncommon,2026-07-09T18:05:09.065Z,EUR,886439,2026-07-09T18:05:06.660Z,USD,693466.0,693466.0,,0.02,0.16,0.08,0.2
me04-047,Claydol,47,Uncommon,2026-07-10T18:05:08.528Z,EUR,886439,2026-07-10T18:05:06.309Z,USD,693466.0,693466.0,,0.02,0.14,0.08,0.17
me04-047,Claydol,47,Uncommon,2026-07-11T18:05:07.832Z,EUR,886439,2026-07-11T18:05:05.951Z,USD,693466.0,693466.0,,0.02,0.14,0.08,0.18
me04-047,Claydol,47,Uncommon,2026-07-12T18:05:09.094Z,EUR,886439,2026-07-12T18:05:07.281Z,USD,693466.0,693466.0,,0.02,0.14,0.08,0.15
me04-047,Claydol,47,Uncommon,2026-07-13T18:05:07.999Z,EUR,886439,2026-07-13T18:05:06.325Z,USD,693466.0,693466.0,,0.02,0.06,0.09,0.18
me04-047,Claydol,47,Uncommon,2026-07-14T18:05:08.458Z,EUR,886439,2026-07-14T18:05:05.984Z,USD,693466.0,693466.0,,0.02,0.06,0.08,0.18
me04-047,Claydol,47,Uncommon,2026-07-15T18:05:08.182Z,EUR,886439,2026-07-15T18:05:06.072Z,USD,693466.0,693466.0,,0.02,0.06,0.08,0.18
me04-047,Claydol,47,Uncommon,2026-07-16T18:05:08.727Z,EUR,886439,2026-07-16T18:05:05.995Z,USD,693466.0,693466.0,,0.02,0.06,0.08,0.18
me04-047,Claydol,47,Uncommon,2026-07-17T18:05:09.396Z,EUR,886439,2026-07-17T18:05:07.352Z,USD,693466.0,693466.0,,0.02,0.06,0.07,0.2
me04-047,Claydol,47,Uncommon,2026-07-18T08:02:59.776Z,EUR,886439,2026-07-18T08:02:56.980Z,USD,693466.0,693466.0,,0.02,0.06,0.07,0.22
me04-047,Claydol,47,Uncommon,2026-07-19T08:03:04.658Z,EUR,886439,2026-07-19T08:03:02.364Z,USD,693466.0,693466.0,,0.02,0.06,0.06,0.2
me04-047,Claydol,47,Uncommon,2026-07-20T08:03:04.811Z,EUR,886439,2026-07-20T08:03:02.216Z,USD,693466.0,693466.0,,0.02,0.11,0.05,0.21
me04-047,Claydol,47,Uncommon,2026-07-21T08:03:04.252Z,EUR,886439,2026-07-21T08:03:02.310Z,USD,693466.0,693466.0,,0.02,0.11,0.07,0.19
me04-047,Claydol,47,Uncommon,2026-07-22T08:03:06.558Z,EUR,886439,2026-07-22T08:03:04.165Z,USD,693466.0,693466.0,,0.02,0.11,0.08,0.18
me04-047,Claydol,47,Uncommon,2026-07-23T08:03:03.735Z,EUR,886439,2026-07-23T08:03:01.941Z,USD,693466.0,693466.0,,0.02,0.11,0.08,0.19
me04-047,Claydol,47,Uncommon,2026-07-24T08:03:04.300Z,EUR,886439,2026-07-24T08:03:02.308Z,USD,693466.0,693466.0,,0.02,0.11,0.08,0.2
me04-047,Claydol,47,Uncommon,2026-07-25T08:03:03.827Z,EUR,886439,2026-07-25T08:03:02.306Z,USD,693466.0,693466.0,,0.02,0.11,0.09,0.25
me04-047,Claydol,47,Uncommon,2026-07-26T08:03:04.572Z,EUR,886439,2026-07-26T08:03:42.077Z,USD,693466.0,693466.0,,0.02,0.1,0.09,0.23
me04-047,Claydol,47,Uncommon,2026-07-27T08:03:04.458Z,EUR,886439,2026-07-27T08:03:49.056Z,USD,693466.0,693466.0,,0.02,0.06,0.1,0.23
me04-048,Mega Gallade ex,48,Double rare,2026-07-06T18:05:01.132Z,EUR,886440,2026-07-06T18:05:01.021Z,USD,,,693514.0,0.47,,,
me04-048,Mega Gallade ex,48,Double rare,2026-07-07T18:05:09.041Z,EUR,886440,2026-07-07T18:05:06.951Z,USD,,,693514.0,0.47,,,
me04-048,Mega Gallade ex,48,Double rare,2026-07-08T18:05:10.950Z,EUR,886440,2026-07-08T18:05:07.571Z,USD,,,693514.0,0.44,,,
me04-048,Mega Gallade ex,48,Double rare,2026-07-09T18:05:09.065Z,EUR,886440,2026-07-09T18:05:06.660Z,USD,,,693514.0,0.48,,,
me04-048,Mega Gallade ex,48,Double rare,2026-07-10T18:05:08.528Z,EUR,886440,2026-07-10T18:05:06.309Z,USD,,,693514.0,0.49,,,
me04-048,Mega Gallade ex,48,Double rare,2026-07-11T18:05:07.832Z,EUR,886440,2026-07-11T18:05:05.951Z,USD,,,693514.0,0.49,,,
me04-048,Mega Gallade ex,48,Double rare,2026-07-12T18:05:09.094Z,EUR,886440,2026-07-12T18:05:07.281Z,USD,,,693514.0,0.49,,,
me04-048,Mega Gallade ex,48,Double rare,2026-07-13T18:05:07.999Z,EUR,886440,2026-07-13T18:05:06.325Z,USD,,,693514.0,0.47,,,
me04-048,Mega Gallade ex,48,Double rare,2026-07-14T18:05:08.458Z,EUR,886440,2026-07-14T18:05:05.984Z,USD,,,693514.0,0.47,,,
me04-048,Mega Gallade ex,48,Double rare,2026-07-15T18:05:08.182Z,EUR,886440,2026-07-15T18:05:06.072Z,USD,,,693514.0,0.47,,,
me04-048,Mega Gallade ex,48,Double rare,2026-07-16T18:05:08.727Z,EUR,886440,2026-07-16T18:05:05.995Z,USD,,,693514.0,0.47,,,
me04-048,Mega Gallade ex,48,Double rare,2026-07-17T18:05:09.396Z,EUR,886440,2026-07-17T18:05:07.352Z,USD,,,693514.0,0.47,,,
me04-048,Mega Gallade ex,48,Double rare,2026-07-18T08:02:59.776Z,EUR,886440,2026-07-18T08:02:56.980Z,USD,,,693514.0,0.47,,,
me04-048,Mega Gallade ex,48,Double rare,2026-07-19T08:03:04.320Z,EUR,886440,2026-07-19T08:03:02.364Z,USD,,,693514.0,0.47,,,
me04-048,Mega Gallade ex,48,Double rare,2026-07-20T08:03:04.265Z,EUR,886440,2026-07-20T08:03:02.216Z,USD,,,693514.0,0.47,,,
me04-048,Mega Gallade ex,48,Double rare,2026-07-21T08:03:04.252Z,EUR,886440,2026-07-21T08:03:02.310Z,USD,,,693514.0,0.47,,,
me04-048,Mega Gallade ex,48,Double rare,2026-07-22T08:03:06.471Z,EUR,886440,2026-07-22T08:03:04.165Z,USD,,,693514.0,0.47,,,
me04-048,Mega Gallade ex,48,Double rare,2026-07-23T08:03:03.735Z,EUR,886440,2026-07-23T08:03:01.941Z,USD,,,693514.0,0.47,,,
me04-048,Mega Gallade ex,48,Double rare,2026-07-24T08:03:04.300Z,EUR,886440,2026-07-24T08:03:02.308Z,USD,,,693514.0,0.47,,,
me04-048,Mega Gallade ex,48,Double rare,2026-07-25T08:03:04.261Z,EUR,886440,2026-07-25T08:03:02.306Z,USD,,,693514.0,0.47,,,
me04-048,Mega Gallade ex,48,Double rare,2026-07-26T08:03:04.572Z,EUR,886440,2026-07-26T08:03:42.077Z,USD,,,693514.0,0.48,,,
me04-048,Mega Gallade ex,48,Double rare,2026-07-27T08:03:04.458Z,EUR,886440,2026-07-27T08:03:49.056Z,USD,,,693514.0,0.65,,,
me04-049,Zubat,49,Common,2026-07-06T18:05:01.396Z,EUR,886441,2026-07-06T18:05:01.021Z,USD,693565.0,693565.0,,0.02,0.09,0.12,0.24
me04-049,Zubat,49,Common,2026-07-07T18:05:09.041Z,EUR,886441,2026-07-07T18:05:06.951Z,USD,693565.0,693565.0,,0.02,0.09,0.12,0.24
me04-049,Zubat,49,Common,2026-07-08T18:05:10.657Z,EUR,886441,2026-07-08T18:05:07.571Z,USD,693565.0,693565.0,,0.05,0.06,0.11,0.23
me04-049,Zubat,49,Common,2026-07-09T18:05:09.065Z,EUR,886441,2026-07-09T18:05:06.660Z,USD,693565.0,693565.0,,0.02,0.11,0.11,0.23
me04-049,Zubat,49,Common,2026-07-10T18:05:08.528Z,EUR,886441,2026-07-10T18:05:06.309Z,USD,693565.0,693565.0,,0.03,0.07,0.07,0.21
me04-049,Zubat,49,Common,2026-07-11T18:05:07.832Z,EUR,886441,2026-07-11T18:05:05.951Z,USD,693565.0,693565.0,,0.03,0.07,0.06,0.21
me04-049,Zubat,49,Common,2026-07-12T18:05:09.094Z,EUR,886441,2026-07-12T18:05:07.281Z,USD,693565.0,693565.0,,0.03,0.07,0.08,0.21
me04-049,Zubat,49,Common,2026-07-13T18:05:07.999Z,EUR,886441,2026-07-13T18:05:06.325Z,USD,693565.0,693565.0,,0.02,0.09,0.09,0.24
me04-049,Zubat,49,Common,2026-07-14T18:05:08.086Z,EUR,886441,2026-07-14T18:05:05.984Z,USD,693565.0,693565.0,,0.02,0.09,0.11,0.23
me04-049,Zubat,49,Common,2026-07-15T18:05:08.182Z,EUR,886441,2026-07-15T18:05:06.072Z,USD,693565.0,693565.0,,0.02,0.09,0.13,0.24
me04-049,Zubat,49,Common,2026-07-16T18:05:08.727Z,EUR,886441,2026-07-16T18:05:05.995Z,USD,693565.0,693565.0,,0.02,0.09,0.13,0.25
me04-049,Zubat,49,Common,2026-07-17T18:05:09.396Z,EUR,886441,2026-07-17T18:05:07.352Z,USD,693565.0,693565.0,,0.02,0.09,0.17,0.27
me04-049,Zubat,49,Common,2026-07-18T08:02:59.776Z,EUR,886441,2026-07-18T08:02:56.980Z,USD,693565.0,693565.0,,0.02,0.09,0.17,0.28
me04-049,Zubat,49,Common,2026-07-19T08:03:04.658Z,EUR,886441,2026-07-19T08:03:02.364Z,USD,693565.0,693565.0,,0.02,0.09,0.17,0.26
me04-049,Zubat,49,Common,2026-07-20T08:03:04.386Z,EUR,886441,2026-07-20T08:03:02.216Z,USD,693565.0,693565.0,,0.05,0.13,0.14,0.25
me04-049,Zubat,49,Common,2026-07-21T08:03:04.252Z,EUR,886441,2026-07-21T08:03:02.310Z,USD,693565.0,693565.0,,0.05,0.13,0.13,0.23
me04-049,Zubat,49,Common,2026-07-22T08:03:06.627Z,EUR,886441,2026-07-22T08:03:04.165Z,USD,693565.0,693565.0,,0.05,0.13,0.14,0.23
me04-049,Zubat,49,Common,2026-07-23T08:03:03.735Z,EUR,886441,2026-07-23T08:03:01.941Z,USD,693565.0,693565.0,,0.05,0.13,0.16,0.25
me04-049,Zubat,49,Common,2026-07-24T08:03:04.359Z,EUR,886441,2026-07-24T08:03:02.308Z,USD,693565.0,693565.0,,0.05,0.13,0.17,0.27
me04-049,Zubat,49,Common,2026-07-25T08:03:03.827Z,EUR,886441,2026-07-25T08:03:02.306Z,USD,693565.0,693565.0,,0.05,0.13,0.16,0.25
me04-049,Zubat,49,Common,2026-07-26T08:03:04.572Z,EUR,886441,2026-07-26T08:03:42.077Z,USD,693565.0,693565.0,,0.02,0.08,0.14,0.21
me04-049,Zubat,49,Common,2026-07-27T08:03:04.705Z,EUR,886441,2026-07-27T08:03:49.056Z,USD,693565.0,693565.0,,0.02,0.11,0.14,0.18
me04-050,Golbat,50,Common,2026-07-06T18:05:01.132Z,EUR,886442,2026-07-06T18:05:01.021Z,USD,693493.0,693493.0,,0.02,0.09,0.1,0.26
me04-050,Golbat,50,Common,2026-07-07T18:05:09.149Z,EUR,886442,2026-07-07T18:05:06.951Z,USD,693493.0,693493.0,,0.02,0.09,0.1,0.24
me04-050,Golbat,50,Common,2026-07-08T18:05:10.950Z,EUR,886442,2026-07-08T18:05:07.571Z,USD,693493.0,693493.0,,0.02,0.13,0.08,0.25
me04-050,Golbat,50,Common,2026-07-09T18:05:09.298Z,EUR,886442,2026-07-09T18:05:06.660Z,USD,693493.0,693493.0,,0.02,0.1,0.07,0.22
me04-050,Golbat,50,Common,2026-07-10T18:05:08.528Z,EUR,886442,2026-07-10T18:05:06.309Z,USD,693493.0,693493.0,,0.02,0.1,0.09,0.21
me04-050,Golbat,50,Common,2026-07-11T18:05:07.832Z,EUR,886442,2026-07-11T18:05:05.951Z,USD,693493.0,693493.0,,0.02,0.1,0.08,0.21
me04-050,Golbat,50,Common,2026-07-12T18:05:09.094Z,EUR,886442,2026-07-12T18:05:07.281Z,USD,693493.0,693493.0,,0.02,0.1,0.08,0.2
me04-050,Golbat,50,Common,2026-07-13T18:05:07.999Z,EUR,886442,2026-07-13T18:05:06.325Z,USD,693493.0,693493.0,,0.02,0.05,0.11,0.21
me04-050,Golbat,50,Common,2026-07-14T18:05:08.458Z,EUR,886442,2026-07-14T18:05:05.984Z,USD,693493.0,693493.0,,0.02,0.05,0.13,0.25
me04-050,Golbat,50,Common,2026-07-15T18:05:08.182Z,EUR,886442,2026-07-15T18:05:06.072Z,USD,693493.0,693493.0,,0.02,0.05,0.15,0.25
me04-050,Golbat,50,Common,2026-07-16T18:05:08.727Z,EUR,886442,2026-07-16T18:05:05.995Z,USD,693493.0,693493.0,,0.02,0.05,0.15,0.26
me04-050,Golbat,50,Common,2026-07-17T18:05:09.396Z,EUR,886442,2026-07-17T18:05:07.352Z,USD,693493.0,693493.0,,0.02,0.05,0.15,0.25
me04-050,Golbat,50,Common,2026-07-18T08:02:59.776Z,EUR,886442,2026-07-18T08:02:56.980Z,USD,693493.0,693493.0,,0.02,0.05,0.15,0.23
me04-050,Golbat,50,Common,2026-07-19T08:03:04.320Z,EUR,886442,2026-07-19T08:03:02.364Z,USD,693493.0,693493.0,,0.02,0.05,0.13,0.23
me04-050,Golbat,50,Common,2026-07-20T08:03:04.386Z,EUR,886442,2026-07-20T08:03:02.216Z,USD,693493.0,693493.0,,0.02,0.18,0.14,0.23
me04-050,Golbat,50,Common,2026-07-21T08:03:04.252Z,EUR,886442,2026-07-21T08:03:02.310Z,USD,693493.0,693493.0,,0.02,0.18,0.14,0.23
me04-050,Golbat,50,Common,2026-07-22T08:03:06.471Z,EUR,886442,2026-07-22T08:03:04.165Z,USD,693493.0,693493.0,,0.02,0.18,0.12,0.21
me04-050,Golbat,50,Common,2026-07-23T08:03:03.735Z,EUR,886442,2026-07-23T08:03:01.941Z,USD,693493.0,693493.0,,0.02,0.18,0.12,0.23
me04-050,Golbat,50,Common,2026-07-24T08:03:04.359Z,EUR,886442,2026-07-24T08:03:02.308Z,USD,693493.0,693493.0,,0.02,0.18,0.13,0.22
me04-050,Golbat,50,Common,2026-07-25T08:03:03.827Z,EUR,886442,2026-07-25T08:03:02.306Z,USD,693493.0,693493.0,,0.02,0.18,0.13,0.27
me04-050,Golbat,50,Common,2026-07-26T08:03:04.572Z,EUR,886442,2026-07-26T08:03:42.077Z,USD,693493.0,693493.0,,0.02,0.07,0.13,0.25
me04-050,Golbat,50,Common,2026-07-27T08:03:04.458Z,EUR,886442,2026-07-27T08:03:49.056Z,USD,693493.0,693493.0,,0.03,0.11,0.11,0.25
me04-051,Crobat,51,Rare,2026-07-06T18:05:01.253Z,EUR,888531,2026-07-06T18:05:01.021Z,USD,693470.0,,693470.0,2.28,,,0.32
me04-051,Crobat,51,Rare,2026-07-07T18:05:09.149Z,EUR,888531,2026-07-07T18:05:06.951Z,USD,693470.0,,693470.0,2.28,,,0.29
me04-051,Crobat,51,Rare,2026-07-08T18:05:10.950Z,EUR,888531,2026-07-08T18:05:07.571Z,USD,693470.0,,693470.0,1.71,,,0.31
me04-051,Crobat,51,Rare,2026-07-09T18:05:09.065Z,EUR,888531,2026-07-09T18:05:06.660Z,USD,693470.0,,693470.0,2.27,,,0.25
me04-051,Crobat,51,Rare,2026-07-10T18:05:08.528Z,EUR,888531,2026-07-10T18:05:06.309Z,USD,693470.0,,693470.0,2.27,,,0.24
me04-051,Crobat,51,Rare,2026-07-11T18:05:08.252Z,EUR,888531,2026-07-11T18:05:05.951Z,USD,693470.0,,693470.0,2.27,,,0.23
me04-051,Crobat,51,Rare,2026-07-12T18:05:09.094Z,EUR,888531,2026-07-12T18:05:07.281Z,USD,693470.0,,693470.0,2.27,,,0.24
me04-051,Crobat,51,Rare,2026-07-13T18:05:07.999Z,EUR,888531,2026-07-13T18:05:06.325Z,USD,693470.0,,693470.0,3.14,,,0.23
me04-051,Crobat,51,Rare,2026-07-14T18:05:07.978Z,EUR,888531,2026-07-14T18:05:05.984Z,USD,693470.0,,693470.0,3.14,,,0.27
me04-051,Crobat,51,Rare,2026-07-15T18:05:08.182Z,EUR,888531,2026-07-15T18:05:06.072Z,USD,693470.0,,693470.0,3.14,,,0.25
me04-051,Crobat,51,Rare,2026-07-16T18:05:08.727Z,EUR,888531,2026-07-16T18:05:05.995Z,USD,693470.0,,693470.0,3.14,,,0.25
me04-051,Crobat,51,Rare,2026-07-17T18:05:09.396Z,EUR,888531,2026-07-17T18:05:07.352Z,USD,693470.0,,693470.0,3.14,,,0.27
me04-051,Crobat,51,Rare,2026-07-18T08:02:59.776Z,EUR,888531,2026-07-18T08:02:56.980Z,USD,693470.0,,693470.0,3.14,,,0.26
me04-051,Crobat,51,Rare,2026-07-19T08:03:04.658Z,EUR,888531,2026-07-19T08:03:02.364Z,USD,693470.0,,693470.0,3.14,,,0.25
me04-051,Crobat,51,Rare,2026-07-20T08:03:04.386Z,EUR,888531,2026-07-20T08:03:02.216Z,USD,693470.0,,693470.0,2.28,,,0.25
me04-051,Crobat,51,Rare,2026-07-21T08:03:04.252Z,EUR,888531,2026-07-21T08:03:02.310Z,USD,693470.0,,693470.0,2.28,,,0.24
me04-051,Crobat,51,Rare,2026-07-22T08:03:06.558Z,EUR,888531,2026-07-22T08:03:04.165Z,USD,693470.0,,693470.0,2.28,,,0.22
me04-051,Crobat,51,Rare,2026-07-23T08:03:03.735Z,EUR,888531,2026-07-23T08:03:01.941Z,USD,693470.0,,693470.0,2.28,,,0.19
me04-051,Crobat,51,Rare,2026-07-24T08:03:04.359Z,EUR,888531,2026-07-24T08:03:02.308Z,USD,693470.0,,693470.0,2.28,,,0.2
me04-051,Crobat,51,Rare,2026-07-25T08:03:03.827Z,EUR,888531,2026-07-25T08:03:02.306Z,USD,693470.0,,693470.0,2.28,,,0.27
me04-051,Crobat,51,Rare,2026-07-26T08:03:04.532Z,EUR,888531,2026-07-26T08:03:42.077Z,USD,693470.0,,693470.0,2.45,,,0.28
me04-051,Crobat,51,Rare,2026-07-27T08:03:04.458Z,EUR,888531,2026-07-27T08:03:49.056Z,USD,693470.0,,693470.0,1.6,,,0.24
me04-052,Qwilfish,52,Common,2026-07-06T18:05:01.396Z,EUR,886444,2026-07-06T18:05:01.021Z,USD,693538.0,693538.0,,0.02,0.14,0.09,0.21
me04-052,Qwilfish,52,Common,2026-07-07T18:05:09.149Z,EUR,886444,2026-07-07T18:05:06.951Z,USD,693538.0,693538.0,,0.02,0.14,0.09,0.2
me04-052,Qwilfish,52,Common,2026-07-08T18:05:10.657Z,EUR,886444,2026-07-08T18:05:07.571Z,USD,693538.0,693538.0,,0.02,0.14,0.08,0.18
me04-052,Qwilfish,52,Common,2026-07-09T18:05:09.065Z,EUR,886444,2026-07-09T18:05:06.660Z,USD,693538.0,693538.0,,0.02,0.09,0.07,0.18
me04-052,Qwilfish,52,Common,2026-07-10T18:05:08.528Z,EUR,886444,2026-07-10T18:05:06.309Z,USD,693538.0,693538.0,,0.02,0.09,0.07,0.23
me04-052,Qwilfish,52,Common,2026-07-11T18:05:08.252Z,EUR,886444,2026-07-11T18:05:05.951Z,USD,693538.0,693538.0,,0.02,0.09,0.08,0.27
me04-052,Qwilfish,52,Common,2026-07-12T18:05:09.094Z,EUR,886444,2026-07-12T18:05:07.281Z,USD,693538.0,693538.0,,0.02,0.09,0.09,0.25
me04-052,Qwilfish,52,Common,2026-07-13T18:05:07.999Z,EUR,886444,2026-07-13T18:05:06.325Z,USD,693538.0,693538.0,,0.02,0.07,0.08,0.25
me04-052,Qwilfish,52,Common,2026-07-14T18:05:08.458Z,EUR,886444,2026-07-14T18:05:05.984Z,USD,693538.0,693538.0,,0.02,0.07,0.1,0.24
me04-052,Qwilfish,52,Common,2026-07-15T18:05:08.182Z,EUR,886444,2026-07-15T18:05:06.072Z,USD,693538.0,693538.0,,0.02,0.07,0.12,0.24
me04-052,Qwilfish,52,Common,2026-07-16T18:05:08.727Z,EUR,886444,2026-07-16T18:05:05.995Z,USD,693538.0,693538.0,,0.02,0.07,0.14,0.24
me04-052,Qwilfish,52,Common,2026-07-17T18:05:09.396Z,EUR,886444,2026-07-17T18:05:07.352Z,USD,693538.0,693538.0,,0.02,0.07,0.13,0.27
me04-052,Qwilfish,52,Common,2026-07-18T08:02:59.776Z,EUR,886444,2026-07-18T08:02:56.980Z,USD,693538.0,693538.0,,0.02,0.07,0.12,0.25
me04-052,Qwilfish,52,Common,2026-07-19T08:03:04.658Z,EUR,886444,2026-07-19T08:03:02.364Z,USD,693538.0,693538.0,,0.02,0.07,0.15,0.24
me04-052,Qwilfish,52,Common,2026-07-20T08:03:04.265Z,EUR,886444,2026-07-20T08:03:02.216Z,USD,693538.0,693538.0,,0.03,0.11,0.15,0.23
me04-052,Qwilfish,52,Common,2026-07-21T08:03:04.252Z,EUR,886444,2026-07-21T08:03:02.310Z,USD,693538.0,693538.0,,0.03,0.11,0.18,0.25
me04-052,Qwilfish,52,Common,2026-07-22T08:03:06.627Z,EUR,886444,2026-07-22T08:03:04.165Z,USD,693538.0,693538.0,,0.03,0.11,0.18,0.24
me04-052,Qwilfish,52,Common,2026-07-23T08:03:03.735Z,EUR,886444,2026-07-23T08:03:01.941Z,USD,693538.0,693538.0,,0.03,0.11,0.16,0.26
me04-052,Qwilfish,52,Common,2026-07-24T08:03:04.300Z,EUR,886444,2026-07-24T08:03:02.308Z,USD,693538.0,693538.0,,0.03,0.11,0.17,0.25
me04-052,Qwilfish,52,Common,2026-07-25T08:03:03.827Z,EUR,886444,2026-07-25T08:03:02.306Z,USD,693538.0,693538.0,,0.03,0.11,0.18,0.26
me04-052,Qwilfish,52,Common,2026-07-26T08:03:04.532Z,EUR,886444,2026-07-26T08:03:42.077Z,USD,693538.0,693538.0,,0.03,0.15,0.13,0.26
me04-052,Qwilfish,52,Common,2026-07-27T08:03:04.458Z,EUR,886444,2026-07-27T08:03:49.056Z,USD,693538.0,693538.0,,0.03,0.06,0.12,0.27
me04-053,Stunky,53,Common,2026-07-06T18:05:01.396Z,EUR,886445,2026-07-06T18:05:01.021Z,USD,693549.0,693549.0,,0.02,0.06,0.12,0.18
me04-053,Stunky,53,Common,2026-07-07T18:05:09.149Z,EUR,886445,2026-07-07T18:05:06.951Z,USD,693549.0,693549.0,,0.02,0.06,0.11,0.17
me04-053,Stunky,53,Common,2026-07-08T18:05:10.950Z,EUR,886445,2026-07-08T18:05:07.571Z,USD,693549.0,693549.0,,0.07,0.06,0.09,0.19
me04-053,Stunky,53,Common,2026-07-09T18:05:09.065Z,EUR,886445,2026-07-09T18:05:06.660Z,USD,693549.0,693549.0,,0.03,0.1,0.09,0.2
me04-053,Stunky,53,Common,2026-07-10T18:05:08.528Z,EUR,886445,2026-07-10T18:05:06.309Z,USD,693549.0,693549.0,,0.03,0.1,0.09,0.22
me04-053,Stunky,53,Common,2026-07-11T18:05:08.252Z,EUR,886445,2026-07-11T18:05:05.951Z,USD,693549.0,693549.0,,0.03,0.1,0.09,0.21
me04-053,Stunky,53,Common,2026-07-12T18:05:09.094Z,EUR,886445,2026-07-12T18:05:07.281Z,USD,693549.0,693549.0,,0.03,0.1,0.08,0.21
me04-053,Stunky,53,Common,2026-07-13T18:05:07.999Z,EUR,886445,2026-07-13T18:05:06.325Z,USD,693549.0,693549.0,,0.03,0.07,0.09,0.21
me04-053,Stunky,53,Common,2026-07-14T18:05:08.458Z,EUR,886445,2026-07-14T18:05:05.984Z,USD,693549.0,693549.0,,0.03,0.07,0.09,0.21
me04-053,Stunky,53,Common,2026-07-15T18:05:08.182Z,EUR,886445,2026-07-15T18:05:06.072Z,USD,693549.0,693549.0,,0.03,0.07,0.11,0.21
me04-053,Stunky,53,Common,2026-07-16T18:05:08.727Z,EUR,886445,2026-07-16T18:05:05.995Z,USD,693549.0,693549.0,,0.03,0.07,0.1,0.22
me04-053,Stunky,53,Common,2026-07-17T18:05:09.396Z,EUR,886445,2026-07-17T18:05:07.352Z,USD,693549.0,693549.0,,0.03,0.07,0.11,0.23
me04-053,Stunky,53,Common,2026-07-18T08:02:59.776Z,EUR,886445,2026-07-18T08:02:56.980Z,USD,693549.0,693549.0,,0.03,0.07,0.12,0.24
me04-053,Stunky,53,Common,2026-07-19T08:03:04.320Z,EUR,886445,2026-07-19T08:03:02.364Z,USD,693549.0,693549.0,,0.03,0.07,0.11,0.26
me04-053,Stunky,53,Common,2026-07-20T08:03:04.265Z,EUR,886445,2026-07-20T08:03:02.216Z,USD,693549.0,693549.0,,0.03,0.1,0.15,0.27
me04-053,Stunky,53,Common,2026-07-21T08:03:04.252Z,EUR,886445,2026-07-21T08:03:02.310Z,USD,693549.0,693549.0,,0.03,0.1,0.16,0.26
me04-053,Stunky,53,Common,2026-07-22T08:03:06.627Z,EUR,886445,2026-07-22T08:03:04.165Z,USD,693549.0,693549.0,,0.03,0.1,0.15,0.27
me04-053,Stunky,53,Common,2026-07-23T08:03:03.735Z,EUR,886445,2026-07-23T08:03:01.941Z,USD,693549.0,693549.0,,0.03,0.1,0.16,0.24
me04-053,Stunky,53,Common,2026-07-24T08:03:04.300Z,EUR,886445,2026-07-24T08:03:02.308Z,USD,693549.0,693549.0,,0.03,0.1,0.17,0.26
me04-053,Stunky,53,Common,2026-07-25T08:03:03.827Z,EUR,886445,2026-07-25T08:03:02.306Z,USD,693549.0,693549.0,,0.03,0.1,0.15,0.27
me04-053,Stunky,53,Common,2026-07-26T08:03:04.532Z,EUR,886445,2026-07-26T08:03:42.077Z,USD,693549.0,693549.0,,0.02,0.1,0.14,0.26
me04-053,Stunky,53,Common,2026-07-27T08:03:04.547Z,EUR,886445,2026-07-27T08:03:49.056Z,USD,693549.0,693549.0,,0.02,0.09,0.12,0.25
me04-054,Skuntank,54,Uncommon,2026-07-06T18:05:01.253Z,EUR,886446,2026-07-06T18:05:01.021Z,USD,693544.0,693544.0,,0.03,0.06,0.11,0.24
me04-054,Skuntank,54,Uncommon,2026-07-07T18:05:09.041Z,EUR,886446,2026-07-07T18:05:06.951Z,USD,693544.0,693544.0,,0.03,0.06,0.09,0.27
me04-054,Skuntank,54,Uncommon,2026-07-08T18:05:11.087Z,EUR,886446,2026-07-08T18:05:07.571Z,USD,693544.0,693544.0,,0.09,0.09,0.08,0.23
me04-054,Skuntank,54,Uncommon,2026-07-09T18:05:09.298Z,EUR,886446,2026-07-09T18:05:06.660Z,USD,693544.0,693544.0,,0.02,0.11,0.08,0.23
me04-054,Skuntank,54,Uncommon,2026-07-10T18:05:08.528Z,EUR,886446,2026-07-10T18:05:06.309Z,USD,693544.0,693544.0,,0.02,0.09,0.07,0.19
me04-054,Skuntank,54,Uncommon,2026-07-11T18:05:08.252Z,EUR,886446,2026-07-11T18:05:05.951Z,USD,693544.0,693544.0,,0.02,0.09,0.06,0.17
me04-054,Skuntank,54,Uncommon,2026-07-12T18:05:09.094Z,EUR,886446,2026-07-12T18:05:07.281Z,USD,693544.0,693544.0,,0.02,0.09,0.06,0.16
me04-054,Skuntank,54,Uncommon,2026-07-13T18:05:07.999Z,EUR,886446,2026-07-13T18:05:06.325Z,USD,693544.0,693544.0,,0.02,0.09,0.06,0.19
me04-054,Skuntank,54,Uncommon,2026-07-14T18:05:08.211Z,EUR,886446,2026-07-14T18:05:05.984Z,USD,693544.0,693544.0,,0.02,0.09,0.06,0.22
me04-054,Skuntank,54,Uncommon,2026-07-15T18:05:08.182Z,EUR,886446,2026-07-15T18:05:06.072Z,USD,693544.0,693544.0,,0.02,0.09,0.06,0.22
me04-054,Skuntank,54,Uncommon,2026-07-16T18:05:08.727Z,EUR,886446,2026-07-16T18:05:05.995Z,USD,693544.0,693544.0,,0.02,0.09,0.06,0.24
me04-054,Skuntank,54,Uncommon,2026-07-17T18:05:09.396Z,EUR,886446,2026-07-17T18:05:07.352Z,USD,693544.0,693544.0,,0.02,0.09,0.08,0.24
me04-054,Skuntank,54,Uncommon,2026-07-18T08:02:59.776Z,EUR,886446,2026-07-18T08:02:56.980Z,USD,693544.0,693544.0,,0.02,0.09,0.08,0.27
me04-054,Skuntank,54,Uncommon,2026-07-19T08:03:04.658Z,EUR,886446,2026-07-19T08:03:02.364Z,USD,693544.0,693544.0,,0.02,0.09,0.08,0.24
me04-054,Skuntank,54,Uncommon,2026-07-20T08:03:04.811Z,EUR,886446,2026-07-20T08:03:02.216Z,USD,693544.0,693544.0,,0.02,0.11,0.1,0.24
me04-054,Skuntank,54,Uncommon,2026-07-21T08:03:04.252Z,EUR,886446,2026-07-21T08:03:02.310Z,USD,693544.0,693544.0,,0.02,0.11,0.12,0.17
me04-054,Skuntank,54,Uncommon,2026-07-22T08:03:06.627Z,EUR,886446,2026-07-22T08:03:04.165Z,USD,693544.0,693544.0,,0.02,0.11,0.11,0.18
me04-054,Skuntank,54,Uncommon,2026-07-23T08:03:03.735Z,EUR,886446,2026-07-23T08:03:01.941Z,USD,693544.0,693544.0,,0.02,0.11,0.11,0.18
me04-054,Skuntank,54,Uncommon,2026-07-24T08:03:04.300Z,EUR,886446,2026-07-24T08:03:02.308Z,USD,693544.0,693544.0,,0.02,0.11,0.1,0.17
me04-054,Skuntank,54,Uncommon,2026-07-25T08:03:03.827Z,EUR,886446,2026-07-25T08:03:02.306Z,USD,693544.0,693544.0,,0.02,0.11,0.1,0.24
me04-054,Skuntank,54,Uncommon,2026-07-26T08:03:04.532Z,EUR,886446,2026-07-26T08:03:42.077Z,USD,693544.0,693544.0,,0.03,0.09,0.09,0.28
me04-054,Skuntank,54,Uncommon,2026-07-27T08:03:04.458Z,EUR,886446,2026-07-27T08:03:49.056Z,USD,693544.0,693544.0,,0.02,0.07,0.07,0.25
me04-055,Krookodile ex,55,Double rare,2026-07-06T18:05:01.132Z,EUR,886447,2026-07-06T18:05:01.021Z,USD,,,693504.0,0.42,,,
me04-055,Krookodile ex,55,Double rare,2026-07-07T18:05:09.041Z,EUR,886447,2026-07-07T18:05:06.951Z,USD,,,693504.0,0.42,,,
me04-055,Krookodile ex,55,Double rare,2026-07-08T18:05:11.087Z,EUR,886447,2026-07-08T18:05:07.571Z,USD,,,693504.0,0.32,,,
me04-055,Krookodile ex,55,Double rare,2026-07-09T18:05:09.065Z,EUR,886447,2026-07-09T18:05:06.660Z,USD,,,693504.0,0.47,,,
me04-055,Krookodile ex,55,Double rare,2026-07-10T18:05:08.528Z,EUR,886447,2026-07-10T18:05:06.309Z,USD,,,693504.0,0.39,,,
me04-055,Krookodile ex,55,Double rare,2026-07-11T18:05:08.252Z,EUR,886447,2026-07-11T18:05:05.951Z,USD,,,693504.0,0.39,,,
me04-055,Krookodile ex,55,Double rare,2026-07-12T18:05:09.094Z,EUR,886447,2026-07-12T18:05:07.281Z,USD,,,693504.0,0.39,,,
me04-055,Krookodile ex,55,Double rare,2026-07-13T18:05:07.999Z,EUR,886447,2026-07-13T18:05:06.325Z,USD,,,693504.0,0.4,,,
me04-055,Krookodile ex,55,Double rare,2026-07-14T18:05:08.458Z,EUR,886447,2026-07-14T18:05:05.984Z,USD,,,693504.0,0.4,,,
me04-055,Krookodile ex,55,Double rare,2026-07-15T18:05:08.182Z,EUR,886447,2026-07-15T18:05:06.072Z,USD,,,693504.0,0.4,,,
me04-055,Krookodile ex,55,Double rare,2026-07-16T18:05:08.727Z,EUR,886447,2026-07-16T18:05:05.995Z,USD,,,693504.0,0.4,,,
me04-055,Krookodile ex,55,Double rare,2026-07-17T18:05:10.824Z,EUR,886447,2026-07-17T18:05:07.352Z,USD,,,693504.0,0.4,,,
me04-055,Krookodile ex,55,Double rare,2026-07-18T08:02:59.387Z,EUR,886447,2026-07-18T08:02:56.980Z,USD,,,693504.0,0.4,,,
me04-055,Krookodile ex,55,Double rare,2026-07-19T08:03:04.658Z,EUR,886447,2026-07-19T08:03:02.364Z,USD,,,693504.0,0.4,,,
me04-055,Krookodile ex,55,Double rare,2026-07-20T08:03:04.811Z,EUR,886447,2026-07-20T08:03:02.216Z,USD,,,693504.0,0.34,,,
me04-055,Krookodile ex,55,Double rare,2026-07-21T08:03:04.252Z,EUR,886447,2026-07-21T08:03:02.310Z,USD,,,693504.0,0.34,,,
me04-055,Krookodile ex,55,Double rare,2026-07-22T08:03:06.627Z,EUR,886447,2026-07-22T08:03:04.165Z,USD,,,693504.0,0.34,,,
me04-055,Krookodile ex,55,Double rare,2026-07-23T08:03:03.735Z,EUR,886447,2026-07-23T08:03:01.941Z,USD,,,693504.0,0.34,,,
me04-055,Krookodile ex,55,Double rare,2026-07-24T08:03:04.359Z,EUR,886447,2026-07-24T08:03:02.308Z,USD,,,693504.0,0.34,,,
me04-055,Krookodile ex,55,Double rare,2026-07-25T08:03:03.827Z,EUR,886447,2026-07-25T08:03:02.306Z,USD,,,693504.0,0.34,,,
me04-055,Krookodile ex,55,Double rare,2026-07-26T08:03:04.532Z,EUR,886447,2026-07-26T08:03:42.077Z,USD,,,693504.0,0.49,,,
me04-055,Krookodile ex,55,Double rare,2026-07-27T08:03:04.705Z,EUR,886447,2026-07-27T08:03:49.056Z,USD,,,693504.0,0.5,,,
me04-056,Trubbish,56,Common,2026-07-06T18:05:01.396Z,EUR,886448,2026-07-06T18:05:01.021Z,USD,693557.0,693557.0,,0.02,0.11,0.15,0.24
me04-056,Trubbish,56,Common,2026-07-07T18:05:09.041Z,EUR,886448,2026-07-07T18:05:06.951Z,USD,693557.0,693557.0,,0.02,0.11,0.16,0.21
me04-056,Trubbish,56,Common,2026-07-08T18:05:10.950Z,EUR,886448,2026-07-08T18:05:07.571Z,USD,693557.0,693557.0,,0.06,0.13,0.13,0.19
me04-056,Trubbish,56,Common,2026-07-09T18:05:08.755Z,EUR,886448,2026-07-09T18:05:06.660Z,USD,693557.0,693557.0,,0.02,0.17,0.13,0.18
me04-056,Trubbish,56,Common,2026-07-10T18:05:08.528Z,EUR,886448,2026-07-10T18:05:06.309Z,USD,693557.0,693557.0,,0.02,0.07,0.13,0.17
me04-056,Trubbish,56,Common,2026-07-11T18:05:07.832Z,EUR,886448,2026-07-11T18:05:05.951Z,USD,693557.0,693557.0,,0.02,0.07,0.13,0.15
me04-056,Trubbish,56,Common,2026-07-12T18:05:09.094Z,EUR,886448,2026-07-12T18:05:07.281Z,USD,693557.0,693557.0,,0.02,0.07,0.13,0.15
me04-056,Trubbish,56,Common,2026-07-13T18:05:07.999Z,EUR,886448,2026-07-13T18:05:06.325Z,USD,693557.0,693557.0,,0.02,0.06,0.11,0.17
me04-056,Trubbish,56,Common,2026-07-14T18:05:08.458Z,EUR,886448,2026-07-14T18:05:05.984Z,USD,693557.0,693557.0,,0.02,0.06,0.12,0.21
me04-056,Trubbish,56,Common,2026-07-15T18:05:08.182Z,EUR,886448,2026-07-15T18:05:06.072Z,USD,693557.0,693557.0,,0.02,0.06,0.12,0.19
me04-056,Trubbish,56,Common,2026-07-16T18:05:08.727Z,EUR,886448,2026-07-16T18:05:05.995Z,USD,693557.0,693557.0,,0.02,0.06,0.11,0.23
me04-056,Trubbish,56,Common,2026-07-17T18:05:10.824Z,EUR,886448,2026-07-17T18:05:07.352Z,USD,693557.0,693557.0,,0.02,0.06,0.12,0.25
me04-056,Trubbish,56,Common,2026-07-18T08:02:59.776Z,EUR,886448,2026-07-18T08:02:56.980Z,USD,693557.0,693557.0,,0.02,0.06,0.12,0.24
me04-056,Trubbish,56,Common,2026-07-19T08:03:04.658Z,EUR,886448,2026-07-19T08:03:02.364Z,USD,693557.0,693557.0,,0.02,0.06,0.11,0.21
me04-056,Trubbish,56,Common,2026-07-20T08:03:04.265Z,EUR,886448,2026-07-20T08:03:02.216Z,USD,693557.0,693557.0,,0.05,0.09,0.1,0.22
me04-056,Trubbish,56,Common,2026-07-21T08:03:04.252Z,EUR,886448,2026-07-21T08:03:02.310Z,USD,693557.0,693557.0,,0.05,0.09,0.12,0.23
me04-056,Trubbish,56,Common,2026-07-22T08:03:06.471Z,EUR,886448,2026-07-22T08:03:04.165Z,USD,693557.0,693557.0,,0.05,0.09,0.11,0.23
me04-056,Trubbish,56,Common,2026-07-23T08:03:03.735Z,EUR,886448,2026-07-23T08:03:01.941Z,USD,693557.0,693557.0,,0.05,0.09,0.11,0.25
me04-056,Trubbish,56,Common,2026-07-24T08:03:04.359Z,EUR,886448,2026-07-24T08:03:02.308Z,USD,693557.0,693557.0,,0.05,0.09,0.13,0.25
me04-056,Trubbish,56,Common,2026-07-25T08:03:04.261Z,EUR,886448,2026-07-25T08:03:02.306Z,USD,693557.0,693557.0,,0.05,0.09,0.12,0.25
me04-056,Trubbish,56,Common,2026-07-26T08:03:04.532Z,EUR,886448,2026-07-26T08:03:42.077Z,USD,693557.0,693557.0,,0.02,0.11,0.1,0.25
me04-056,Trubbish,56,Common,2026-07-27T08:03:04.458Z,EUR,886448,2026-07-27T08:03:49.056Z,USD,693557.0,693557.0,,0.02,0.1,0.07,0.24
me04-057,Garbodor,57,Uncommon,2026-07-06T18:05:01.253Z,EUR,886449,2026-07-06T18:05:01.021Z,USD,693492.0,693492.0,,0.02,0.1,0.1,0.24
me04-057,Garbodor,57,Uncommon,2026-07-07T18:05:09.149Z,EUR,886449,2026-07-07T18:05:06.951Z,USD,693492.0,693492.0,,0.02,0.1,0.09,0.24
me04-057,Garbodor,57,Uncommon,2026-07-08T18:05:10.950Z,EUR,886449,2026-07-08T18:05:07.571Z,USD,693492.0,693492.0,,0.02,0.14,0.09,0.22
me04-057,Garbodor,57,Uncommon,2026-07-09T18:05:08.755Z,EUR,886449,2026-07-09T18:05:06.660Z,USD,693492.0,693492.0,,0.02,0.1,0.07,0.24
me04-057,Garbodor,57,Uncommon,2026-07-10T18:05:08.528Z,EUR,886449,2026-07-10T18:05:06.309Z,USD,693492.0,693492.0,,0.02,0.09,0.05,0.23
me04-057,Garbodor,57,Uncommon,2026-07-11T18:05:07.832Z,EUR,886449,2026-07-11T18:05:05.951Z,USD,693492.0,693492.0,,0.02,0.09,0.06,0.22
me04-057,Garbodor,57,Uncommon,2026-07-12T18:05:09.094Z,EUR,886449,2026-07-12T18:05:07.281Z,USD,693492.0,693492.0,,0.02,0.09,0.07,0.19
me04-057,Garbodor,57,Uncommon,2026-07-13T18:05:07.999Z,EUR,886449,2026-07-13T18:05:06.325Z,USD,693492.0,693492.0,,0.02,0.1,0.07,0.22
me04-057,Garbodor,57,Uncommon,2026-07-14T18:05:08.458Z,EUR,886449,2026-07-14T18:05:05.984Z,USD,693492.0,693492.0,,0.02,0.1,0.05,0.23
me04-057,Garbodor,57,Uncommon,2026-07-15T18:05:08.182Z,EUR,886449,2026-07-15T18:05:06.072Z,USD,693492.0,693492.0,,0.02,0.1,0.07,0.24
me04-057,Garbodor,57,Uncommon,2026-07-16T18:05:08.727Z,EUR,886449,2026-07-16T18:05:05.995Z,USD,693492.0,693492.0,,0.02,0.1,0.09,0.24
me04-057,Garbodor,57,Uncommon,2026-07-17T18:05:09.396Z,EUR,886449,2026-07-17T18:05:07.352Z,USD,693492.0,693492.0,,0.02,0.1,0.08,0.25
me04-057,Garbodor,57,Uncommon,2026-07-18T08:02:59.387Z,EUR,886449,2026-07-18T08:02:56.980Z,USD,693492.0,693492.0,,0.02,0.1,0.07,0.27
me04-057,Garbodor,57,Uncommon,2026-07-19T08:03:04.320Z,EUR,886449,2026-07-19T08:03:02.364Z,USD,693492.0,693492.0,,0.02,0.1,0.08,0.28
me04-057,Garbodor,57,Uncommon,2026-07-20T08:03:04.265Z,EUR,886449,2026-07-20T08:03:02.216Z,USD,693492.0,693492.0,,0.02,0.09,0.07,0.26
me04-057,Garbodor,57,Uncommon,2026-07-21T08:03:04.252Z,EUR,886449,2026-07-21T08:03:02.310Z,USD,693492.0,693492.0,,0.02,0.09,0.07,0.24
me04-057,Garbodor,57,Uncommon,2026-07-22T08:03:06.627Z,EUR,886449,2026-07-22T08:03:04.165Z,USD,693492.0,693492.0,,0.02,0.09,0.08,0.24
me04-057,Garbodor,57,Uncommon,2026-07-23T08:03:03.735Z,EUR,886449,2026-07-23T08:03:01.941Z,USD,693492.0,693492.0,,0.02,0.09,0.08,0.2
me04-057,Garbodor,57,Uncommon,2026-07-24T08:03:04.359Z,EUR,886449,2026-07-24T08:03:02.308Z,USD,693492.0,693492.0,,0.02,0.09,0.07,0.22
me04-057,Garbodor,57,Uncommon,2026-07-25T08:03:04.302Z,EUR,886449,2026-07-25T08:03:02.306Z,USD,693492.0,693492.0,,0.02,0.09,0.08,0.23
me04-057,Garbodor,57,Uncommon,2026-07-26T08:03:04.571Z,EUR,886449,2026-07-26T08:03:42.077Z,USD,693492.0,693492.0,,0.05,0.09,0.08,0.27
me04-057,Garbodor,57,Uncommon,2026-07-27T08:03:04.705Z,EUR,886449,2026-07-27T08:03:49.056Z,USD,693492.0,693492.0,,0.02,0.06,0.07,0.26
me04-058,Skrelp,58,Common,2026-07-06T18:05:01.396Z,EUR,886450,2026-07-06T18:05:01.021Z,USD,693543.0,693543.0,,0.03,0.07,0.1,0.23
me04-058,Skrelp,58,Common,2026-07-07T18:05:09.149Z,EUR,886450,2026-07-07T18:05:06.951Z,USD,693543.0,693543.0,,0.03,0.07,0.11,0.22
me04-058,Skrelp,58,Common,2026-07-08T18:05:11.087Z,EUR,886450,2026-07-08T18:05:07.571Z,USD,693543.0,693543.0,,0.03,0.23,0.12,0.23
me04-058,Skrelp,58,Common,2026-07-09T18:05:09.065Z,EUR,886450,2026-07-09T18:05:06.660Z,USD,693543.0,693543.0,,0.02,0.14,0.15,0.25
me04-058,Skrelp,58,Common,2026-07-10T18:05:08.528Z,EUR,886450,2026-07-10T18:05:06.309Z,USD,693543.0,693543.0,,0.02,0.09,0.19,0.24
me04-058,Skrelp,58,Common,2026-07-11T18:05:07.832Z,EUR,886450,2026-07-11T18:05:05.951Z,USD,693543.0,693543.0,,0.02,0.09,0.15,0.25
me04-058,Skrelp,58,Common,2026-07-12T18:05:09.094Z,EUR,886450,2026-07-12T18:05:07.281Z,USD,693543.0,693543.0,,0.02,0.09,0.15,0.22
me04-058,Skrelp,58,Common,2026-07-13T18:05:07.999Z,EUR,886450,2026-07-13T18:05:06.325Z,USD,693543.0,693543.0,,0.27,0.07,0.15,0.25
me04-058,Skrelp,58,Common,2026-07-14T18:05:08.458Z,EUR,886450,2026-07-14T18:05:05.984Z,USD,693543.0,693543.0,,0.27,0.07,0.16,0.24
me04-058,Skrelp,58,Common,2026-07-15T18:05:08.182Z,EUR,886450,2026-07-15T18:05:06.072Z,USD,693543.0,693543.0,,0.27,0.07,0.12,0.25
me04-058,Skrelp,58,Common,2026-07-16T18:05:08.727Z,EUR,886450,2026-07-16T18:05:05.995Z,USD,693543.0,693543.0,,0.27,0.07,0.14,0.24
me04-058,Skrelp,58,Common,2026-07-17T18:05:10.102Z,EUR,886450,2026-07-17T18:05:07.352Z,USD,693543.0,693543.0,,0.27,0.07,0.17,0.25
me04-058,Skrelp,58,Common,2026-07-18T08:02:59.776Z,EUR,886450,2026-07-18T08:02:56.980Z,USD,693543.0,693543.0,,0.27,0.07,0.16,0.23
me04-058,Skrelp,58,Common,2026-07-19T08:03:04.558Z,EUR,886450,2026-07-19T08:03:02.364Z,USD,693543.0,693543.0,,0.27,0.07,0.16,0.22
me04-058,Skrelp,58,Common,2026-07-20T08:03:04.265Z,EUR,886450,2026-07-20T08:03:02.216Z,USD,693543.0,693543.0,,0.02,0.08,0.16,0.21
me04-058,Skrelp,58,Common,2026-07-21T08:03:04.115Z,EUR,886450,2026-07-21T08:03:02.310Z,USD,693543.0,693543.0,,0.02,0.08,0.15,0.25
me04-058,Skrelp,58,Common,2026-07-22T08:03:06.399Z,EUR,886450,2026-07-22T08:03:04.165Z,USD,693543.0,693543.0,,0.02,0.08,0.14,0.25
me04-058,Skrelp,58,Common,2026-07-23T08:03:03.735Z,EUR,886450,2026-07-23T08:03:01.941Z,USD,693543.0,693543.0,,0.02,0.08,0.13,0.25
me04-058,Skrelp,58,Common,2026-07-24T08:03:04.300Z,EUR,886450,2026-07-24T08:03:02.308Z,USD,693543.0,693543.0,,0.02,0.08,0.14,0.26
me04-058,Skrelp,58,Common,2026-07-25T08:03:03.827Z,EUR,886450,2026-07-25T08:03:02.306Z,USD,693543.0,693543.0,,0.02,0.08,0.11,0.28
me04-058,Skrelp,58,Common,2026-07-26T08:03:04.571Z,EUR,886450,2026-07-26T08:03:42.077Z,USD,693543.0,693543.0,,0.02,0.16,0.11,0.3
me04-058,Skrelp,58,Common,2026-07-27T08:03:04.458Z,EUR,886450,2026-07-27T08:03:49.056Z,USD,693543.0,693543.0,,0.03,0.08,0.09,0.33
me04-059,Beldum,59,Common,2026-07-06T18:05:01.396Z,EUR,886451,2026-07-06T18:05:01.021Z,USD,693455.0,693455.0,,0.18,0.08,0.11,0.15
me04-059,Beldum,59,Common,2026-07-07T18:05:09.149Z,EUR,886451,2026-07-07T18:05:06.951Z,USD,693455.0,693455.0,,0.18,0.08,0.09,0.17
me04-059,Beldum,59,Common,2026-07-08T18:05:10.657Z,EUR,886451,2026-07-08T18:05:07.571Z,USD,693455.0,693455.0,,0.02,0.05,0.07,0.15
me04-059,Beldum,59,Common,2026-07-09T18:05:09.065Z,EUR,886451,2026-07-09T18:05:06.660Z,USD,693455.0,693455.0,,0.03,0.1,0.09,0.15
me04-059,Beldum,59,Common,2026-07-10T18:05:08.528Z,EUR,886451,2026-07-10T18:05:06.309Z,USD,693455.0,693455.0,,0.02,0.08,0.11,0.17
me04-059,Beldum,59,Common,2026-07-11T18:05:07.832Z,EUR,886451,2026-07-11T18:05:05.951Z,USD,693455.0,693455.0,,0.02,0.08,0.14,0.17
me04-059,Beldum,59,Common,2026-07-12T18:05:09.094Z,EUR,886451,2026-07-12T18:05:07.281Z,USD,693455.0,693455.0,,0.02,0.08,0.13,0.2
me04-059,Beldum,59,Common,2026-07-13T18:05:07.999Z,EUR,886451,2026-07-13T18:05:06.325Z,USD,693455.0,693455.0,,0.02,0.08,0.16,0.2
me04-059,Beldum,59,Common,2026-07-14T18:05:08.458Z,EUR,886451,2026-07-14T18:05:05.984Z,USD,693455.0,693455.0,,0.02,0.08,0.17,0.17
me04-059,Beldum,59,Common,2026-07-15T18:05:08.182Z,EUR,886451,2026-07-15T18:05:06.072Z,USD,693455.0,693455.0,,0.02,0.08,0.14,0.17
me04-059,Beldum,59,Common,2026-07-16T18:05:08.727Z,EUR,886451,2026-07-16T18:05:05.995Z,USD,693455.0,693455.0,,0.02,0.08,0.15,0.19
me04-059,Beldum,59,Common,2026-07-17T18:05:10.102Z,EUR,886451,2026-07-17T18:05:07.352Z,USD,693455.0,693455.0,,0.02,0.08,0.14,0.21
me04-059,Beldum,59,Common,2026-07-18T08:02:59.776Z,EUR,886451,2026-07-18T08:02:56.980Z,USD,693455.0,693455.0,,0.02,0.08,0.11,0.22
me04-059,Beldum,59,Common,2026-07-19T08:03:04.658Z,EUR,886451,2026-07-19T08:03:02.364Z,USD,693455.0,693455.0,,0.02,0.08,0.12,0.21
me04-059,Beldum,59,Common,2026-07-20T08:03:04.386Z,EUR,886451,2026-07-20T08:03:02.216Z,USD,693455.0,693455.0,,0.07,0.09,0.1,0.19
me04-059,Beldum,59,Common,2026-07-21T08:03:04.252Z,EUR,886451,2026-07-21T08:03:02.310Z,USD,693455.0,693455.0,,0.07,0.09,0.15,0.2
me04-059,Beldum,59,Common,2026-07-22T08:03:06.558Z,EUR,886451,2026-07-22T08:03:04.165Z,USD,693455.0,693455.0,,0.07,0.09,0.2,0.24
me04-059,Beldum,59,Common,2026-07-23T08:03:03.735Z,EUR,886451,2026-07-23T08:03:01.941Z,USD,693455.0,693455.0,,0.07,0.09,0.19,0.24
me04-059,Beldum,59,Common,2026-07-24T08:03:04.300Z,EUR,886451,2026-07-24T08:03:02.308Z,USD,693455.0,693455.0,,0.07,0.09,0.19,0.2
me04-059,Beldum,59,Common,2026-07-25T08:03:04.261Z,EUR,886451,2026-07-25T08:03:02.306Z,USD,693455.0,693455.0,,0.07,0.09,0.19,0.23
me04-059,Beldum,59,Common,2026-07-26T08:03:04.532Z,EUR,886451,2026-07-26T08:03:42.077Z,USD,693455.0,693455.0,,0.06,0.1,0.14,0.26
me04-059,Beldum,59,Common,2026-07-27T08:03:04.458Z,EUR,886451,2026-07-27T08:03:49.056Z,USD,693455.0,693455.0,,0.05,0.08,0.09,0.23
me04-060,Metang,60,Common,2026-07-06T18:05:01.396Z,EUR,886452,2026-07-06T18:05:01.021Z,USD,693523.0,693523.0,,0.02,0.08,0.11,0.19
me04-060,Metang,60,Common,2026-07-07T18:05:09.041Z,EUR,886452,2026-07-07T18:05:06.951Z,USD,693523.0,693523.0,,0.02,0.08,0.11,0.22
me04-060,Metang,60,Common,2026-07-08T18:05:10.950Z,EUR,886452,2026-07-08T18:05:07.571Z,USD,693523.0,693523.0,,0.02,0.13,0.1,0.2
me04-060,Metang,60,Common,2026-07-09T18:05:09.065Z,EUR,886452,2026-07-09T18:05:06.660Z,USD,693523.0,693523.0,,0.02,0.1,0.08,0.19
me04-060,Metang,60,Common,2026-07-10T18:05:08.528Z,EUR,886452,2026-07-10T18:05:06.309Z,USD,693523.0,693523.0,,0.02,0.08,0.08,0.17
me04-060,Metang,60,Common,2026-07-11T18:05:07.832Z,EUR,886452,2026-07-11T18:05:05.951Z,USD,693523.0,693523.0,,0.02,0.08,0.09,0.17
me04-060,Metang,60,Common,2026-07-12T18:05:09.094Z,EUR,886452,2026-07-12T18:05:07.281Z,USD,693523.0,693523.0,,0.02,0.08,0.09,0.2
me04-060,Metang,60,Common,2026-07-13T18:05:07.999Z,EUR,886452,2026-07-13T18:05:06.325Z,USD,693523.0,693523.0,,0.02,0.07,0.1,0.2
me04-060,Metang,60,Common,2026-07-14T18:05:08.458Z,EUR,886452,2026-07-14T18:05:05.984Z,USD,693523.0,693523.0,,0.02,0.07,0.11,0.18
me04-060,Metang,60,Common,2026-07-15T18:05:08.182Z,EUR,886452,2026-07-15T18:05:06.072Z,USD,693523.0,693523.0,,0.02,0.07,0.1,0.18
me04-060,Metang,60,Common,2026-07-16T18:05:08.727Z,EUR,886452,2026-07-16T18:05:05.995Z,USD,693523.0,693523.0,,0.02,0.07,0.11,0.22
me04-060,Metang,60,Common,2026-07-17T18:05:09.396Z,EUR,886452,2026-07-17T18:05:07.352Z,USD,693523.0,693523.0,,0.02,0.07,0.12,0.21
me04-060,Metang,60,Common,2026-07-18T08:02:59.776Z,EUR,886452,2026-07-18T08:02:56.980Z,USD,693523.0,693523.0,,0.02,0.07,0.14,0.22
me04-060,Metang,60,Common,2026-07-19T08:03:04.658Z,EUR,886452,2026-07-19T08:03:02.364Z,USD,693523.0,693523.0,,0.02,0.07,0.12,0.25
me04-060,Metang,60,Common,2026-07-20T08:03:04.265Z,EUR,886452,2026-07-20T08:03:02.216Z,USD,693523.0,693523.0,,0.02,0.1,0.11,0.23
me04-060,Metang,60,Common,2026-07-21T08:03:04.115Z,EUR,886452,2026-07-21T08:03:02.310Z,USD,693523.0,693523.0,,0.02,0.1,0.15,0.19
me04-060,Metang,60,Common,2026-07-22T08:03:06.558Z,EUR,886452,2026-07-22T08:03:04.165Z,USD,693523.0,693523.0,,0.02,0.1,0.15,0.17
me04-060,Metang,60,Common,2026-07-23T08:03:03.735Z,EUR,886452,2026-07-23T08:03:01.941Z,USD,693523.0,693523.0,,0.02,0.1,0.13,0.18
me04-060,Metang,60,Common,2026-07-24T08:03:04.300Z,EUR,886452,2026-07-24T08:03:02.308Z,USD,693523.0,693523.0,,0.02,0.1,0.14,0.21
me04-060,Metang,60,Common,2026-07-25T08:03:04.261Z,EUR,886452,2026-07-25T08:03:02.306Z,USD,693523.0,693523.0,,0.02,0.1,0.17,0.25
me04-060,Metang,60,Common,2026-07-26T08:03:04.571Z,EUR,886452,2026-07-26T08:03:42.077Z,USD,693523.0,693523.0,,0.05,0.1,0.14,0.28
me04-060,Metang,60,Common,2026-07-27T08:03:04.458Z,EUR,886452,2026-07-27T08:03:49.056Z,USD,693523.0,693523.0,,0.05,0.07,0.12,0.29
me04-061,Metagross,61,Uncommon,2026-07-06T18:05:01.500Z,EUR,886453,2026-07-06T18:05:01.021Z,USD,693522.0,693522.0,,0.18,0.14,0.12,0.28
me04-061,Metagross,61,Uncommon,2026-07-07T18:05:09.149Z,EUR,886453,2026-07-07T18:05:06.951Z,USD,693522.0,693522.0,,0.18,0.14,0.13,0.31
me04-061,Metagross,61,Uncommon,2026-07-08T18:05:11.087Z,EUR,886453,2026-07-08T18:05:07.571Z,USD,693522.0,693522.0,,0.02,0.09,0.1,0.31
me04-061,Metagross,61,Uncommon,2026-07-09T18:05:09.065Z,EUR,886453,2026-07-09T18:05:06.660Z,USD,693522.0,693522.0,,0.07,0.16,0.15,0.26
me04-061,Metagross,61,Uncommon,2026-07-10T18:05:08.528Z,EUR,886453,2026-07-10T18:05:06.309Z,USD,693522.0,693522.0,,0.06,0.15,0.15,0.27
me04-061,Metagross,61,Uncommon,2026-07-11T18:05:07.832Z,EUR,886453,2026-07-11T18:05:05.951Z,USD,693522.0,693522.0,,0.06,0.15,0.14,0.28
me04-061,Metagross,61,Uncommon,2026-07-12T18:05:09.094Z,EUR,886453,2026-07-12T18:05:07.281Z,USD,693522.0,693522.0,,0.06,0.15,0.18,0.28
me04-061,Metagross,61,Uncommon,2026-07-13T18:05:07.901Z,EUR,886453,2026-07-13T18:05:06.325Z,USD,693522.0,693522.0,,0.11,0.11,0.25,0.27
me04-061,Metagross,61,Uncommon,2026-07-14T18:05:08.458Z,EUR,886453,2026-07-14T18:05:05.984Z,USD,693522.0,693522.0,,0.11,0.11,0.21,0.25
me04-061,Metagross,61,Uncommon,2026-07-15T18:05:08.182Z,EUR,886453,2026-07-15T18:05:06.072Z,USD,693522.0,693522.0,,0.11,0.11,0.16,0.25
me04-061,Metagross,61,Uncommon,2026-07-16T18:05:08.727Z,EUR,886453,2026-07-16T18:05:05.995Z,USD,693522.0,693522.0,,0.11,0.11,0.18,0.25
me04-061,Metagross,61,Uncommon,2026-07-17T18:05:09.396Z,EUR,886453,2026-07-17T18:05:07.352Z,USD,693522.0,693522.0,,0.11,0.11,0.18,0.26
me04-061,Metagross,61,Uncommon,2026-07-18T08:02:59.776Z,EUR,886453,2026-07-18T08:02:56.980Z,USD,693522.0,693522.0,,0.11,0.11,0.15,0.27
me04-061,Metagross,61,Uncommon,2026-07-19T08:03:04.384Z,EUR,886453,2026-07-19T08:03:02.364Z,USD,693522.0,693522.0,,0.11,0.11,0.19,0.27
me04-061,Metagross,61,Uncommon,2026-07-20T08:03:04.386Z,EUR,886453,2026-07-20T08:03:02.216Z,USD,693522.0,693522.0,,0.08,0.11,0.14,0.28
me04-061,Metagross,61,Uncommon,2026-07-21T08:03:04.115Z,EUR,886453,2026-07-21T08:03:02.310Z,USD,693522.0,693522.0,,0.08,0.11,0.18,0.28
me04-061,Metagross,61,Uncommon,2026-07-22T08:03:06.627Z,EUR,886453,2026-07-22T08:03:04.165Z,USD,693522.0,693522.0,,0.08,0.11,0.16,0.26
me04-061,Metagross,61,Uncommon,2026-07-23T08:03:03.735Z,EUR,886453,2026-07-23T08:03:01.941Z,USD,693522.0,693522.0,,0.08,0.11,0.22,0.33
me04-061,Metagross,61,Uncommon,2026-07-24T08:03:04.300Z,EUR,886453,2026-07-24T08:03:02.308Z,USD,693522.0,693522.0,,0.08,0.11,0.2,0.3
me04-061,Metagross,61,Uncommon,2026-07-25T08:03:04.261Z,EUR,886453,2026-07-25T08:03:02.306Z,USD,693522.0,693522.0,,0.08,0.11,0.19,0.43
me04-061,Metagross,61,Uncommon,2026-07-26T08:03:04.571Z,EUR,886453,2026-07-26T08:03:42.077Z,USD,693522.0,693522.0,,0.07,0.4,0.16,0.45
me04-061,Metagross,61,Uncommon,2026-07-27T08:03:04.458Z,EUR,886453,2026-07-27T08:03:49.056Z,USD,693522.0,693522.0,,0.09,0.17,0.18,0.27
me04-062,Ferroseed,62,Common,2026-07-06T18:05:01.253Z,EUR,886454,2026-07-06T18:05:01.021Z,USD,693485.0,693485.0,,0.02,0.06,0.09,0.19
me04-062,Ferroseed,62,Common,2026-07-07T18:05:09.149Z,EUR,886454,2026-07-07T18:05:06.951Z,USD,693485.0,693485.0,,0.02,0.06,0.08,0.21
me04-062,Ferroseed,62,Common,2026-07-08T18:05:11.087Z,EUR,886454,2026-07-08T18:05:07.571Z,USD,693485.0,693485.0,,0.05,0.1,0.08,0.21
me04-062,Ferroseed,62,Common,2026-07-09T18:05:09.065Z,EUR,886454,2026-07-09T18:05:06.660Z,USD,693485.0,693485.0,,0.02,0.11,0.08,0.2
me04-062,Ferroseed,62,Common,2026-07-10T18:05:08.528Z,EUR,886454,2026-07-10T18:05:06.309Z,USD,693485.0,693485.0,,0.02,0.06,0.08,0.17
me04-062,Ferroseed,62,Common,2026-07-11T18:05:07.832Z,EUR,886454,2026-07-11T18:05:05.951Z,USD,693485.0,693485.0,,0.02,0.06,0.07,0.16
me04-062,Ferroseed,62,Common,2026-07-12T18:05:09.094Z,EUR,886454,2026-07-12T18:05:07.281Z,USD,693485.0,693485.0,,0.02,0.06,0.06,0.16
me04-062,Ferroseed,62,Common,2026-07-13T18:05:07.999Z,EUR,886454,2026-07-13T18:05:06.325Z,USD,693485.0,693485.0,,0.02,0.07,0.05,0.15
me04-062,Ferroseed,62,Common,2026-07-14T18:05:08.458Z,EUR,886454,2026-07-14T18:05:05.984Z,USD,693485.0,693485.0,,0.02,0.07,0.04,0.15
me04-062,Ferroseed,62,Common,2026-07-15T18:05:08.182Z,EUR,886454,2026-07-15T18:05:06.072Z,USD,693485.0,693485.0,,0.02,0.07,0.04,0.16
me04-062,Ferroseed,62,Common,2026-07-16T18:05:08.727Z,EUR,886454,2026-07-16T18:05:05.995Z,USD,693485.0,693485.0,,0.02,0.07,0.05,0.18
me04-062,Ferroseed,62,Common,2026-07-17T18:05:09.396Z,EUR,886454,2026-07-17T18:05:07.352Z,USD,693485.0,693485.0,,0.02,0.07,0.05,0.19
me04-062,Ferroseed,62,Common,2026-07-18T08:02:59.776Z,EUR,886454,2026-07-18T08:02:56.980Z,USD,693485.0,693485.0,,0.02,0.07,0.05,0.2
me04-062,Ferroseed,62,Common,2026-07-19T08:03:04.658Z,EUR,886454,2026-07-19T08:03:02.364Z,USD,693485.0,693485.0,,0.02,0.07,0.06,0.18
me04-062,Ferroseed,62,Common,2026-07-20T08:03:04.265Z,EUR,886454,2026-07-20T08:03:02.216Z,USD,693485.0,693485.0,,0.02,0.08,0.07,0.19
me04-062,Ferroseed,62,Common,2026-07-21T08:03:04.252Z,EUR,886454,2026-07-21T08:03:02.310Z,USD,693485.0,693485.0,,0.02,0.08,0.07,0.19
me04-062,Ferroseed,62,Common,2026-07-22T08:03:06.558Z,EUR,886454,2026-07-22T08:03:04.165Z,USD,693485.0,693485.0,,0.02,0.08,0.06,0.2
me04-062,Ferroseed,62,Common,2026-07-23T08:03:03.735Z,EUR,886454,2026-07-23T08:03:01.941Z,USD,693485.0,693485.0,,0.02,0.08,0.06,0.17
me04-062,Ferroseed,62,Common,2026-07-24T08:03:04.300Z,EUR,886454,2026-07-24T08:03:02.308Z,USD,693485.0,693485.0,,0.02,0.08,0.06,0.2
me04-062,Ferroseed,62,Common,2026-07-25T08:03:04.624Z,EUR,886454,2026-07-25T08:03:02.306Z,USD,693485.0,693485.0,,0.02,0.08,0.05,0.22
me04-062,Ferroseed,62,Common,2026-07-26T08:03:04.571Z,EUR,886454,2026-07-26T08:03:42.077Z,USD,693485.0,693485.0,,0.03,0.1,0.05,0.22
me04-062,Ferroseed,62,Common,2026-07-27T08:03:04.705Z,EUR,886454,2026-07-27T08:03:49.056Z,USD,693485.0,693485.0,,0.06,0.07,0.05,0.23
me04-063,Ferrothorn,63,Uncommon,2026-07-06T18:05:01.500Z,EUR,886455,2026-07-06T18:05:01.021Z,USD,693486.0,693486.0,,0.03,0.1,0.08,0.2
me04-063,Ferrothorn,63,Uncommon,2026-07-07T18:05:09.041Z,EUR,886455,2026-07-07T18:05:06.951Z,USD,693486.0,693486.0,,0.03,0.1,0.08,0.19
me04-063,Ferrothorn,63,Uncommon,2026-07-08T18:05:11.087Z,EUR,886455,2026-07-08T18:05:07.571Z,USD,693486.0,693486.0,,0.02,0.09,0.07,0.17
me04-063,Ferrothorn,63,Uncommon,2026-07-09T18:05:09.065Z,EUR,886455,2026-07-09T18:05:06.660Z,USD,693486.0,693486.0,,0.02,0.13,0.06,0.19
me04-063,Ferrothorn,63,Uncommon,2026-07-10T18:05:08.528Z,EUR,886455,2026-07-10T18:05:06.309Z,USD,693486.0,693486.0,,0.02,0.14,0.06,0.19
me04-063,Ferrothorn,63,Uncommon,2026-07-11T18:05:07.832Z,EUR,886455,2026-07-11T18:05:05.951Z,USD,693486.0,693486.0,,0.02,0.14,0.08,0.19
me04-063,Ferrothorn,63,Uncommon,2026-07-12T18:05:09.094Z,EUR,886455,2026-07-12T18:05:07.281Z,USD,693486.0,693486.0,,0.02,0.14,0.07,0.16
me04-063,Ferrothorn,63,Uncommon,2026-07-13T18:05:07.999Z,EUR,886455,2026-07-13T18:05:06.325Z,USD,693486.0,693486.0,,0.02,0.08,0.06,0.18
me04-063,Ferrothorn,63,Uncommon,2026-07-14T18:05:08.458Z,EUR,886455,2026-07-14T18:05:05.984Z,USD,693486.0,693486.0,,0.02,0.08,0.06,0.21
me04-063,Ferrothorn,63,Uncommon,2026-07-15T18:05:08.182Z,EUR,886455,2026-07-15T18:05:06.072Z,USD,693486.0,693486.0,,0.02,0.08,0.06,0.21
me04-063,Ferrothorn,63,Uncommon,2026-07-16T18:05:08.631Z,EUR,886455,2026-07-16T18:05:05.995Z,USD,693486.0,693486.0,,0.02,0.08,0.06,0.24
me04-063,Ferrothorn,63,Uncommon,2026-07-17T18:05:09.396Z,EUR,886455,2026-07-17T18:05:07.352Z,USD,693486.0,693486.0,,0.02,0.08,0.07,0.26
me04-063,Ferrothorn,63,Uncommon,2026-07-18T08:02:59.776Z,EUR,886455,2026-07-18T08:02:56.980Z,USD,693486.0,693486.0,,0.02,0.08,0.07,0.25
me04-063,Ferrothorn,63,Uncommon,2026-07-19T08:03:04.658Z,EUR,886455,2026-07-19T08:03:02.364Z,USD,693486.0,693486.0,,0.02,0.08,0.08,0.26
me04-063,Ferrothorn,63,Uncommon,2026-07-20T08:03:04.811Z,EUR,886455,2026-07-20T08:03:02.216Z,USD,693486.0,693486.0,,0.02,0.09,0.09,0.24
me04-063,Ferrothorn,63,Uncommon,2026-07-21T08:03:04.252Z,EUR,886455,2026-07-21T08:03:02.310Z,USD,693486.0,693486.0,,0.02,0.09,0.09,0.22
me04-063,Ferrothorn,63,Uncommon,2026-07-22T08:03:06.471Z,EUR,886455,2026-07-22T08:03:04.165Z,USD,693486.0,693486.0,,0.02,0.09,0.09,0.2
me04-063,Ferrothorn,63,Uncommon,2026-07-23T08:03:03.735Z,EUR,886455,2026-07-23T08:03:01.941Z,USD,693486.0,693486.0,,0.02,0.09,0.09,0.18
me04-063,Ferrothorn,63,Uncommon,2026-07-24T08:03:04.300Z,EUR,886455,2026-07-24T08:03:02.308Z,USD,693486.0,693486.0,,0.02,0.09,0.09,0.2
me04-063,Ferrothorn,63,Uncommon,2026-07-25T08:03:04.302Z,EUR,886455,2026-07-25T08:03:02.306Z,USD,693486.0,693486.0,,0.02,0.09,0.09,0.21
me04-063,Ferrothorn,63,Uncommon,2026-07-26T08:03:04.571Z,EUR,886455,2026-07-26T08:03:42.077Z,USD,693486.0,693486.0,,0.03,0.1,0.08,0.2
me04-063,Ferrothorn,63,Uncommon,2026-07-27T08:03:04.458Z,EUR,886455,2026-07-27T08:03:49.056Z,USD,693486.0,693486.0,,0.02,0.11,0.08,0.2
me04-064,Cobalion ex,64,Double rare,2026-07-06T18:05:01.396Z,EUR,886456,2026-07-06T18:05:01.021Z,USD,,,693468.0,0.32,,,
me04-064,Cobalion ex,64,Double rare,2026-07-07T18:05:09.041Z,EUR,886456,2026-07-07T18:05:06.951Z,USD,,,693468.0,0.32,,,
me04-064,Cobalion ex,64,Double rare,2026-07-08T18:05:10.657Z,EUR,886456,2026-07-08T18:05:07.571Z,USD,,,693468.0,0.3,,,
me04-064,Cobalion ex,64,Double rare,2026-07-09T18:05:09.065Z,EUR,886456,2026-07-09T18:05:06.660Z,USD,,,693468.0,0.43,,,
me04-064,Cobalion ex,64,Double rare,2026-07-10T18:05:08.528Z,EUR,886456,2026-07-10T18:05:06.309Z,USD,,,693468.0,0.32,,,
me04-064,Cobalion ex,64,Double rare,2026-07-11T18:05:07.832Z,EUR,886456,2026-07-11T18:05:05.951Z,USD,,,693468.0,0.32,,,
me04-064,Cobalion ex,64,Double rare,2026-07-12T18:05:09.094Z,EUR,886456,2026-07-12T18:05:07.281Z,USD,,,693468.0,0.32,,,
me04-064,Cobalion ex,64,Double rare,2026-07-13T18:05:07.999Z,EUR,886456,2026-07-13T18:05:06.325Z,USD,,,693468.0,0.41,,,
me04-064,Cobalion ex,64,Double rare,2026-07-14T18:05:08.458Z,EUR,886456,2026-07-14T18:05:05.984Z,USD,,,693468.0,0.41,,,
me04-064,Cobalion ex,64,Double rare,2026-07-15T18:05:08.182Z,EUR,886456,2026-07-15T18:05:06.072Z,USD,,,693468.0,0.41,,,
me04-064,Cobalion ex,64,Double rare,2026-07-16T18:05:08.727Z,EUR,886456,2026-07-16T18:05:05.995Z,USD,,,693468.0,0.41,,,
me04-064,Cobalion ex,64,Double rare,2026-07-17T18:05:10.824Z,EUR,886456,2026-07-17T18:05:07.352Z,USD,,,693468.0,0.41,,,
me04-064,Cobalion ex,64,Double rare,2026-07-18T08:02:59.776Z,EUR,886456,2026-07-18T08:02:56.980Z,USD,,,693468.0,0.41,,,
me04-064,Cobalion ex,64,Double rare,2026-07-19T08:03:04.658Z,EUR,886456,2026-07-19T08:03:02.364Z,USD,,,693468.0,0.41,,,
me04-064,Cobalion ex,64,Double rare,2026-07-20T08:03:04.265Z,EUR,886456,2026-07-20T08:03:02.216Z,USD,,,693468.0,0.34,,,
me04-064,Cobalion ex,64,Double rare,2026-07-21T08:03:04.115Z,EUR,886456,2026-07-21T08:03:02.310Z,USD,,,693468.0,0.34,,,
me04-064,Cobalion ex,64,Double rare,2026-07-22T08:03:06.471Z,EUR,886456,2026-07-22T08:03:04.165Z,USD,,,693468.0,0.34,,,
me04-064,Cobalion ex,64,Double rare,2026-07-23T08:03:03.735Z,EUR,886456,2026-07-23T08:03:01.941Z,USD,,,693468.0,0.34,,,
me04-064,Cobalion ex,64,Double rare,2026-07-24T08:03:04.300Z,EUR,886456,2026-07-24T08:03:02.308Z,USD,,,693468.0,0.34,,,
me04-064,Cobalion ex,64,Double rare,2026-07-25T08:03:03.827Z,EUR,886456,2026-07-25T08:03:02.306Z,USD,,,693468.0,0.34,,,
me04-064,Cobalion ex,64,Double rare,2026-07-26T08:03:04.532Z,EUR,886456,2026-07-26T08:03:42.077Z,USD,,,693468.0,0.46,,,
me04-064,Cobalion ex,64,Double rare,2026-07-27T08:03:04.458Z,EUR,886456,2026-07-27T08:03:49.056Z,USD,,,693468.0,0.3,,,
me04-065,Mega Dragalge ex,65,Double rare,2026-07-06T18:05:01.396Z,EUR,886457,2026-07-06T18:05:01.021Z,USD,,,693508.0,0.5,,,
me04-065,Mega Dragalge ex,65,Double rare,2026-07-07T18:05:09.041Z,EUR,886457,2026-07-07T18:05:06.951Z,USD,,,693508.0,0.5,,,
me04-065,Mega Dragalge ex,65,Double rare,2026-07-08T18:05:10.657Z,EUR,886457,2026-07-08T18:05:07.571Z,USD,,,693508.0,0.43,,,
me04-065,Mega Dragalge ex,65,Double rare,2026-07-09T18:05:08.755Z,EUR,886457,2026-07-09T18:05:06.660Z,USD,,,693508.0,0.57,,,
me04-065,Mega Dragalge ex,65,Double rare,2026-07-10T18:05:08.528Z,EUR,886457,2026-07-10T18:05:06.309Z,USD,,,693508.0,0.4,,,
me04-065,Mega Dragalge ex,65,Double rare,2026-07-11T18:05:07.832Z,EUR,886457,2026-07-11T18:05:05.951Z,USD,,,693508.0,0.4,,,
me04-065,Mega Dragalge ex,65,Double rare,2026-07-12T18:05:09.094Z,EUR,886457,2026-07-12T18:05:07.281Z,USD,,,693508.0,0.4,,,
me04-065,Mega Dragalge ex,65,Double rare,2026-07-13T18:05:07.999Z,EUR,886457,2026-07-13T18:05:06.325Z,USD,,,693508.0,0.56,,,
me04-065,Mega Dragalge ex,65,Double rare,2026-07-14T18:05:08.458Z,EUR,886457,2026-07-14T18:05:05.984Z,USD,,,693508.0,0.56,,,
me04-065,Mega Dragalge ex,65,Double rare,2026-07-15T18:05:08.182Z,EUR,886457,2026-07-15T18:05:06.072Z,USD,,,693508.0,0.56,,,
me04-065,Mega Dragalge ex,65,Double rare,2026-07-16T18:05:08.253Z,EUR,886457,2026-07-16T18:05:05.995Z,USD,,,693508.0,0.56,,,
me04-065,Mega Dragalge ex,65,Double rare,2026-07-17T18:05:10.824Z,EUR,886457,2026-07-17T18:05:07.352Z,USD,,,693508.0,0.56,,,
me04-065,Mega Dragalge ex,65,Double rare,2026-07-18T08:02:59.387Z,EUR,886457,2026-07-18T08:02:56.980Z,USD,,,693508.0,0.56,,,
me04-065,Mega Dragalge ex,65,Double rare,2026-07-19T08:03:04.658Z,EUR,886457,2026-07-19T08:03:02.364Z,USD,,,693508.0,0.56,,,
me04-065,Mega Dragalge ex,65,Double rare,2026-07-20T08:03:04.811Z,EUR,886457,2026-07-20T08:03:02.216Z,USD,,,693508.0,0.52,,,
me04-065,Mega Dragalge ex,65,Double rare,2026-07-21T08:03:04.115Z,EUR,886457,2026-07-21T08:03:02.310Z,USD,,,693508.0,0.52,,,
me04-065,Mega Dragalge ex,65,Double rare,2026-07-22T08:03:06.471Z,EUR,886457,2026-07-22T08:03:04.165Z,USD,,,693508.0,0.52,,,
me04-065,Mega Dragalge ex,65,Double rare,2026-07-23T08:03:03.735Z,EUR,886457,2026-07-23T08:03:01.941Z,USD,,,693508.0,0.52,,,
me04-065,Mega Dragalge ex,65,Double rare,2026-07-24T08:03:04.300Z,EUR,886457,2026-07-24T08:03:02.308Z,USD,,,693508.0,0.52,,,
me04-065,Mega Dragalge ex,65,Double rare,2026-07-25T08:03:04.261Z,EUR,886457,2026-07-25T08:03:02.306Z,USD,,,693508.0,0.52,,,
me04-065,Mega Dragalge ex,65,Double rare,2026-07-26T08:03:04.571Z,EUR,886457,2026-07-26T08:03:42.077Z,USD,,,693508.0,0.44,,,
me04-065,Mega Dragalge ex,65,Double rare,2026-07-27T08:03:04.458Z,EUR,886457,2026-07-27T08:03:49.056Z,USD,,,693508.0,0.68,,,
me04-066,Goomy,66,Common,2026-07-06T18:05:01.396Z,EUR,886458,2026-07-06T18:05:01.021Z,USD,693496.0,693496.0,,0.13,0.13,0.09,0.22
me04-066,Goomy,66,Common,2026-07-07T18:05:09.149Z,EUR,886458,2026-07-07T18:05:06.951Z,USD,693496.0,693496.0,,0.13,0.13,0.12,0.22
me04-066,Goomy,66,Common,2026-07-08T18:05:11.087Z,EUR,886458,2026-07-08T18:05:07.571Z,USD,693496.0,693496.0,,0.02,0.06,0.1,0.21
me04-066,Goomy,66,Common,2026-07-09T18:05:08.755Z,EUR,886458,2026-07-09T18:05:06.660Z,USD,693496.0,693496.0,,0.02,0.11,0.09,0.21
me04-066,Goomy,66,Common,2026-07-10T18:05:08.528Z,EUR,886458,2026-07-10T18:05:06.309Z,USD,693496.0,693496.0,,0.02,0.07,0.07,0.2
me04-066,Goomy,66,Common,2026-07-11T18:05:07.832Z,EUR,886458,2026-07-11T18:05:05.951Z,USD,693496.0,693496.0,,0.02,0.07,0.08,0.2
me04-066,Goomy,66,Common,2026-07-12T18:05:09.094Z,EUR,886458,2026-07-12T18:05:07.281Z,USD,693496.0,693496.0,,0.02,0.07,0.07,0.18
me04-066,Goomy,66,Common,2026-07-13T18:05:07.999Z,EUR,886458,2026-07-13T18:05:06.325Z,USD,693496.0,693496.0,,0.02,0.06,0.07,0.2
me04-066,Goomy,66,Common,2026-07-14T18:05:08.458Z,EUR,886458,2026-07-14T18:05:05.984Z,USD,693496.0,693496.0,,0.02,0.06,0.08,0.17
me04-066,Goomy,66,Common,2026-07-15T18:05:08.182Z,EUR,886458,2026-07-15T18:05:06.072Z,USD,693496.0,693496.0,,0.02,0.06,0.08,0.18
me04-066,Goomy,66,Common,2026-07-16T18:05:08.298Z,EUR,886458,2026-07-16T18:05:05.995Z,USD,693496.0,693496.0,,0.02,0.06,0.08,0.16
me04-066,Goomy,66,Common,2026-07-17T18:05:09.396Z,EUR,886458,2026-07-17T18:05:07.352Z,USD,693496.0,693496.0,,0.02,0.06,0.11,0.21
me04-066,Goomy,66,Common,2026-07-18T08:02:59.776Z,EUR,886458,2026-07-18T08:02:56.980Z,USD,693496.0,693496.0,,0.02,0.06,0.12,0.2
me04-066,Goomy,66,Common,2026-07-19T08:03:04.658Z,EUR,886458,2026-07-19T08:03:02.364Z,USD,693496.0,693496.0,,0.02,0.06,0.12,0.21
me04-066,Goomy,66,Common,2026-07-20T08:03:04.265Z,EUR,886458,2026-07-20T08:03:02.216Z,USD,693496.0,693496.0,,0.02,0.1,0.11,0.2
me04-066,Goomy,66,Common,2026-07-21T08:03:04.115Z,EUR,886458,2026-07-21T08:03:02.310Z,USD,693496.0,693496.0,,0.02,0.1,0.13,0.19
me04-066,Goomy,66,Common,2026-07-22T08:03:06.627Z,EUR,886458,2026-07-22T08:03:04.165Z,USD,693496.0,693496.0,,0.02,0.1,0.11,0.19
me04-066,Goomy,66,Common,2026-07-23T08:03:03.735Z,EUR,886458,2026-07-23T08:03:01.941Z,USD,693496.0,693496.0,,0.02,0.1,0.11,0.18
me04-066,Goomy,66,Common,2026-07-24T08:03:04.300Z,EUR,886458,2026-07-24T08:03:02.308Z,USD,693496.0,693496.0,,0.02,0.1,0.14,0.19
me04-066,Goomy,66,Common,2026-07-25T08:03:04.261Z,EUR,886458,2026-07-25T08:03:02.306Z,USD,693496.0,693496.0,,0.02,0.1,0.1,0.22
me04-066,Goomy,66,Common,2026-07-26T08:03:04.572Z,EUR,886458,2026-07-26T08:03:42.077Z,USD,693496.0,693496.0,,0.03,0.09,0.1,0.2
me04-066,Goomy,66,Common,2026-07-27T08:03:04.458Z,EUR,886458,2026-07-27T08:03:49.056Z,USD,693496.0,693496.0,,0.05,0.08,0.06,0.23
me04-067,Sliggoo,67,Common,2026-07-06T18:05:01.132Z,EUR,886459,2026-07-06T18:05:01.021Z,USD,693545.0,693545.0,,0.03,0.13,0.09,0.22
me04-067,Sliggoo,67,Common,2026-07-07T18:05:09.149Z,EUR,886459,2026-07-07T18:05:06.951Z,USD,693545.0,693545.0,,0.03,0.13,0.11,0.23
me04-067,Sliggoo,67,Common,2026-07-08T18:05:10.950Z,EUR,886459,2026-07-08T18:05:07.571Z,USD,693545.0,693545.0,,0.03,0.08,0.09,0.21
me04-067,Sliggoo,67,Common,2026-07-09T18:05:09.065Z,EUR,886459,2026-07-09T18:05:06.660Z,USD,693545.0,693545.0,,0.03,0.11,0.08,0.21
me04-067,Sliggoo,67,Common,2026-07-10T18:05:08.528Z,EUR,886459,2026-07-10T18:05:06.309Z,USD,693545.0,693545.0,,0.02,0.09,0.09,0.22
me04-067,Sliggoo,67,Common,2026-07-11T18:05:08.252Z,EUR,886459,2026-07-11T18:05:05.951Z,USD,693545.0,693545.0,,0.02,0.09,0.09,0.2
me04-067,Sliggoo,67,Common,2026-07-12T18:05:09.094Z,EUR,886459,2026-07-12T18:05:07.281Z,USD,693545.0,693545.0,,0.02,0.09,0.08,0.19
me04-067,Sliggoo,67,Common,2026-07-13T18:05:07.999Z,EUR,886459,2026-07-13T18:05:06.325Z,USD,693545.0,693545.0,,0.02,0.09,0.08,0.2
me04-067,Sliggoo,67,Common,2026-07-14T18:05:08.458Z,EUR,886459,2026-07-14T18:05:05.984Z,USD,693545.0,693545.0,,0.02,0.09,0.1,0.19
me04-067,Sliggoo,67,Common,2026-07-15T18:05:08.182Z,EUR,886459,2026-07-15T18:05:06.072Z,USD,693545.0,693545.0,,0.02,0.09,0.1,0.19
me04-067,Sliggoo,67,Common,2026-07-16T18:05:08.727Z,EUR,886459,2026-07-16T18:05:05.995Z,USD,693545.0,693545.0,,0.02,0.09,0.12,0.18
me04-067,Sliggoo,67,Common,2026-07-17T18:05:09.396Z,EUR,886459,2026-07-17T18:05:07.352Z,USD,693545.0,693545.0,,0.02,0.09,0.13,0.2
me04-067,Sliggoo,67,Common,2026-07-18T08:02:59.776Z,EUR,886459,2026-07-18T08:02:56.980Z,USD,693545.0,693545.0,,0.02,0.09,0.11,0.22
me04-067,Sliggoo,67,Common,2026-07-19T08:03:04.658Z,EUR,886459,2026-07-19T08:03:02.364Z,USD,693545.0,693545.0,,0.02,0.09,0.12,0.22
me04-067,Sliggoo,67,Common,2026-07-20T08:03:04.265Z,EUR,886459,2026-07-20T08:03:02.216Z,USD,693545.0,693545.0,,0.02,0.09,0.1,0.24
me04-067,Sliggoo,67,Common,2026-07-21T08:03:04.115Z,EUR,886459,2026-07-21T08:03:02.310Z,USD,693545.0,693545.0,,0.02,0.09,0.12,0.22
me04-067,Sliggoo,67,Common,2026-07-22T08:03:06.471Z,EUR,886459,2026-07-22T08:03:04.165Z,USD,693545.0,693545.0,,0.02,0.09,0.11,0.21
me04-067,Sliggoo,67,Common,2026-07-23T08:03:03.735Z,EUR,886459,2026-07-23T08:03:01.941Z,USD,693545.0,693545.0,,0.02,0.09,0.13,0.18
me04-067,Sliggoo,67,Common,2026-07-24T08:03:04.300Z,EUR,886459,2026-07-24T08:03:02.308Z,USD,693545.0,693545.0,,0.02,0.09,0.16,0.21
me04-067,Sliggoo,67,Common,2026-07-25T08:03:04.397Z,EUR,886459,2026-07-25T08:03:02.306Z,USD,693545.0,693545.0,,0.02,0.09,0.14,0.21
me04-067,Sliggoo,67,Common,2026-07-26T08:03:04.572Z,EUR,886459,2026-07-26T08:03:42.077Z,USD,693545.0,693545.0,,0.03,0.13,0.13,0.23
me04-067,Sliggoo,67,Common,2026-07-27T08:03:04.458Z,EUR,886459,2026-07-27T08:03:49.056Z,USD,693545.0,693545.0,,0.05,0.08,0.07,0.18
me04-068,Goodra,68,Rare,2026-07-06T18:05:01.132Z,EUR,888530,2026-07-06T18:05:01.021Z,USD,693495.0,,693495.0,1.14,,,0.23
me04-068,Goodra,68,Rare,2026-07-07T18:05:09.041Z,EUR,888530,2026-07-07T18:05:06.951Z,USD,693495.0,,693495.0,1.14,,,0.25
me04-068,Goodra,68,Rare,2026-07-08T18:05:10.950Z,EUR,888530,2026-07-08T18:05:07.571Z,USD,693495.0,,693495.0,1.42,,,0.24
me04-068,Goodra,68,Rare,2026-07-09T18:05:09.065Z,EUR,888530,2026-07-09T18:05:06.660Z,USD,693495.0,,693495.0,2.27,,,0.22
me04-068,Goodra,68,Rare,2026-07-10T18:05:08.528Z,EUR,888530,2026-07-10T18:05:06.309Z,USD,693495.0,,693495.0,2.27,,,0.19
me04-068,Goodra,68,Rare,2026-07-11T18:05:08.252Z,EUR,888530,2026-07-11T18:05:05.951Z,USD,693495.0,,693495.0,2.27,,,0.2
me04-068,Goodra,68,Rare,2026-07-12T18:05:09.094Z,EUR,888530,2026-07-12T18:05:07.281Z,USD,693495.0,,693495.0,2.27,,,0.18
me04-068,Goodra,68,Rare,2026-07-13T18:05:07.999Z,EUR,888530,2026-07-13T18:05:06.325Z,USD,693495.0,,693495.0,1.71,,,0.2
me04-068,Goodra,68,Rare,2026-07-14T18:05:08.458Z,EUR,888530,2026-07-14T18:05:05.984Z,USD,693495.0,,693495.0,1.71,,,0.22
me04-068,Goodra,68,Rare,2026-07-15T18:05:08.182Z,EUR,888530,2026-07-15T18:05:06.072Z,USD,693495.0,,693495.0,1.71,,,0.21
me04-068,Goodra,68,Rare,2026-07-16T18:05:08.298Z,EUR,888530,2026-07-16T18:05:05.995Z,USD,693495.0,,693495.0,1.71,,,0.2
me04-068,Goodra,68,Rare,2026-07-17T18:05:09.396Z,EUR,888530,2026-07-17T18:05:07.352Z,USD,693495.0,,693495.0,1.71,,,0.21
me04-068,Goodra,68,Rare,2026-07-18T08:02:59.776Z,EUR,888530,2026-07-18T08:02:56.980Z,USD,693495.0,,693495.0,1.71,,,0.18
me04-068,Goodra,68,Rare,2026-07-19T08:03:04.658Z,EUR,888530,2026-07-19T08:03:02.364Z,USD,693495.0,,693495.0,1.71,,,0.17
me04-068,Goodra,68,Rare,2026-07-20T08:03:04.265Z,EUR,888530,2026-07-20T08:03:02.216Z,USD,693495.0,,693495.0,2.27,,,0.2
me04-068,Goodra,68,Rare,2026-07-21T08:03:04.252Z,EUR,888530,2026-07-21T08:03:02.310Z,USD,693495.0,,693495.0,2.27,,,0.22
me04-068,Goodra,68,Rare,2026-07-22T08:03:06.471Z,EUR,888530,2026-07-22T08:03:04.165Z,USD,693495.0,,693495.0,2.27,,,0.22
me04-068,Goodra,68,Rare,2026-07-23T08:03:03.918Z,EUR,888530,2026-07-23T08:03:01.941Z,USD,693495.0,,693495.0,2.27,,,0.21
me04-068,Goodra,68,Rare,2026-07-24T08:03:04.300Z,EUR,888530,2026-07-24T08:03:02.308Z,USD,693495.0,,693495.0,2.27,,,0.26
me04-068,Goodra,68,Rare,2026-07-25T08:03:04.261Z,EUR,888530,2026-07-25T08:03:02.306Z,USD,693495.0,,693495.0,2.27,,,0.27
me04-068,Goodra,68,Rare,2026-07-26T08:03:04.571Z,EUR,888530,2026-07-26T08:03:42.077Z,USD,693495.0,,693495.0,1.94,,,0.21
me04-068,Goodra,68,Rare,2026-07-27T08:03:04.458Z,EUR,888530,2026-07-27T08:03:49.056Z,USD,693495.0,,693495.0,1.17,,,0.21
me04-069,Tauros,69,Uncommon,2026-07-06T18:05:01.253Z,EUR,886461,2026-07-06T18:05:01.021Z,USD,693552.0,693552.0,,0.02,0.1,0.13,0.24
me04-069,Tauros,69,Uncommon,2026-07-07T18:05:09.041Z,EUR,886461,2026-07-07T18:05:06.951Z,USD,693552.0,693552.0,,0.02,0.1,0.14,0.24
me04-069,Tauros,69,Uncommon,2026-07-08T18:05:10.657Z,EUR,886461,2026-07-08T18:05:07.571Z,USD,693552.0,693552.0,,0.05,0.07,0.1,0.24
me04-069,Tauros,69,Uncommon,2026-07-09T18:05:09.065Z,EUR,886461,2026-07-09T18:05:06.660Z,USD,693552.0,693552.0,,0.03,0.07,0.09,0.23
me04-069,Tauros,69,Uncommon,2026-07-10T18:05:08.528Z,EUR,886461,2026-07-10T18:05:06.309Z,USD,693552.0,693552.0,,0.02,0.08,0.07,0.24
me04-069,Tauros,69,Uncommon,2026-07-11T18:05:07.832Z,EUR,886461,2026-07-11T18:05:05.951Z,USD,693552.0,693552.0,,0.02,0.08,0.07,0.23
me04-069,Tauros,69,Uncommon,2026-07-12T18:05:09.094Z,EUR,886461,2026-07-12T18:05:07.281Z,USD,693552.0,693552.0,,0.02,0.08,0.07,0.21
me04-069,Tauros,69,Uncommon,2026-07-13T18:05:07.999Z,EUR,886461,2026-07-13T18:05:06.325Z,USD,693552.0,693552.0,,0.02,0.1,0.08,0.24
me04-069,Tauros,69,Uncommon,2026-07-14T18:05:08.458Z,EUR,886461,2026-07-14T18:05:05.984Z,USD,693552.0,693552.0,,0.02,0.1,0.09,0.22
me04-069,Tauros,69,Uncommon,2026-07-15T18:05:08.182Z,EUR,886461,2026-07-15T18:05:06.072Z,USD,693552.0,693552.0,,0.02,0.1,0.1,0.24
me04-069,Tauros,69,Uncommon,2026-07-16T18:05:08.298Z,EUR,886461,2026-07-16T18:05:05.995Z,USD,693552.0,693552.0,,0.02,0.1,0.11,0.27
me04-069,Tauros,69,Uncommon,2026-07-17T18:05:09.396Z,EUR,886461,2026-07-17T18:05:07.352Z,USD,693552.0,693552.0,,0.02,0.1,0.11,0.24
me04-069,Tauros,69,Uncommon,2026-07-18T08:02:59.546Z,EUR,886461,2026-07-18T08:02:56.980Z,USD,693552.0,693552.0,,0.02,0.1,0.11,0.22
me04-069,Tauros,69,Uncommon,2026-07-19T08:03:04.658Z,EUR,886461,2026-07-19T08:03:02.364Z,USD,693552.0,693552.0,,0.02,0.1,0.09,0.24
me04-069,Tauros,69,Uncommon,2026-07-20T08:03:04.386Z,EUR,886461,2026-07-20T08:03:02.216Z,USD,693552.0,693552.0,,0.02,0.1,0.06,0.19
me04-069,Tauros,69,Uncommon,2026-07-21T08:03:04.252Z,EUR,886461,2026-07-21T08:03:02.310Z,USD,693552.0,693552.0,,0.02,0.1,0.13,0.21
me04-069,Tauros,69,Uncommon,2026-07-22T08:03:06.471Z,EUR,886461,2026-07-22T08:03:04.165Z,USD,693552.0,693552.0,,0.02,0.1,0.14,0.21
me04-069,Tauros,69,Uncommon,2026-07-23T08:03:03.735Z,EUR,886461,2026-07-23T08:03:01.941Z,USD,693552.0,693552.0,,0.02,0.1,0.13,0.2
me04-069,Tauros,69,Uncommon,2026-07-24T08:03:04.300Z,EUR,886461,2026-07-24T08:03:02.308Z,USD,693552.0,693552.0,,0.02,0.1,0.14,0.21
me04-069,Tauros,69,Uncommon,2026-07-25T08:03:04.261Z,EUR,886461,2026-07-25T08:03:02.306Z,USD,693552.0,693552.0,,0.02,0.1,0.14,0.22
me04-069,Tauros,69,Uncommon,2026-07-26T08:03:04.571Z,EUR,886461,2026-07-26T08:03:42.077Z,USD,693552.0,693552.0,,0.03,0.1,0.14,0.22
me04-069,Tauros,69,Uncommon,2026-07-27T08:03:04.705Z,EUR,886461,2026-07-27T08:03:49.056Z,USD,693552.0,693552.0,,0.05,0.07,0.17,0.2
me04-070,Patrat,70,Common,2026-07-06T18:05:01.396Z,EUR,886462,2026-07-06T18:05:01.021Z,USD,693529.0,693529.0,,0.02,0.24,0.08,0.21
me04-070,Patrat,70,Common,2026-07-07T18:05:09.149Z,EUR,886462,2026-07-07T18:05:06.951Z,USD,693529.0,693529.0,,0.02,0.24,0.09,0.19
me04-070,Patrat,70,Common,2026-07-08T18:05:10.657Z,EUR,886462,2026-07-08T18:05:07.571Z,USD,693529.0,693529.0,,0.09,0.07,0.1,0.18
me04-070,Patrat,70,Common,2026-07-09T18:05:09.065Z,EUR,886462,2026-07-09T18:05:06.660Z,USD,693529.0,693529.0,,0.09,0.15,0.11,0.21
me04-070,Patrat,70,Common,2026-07-10T18:05:08.528Z,EUR,886462,2026-07-10T18:05:06.309Z,USD,693529.0,693529.0,,0.02,0.14,0.12,0.19
me04-070,Patrat,70,Common,2026-07-11T18:05:07.832Z,EUR,886462,2026-07-11T18:05:05.951Z,USD,693529.0,693529.0,,0.02,0.14,0.1,0.19
me04-070,Patrat,70,Common,2026-07-12T18:05:09.094Z,EUR,886462,2026-07-12T18:05:07.281Z,USD,693529.0,693529.0,,0.02,0.14,0.1,0.2
me04-070,Patrat,70,Common,2026-07-13T18:05:07.999Z,EUR,886462,2026-07-13T18:05:06.325Z,USD,693529.0,693529.0,,0.03,0.07,0.1,0.2
me04-070,Patrat,70,Common,2026-07-14T18:05:08.458Z,EUR,886462,2026-07-14T18:05:05.984Z,USD,693529.0,693529.0,,0.03,0.07,0.13,0.25
me04-070,Patrat,70,Common,2026-07-15T18:05:08.182Z,EUR,886462,2026-07-15T18:05:06.072Z,USD,693529.0,693529.0,,0.03,0.07,0.12,0.24
me04-070,Patrat,70,Common,2026-07-16T18:05:08.253Z,EUR,886462,2026-07-16T18:05:05.995Z,USD,693529.0,693529.0,,0.03,0.07,0.16,0.25
me04-070,Patrat,70,Common,2026-07-17T18:05:09.396Z,EUR,886462,2026-07-17T18:05:07.352Z,USD,693529.0,693529.0,,0.03,0.07,0.13,0.21
me04-070,Patrat,70,Common,2026-07-18T08:02:59.776Z,EUR,886462,2026-07-18T08:02:56.980Z,USD,693529.0,693529.0,,0.03,0.07,0.14,0.2
me04-070,Patrat,70,Common,2026-07-19T08:03:04.658Z,EUR,886462,2026-07-19T08:03:02.364Z,USD,693529.0,693529.0,,0.03,0.07,0.1,0.22
me04-070,Patrat,70,Common,2026-07-20T08:03:04.265Z,EUR,886462,2026-07-20T08:03:02.216Z,USD,693529.0,693529.0,,0.06,0.14,0.12,0.23
me04-070,Patrat,70,Common,2026-07-21T08:03:04.252Z,EUR,886462,2026-07-21T08:03:02.310Z,USD,693529.0,693529.0,,0.06,0.14,0.12,0.22
me04-070,Patrat,70,Common,2026-07-22T08:03:06.471Z,EUR,886462,2026-07-22T08:03:04.165Z,USD,693529.0,693529.0,,0.06,0.14,0.11,0.21
me04-070,Patrat,70,Common,2026-07-23T08:03:03.735Z,EUR,886462,2026-07-23T08:03:01.941Z,USD,693529.0,693529.0,,0.06,0.14,0.11,0.18
me04-070,Patrat,70,Common,2026-07-24T08:03:04.300Z,EUR,886462,2026-07-24T08:03:02.308Z,USD,693529.0,693529.0,,0.06,0.14,0.14,0.18
me04-070,Patrat,70,Common,2026-07-25T08:03:04.397Z,EUR,886462,2026-07-25T08:03:02.306Z,USD,693529.0,693529.0,,0.06,0.14,0.11,0.23
me04-070,Patrat,70,Common,2026-07-26T08:03:04.571Z,EUR,886462,2026-07-26T08:03:42.077Z,USD,693529.0,693529.0,,0.06,0.13,0.11,0.26
me04-070,Patrat,70,Common,2026-07-27T08:03:04.458Z,EUR,886462,2026-07-27T08:03:49.056Z,USD,693529.0,693529.0,,0.07,0.06,0.12,0.25
me04-071,Watchog,71,Common,2026-07-06T18:05:01.396Z,EUR,886463,2026-07-06T18:05:01.021Z,USD,693559.0,693559.0,,0.03,0.11,0.08,0.22
me04-071,Watchog,71,Common,2026-07-07T18:05:10.032Z,EUR,886463,2026-07-07T18:05:06.951Z,USD,693559.0,693559.0,,0.03,0.11,0.07,0.21
me04-071,Watchog,71,Common,2026-07-08T18:05:11.087Z,EUR,886463,2026-07-08T18:05:07.571Z,USD,693559.0,693559.0,,0.03,0.08,0.07,0.22
me04-071,Watchog,71,Common,2026-07-09T18:05:09.065Z,EUR,886463,2026-07-09T18:05:06.660Z,USD,693559.0,693559.0,,0.02,0.15,0.06,0.19
me04-071,Watchog,71,Common,2026-07-10T18:05:08.528Z,EUR,886463,2026-07-10T18:05:06.309Z,USD,693559.0,693559.0,,0.02,0.07,0.06,0.21
me04-071,Watchog,71,Common,2026-07-11T18:05:08.252Z,EUR,886463,2026-07-11T18:05:05.951Z,USD,693559.0,693559.0,,0.02,0.07,0.06,0.21
me04-071,Watchog,71,Common,2026-07-12T18:05:09.094Z,EUR,886463,2026-07-12T18:05:07.281Z,USD,693559.0,693559.0,,0.02,0.07,0.06,0.22
me04-071,Watchog,71,Common,2026-07-13T18:05:07.999Z,EUR,886463,2026-07-13T18:05:06.325Z,USD,693559.0,693559.0,,0.02,0.1,0.06,0.21
me04-071,Watchog,71,Common,2026-07-14T18:05:08.458Z,EUR,886463,2026-07-14T18:05:05.984Z,USD,693559.0,693559.0,,0.02,0.1,0.06,0.2
me04-071,Watchog,71,Common,2026-07-15T18:05:08.182Z,EUR,886463,2026-07-15T18:05:06.072Z,USD,693559.0,693559.0,,0.02,0.1,0.07,0.22
me04-071,Watchog,71,Common,2026-07-16T18:05:08.298Z,EUR,886463,2026-07-16T18:05:05.995Z,USD,693559.0,693559.0,,0.02,0.1,0.07,0.23
me04-071,Watchog,71,Common,2026-07-17T18:05:09.396Z,EUR,886463,2026-07-17T18:05:07.352Z,USD,693559.0,693559.0,,0.02,0.1,0.07,0.21
me04-071,Watchog,71,Common,2026-07-18T08:02:59.776Z,EUR,886463,2026-07-18T08:02:56.980Z,USD,693559.0,693559.0,,0.02,0.1,0.07,0.2
me04-071,Watchog,71,Common,2026-07-19T08:03:04.658Z,EUR,886463,2026-07-19T08:03:02.364Z,USD,693559.0,693559.0,,0.02,0.1,0.08,0.2
me04-071,Watchog,71,Common,2026-07-20T08:03:04.265Z,EUR,886463,2026-07-20T08:03:02.216Z,USD,693559.0,693559.0,,0.03,0.23,0.1,0.2
me04-071,Watchog,71,Common,2026-07-21T08:03:04.115Z,EUR,886463,2026-07-21T08:03:02.310Z,USD,693559.0,693559.0,,0.03,0.23,0.1,0.17
me04-071,Watchog,71,Common,2026-07-22T08:03:06.471Z,EUR,886463,2026-07-22T08:03:04.165Z,USD,693559.0,693559.0,,0.03,0.23,0.09,0.17
me04-071,Watchog,71,Common,2026-07-23T08:03:03.735Z,EUR,886463,2026-07-23T08:03:01.941Z,USD,693559.0,693559.0,,0.03,0.23,0.08,0.17
me04-071,Watchog,71,Common,2026-07-24T08:03:04.300Z,EUR,886463,2026-07-24T08:03:02.308Z,USD,693559.0,693559.0,,0.03,0.23,0.08,0.19
me04-071,Watchog,71,Common,2026-07-25T08:03:04.261Z,EUR,886463,2026-07-25T08:03:02.306Z,USD,693559.0,693559.0,,0.03,0.23,0.08,0.23
me04-071,Watchog,71,Common,2026-07-26T08:03:04.571Z,EUR,886463,2026-07-26T08:03:42.077Z,USD,693559.0,693559.0,,0.02,0.09,0.08,0.29
me04-071,Watchog,71,Common,2026-07-27T08:03:04.458Z,EUR,886463,2026-07-27T08:03:49.056Z,USD,693559.0,693559.0,,0.03,0.06,0.09,0.26
me04-072,Minccino,72,Common,2026-07-06T18:05:01.253Z,EUR,886464,2026-07-06T18:05:01.021Z,USD,693525.0,693525.0,,0.02,0.13,0.13,0.23
me04-072,Minccino,72,Common,2026-07-07T18:05:10.032Z,EUR,886464,2026-07-07T18:05:06.951Z,USD,693525.0,693525.0,,0.02,0.13,0.13,0.24
me04-072,Minccino,72,Common,2026-07-08T18:05:10.950Z,EUR,886464,2026-07-08T18:05:07.571Z,USD,693525.0,693525.0,,0.02,0.11,0.12,0.21
me04-072,Minccino,72,Common,2026-07-09T18:05:09.065Z,EUR,886464,2026-07-09T18:05:06.660Z,USD,693525.0,693525.0,,0.03,0.11,0.1,0.22
me04-072,Minccino,72,Common,2026-07-10T18:05:08.528Z,EUR,886464,2026-07-10T18:05:06.309Z,USD,693525.0,693525.0,,0.02,0.14,0.11,0.19
me04-072,Minccino,72,Common,2026-07-11T18:05:08.252Z,EUR,886464,2026-07-11T18:05:05.951Z,USD,693525.0,693525.0,,0.02,0.14,0.12,0.23
me04-072,Minccino,72,Common,2026-07-12T18:05:08.999Z,EUR,886464,2026-07-12T18:05:07.281Z,USD,693525.0,693525.0,,0.02,0.14,0.15,0.23
me04-072,Minccino,72,Common,2026-07-13T18:05:07.999Z,EUR,886464,2026-07-13T18:05:06.325Z,USD,693525.0,693525.0,,0.02,0.06,0.15,0.29
me04-072,Minccino,72,Common,2026-07-14T18:05:08.458Z,EUR,886464,2026-07-14T18:05:05.984Z,USD,693525.0,693525.0,,0.02,0.06,0.13,0.24
me04-072,Minccino,72,Common,2026-07-15T18:05:08.182Z,EUR,886464,2026-07-15T18:05:06.072Z,USD,693525.0,693525.0,,0.02,0.06,0.12,0.24
me04-072,Minccino,72,Common,2026-07-16T18:05:08.298Z,EUR,886464,2026-07-16T18:05:05.995Z,USD,693525.0,693525.0,,0.02,0.06,0.13,0.26
me04-072,Minccino,72,Common,2026-07-17T18:05:09.396Z,EUR,886464,2026-07-17T18:05:07.352Z,USD,693525.0,693525.0,,0.02,0.06,0.13,0.28
me04-072,Minccino,72,Common,2026-07-18T08:02:59.776Z,EUR,886464,2026-07-18T08:02:56.980Z,USD,693525.0,693525.0,,0.02,0.06,0.13,0.28
me04-072,Minccino,72,Common,2026-07-19T08:03:04.658Z,EUR,886464,2026-07-19T08:03:02.364Z,USD,693525.0,693525.0,,0.02,0.06,0.11,0.24
me04-072,Minccino,72,Common,2026-07-20T08:03:04.265Z,EUR,886464,2026-07-20T08:03:02.216Z,USD,693525.0,693525.0,,0.03,0.1,0.11,0.2
me04-072,Minccino,72,Common,2026-07-21T08:03:04.115Z,EUR,886464,2026-07-21T08:03:02.310Z,USD,693525.0,693525.0,,0.03,0.1,0.11,0.2
me04-072,Minccino,72,Common,2026-07-22T08:03:06.471Z,EUR,886464,2026-07-22T08:03:04.165Z,USD,693525.0,693525.0,,0.03,0.1,0.15,0.23
me04-072,Minccino,72,Common,2026-07-23T08:03:03.918Z,EUR,886464,2026-07-23T08:03:01.941Z,USD,693525.0,693525.0,,0.03,0.1,0.14,0.22
me04-072,Minccino,72,Common,2026-07-24T08:03:04.300Z,EUR,886464,2026-07-24T08:03:02.308Z,USD,693525.0,693525.0,,0.03,0.1,0.16,0.22
me04-072,Minccino,72,Common,2026-07-25T08:03:04.261Z,EUR,886464,2026-07-25T08:03:02.306Z,USD,693525.0,693525.0,,0.03,0.1,0.15,0.27
me04-072,Minccino,72,Common,2026-07-26T08:03:04.571Z,EUR,886464,2026-07-26T08:03:42.077Z,USD,693525.0,693525.0,,0.02,0.14,0.15,0.27
me04-072,Minccino,72,Common,2026-07-27T08:03:04.547Z,EUR,886464,2026-07-27T08:03:49.056Z,USD,693525.0,693525.0,,0.02,0.11,0.09,0.26
me04-073,Cinccino ex,73,Double rare,2026-07-06T18:05:01.396Z,EUR,886465,2026-07-06T18:05:01.021Z,USD,,,693463.0,0.43,,,
me04-073,Cinccino ex,73,Double rare,2026-07-07T18:05:09.149Z,EUR,886465,2026-07-07T18:05:06.951Z,USD,,,693463.0,0.43,,,
me04-073,Cinccino ex,73,Double rare,2026-07-08T18:05:10.657Z,EUR,886465,2026-07-08T18:05:07.571Z,USD,,,693463.0,0.42,,,
me04-073,Cinccino ex,73,Double rare,2026-07-09T18:05:09.065Z,EUR,886465,2026-07-09T18:05:06.660Z,USD,,,693463.0,0.41,,,
me04-073,Cinccino ex,73,Double rare,2026-07-10T18:05:08.528Z,EUR,886465,2026-07-10T18:05:06.309Z,USD,,,693463.0,0.46,,,
me04-073,Cinccino ex,73,Double rare,2026-07-11T18:05:07.832Z,EUR,886465,2026-07-11T18:05:05.951Z,USD,,,693463.0,0.46,,,
me04-073,Cinccino ex,73,Double rare,2026-07-12T18:05:08.999Z,EUR,886465,2026-07-12T18:05:07.281Z,USD,,,693463.0,0.46,,,
me04-073,Cinccino ex,73,Double rare,2026-07-13T18:05:07.999Z,EUR,886465,2026-07-13T18:05:06.325Z,USD,,,693463.0,0.44,,,
me04-073,Cinccino ex,73,Double rare,2026-07-14T18:05:08.458Z,EUR,886465,2026-07-14T18:05:05.984Z,USD,,,693463.0,0.44,,,
me04-073,Cinccino ex,73,Double rare,2026-07-15T18:05:08.182Z,EUR,886465,2026-07-15T18:05:06.072Z,USD,,,693463.0,0.44,,,
me04-073,Cinccino ex,73,Double rare,2026-07-16T18:05:08.298Z,EUR,886465,2026-07-16T18:05:05.995Z,USD,,,693463.0,0.44,,,
me04-073,Cinccino ex,73,Double rare,2026-07-17T18:05:09.396Z,EUR,886465,2026-07-17T18:05:07.352Z,USD,,,693463.0,0.44,,,
me04-073,Cinccino ex,73,Double rare,2026-07-18T08:02:59.776Z,EUR,886465,2026-07-18T08:02:56.980Z,USD,,,693463.0,0.44,,,
me04-073,Cinccino ex,73,Double rare,2026-07-19T08:03:04.658Z,EUR,886465,2026-07-19T08:03:02.364Z,USD,,,693463.0,0.44,,,
me04-073,Cinccino ex,73,Double rare,2026-07-20T08:03:04.811Z,EUR,886465,2026-07-20T08:03:02.216Z,USD,,,693463.0,0.47,,,
me04-073,Cinccino ex,73,Double rare,2026-07-21T08:03:04.115Z,EUR,886465,2026-07-21T08:03:02.310Z,USD,,,693463.0,0.47,,,
me04-073,Cinccino ex,73,Double rare,2026-07-22T08:03:06.471Z,EUR,886465,2026-07-22T08:03:04.165Z,USD,,,693463.0,0.47,,,
me04-073,Cinccino ex,73,Double rare,2026-07-23T08:03:03.918Z,EUR,886465,2026-07-23T08:03:01.941Z,USD,,,693463.0,0.47,,,
me04-073,Cinccino ex,73,Double rare,2026-07-24T08:03:04.359Z,EUR,886465,2026-07-24T08:03:02.308Z,USD,,,693463.0,0.47,,,
me04-073,Cinccino ex,73,Double rare,2026-07-25T08:03:04.261Z,EUR,886465,2026-07-25T08:03:02.306Z,USD,,,693463.0,0.47,,,
me04-073,Cinccino ex,73,Double rare,2026-07-26T08:03:04.571Z,EUR,886465,2026-07-26T08:03:42.077Z,USD,,,693463.0,0.63,,,
me04-073,Cinccino ex,73,Double rare,2026-07-27T08:03:04.547Z,EUR,886465,2026-07-27T08:03:49.056Z,USD,,,693463.0,0.5,,,
me04-074,Adversity Policy,74,Uncommon,2026-07-06T18:05:01.132Z,EUR,886466,2026-07-06T18:05:01.021Z,USD,693444.0,693444.0,,0.03,0.18,0.11,0.25
me04-074,Adversity Policy,74,Uncommon,2026-07-07T18:05:10.032Z,EUR,886466,2026-07-07T18:05:06.951Z,USD,693444.0,693444.0,,0.03,0.18,0.12,0.28
me04-074,Adversity Policy,74,Uncommon,2026-07-08T18:05:10.657Z,EUR,886466,2026-07-08T18:05:07.571Z,USD,693444.0,693444.0,,0.03,0.1,0.09,0.25
me04-074,Adversity Policy,74,Uncommon,2026-07-09T18:05:09.065Z,EUR,886466,2026-07-09T18:05:06.660Z,USD,693444.0,693444.0,,0.03,0.15,0.1,0.23
me04-074,Adversity Policy,74,Uncommon,2026-07-10T18:05:08.528Z,EUR,886466,2026-07-10T18:05:06.309Z,USD,693444.0,693444.0,,0.02,0.11,0.06,0.18
me04-074,Adversity Policy,74,Uncommon,2026-07-11T18:05:08.252Z,EUR,886466,2026-07-11T18:05:05.951Z,USD,693444.0,693444.0,,0.02,0.11,0.04,0.16
me04-074,Adversity Policy,74,Uncommon,2026-07-12T18:05:09.094Z,EUR,886466,2026-07-12T18:05:07.281Z,USD,693444.0,693444.0,,0.02,0.11,0.04,0.18
me04-074,Adversity Policy,74,Uncommon,2026-07-13T18:05:07.901Z,EUR,886466,2026-07-13T18:05:06.325Z,USD,693444.0,693444.0,,0.02,0.09,0.04,0.21
me04-074,Adversity Policy,74,Uncommon,2026-07-14T18:05:08.458Z,EUR,886466,2026-07-14T18:05:05.984Z,USD,693444.0,693444.0,,0.02,0.09,0.06,0.19
me04-074,Adversity Policy,74,Uncommon,2026-07-15T18:05:08.182Z,EUR,886466,2026-07-15T18:05:06.072Z,USD,693444.0,693444.0,,0.02,0.09,0.06,0.22
me04-074,Adversity Policy,74,Uncommon,2026-07-16T18:05:08.298Z,EUR,886466,2026-07-16T18:05:05.995Z,USD,693444.0,693444.0,,0.02,0.09,0.08,0.25
me04-074,Adversity Policy,74,Uncommon,2026-07-17T18:05:09.396Z,EUR,886466,2026-07-17T18:05:07.352Z,USD,693444.0,693444.0,,0.02,0.09,0.08,0.23
me04-074,Adversity Policy,74,Uncommon,2026-07-18T08:02:59.776Z,EUR,886466,2026-07-18T08:02:56.980Z,USD,693444.0,693444.0,,0.02,0.09,0.1,0.23
me04-074,Adversity Policy,74,Uncommon,2026-07-19T08:03:04.658Z,EUR,886466,2026-07-19T08:03:02.364Z,USD,693444.0,693444.0,,0.02,0.09,0.09,0.22
me04-074,Adversity Policy,74,Uncommon,2026-07-20T08:03:04.265Z,EUR,886466,2026-07-20T08:03:02.216Z,USD,693444.0,693444.0,,0.02,0.06,0.12,0.23
me04-074,Adversity Policy,74,Uncommon,2026-07-21T08:03:04.115Z,EUR,886466,2026-07-21T08:03:02.310Z,USD,693444.0,693444.0,,0.02,0.06,0.12,0.22
me04-074,Adversity Policy,74,Uncommon,2026-07-22T08:03:06.471Z,EUR,886466,2026-07-22T08:03:04.165Z,USD,693444.0,693444.0,,0.02,0.06,0.12,0.19
me04-074,Adversity Policy,74,Uncommon,2026-07-23T08:03:03.918Z,EUR,886466,2026-07-23T08:03:01.941Z,USD,693444.0,693444.0,,0.02,0.06,0.12,0.21
me04-074,Adversity Policy,74,Uncommon,2026-07-24T08:03:04.359Z,EUR,886466,2026-07-24T08:03:02.308Z,USD,693444.0,693444.0,,0.02,0.06,0.12,0.22
me04-074,Adversity Policy,74,Uncommon,2026-07-25T08:03:04.261Z,EUR,886466,2026-07-25T08:03:02.306Z,USD,693444.0,693444.0,,0.02,0.06,0.12,0.23
me04-074,Adversity Policy,74,Uncommon,2026-07-26T08:03:04.571Z,EUR,886466,2026-07-26T08:03:42.077Z,USD,693444.0,693444.0,,0.02,0.08,0.09,0.21
me04-074,Adversity Policy,74,Uncommon,2026-07-27T08:03:04.369Z,EUR,886466,2026-07-27T08:03:49.056Z,USD,693444.0,693444.0,,0.02,0.13,0.08,0.2
me04-075,Ange Floette,75,Uncommon,2026-07-06T18:05:01.132Z,EUR,886467,2026-07-06T18:05:01.021Z,USD,693447.0,693447.0,,0.02,0.11,0.13,0.2
me04-075,Ange Floette,75,Uncommon,2026-07-07T18:05:09.041Z,EUR,886467,2026-07-07T18:05:06.951Z,USD,693447.0,693447.0,,0.02,0.11,0.13,0.21
me04-075,Ange Floette,75,Uncommon,2026-07-08T18:05:10.657Z,EUR,886467,2026-07-08T18:05:07.571Z,USD,693447.0,693447.0,,0.03,0.09,0.1,0.19
me04-075,Ange Floette,75,Uncommon,2026-07-09T18:05:09.065Z,EUR,886467,2026-07-09T18:05:06.660Z,USD,693447.0,693447.0,,0.02,0.15,0.14,0.21
me04-075,Ange Floette,75,Uncommon,2026-07-10T18:05:08.528Z,EUR,886467,2026-07-10T18:05:06.309Z,USD,693447.0,693447.0,,0.02,0.1,0.11,0.23
me04-075,Ange Floette,75,Uncommon,2026-07-11T18:05:08.252Z,EUR,886467,2026-07-11T18:05:05.951Z,USD,693447.0,693447.0,,0.02,0.1,0.11,0.28
me04-075,Ange Floette,75,Uncommon,2026-07-12T18:05:09.094Z,EUR,886467,2026-07-12T18:05:07.281Z,USD,693447.0,693447.0,,0.02,0.1,0.1,0.23
me04-075,Ange Floette,75,Uncommon,2026-07-13T18:05:07.901Z,EUR,886467,2026-07-13T18:05:06.325Z,USD,693447.0,693447.0,,0.05,0.1,0.1,0.22
me04-075,Ange Floette,75,Uncommon,2026-07-14T18:05:08.458Z,EUR,886467,2026-07-14T18:05:05.984Z,USD,693447.0,693447.0,,0.05,0.1,0.09,0.26
me04-075,Ange Floette,75,Uncommon,2026-07-15T18:05:08.182Z,EUR,886467,2026-07-15T18:05:06.072Z,USD,693447.0,693447.0,,0.05,0.1,0.1,0.28
me04-075,Ange Floette,75,Uncommon,2026-07-16T18:05:08.298Z,EUR,886467,2026-07-16T18:05:05.995Z,USD,693447.0,693447.0,,0.05,0.1,0.11,0.29
me04-075,Ange Floette,75,Uncommon,2026-07-17T18:05:09.396Z,EUR,886467,2026-07-17T18:05:07.352Z,USD,693447.0,693447.0,,0.05,0.1,0.1,0.28
me04-075,Ange Floette,75,Uncommon,2026-07-18T08:02:59.776Z,EUR,886467,2026-07-18T08:02:56.980Z,USD,693447.0,693447.0,,0.05,0.1,0.12,0.25
me04-075,Ange Floette,75,Uncommon,2026-07-19T08:03:04.658Z,EUR,886467,2026-07-19T08:03:02.364Z,USD,693447.0,693447.0,,0.05,0.1,0.09,0.24
me04-075,Ange Floette,75,Uncommon,2026-07-20T08:03:04.265Z,EUR,886467,2026-07-20T08:03:02.216Z,USD,693447.0,693447.0,,0.02,0.14,0.09,0.22
me04-075,Ange Floette,75,Uncommon,2026-07-21T08:03:04.252Z,EUR,886467,2026-07-21T08:03:02.310Z,USD,693447.0,693447.0,,0.02,0.14,0.12,0.24
me04-075,Ange Floette,75,Uncommon,2026-07-22T08:03:06.471Z,EUR,886467,2026-07-22T08:03:04.165Z,USD,693447.0,693447.0,,0.02,0.14,0.13,0.24
me04-075,Ange Floette,75,Uncommon,2026-07-23T08:03:03.735Z,EUR,886467,2026-07-23T08:03:01.941Z,USD,693447.0,693447.0,,0.02,0.14,0.13,0.23
me04-075,Ange Floette,75,Uncommon,2026-07-24T08:03:04.300Z,EUR,886467,2026-07-24T08:03:02.308Z,USD,693447.0,693447.0,,0.02,0.14,0.15,0.25
me04-075,Ange Floette,75,Uncommon,2026-07-25T08:03:04.302Z,EUR,886467,2026-07-25T08:03:02.306Z,USD,693447.0,693447.0,,0.02,0.14,0.15,0.25
me04-075,Ange Floette,75,Uncommon,2026-07-26T08:03:04.571Z,EUR,886467,2026-07-26T08:03:42.077Z,USD,693447.0,693447.0,,0.02,0.07,0.12,0.22
me04-075,Ange Floette,75,Uncommon,2026-07-27T08:03:04.458Z,EUR,886467,2026-07-27T08:03:49.056Z,USD,693447.0,693447.0,,0.02,0.07,0.08,0.22
me04-076,AZ's Tranquility,76,Uncommon,2026-07-06T18:05:01.396Z,EUR,886468,2026-07-06T18:05:01.021Z,USD,693449.0,693449.0,,0.05,0.15,0.11,0.23
me04-076,AZ's Tranquility,76,Uncommon,2026-07-07T18:05:09.041Z,EUR,886468,2026-07-07T18:05:06.951Z,USD,693449.0,693449.0,,0.05,0.15,0.09,0.24
me04-076,AZ's Tranquility,76,Uncommon,2026-07-08T18:05:10.950Z,EUR,886468,2026-07-08T18:05:07.571Z,USD,693449.0,693449.0,,0.07,0.09,0.06,0.25
me04-076,AZ's Tranquility,76,Uncommon,2026-07-09T18:05:08.755Z,EUR,886468,2026-07-09T18:05:06.660Z,USD,693449.0,693449.0,,0.05,0.19,0.09,0.25
me04-076,AZ's Tranquility,76,Uncommon,2026-07-10T18:05:08.528Z,EUR,886468,2026-07-10T18:05:06.309Z,USD,693449.0,693449.0,,0.03,0.11,0.1,0.24
me04-076,AZ's Tranquility,76,Uncommon,2026-07-11T18:05:07.832Z,EUR,886468,2026-07-11T18:05:05.951Z,USD,693449.0,693449.0,,0.03,0.11,0.14,0.22
me04-076,AZ's Tranquility,76,Uncommon,2026-07-12T18:05:09.094Z,EUR,886468,2026-07-12T18:05:07.281Z,USD,693449.0,693449.0,,0.03,0.11,0.18,0.24
me04-076,AZ's Tranquility,76,Uncommon,2026-07-13T18:05:07.846Z,EUR,886468,2026-07-13T18:05:06.325Z,USD,693449.0,693449.0,,0.03,0.1,0.15,0.21
me04-076,AZ's Tranquility,76,Uncommon,2026-07-14T18:05:08.458Z,EUR,886468,2026-07-14T18:05:05.984Z,USD,693449.0,693449.0,,0.03,0.1,0.12,0.22
me04-076,AZ's Tranquility,76,Uncommon,2026-07-15T18:05:08.182Z,EUR,886468,2026-07-15T18:05:06.072Z,USD,693449.0,693449.0,,0.03,0.1,0.13,0.21
me04-076,AZ's Tranquility,76,Uncommon,2026-07-16T18:05:08.298Z,EUR,886468,2026-07-16T18:05:05.995Z,USD,693449.0,693449.0,,0.03,0.1,0.16,0.21
me04-076,AZ's Tranquility,76,Uncommon,2026-07-17T18:05:09.396Z,EUR,886468,2026-07-17T18:05:07.352Z,USD,693449.0,693449.0,,0.03,0.1,0.18,0.2
me04-076,AZ's Tranquility,76,Uncommon,2026-07-18T08:02:59.776Z,EUR,886468,2026-07-18T08:02:56.980Z,USD,693449.0,693449.0,,0.03,0.1,0.14,0.17
me04-076,AZ's Tranquility,76,Uncommon,2026-07-19T08:03:04.658Z,EUR,886468,2026-07-19T08:03:02.364Z,USD,693449.0,693449.0,,0.03,0.1,0.11,0.17
me04-076,AZ's Tranquility,76,Uncommon,2026-07-20T08:03:04.386Z,EUR,886468,2026-07-20T08:03:02.216Z,USD,693449.0,693449.0,,0.09,0.09,0.12,0.24
me04-076,AZ's Tranquility,76,Uncommon,2026-07-21T08:03:04.115Z,EUR,886468,2026-07-21T08:03:02.310Z,USD,693449.0,693449.0,,0.09,0.09,0.18,0.21
me04-076,AZ's Tranquility,76,Uncommon,2026-07-22T08:03:06.471Z,EUR,886468,2026-07-22T08:03:04.165Z,USD,693449.0,693449.0,,0.09,0.09,0.18,0.22
me04-076,AZ's Tranquility,76,Uncommon,2026-07-23T08:03:03.918Z,EUR,886468,2026-07-23T08:03:01.941Z,USD,693449.0,693449.0,,0.09,0.09,0.17,0.19
me04-076,AZ's Tranquility,76,Uncommon,2026-07-24T08:03:04.300Z,EUR,886468,2026-07-24T08:03:02.308Z,USD,693449.0,693449.0,,0.09,0.09,0.18,0.2
me04-076,AZ's Tranquility,76,Uncommon,2026-07-25T08:03:04.302Z,EUR,886468,2026-07-25T08:03:02.306Z,USD,693449.0,693449.0,,0.09,0.09,0.11,0.21
me04-076,AZ's Tranquility,76,Uncommon,2026-07-26T08:03:04.571Z,EUR,886468,2026-07-26T08:03:42.077Z,USD,693449.0,693449.0,,0.07,0.15,0.11,0.23
me04-076,AZ's Tranquility,76,Uncommon,2026-07-27T08:03:04.705Z,EUR,886468,2026-07-27T08:03:49.056Z,USD,693449.0,693449.0,,0.03,0.09,0.1,0.26
me04-077,Emma,77,Uncommon,2026-07-06T18:05:01.396Z,EUR,886470,2026-07-06T18:05:01.021Z,USD,693479.0,693479.0,,0.02,0.28,0.11,0.21
me04-077,Emma,77,Uncommon,2026-07-07T18:05:09.149Z,EUR,886470,2026-07-07T18:05:06.951Z,USD,693479.0,693479.0,,0.02,0.28,0.11,0.22
me04-077,Emma,77,Uncommon,2026-07-08T18:05:10.950Z,EUR,886470,2026-07-08T18:05:07.571Z,USD,693479.0,693479.0,,0.02,0.09,0.11,0.2
me04-077,Emma,77,Uncommon,2026-07-09T18:05:08.755Z,EUR,886470,2026-07-09T18:05:06.660Z,USD,693479.0,693479.0,,0.03,0.13,0.11,0.17
me04-077,Emma,77,Uncommon,2026-07-10T18:05:08.528Z,EUR,886470,2026-07-10T18:05:06.309Z,USD,693479.0,693479.0,,0.02,0.09,0.11,0.18
me04-077,Emma,77,Uncommon,2026-07-11T18:05:07.832Z,EUR,886470,2026-07-11T18:05:05.951Z,USD,693479.0,693479.0,,0.02,0.09,0.11,0.17
me04-077,Emma,77,Uncommon,2026-07-12T18:05:09.094Z,EUR,886470,2026-07-12T18:05:07.281Z,USD,693479.0,693479.0,,0.02,0.09,0.11,0.18
me04-077,Emma,77,Uncommon,2026-07-13T18:05:07.901Z,EUR,886470,2026-07-13T18:05:06.325Z,USD,693479.0,693479.0,,0.03,0.1,0.11,0.21
me04-077,Emma,77,Uncommon,2026-07-14T18:05:08.458Z,EUR,886470,2026-07-14T18:05:05.984Z,USD,693479.0,693479.0,,0.03,0.1,0.11,0.21
me04-077,Emma,77,Uncommon,2026-07-15T18:05:08.182Z,EUR,886470,2026-07-15T18:05:06.072Z,USD,693479.0,693479.0,,0.03,0.1,0.11,0.22
me04-077,Emma,77,Uncommon,2026-07-16T18:05:08.727Z,EUR,886470,2026-07-16T18:05:05.995Z,USD,693479.0,693479.0,,0.03,0.1,0.11,0.23
me04-077,Emma,77,Uncommon,2026-07-17T18:05:09.396Z,EUR,886470,2026-07-17T18:05:07.352Z,USD,693479.0,693479.0,,0.03,0.1,0.1,0.24
me04-077,Emma,77,Uncommon,2026-07-18T08:02:59.776Z,EUR,886470,2026-07-18T08:02:56.980Z,USD,693479.0,693479.0,,0.03,0.1,0.1,0.25
me04-077,Emma,77,Uncommon,2026-07-19T08:03:04.658Z,EUR,886470,2026-07-19T08:03:02.364Z,USD,693479.0,693479.0,,0.03,0.1,0.09,0.24
me04-077,Emma,77,Uncommon,2026-07-20T08:03:04.386Z,EUR,886470,2026-07-20T08:03:02.216Z,USD,693479.0,693479.0,,0.02,0.15,0.08,0.23
me04-077,Emma,77,Uncommon,2026-07-21T08:03:04.252Z,EUR,886470,2026-07-21T08:03:02.310Z,USD,693479.0,693479.0,,0.02,0.15,0.12,0.22
me04-077,Emma,77,Uncommon,2026-07-22T08:03:06.471Z,EUR,886470,2026-07-22T08:03:04.165Z,USD,693479.0,693479.0,,0.02,0.15,0.14,0.25
me04-077,Emma,77,Uncommon,2026-07-23T08:03:03.918Z,EUR,886470,2026-07-23T08:03:01.941Z,USD,693479.0,693479.0,,0.02,0.15,0.15,0.23
me04-077,Emma,77,Uncommon,2026-07-24T08:03:04.300Z,EUR,886470,2026-07-24T08:03:02.308Z,USD,693479.0,693479.0,,0.02,0.15,0.14,0.26
me04-077,Emma,77,Uncommon,2026-07-25T08:03:04.261Z,EUR,886470,2026-07-25T08:03:02.306Z,USD,693479.0,693479.0,,0.02,0.15,0.13,0.23
me04-077,Emma,77,Uncommon,2026-07-26T08:03:04.571Z,EUR,886470,2026-07-26T08:03:42.077Z,USD,693479.0,693479.0,,0.03,0.15,0.09,0.23
me04-077,Emma,77,Uncommon,2026-07-27T08:03:04.705Z,EUR,886470,2026-07-27T08:03:49.056Z,USD,693479.0,693479.0,,0.02,0.08,0.07,0.25
me04-078,Great Haul Net,78,Uncommon,2026-07-06T18:05:01.253Z,EUR,886469,2026-07-06T18:05:01.021Z,USD,693499.0,693499.0,,0.05,0.24,0.16,0.26
me04-078,Great Haul Net,78,Uncommon,2026-07-07T18:05:09.149Z,EUR,886469,2026-07-07T18:05:06.951Z,USD,693499.0,693499.0,,0.05,0.24,0.16,0.24
me04-078,Great Haul Net,78,Uncommon,2026-07-08T18:05:11.087Z,EUR,886469,2026-07-08T18:05:07.571Z,USD,693499.0,693499.0,,0.02,0.07,0.15,0.24
me04-078,Great Haul Net,78,Uncommon,2026-07-09T18:05:09.065Z,EUR,886469,2026-07-09T18:05:06.660Z,USD,693499.0,693499.0,,0.06,0.13,0.13,0.21
me04-078,Great Haul Net,78,Uncommon,2026-07-10T18:05:08.528Z,EUR,886469,2026-07-10T18:05:06.309Z,USD,693499.0,693499.0,,0.07,0.14,0.14,0.22
me04-078,Great Haul Net,78,Uncommon,2026-07-11T18:05:08.252Z,EUR,886469,2026-07-11T18:05:05.951Z,USD,693499.0,693499.0,,0.07,0.14,0.16,0.25
me04-078,Great Haul Net,78,Uncommon,2026-07-12T18:05:09.094Z,EUR,886469,2026-07-12T18:05:07.281Z,USD,693499.0,693499.0,,0.07,0.14,0.13,0.25
me04-078,Great Haul Net,78,Uncommon,2026-07-13T18:05:07.901Z,EUR,886469,2026-07-13T18:05:06.325Z,USD,693499.0,693499.0,,0.05,0.09,0.19,0.27
me04-078,Great Haul Net,78,Uncommon,2026-07-14T18:05:08.458Z,EUR,886469,2026-07-14T18:05:05.984Z,USD,693499.0,693499.0,,0.05,0.09,0.2,0.25
me04-078,Great Haul Net,78,Uncommon,2026-07-15T18:05:08.182Z,EUR,886469,2026-07-15T18:05:06.072Z,USD,693499.0,693499.0,,0.05,0.09,0.2,0.2
me04-078,Great Haul Net,78,Uncommon,2026-07-16T18:05:08.727Z,EUR,886469,2026-07-16T18:05:05.995Z,USD,693499.0,693499.0,,0.05,0.09,0.22,0.22
me04-078,Great Haul Net,78,Uncommon,2026-07-17T18:05:09.271Z,EUR,886469,2026-07-17T18:05:07.352Z,USD,693499.0,693499.0,,0.05,0.09,0.17,0.24
me04-078,Great Haul Net,78,Uncommon,2026-07-18T08:02:59.776Z,EUR,886469,2026-07-18T08:02:56.980Z,USD,693499.0,693499.0,,0.05,0.09,0.15,0.25
me04-078,Great Haul Net,78,Uncommon,2026-07-19T08:03:04.658Z,EUR,886469,2026-07-19T08:03:02.364Z,USD,693499.0,693499.0,,0.05,0.09,0.13,0.25
me04-078,Great Haul Net,78,Uncommon,2026-07-20T08:03:04.265Z,EUR,886469,2026-07-20T08:03:02.216Z,USD,693499.0,693499.0,,0.07,0.08,0.15,0.22
me04-078,Great Haul Net,78,Uncommon,2026-07-21T08:03:04.252Z,EUR,886469,2026-07-21T08:03:02.310Z,USD,693499.0,693499.0,,0.07,0.08,0.17,0.24
me04-078,Great Haul Net,78,Uncommon,2026-07-22T08:03:06.471Z,EUR,886469,2026-07-22T08:03:04.165Z,USD,693499.0,693499.0,,0.07,0.08,0.15,0.27
me04-078,Great Haul Net,78,Uncommon,2026-07-23T08:03:03.735Z,EUR,886469,2026-07-23T08:03:01.941Z,USD,693499.0,693499.0,,0.07,0.08,0.15,0.26
me04-078,Great Haul Net,78,Uncommon,2026-07-24T08:03:04.300Z,EUR,886469,2026-07-24T08:03:02.308Z,USD,693499.0,693499.0,,0.07,0.08,0.14,0.27
me04-078,Great Haul Net,78,Uncommon,2026-07-25T08:03:04.261Z,EUR,886469,2026-07-25T08:03:02.306Z,USD,693499.0,693499.0,,0.07,0.08,0.14,0.24
me04-078,Great Haul Net,78,Uncommon,2026-07-26T08:03:04.571Z,EUR,886469,2026-07-26T08:03:42.077Z,USD,693499.0,693499.0,,0.03,0.09,0.14,0.22
me04-078,Great Haul Net,78,Uncommon,2026-07-27T08:03:04.705Z,EUR,886469,2026-07-27T08:03:49.056Z,USD,693499.0,693499.0,,0.03,0.09,0.1,0.2
me04-079,Philippe,79,Uncommon,2026-07-06T18:05:01.132Z,EUR,886471,2026-07-06T18:05:01.021Z,USD,693532.0,693532.0,,0.02,0.13,0.08,0.22
me04-079,Philippe,79,Uncommon,2026-07-07T18:05:09.041Z,EUR,886471,2026-07-07T18:05:06.951Z,USD,693532.0,693532.0,,0.02,0.13,0.07,0.19
me04-079,Philippe,79,Uncommon,2026-07-08T18:05:10.509Z,EUR,886471,2026-07-08T18:05:07.571Z,USD,693532.0,693532.0,,0.06,0.14,0.09,0.19
me04-079,Philippe,79,Uncommon,2026-07-09T18:05:09.065Z,EUR,886471,2026-07-09T18:05:06.660Z,USD,693532.0,693532.0,,0.03,0.11,0.11,0.19
me04-079,Philippe,79,Uncommon,2026-07-10T18:05:08.450Z,EUR,886471,2026-07-10T18:05:06.309Z,USD,693532.0,693532.0,,0.07,0.09,0.12,0.22
me04-079,Philippe,79,Uncommon,2026-07-11T18:05:08.252Z,EUR,886471,2026-07-11T18:05:05.951Z,USD,693532.0,693532.0,,0.07,0.09,0.14,0.2
me04-079,Philippe,79,Uncommon,2026-07-12T18:05:09.094Z,EUR,886471,2026-07-12T18:05:07.281Z,USD,693532.0,693532.0,,0.07,0.09,0.19,0.21
me04-079,Philippe,79,Uncommon,2026-07-13T18:05:07.901Z,EUR,886471,2026-07-13T18:05:06.325Z,USD,693532.0,693532.0,,0.07,0.08,0.19,0.24
me04-079,Philippe,79,Uncommon,2026-07-14T18:05:08.458Z,EUR,886471,2026-07-14T18:05:05.984Z,USD,693532.0,693532.0,,0.07,0.08,0.21,0.26
me04-079,Philippe,79,Uncommon,2026-07-15T18:05:08.182Z,EUR,886471,2026-07-15T18:05:06.072Z,USD,693532.0,693532.0,,0.07,0.08,0.17,0.24
me04-079,Philippe,79,Uncommon,2026-07-16T18:05:08.727Z,EUR,886471,2026-07-16T18:05:05.995Z,USD,693532.0,693532.0,,0.07,0.08,0.16,0.24
me04-079,Philippe,79,Uncommon,2026-07-17T18:05:09.271Z,EUR,886471,2026-07-17T18:05:07.352Z,USD,693532.0,693532.0,,0.07,0.08,0.15,0.31
me04-079,Philippe,79,Uncommon,2026-07-18T08:02:59.776Z,EUR,886471,2026-07-18T08:02:56.980Z,USD,693532.0,693532.0,,0.07,0.08,0.13,0.29
me04-079,Philippe,79,Uncommon,2026-07-19T08:03:04.658Z,EUR,886471,2026-07-19T08:03:02.364Z,USD,693532.0,693532.0,,0.07,0.08,0.1,0.28
me04-079,Philippe,79,Uncommon,2026-07-20T08:03:04.265Z,EUR,886471,2026-07-20T08:03:02.216Z,USD,693532.0,693532.0,,0.06,0.09,0.12,0.24
me04-079,Philippe,79,Uncommon,2026-07-21T08:03:04.115Z,EUR,886471,2026-07-21T08:03:02.310Z,USD,693532.0,693532.0,,0.06,0.09,0.13,0.22
me04-079,Philippe,79,Uncommon,2026-07-22T08:03:06.471Z,EUR,886471,2026-07-22T08:03:04.165Z,USD,693532.0,693532.0,,0.06,0.09,0.14,0.22
me04-079,Philippe,79,Uncommon,2026-07-23T08:03:03.735Z,EUR,886471,2026-07-23T08:03:01.941Z,USD,693532.0,693532.0,,0.06,0.09,0.13,0.22
me04-079,Philippe,79,Uncommon,2026-07-24T08:03:04.300Z,EUR,886471,2026-07-24T08:03:02.308Z,USD,693532.0,693532.0,,0.06,0.09,0.12,0.21
me04-079,Philippe,79,Uncommon,2026-07-25T08:03:04.261Z,EUR,886471,2026-07-25T08:03:02.306Z,USD,693532.0,693532.0,,0.06,0.09,0.07,0.22
me04-079,Philippe,79,Uncommon,2026-07-26T08:03:04.571Z,EUR,886471,2026-07-26T08:03:42.077Z,USD,693532.0,693532.0,,0.07,0.19,0.11,0.23
me04-079,Philippe,79,Uncommon,2026-07-27T08:03:04.547Z,EUR,886471,2026-07-27T08:03:49.056Z,USD,693532.0,693532.0,,0.02,0.13,0.12,0.26
me04-080,Prism Tower,80,Uncommon,2026-07-06T18:05:01.396Z,EUR,886472,2026-07-06T18:05:01.021Z,USD,693534.0,693534.0,,0.07,0.09,0.11,0.28
me04-080,Prism Tower,80,Uncommon,2026-07-07T18:05:09.149Z,EUR,886472,2026-07-07T18:05:06.951Z,USD,693534.0,693534.0,,0.07,0.09,0.08,0.29
me04-080,Prism Tower,80,Uncommon,2026-07-08T18:05:10.657Z,EUR,886472,2026-07-08T18:05:07.571Z,USD,693534.0,693534.0,,0.07,0.13,0.11,0.25
me04-080,Prism Tower,80,Uncommon,2026-07-09T18:05:09.065Z,EUR,886472,2026-07-09T18:05:06.660Z,USD,693534.0,693534.0,,0.15,0.16,0.14,0.29
me04-080,Prism Tower,80,Uncommon,2026-07-10T18:05:08.528Z,EUR,886472,2026-07-10T18:05:06.309Z,USD,693534.0,693534.0,,0.06,0.22,0.16,0.28
me04-080,Prism Tower,80,Uncommon,2026-07-11T18:05:07.832Z,EUR,886472,2026-07-11T18:05:05.951Z,USD,693534.0,693534.0,,0.06,0.22,0.21,0.27
me04-080,Prism Tower,80,Uncommon,2026-07-12T18:05:09.094Z,EUR,886472,2026-07-12T18:05:07.281Z,USD,693534.0,693534.0,,0.06,0.22,0.15,0.22
me04-080,Prism Tower,80,Uncommon,2026-07-13T18:05:07.901Z,EUR,886472,2026-07-13T18:05:06.325Z,USD,693534.0,693534.0,,0.07,0.17,0.13,0.3
me04-080,Prism Tower,80,Uncommon,2026-07-14T18:05:08.211Z,EUR,886472,2026-07-14T18:05:05.984Z,USD,693534.0,693534.0,,0.07,0.17,0.18,0.34
me04-080,Prism Tower,80,Uncommon,2026-07-15T18:05:08.182Z,EUR,886472,2026-07-15T18:05:06.072Z,USD,693534.0,693534.0,,0.07,0.17,0.14,0.38
me04-080,Prism Tower,80,Uncommon,2026-07-16T18:05:08.727Z,EUR,886472,2026-07-16T18:05:05.995Z,USD,693534.0,693534.0,,0.07,0.17,0.23,0.37
me04-080,Prism Tower,80,Uncommon,2026-07-17T18:05:09.271Z,EUR,886472,2026-07-17T18:05:07.352Z,USD,693534.0,693534.0,,0.07,0.17,0.19,0.3
me04-080,Prism Tower,80,Uncommon,2026-07-18T08:02:59.776Z,EUR,886472,2026-07-18T08:02:56.980Z,USD,693534.0,693534.0,,0.07,0.17,0.14,0.25
me04-080,Prism Tower,80,Uncommon,2026-07-19T08:03:04.658Z,EUR,886472,2026-07-19T08:03:02.364Z,USD,693534.0,693534.0,,0.07,0.17,0.11,0.25
me04-080,Prism Tower,80,Uncommon,2026-07-20T08:03:04.265Z,EUR,886472,2026-07-20T08:03:02.216Z,USD,693534.0,693534.0,,0.07,0.09,0.11,0.42
me04-080,Prism Tower,80,Uncommon,2026-07-21T08:03:04.115Z,EUR,886472,2026-07-21T08:03:02.310Z,USD,693534.0,693534.0,,0.07,0.09,0.15,0.29
me04-080,Prism Tower,80,Uncommon,2026-07-22T08:03:06.558Z,EUR,886472,2026-07-22T08:03:04.165Z,USD,693534.0,693534.0,,0.07,0.09,0.14,0.3
me04-080,Prism Tower,80,Uncommon,2026-07-23T08:03:03.735Z,EUR,886472,2026-07-23T08:03:01.941Z,USD,693534.0,693534.0,,0.07,0.09,0.12,0.55
me04-080,Prism Tower,80,Uncommon,2026-07-24T08:03:04.300Z,EUR,886472,2026-07-24T08:03:02.308Z,USD,693534.0,693534.0,,0.07,0.09,0.14,0.39
me04-080,Prism Tower,80,Uncommon,2026-07-25T08:03:04.261Z,EUR,886472,2026-07-25T08:03:02.306Z,USD,693534.0,693534.0,,0.07,0.09,0.18,0.36
me04-080,Prism Tower,80,Uncommon,2026-07-26T08:03:04.571Z,EUR,886472,2026-07-26T08:03:42.077Z,USD,693534.0,693534.0,,0.06,0.17,0.19,0.28
me04-080,Prism Tower,80,Uncommon,2026-07-27T08:03:04.547Z,EUR,886472,2026-07-27T08:03:49.056Z,USD,693534.0,693534.0,,0.07,0.16,0.12,0.2
me04-081,Roxie's Performance,81,Uncommon,2026-07-06T18:05:01.396Z,EUR,886473,2026-07-06T18:05:01.021Z,USD,693540.0,693540.0,,0.02,0.17,0.11,0.23
me04-081,Roxie's Performance,81,Uncommon,2026-07-07T18:05:10.032Z,EUR,886473,2026-07-07T18:05:06.951Z,USD,693540.0,693540.0,,0.02,0.17,0.13,0.24
me04-081,Roxie's Performance,81,Uncommon,2026-07-08T18:05:11.087Z,EUR,886473,2026-07-08T18:05:07.571Z,USD,693540.0,693540.0,,0.02,0.05,0.11,0.24
me04-081,Roxie's Performance,81,Uncommon,2026-07-09T18:05:09.065Z,EUR,886473,2026-07-09T18:05:06.660Z,USD,693540.0,693540.0,,0.02,0.11,0.11,0.24
me04-081,Roxie's Performance,81,Uncommon,2026-07-10T18:05:08.450Z,EUR,886473,2026-07-10T18:05:06.309Z,USD,693540.0,693540.0,,0.03,0.15,0.12,0.22
me04-081,Roxie's Performance,81,Uncommon,2026-07-11T18:05:08.252Z,EUR,886473,2026-07-11T18:05:05.951Z,USD,693540.0,693540.0,,0.03,0.15,0.13,0.17
me04-081,Roxie's Performance,81,Uncommon,2026-07-12T18:05:09.094Z,EUR,886473,2026-07-12T18:05:07.281Z,USD,693540.0,693540.0,,0.03,0.15,0.11,0.18
me04-081,Roxie's Performance,81,Uncommon,2026-07-13T18:05:07.901Z,EUR,886473,2026-07-13T18:05:06.325Z,USD,693540.0,693540.0,,0.24,0.07,0.12,0.16
me04-081,Roxie's Performance,81,Uncommon,2026-07-14T18:05:08.458Z,EUR,886473,2026-07-14T18:05:05.984Z,USD,693540.0,693540.0,,0.24,0.07,0.11,0.22
me04-081,Roxie's Performance,81,Uncommon,2026-07-15T18:05:08.182Z,EUR,886473,2026-07-15T18:05:06.072Z,USD,693540.0,693540.0,,0.24,0.07,0.14,0.23
me04-081,Roxie's Performance,81,Uncommon,2026-07-16T18:05:08.253Z,EUR,886473,2026-07-16T18:05:05.995Z,USD,693540.0,693540.0,,0.24,0.07,0.13,0.25
me04-081,Roxie's Performance,81,Uncommon,2026-07-17T18:05:09.396Z,EUR,886473,2026-07-17T18:05:07.352Z,USD,693540.0,693540.0,,0.24,0.07,0.15,0.22
me04-081,Roxie's Performance,81,Uncommon,2026-07-18T08:02:59.776Z,EUR,886473,2026-07-18T08:02:56.980Z,USD,693540.0,693540.0,,0.24,0.07,0.14,0.21
me04-081,Roxie's Performance,81,Uncommon,2026-07-19T08:03:04.658Z,EUR,886473,2026-07-19T08:03:02.364Z,USD,693540.0,693540.0,,0.24,0.07,0.12,0.19
me04-081,Roxie's Performance,81,Uncommon,2026-07-20T08:03:04.265Z,EUR,886473,2026-07-20T08:03:02.216Z,USD,693540.0,693540.0,,0.06,0.18,0.1,0.18
me04-081,Roxie's Performance,81,Uncommon,2026-07-21T08:03:04.115Z,EUR,886473,2026-07-21T08:03:02.310Z,USD,693540.0,693540.0,,0.06,0.18,0.1,0.2
me04-081,Roxie's Performance,81,Uncommon,2026-07-22T08:03:06.471Z,EUR,886473,2026-07-22T08:03:04.165Z,USD,693540.0,693540.0,,0.06,0.18,0.11,0.22
me04-081,Roxie's Performance,81,Uncommon,2026-07-23T08:03:03.735Z,EUR,886473,2026-07-23T08:03:01.941Z,USD,693540.0,693540.0,,0.06,0.18,0.1,0.23
me04-081,Roxie's Performance,81,Uncommon,2026-07-24T08:03:04.300Z,EUR,886473,2026-07-24T08:03:02.308Z,USD,693540.0,693540.0,,0.06,0.18,0.11,0.24
me04-081,Roxie's Performance,81,Uncommon,2026-07-25T08:03:04.261Z,EUR,886473,2026-07-25T08:03:02.306Z,USD,693540.0,693540.0,,0.06,0.18,0.11,0.24
me04-081,Roxie's Performance,81,Uncommon,2026-07-26T08:03:04.571Z,EUR,886473,2026-07-26T08:03:42.077Z,USD,693540.0,693540.0,,0.03,0.09,0.1,0.22
me04-081,Roxie's Performance,81,Uncommon,2026-07-27T08:03:04.547Z,EUR,886473,2026-07-27T08:03:49.056Z,USD,693540.0,693540.0,,0.06,0.07,0.1,0.19
me04-082,Special Red Card,82,Uncommon,2026-07-06T18:05:01.253Z,EUR,886474,2026-07-06T18:05:01.021Z,USD,693547.0,693547.0,,0.11,0.3,0.15,0.38
me04-082,Special Red Card,82,Uncommon,2026-07-07T18:05:09.041Z,EUR,886474,2026-07-07T18:05:06.951Z,USD,693547.0,693547.0,,0.11,0.3,0.2,0.3
me04-082,Special Red Card,82,Uncommon,2026-07-08T18:05:10.657Z,EUR,886474,2026-07-08T18:05:07.571Z,USD,693547.0,693547.0,,0.18,0.23,0.19,0.32
me04-082,Special Red Card,82,Uncommon,2026-07-09T18:05:09.065Z,EUR,886474,2026-07-09T18:05:06.660Z,USD,693547.0,693547.0,,0.19,0.34,0.2,0.26
me04-082,Special Red Card,82,Uncommon,2026-07-10T18:05:08.528Z,EUR,886474,2026-07-10T18:05:06.309Z,USD,693547.0,693547.0,,0.25,0.27,0.21,0.25
me04-082,Special Red Card,82,Uncommon,2026-07-11T18:05:07.832Z,EUR,886474,2026-07-11T18:05:05.951Z,USD,693547.0,693547.0,,0.25,0.27,0.22,0.24
me04-082,Special Red Card,82,Uncommon,2026-07-12T18:05:09.094Z,EUR,886474,2026-07-12T18:05:07.281Z,USD,693547.0,693547.0,,0.25,0.27,0.16,0.42
me04-082,Special Red Card,82,Uncommon,2026-07-13T18:05:07.999Z,EUR,886474,2026-07-13T18:05:06.325Z,USD,693547.0,693547.0,,0.22,0.15,0.23,2.26
me04-082,Special Red Card,82,Uncommon,2026-07-14T18:05:08.458Z,EUR,886474,2026-07-14T18:05:05.984Z,USD,693547.0,693547.0,,0.22,0.15,0.2,0.99
me04-082,Special Red Card,82,Uncommon,2026-07-15T18:05:08.182Z,EUR,886474,2026-07-15T18:05:06.072Z,USD,693547.0,693547.0,,0.22,0.15,0.21,0.67
me04-082,Special Red Card,82,Uncommon,2026-07-16T18:05:08.253Z,EUR,886474,2026-07-16T18:05:05.995Z,USD,693547.0,693547.0,,0.22,0.15,0.22,0.51
me04-082,Special Red Card,82,Uncommon,2026-07-17T18:05:09.396Z,EUR,886474,2026-07-17T18:05:07.352Z,USD,693547.0,693547.0,,0.22,0.15,0.23,0.37
me04-082,Special Red Card,82,Uncommon,2026-07-18T08:02:59.776Z,EUR,886474,2026-07-18T08:02:56.980Z,USD,693547.0,693547.0,,0.22,0.15,0.13,0.39
me04-082,Special Red Card,82,Uncommon,2026-07-19T08:03:04.658Z,EUR,886474,2026-07-19T08:03:02.364Z,USD,693547.0,693547.0,,0.22,0.15,0.14,0.3
me04-082,Special Red Card,82,Uncommon,2026-07-20T08:03:04.265Z,EUR,886474,2026-07-20T08:03:02.216Z,USD,693547.0,693547.0,,0.18,0.4,0.12,0.34
me04-082,Special Red Card,82,Uncommon,2026-07-21T08:03:04.252Z,EUR,886474,2026-07-21T08:03:02.310Z,USD,693547.0,693547.0,,0.18,0.4,0.17,0.3
me04-082,Special Red Card,82,Uncommon,2026-07-22T08:03:06.471Z,EUR,886474,2026-07-22T08:03:04.165Z,USD,693547.0,693547.0,,0.18,0.4,0.22,0.31
me04-082,Special Red Card,82,Uncommon,2026-07-23T08:03:03.735Z,EUR,886474,2026-07-23T08:03:01.941Z,USD,693547.0,693547.0,,0.18,0.4,0.19,0.38
me04-082,Special Red Card,82,Uncommon,2026-07-24T08:03:04.359Z,EUR,886474,2026-07-24T08:03:02.308Z,USD,693547.0,693547.0,,0.18,0.4,0.16,0.27
me04-082,Special Red Card,82,Uncommon,2026-07-25T08:03:04.261Z,EUR,886474,2026-07-25T08:03:02.306Z,USD,693547.0,693547.0,,0.18,0.4,0.19,0.38
me04-082,Special Red Card,82,Uncommon,2026-07-26T08:03:04.572Z,EUR,886474,2026-07-26T08:03:42.077Z,USD,693547.0,693547.0,,0.13,0.16,0.17,0.3
me04-082,Special Red Card,82,Uncommon,2026-07-27T08:03:04.705Z,EUR,886474,2026-07-27T08:03:49.056Z,USD,693547.0,693547.0,,0.16,0.47,0.21,0.32
me04-083,Transformation Tome,83,Uncommon,2026-07-06T18:05:01.396Z,EUR,886475,2026-07-06T18:05:01.021Z,USD,693555.0,693555.0,,0.09,0.17,0.12,0.68
me04-083,Transformation Tome,83,Uncommon,2026-07-07T18:05:09.149Z,EUR,886475,2026-07-07T18:05:06.951Z,USD,693555.0,693555.0,,0.09,0.17,0.14,0.87
me04-083,Transformation Tome,83,Uncommon,2026-07-08T18:05:10.657Z,EUR,886475,2026-07-08T18:05:07.571Z,USD,693555.0,693555.0,,0.1,0.16,0.14,0.8
me04-083,Transformation Tome,83,Uncommon,2026-07-09T18:05:09.065Z,EUR,886475,2026-07-09T18:05:06.660Z,USD,693555.0,693555.0,,0.06,0.16,0.15,0.79
me04-083,Transformation Tome,83,Uncommon,2026-07-10T18:05:08.528Z,EUR,886475,2026-07-10T18:05:06.309Z,USD,693555.0,693555.0,,0.14,0.09,0.12,0.71
me04-083,Transformation Tome,83,Uncommon,2026-07-11T18:05:08.252Z,EUR,886475,2026-07-11T18:05:05.951Z,USD,693555.0,693555.0,,0.14,0.09,0.2,0.34
me04-083,Transformation Tome,83,Uncommon,2026-07-12T18:05:09.094Z,EUR,886475,2026-07-12T18:05:07.281Z,USD,693555.0,693555.0,,0.14,0.09,0.13,0.47
me04-083,Transformation Tome,83,Uncommon,2026-07-13T18:05:07.901Z,EUR,886475,2026-07-13T18:05:06.325Z,USD,693555.0,693555.0,,0.06,0.11,0.15,0.54
me04-083,Transformation Tome,83,Uncommon,2026-07-14T18:05:08.458Z,EUR,886475,2026-07-14T18:05:05.984Z,USD,693555.0,693555.0,,0.06,0.11,0.13,0.33
me04-083,Transformation Tome,83,Uncommon,2026-07-15T18:05:08.182Z,EUR,886475,2026-07-15T18:05:06.072Z,USD,693555.0,693555.0,,0.06,0.11,0.16,0.27
me04-083,Transformation Tome,83,Uncommon,2026-07-16T18:05:08.253Z,EUR,886475,2026-07-16T18:05:05.995Z,USD,693555.0,693555.0,,0.06,0.11,0.2,0.34
me04-083,Transformation Tome,83,Uncommon,2026-07-17T18:05:09.271Z,EUR,886475,2026-07-17T18:05:07.352Z,USD,693555.0,693555.0,,0.06,0.11,0.15,0.42
me04-083,Transformation Tome,83,Uncommon,2026-07-18T08:02:59.776Z,EUR,886475,2026-07-18T08:02:56.980Z,USD,693555.0,693555.0,,0.06,0.11,0.15,0.38
me04-083,Transformation Tome,83,Uncommon,2026-07-19T08:03:04.658Z,EUR,886475,2026-07-19T08:03:02.364Z,USD,693555.0,693555.0,,0.06,0.11,0.21,0.31
me04-083,Transformation Tome,83,Uncommon,2026-07-20T08:03:04.265Z,EUR,886475,2026-07-20T08:03:02.216Z,USD,693555.0,693555.0,,0.08,0.18,0.12,0.64
me04-083,Transformation Tome,83,Uncommon,2026-07-21T08:03:04.252Z,EUR,886475,2026-07-21T08:03:02.310Z,USD,693555.0,693555.0,,0.08,0.18,0.15,0.65
me04-083,Transformation Tome,83,Uncommon,2026-07-22T08:03:06.471Z,EUR,886475,2026-07-22T08:03:04.165Z,USD,693555.0,693555.0,,0.08,0.18,0.12,0.4
me04-083,Transformation Tome,83,Uncommon,2026-07-23T08:03:03.735Z,EUR,886475,2026-07-23T08:03:01.941Z,USD,693555.0,693555.0,,0.08,0.18,0.11,0.32
me04-083,Transformation Tome,83,Uncommon,2026-07-24T08:03:04.550Z,EUR,886475,2026-07-24T08:03:02.308Z,USD,693555.0,693555.0,,0.08,0.18,0.2,0.32
me04-083,Transformation Tome,83,Uncommon,2026-07-25T08:03:04.261Z,EUR,886475,2026-07-25T08:03:02.306Z,USD,693555.0,693555.0,,0.08,0.18,0.18,1.05
me04-083,Transformation Tome,83,Uncommon,2026-07-26T08:03:04.532Z,EUR,886475,2026-07-26T08:03:42.077Z,USD,693555.0,693555.0,,0.05,0.16,0.15,1.25
me04-083,Transformation Tome,83,Uncommon,2026-07-27T08:03:04.705Z,EUR,886475,2026-07-27T08:03:49.056Z,USD,693555.0,693555.0,,0.1,0.11,0.19,0.97
me04-084,Bubbly Water Energy,84,Rare,2026-07-06T18:05:01.396Z,EUR,886476,2026-07-06T18:05:01.021Z,USD,693458.0,,693458.0,0.07,0.21,,0.25
me04-084,Bubbly Water Energy,84,Rare,2026-07-07T18:05:09.041Z,EUR,886476,2026-07-07T18:05:06.951Z,USD,693458.0,,693458.0,0.07,0.21,,0.25
me04-084,Bubbly Water Energy,84,Rare,2026-07-08T18:05:10.950Z,EUR,886476,2026-07-08T18:05:07.571Z,USD,693458.0,,693458.0,0.1,0.17,,0.23
me04-084,Bubbly Water Energy,84,Rare,2026-07-09T18:05:09.065Z,EUR,886476,2026-07-09T18:05:06.660Z,USD,693458.0,,693458.0,0.09,0.19,,0.21
me04-084,Bubbly Water Energy,84,Rare,2026-07-10T18:05:08.528Z,EUR,886476,2026-07-10T18:05:06.309Z,USD,693458.0,,693458.0,0.14,0.13,,0.19
me04-084,Bubbly Water Energy,84,Rare,2026-07-11T18:05:08.252Z,EUR,886476,2026-07-11T18:05:05.951Z,USD,693458.0,,693458.0,0.14,0.13,,0.17
me04-084,Bubbly Water Energy,84,Rare,2026-07-12T18:05:09.094Z,EUR,886476,2026-07-12T18:05:07.281Z,USD,693458.0,,693458.0,0.14,0.13,,0.2
me04-084,Bubbly Water Energy,84,Rare,2026-07-13T18:05:07.901Z,EUR,886476,2026-07-13T18:05:06.325Z,USD,693458.0,,693458.0,0.11,0.1,,0.23
me04-084,Bubbly Water Energy,84,Rare,2026-07-14T18:05:08.458Z,EUR,886476,2026-07-14T18:05:05.984Z,USD,693458.0,,693458.0,0.11,0.1,,0.21
me04-084,Bubbly Water Energy,84,Rare,2026-07-15T18:05:08.182Z,EUR,886476,2026-07-15T18:05:06.072Z,USD,693458.0,,693458.0,0.11,0.1,,0.23
me04-084,Bubbly Water Energy,84,Rare,2026-07-16T18:05:08.298Z,EUR,886476,2026-07-16T18:05:05.995Z,USD,693458.0,,693458.0,0.11,0.1,,0.21
me04-084,Bubbly Water Energy,84,Rare,2026-07-17T18:05:09.396Z,EUR,886476,2026-07-17T18:05:07.352Z,USD,693458.0,,693458.0,0.11,0.1,,0.23
me04-084,Bubbly Water Energy,84,Rare,2026-07-18T08:02:59.776Z,EUR,886476,2026-07-18T08:02:56.980Z,USD,693458.0,,693458.0,0.11,0.1,,0.23
me04-084,Bubbly Water Energy,84,Rare,2026-07-19T08:03:04.658Z,EUR,886476,2026-07-19T08:03:02.364Z,USD,693458.0,,693458.0,0.11,0.1,,0.27
me04-084,Bubbly Water Energy,84,Rare,2026-07-20T08:03:04.265Z,EUR,886476,2026-07-20T08:03:02.216Z,USD,693458.0,,693458.0,0.14,0.24,,0.27
me04-084,Bubbly Water Energy,84,Rare,2026-07-21T08:03:04.115Z,EUR,886476,2026-07-21T08:03:02.310Z,USD,693458.0,,693458.0,0.14,0.24,,0.22
me04-084,Bubbly Water Energy,84,Rare,2026-07-22T08:03:06.471Z,EUR,886476,2026-07-22T08:03:04.165Z,USD,693458.0,,693458.0,0.14,0.24,,0.24
me04-084,Bubbly Water Energy,84,Rare,2026-07-23T08:03:03.735Z,EUR,886476,2026-07-23T08:03:01.941Z,USD,693458.0,,693458.0,0.14,0.24,,0.31
me04-084,Bubbly Water Energy,84,Rare,2026-07-24T08:03:04.300Z,EUR,886476,2026-07-24T08:03:02.308Z,USD,693458.0,,693458.0,0.14,0.24,,0.28
me04-084,Bubbly Water Energy,84,Rare,2026-07-25T08:03:04.261Z,EUR,886476,2026-07-25T08:03:02.306Z,USD,693458.0,,693458.0,0.14,0.24,,0.2
me04-084,Bubbly Water Energy,84,Rare,2026-07-26T08:03:04.532Z,EUR,886476,2026-07-26T08:03:42.077Z,USD,693458.0,,693458.0,0.13,0.22,,0.22
me04-084,Bubbly Water Energy,84,Rare,2026-07-27T08:03:04.705Z,EUR,886476,2026-07-27T08:03:49.056Z,USD,693458.0,,693458.0,0.18,0.24,,0.25
me04-085,Magnetic Metal Energy,85,Rare,2026-07-06T18:05:01.396Z,EUR,886477,2026-07-06T18:05:01.021Z,USD,693506.0,,693506.0,0.07,0.18,,0.27
me04-085,Magnetic Metal Energy,85,Rare,2026-07-07T18:05:09.041Z,EUR,886477,2026-07-07T18:05:06.951Z,USD,693506.0,,693506.0,0.07,0.18,,0.25
me04-085,Magnetic Metal Energy,85,Rare,2026-07-08T18:05:11.087Z,EUR,886477,2026-07-08T18:05:07.571Z,USD,693506.0,,693506.0,0.09,0.16,,0.25
me04-085,Magnetic Metal Energy,85,Rare,2026-07-09T18:05:09.065Z,EUR,886477,2026-07-09T18:05:06.660Z,USD,693506.0,,693506.0,0.09,0.16,,0.23
me04-085,Magnetic Metal Energy,85,Rare,2026-07-10T18:05:08.528Z,EUR,886477,2026-07-10T18:05:06.309Z,USD,693506.0,,693506.0,0.08,0.15,,0.22
me04-085,Magnetic Metal Energy,85,Rare,2026-07-11T18:05:08.252Z,EUR,886477,2026-07-11T18:05:05.951Z,USD,693506.0,,693506.0,0.08,0.15,,0.29
me04-085,Magnetic Metal Energy,85,Rare,2026-07-12T18:05:09.094Z,EUR,886477,2026-07-12T18:05:07.281Z,USD,693506.0,,693506.0,0.08,0.15,,0.31
me04-085,Magnetic Metal Energy,85,Rare,2026-07-13T18:05:07.901Z,EUR,886477,2026-07-13T18:05:06.325Z,USD,693506.0,,693506.0,0.21,0.13,,0.27
me04-085,Magnetic Metal Energy,85,Rare,2026-07-14T18:05:08.458Z,EUR,886477,2026-07-14T18:05:05.984Z,USD,693506.0,,693506.0,0.21,0.13,,0.25
me04-085,Magnetic Metal Energy,85,Rare,2026-07-15T18:05:08.182Z,EUR,886477,2026-07-15T18:05:06.072Z,USD,693506.0,,693506.0,0.21,0.13,,0.26
me04-085,Magnetic Metal Energy,85,Rare,2026-07-16T18:05:08.253Z,EUR,886477,2026-07-16T18:05:05.995Z,USD,693506.0,,693506.0,0.21,0.13,,0.28
me04-085,Magnetic Metal Energy,85,Rare,2026-07-17T18:05:10.824Z,EUR,886477,2026-07-17T18:05:07.352Z,USD,693506.0,,693506.0,0.21,0.13,,0.28
me04-085,Magnetic Metal Energy,85,Rare,2026-07-18T08:02:59.776Z,EUR,886477,2026-07-18T08:02:56.980Z,USD,693506.0,,693506.0,0.21,0.13,,0.26
me04-085,Magnetic Metal Energy,85,Rare,2026-07-19T08:03:04.658Z,EUR,886477,2026-07-19T08:03:02.364Z,USD,693506.0,,693506.0,0.21,0.13,,0.23
me04-085,Magnetic Metal Energy,85,Rare,2026-07-20T08:03:04.265Z,EUR,886477,2026-07-20T08:03:02.216Z,USD,693506.0,,693506.0,0.1,0.11,,0.22
me04-085,Magnetic Metal Energy,85,Rare,2026-07-21T08:03:04.252Z,EUR,886477,2026-07-21T08:03:02.310Z,USD,693506.0,,693506.0,0.1,0.11,,0.22
me04-085,Magnetic Metal Energy,85,Rare,2026-07-22T08:03:06.471Z,EUR,886477,2026-07-22T08:03:04.165Z,USD,693506.0,,693506.0,0.1,0.11,,0.24
me04-085,Magnetic Metal Energy,85,Rare,2026-07-23T08:03:03.735Z,EUR,886477,2026-07-23T08:03:01.941Z,USD,693506.0,,693506.0,0.1,0.11,,0.26
me04-085,Magnetic Metal Energy,85,Rare,2026-07-24T08:03:04.550Z,EUR,886477,2026-07-24T08:03:02.308Z,USD,693506.0,,693506.0,0.1,0.11,,0.25
me04-085,Magnetic Metal Energy,85,Rare,2026-07-25T08:03:04.624Z,EUR,886477,2026-07-25T08:03:02.306Z,USD,693506.0,,693506.0,0.1,0.11,,0.23
me04-085,Magnetic Metal Energy,85,Rare,2026-07-26T08:03:04.571Z,EUR,886477,2026-07-26T08:03:42.077Z,USD,693506.0,,693506.0,0.1,0.15,,0.29
me04-085,Magnetic Metal Energy,85,Rare,2026-07-27T08:03:04.547Z,EUR,886477,2026-07-27T08:03:49.056Z,USD,693506.0,,693506.0,0.19,0.16,,0.28
me04-086,Nitro Fire Energy,86,Rare,2026-07-06T18:05:01.132Z,EUR,886478,2026-07-06T18:05:01.021Z,USD,693527.0,,693527.0,0.39,0.28,,0.27
me04-086,Nitro Fire Energy,86,Rare,2026-07-07T18:05:09.149Z,EUR,886478,2026-07-07T18:05:06.951Z,USD,693527.0,,693527.0,0.39,0.28,,0.22
me04-086,Nitro Fire Energy,86,Rare,2026-07-08T18:05:10.950Z,EUR,886478,2026-07-08T18:05:07.571Z,USD,693527.0,,693527.0,0.09,0.22,,0.22
me04-086,Nitro Fire Energy,86,Rare,2026-07-09T18:05:09.065Z,EUR,886478,2026-07-09T18:05:06.660Z,USD,693527.0,,693527.0,0.14,0.14,,0.19
me04-086,Nitro Fire Energy,86,Rare,2026-07-10T18:05:08.601Z,EUR,886478,2026-07-10T18:05:06.309Z,USD,693527.0,,693527.0,0.06,0.16,,0.19
me04-086,Nitro Fire Energy,86,Rare,2026-07-11T18:05:07.832Z,EUR,886478,2026-07-11T18:05:05.951Z,USD,693527.0,,693527.0,0.06,0.16,,0.21
me04-086,Nitro Fire Energy,86,Rare,2026-07-12T18:05:09.094Z,EUR,886478,2026-07-12T18:05:07.281Z,USD,693527.0,,693527.0,0.06,0.16,,0.22
me04-086,Nitro Fire Energy,86,Rare,2026-07-13T18:05:07.999Z,EUR,886478,2026-07-13T18:05:06.325Z,USD,693527.0,,693527.0,0.14,0.09,,0.23
me04-086,Nitro Fire Energy,86,Rare,2026-07-14T18:05:08.458Z,EUR,886478,2026-07-14T18:05:05.984Z,USD,693527.0,,693527.0,0.14,0.09,,0.24
me04-086,Nitro Fire Energy,86,Rare,2026-07-15T18:05:08.182Z,EUR,886478,2026-07-15T18:05:06.072Z,USD,693527.0,,693527.0,0.14,0.09,,0.22
me04-086,Nitro Fire Energy,86,Rare,2026-07-16T18:05:08.253Z,EUR,886478,2026-07-16T18:05:05.995Z,USD,693527.0,,693527.0,0.14,0.09,,0.23
me04-086,Nitro Fire Energy,86,Rare,2026-07-17T18:05:09.396Z,EUR,886478,2026-07-17T18:05:07.352Z,USD,693527.0,,693527.0,0.14,0.09,,0.24
me04-086,Nitro Fire Energy,86,Rare,2026-07-18T08:02:59.776Z,EUR,886478,2026-07-18T08:02:56.980Z,USD,693527.0,,693527.0,0.14,0.09,,0.23
me04-086,Nitro Fire Energy,86,Rare,2026-07-19T08:03:04.658Z,EUR,886478,2026-07-19T08:03:02.364Z,USD,693527.0,,693527.0,0.14,0.09,,0.26
me04-086,Nitro Fire Energy,86,Rare,2026-07-20T08:03:04.265Z,EUR,886478,2026-07-20T08:03:02.216Z,USD,693527.0,,693527.0,0.13,0.07,,0.27
me04-086,Nitro Fire Energy,86,Rare,2026-07-21T08:03:04.252Z,EUR,886478,2026-07-21T08:03:02.310Z,USD,693527.0,,693527.0,0.13,0.07,,0.27
me04-086,Nitro Fire Energy,86,Rare,2026-07-22T08:03:06.627Z,EUR,886478,2026-07-22T08:03:04.165Z,USD,693527.0,,693527.0,0.13,0.07,,0.25
me04-086,Nitro Fire Energy,86,Rare,2026-07-23T08:03:03.735Z,EUR,886478,2026-07-23T08:03:01.941Z,USD,693527.0,,693527.0,0.13,0.07,,0.25
me04-086,Nitro Fire Energy,86,Rare,2026-07-24T08:03:04.550Z,EUR,886478,2026-07-24T08:03:02.308Z,USD,693527.0,,693527.0,0.13,0.07,,0.25
me04-086,Nitro Fire Energy,86,Rare,2026-07-25T08:03:04.261Z,EUR,886478,2026-07-25T08:03:02.306Z,USD,693527.0,,693527.0,0.13,0.07,,0.25
me04-086,Nitro Fire Energy,86,Rare,2026-07-26T08:03:04.532Z,EUR,886478,2026-07-26T08:03:42.077Z,USD,693527.0,,693527.0,0.07,0.14,,0.25
me04-086,Nitro Fire Energy,86,Rare,2026-07-27T08:03:04.705Z,EUR,886478,2026-07-27T08:03:49.056Z,USD,693527.0,,693527.0,0.16,0.13,,0.24
me04-087,Chespin,87,Illustration rare,2026-07-06T18:05:01.396Z,EUR,886479,2026-07-06T18:05:01.021Z,USD,,,693462.0,6.49,,,
me04-087,Chespin,87,Illustration rare,2026-07-07T18:05:09.041Z,EUR,886479,2026-07-07T18:05:06.951Z,USD,,,693462.0,6.49,,,
me04-087,Chespin,87,Illustration rare,2026-07-08T18:05:10.657Z,EUR,886479,2026-07-08T18:05:07.571Z,USD,,,693462.0,5.89,,,
me04-087,Chespin,87,Illustration rare,2026-07-09T18:05:09.065Z,EUR,886479,2026-07-09T18:05:06.660Z,USD,,,693462.0,6.28,,,
me04-087,Chespin,87,Illustration rare,2026-07-10T18:05:08.528Z,EUR,886479,2026-07-10T18:05:06.309Z,USD,,,693462.0,6.33,,,
me04-087,Chespin,87,Illustration rare,2026-07-11T18:05:07.832Z,EUR,886479,2026-07-11T18:05:05.951Z,USD,,,693462.0,6.33,,,
me04-087,Chespin,87,Illustration rare,2026-07-12T18:05:09.094Z,EUR,886479,2026-07-12T18:05:07.281Z,USD,,,693462.0,6.33,,,
me04-087,Chespin,87,Illustration rare,2026-07-13T18:05:07.901Z,EUR,886479,2026-07-13T18:05:06.325Z,USD,,,693462.0,7.24,,,
me04-087,Chespin,87,Illustration rare,2026-07-14T18:05:08.458Z,EUR,886479,2026-07-14T18:05:05.984Z,USD,,,693462.0,7.24,,,
me04-087,Chespin,87,Illustration rare,2026-07-15T18:05:08.182Z,EUR,886479,2026-07-15T18:05:06.072Z,USD,,,693462.0,7.24,,,
me04-087,Chespin,87,Illustration rare,2026-07-16T18:05:08.298Z,EUR,886479,2026-07-16T18:05:05.995Z,USD,,,693462.0,7.24,,,
me04-087,Chespin,87,Illustration rare,2026-07-17T18:05:09.396Z,EUR,886479,2026-07-17T18:05:07.352Z,USD,,,693462.0,7.24,,,
me04-087,Chespin,87,Illustration rare,2026-07-18T08:02:59.776Z,EUR,886479,2026-07-18T08:02:56.980Z,USD,,,693462.0,7.24,,,
me04-087,Chespin,87,Illustration rare,2026-07-19T08:03:04.558Z,EUR,886479,2026-07-19T08:03:02.364Z,USD,,,693462.0,7.24,,,
me04-087,Chespin,87,Illustration rare,2026-07-20T08:03:04.265Z,EUR,886479,2026-07-20T08:03:02.216Z,USD,,,693462.0,5.63,,,
me04-087,Chespin,87,Illustration rare,2026-07-21T08:03:04.252Z,EUR,886479,2026-07-21T08:03:02.310Z,USD,,,693462.0,5.63,,,
me04-087,Chespin,87,Illustration rare,2026-07-22T08:03:06.627Z,EUR,886479,2026-07-22T08:03:04.165Z,USD,,,693462.0,5.63,,,
me04-087,Chespin,87,Illustration rare,2026-07-23T08:03:03.735Z,EUR,886479,2026-07-23T08:03:01.941Z,USD,,,693462.0,5.63,,,
me04-087,Chespin,87,Illustration rare,2026-07-24T08:03:04.300Z,EUR,886479,2026-07-24T08:03:02.308Z,USD,,,693462.0,5.63,,,
me04-087,Chespin,87,Illustration rare,2026-07-25T08:03:04.397Z,EUR,886479,2026-07-25T08:03:02.306Z,USD,,,693462.0,5.63,,,
me04-087,Chespin,87,Illustration rare,2026-07-26T08:03:04.532Z,EUR,886479,2026-07-26T08:03:42.077Z,USD,,,693462.0,5.29,,,
me04-087,Chespin,87,Illustration rare,2026-07-27T08:03:04.705Z,EUR,886479,2026-07-27T08:03:49.056Z,USD,,,693462.0,5.14,,,
me04-088,Froakie,88,Illustration rare,2026-07-06T18:05:01.396Z,EUR,886480,2026-07-06T18:05:01.021Z,USD,,,693489.0,11.48,,,
me04-088,Froakie,88,Illustration rare,2026-07-07T18:05:09.041Z,EUR,886480,2026-07-07T18:05:06.951Z,USD,,,693489.0,11.48,,,
me04-088,Froakie,88,Illustration rare,2026-07-08T18:05:11.087Z,EUR,886480,2026-07-08T18:05:07.571Z,USD,,,693489.0,13.41,,,
me04-088,Froakie,88,Illustration rare,2026-07-09T18:05:09.065Z,EUR,886480,2026-07-09T18:05:06.660Z,USD,,,693489.0,11.82,,,
me04-088,Froakie,88,Illustration rare,2026-07-10T18:05:08.528Z,EUR,886480,2026-07-10T18:05:06.309Z,USD,,,693489.0,12.37,,,
me04-088,Froakie,88,Illustration rare,2026-07-11T18:05:08.252Z,EUR,886480,2026-07-11T18:05:05.951Z,USD,,,693489.0,12.37,,,
me04-088,Froakie,88,Illustration rare,2026-07-12T18:05:09.094Z,EUR,886480,2026-07-12T18:05:07.281Z,USD,,,693489.0,12.37,,,
me04-088,Froakie,88,Illustration rare,2026-07-13T18:05:07.901Z,EUR,886480,2026-07-13T18:05:06.325Z,USD,,,693489.0,13.66,,,
me04-088,Froakie,88,Illustration rare,2026-07-14T18:05:08.458Z,EUR,886480,2026-07-14T18:05:05.984Z,USD,,,693489.0,13.66,,,
me04-088,Froakie,88,Illustration rare,2026-07-15T18:05:08.182Z,EUR,886480,2026-07-15T18:05:06.072Z,USD,,,693489.0,13.66,,,
me04-088,Froakie,88,Illustration rare,2026-07-16T18:05:08.253Z,EUR,886480,2026-07-16T18:05:05.995Z,USD,,,693489.0,13.66,,,
me04-088,Froakie,88,Illustration rare,2026-07-17T18:05:09.396Z,EUR,886480,2026-07-17T18:05:07.352Z,USD,,,693489.0,13.66,,,
me04-088,Froakie,88,Illustration rare,2026-07-18T08:02:59.776Z,EUR,886480,2026-07-18T08:02:56.980Z,USD,,,693489.0,13.66,,,
me04-088,Froakie,88,Illustration rare,2026-07-19T08:03:04.558Z,EUR,886480,2026-07-19T08:03:02.364Z,USD,,,693489.0,13.66,,,
me04-088,Froakie,88,Illustration rare,2026-07-20T08:03:04.265Z,EUR,886480,2026-07-20T08:03:02.216Z,USD,,,693489.0,11.49,,,
me04-088,Froakie,88,Illustration rare,2026-07-21T08:03:04.115Z,EUR,886480,2026-07-21T08:03:02.310Z,USD,,,693489.0,11.49,,,
me04-088,Froakie,88,Illustration rare,2026-07-22T08:03:06.471Z,EUR,886480,2026-07-22T08:03:04.165Z,USD,,,693489.0,11.49,,,
me04-088,Froakie,88,Illustration rare,2026-07-23T08:03:03.735Z,EUR,886480,2026-07-23T08:03:01.941Z,USD,,,693489.0,11.49,,,
me04-088,Froakie,88,Illustration rare,2026-07-24T08:03:04.550Z,EUR,886480,2026-07-24T08:03:02.308Z,USD,,,693489.0,11.49,,,
me04-088,Froakie,88,Illustration rare,2026-07-25T08:03:04.261Z,EUR,886480,2026-07-25T08:03:02.306Z,USD,,,693489.0,11.49,,,
me04-088,Froakie,88,Illustration rare,2026-07-26T08:03:04.532Z,EUR,886480,2026-07-26T08:03:42.077Z,USD,,,693489.0,11.07,,,
me04-088,Froakie,88,Illustration rare,2026-07-27T08:03:04.705Z,EUR,886480,2026-07-27T08:03:49.056Z,USD,,,693489.0,10.83,,,
me04-089,Frogadier,89,Illustration rare,2026-07-06T18:05:01.396Z,EUR,886481,2026-07-06T18:05:01.021Z,USD,,,693491.0,9.74,,,
me04-089,Frogadier,89,Illustration rare,2026-07-07T18:05:09.041Z,EUR,886481,2026-07-07T18:05:06.951Z,USD,,,693491.0,9.74,,,
me04-089,Frogadier,89,Illustration rare,2026-07-08T18:05:11.087Z,EUR,886481,2026-07-08T18:05:07.571Z,USD,,,693491.0,11.49,,,
me04-089,Frogadier,89,Illustration rare,2026-07-09T18:05:09.065Z,EUR,886481,2026-07-09T18:05:06.660Z,USD,,,693491.0,9.66,,,
me04-089,Frogadier,89,Illustration rare,2026-07-10T18:05:08.528Z,EUR,886481,2026-07-10T18:05:06.309Z,USD,,,693491.0,10.21,,,
me04-089,Frogadier,89,Illustration rare,2026-07-11T18:05:07.832Z,EUR,886481,2026-07-11T18:05:05.951Z,USD,,,693491.0,10.21,,,
me04-089,Frogadier,89,Illustration rare,2026-07-12T18:05:09.094Z,EUR,886481,2026-07-12T18:05:07.281Z,USD,,,693491.0,10.21,,,
me04-089,Frogadier,89,Illustration rare,2026-07-13T18:05:07.901Z,EUR,886481,2026-07-13T18:05:06.325Z,USD,,,693491.0,11.14,,,
me04-089,Frogadier,89,Illustration rare,2026-07-14T18:05:08.458Z,EUR,886481,2026-07-14T18:05:05.984Z,USD,,,693491.0,11.14,,,
me04-089,Frogadier,89,Illustration rare,2026-07-15T18:05:08.182Z,EUR,886481,2026-07-15T18:05:06.072Z,USD,,,693491.0,11.14,,,
me04-089,Frogadier,89,Illustration rare,2026-07-16T18:05:08.253Z,EUR,886481,2026-07-16T18:05:05.995Z,USD,,,693491.0,11.14,,,
me04-089,Frogadier,89,Illustration rare,2026-07-17T18:05:09.396Z,EUR,886481,2026-07-17T18:05:07.352Z,USD,,,693491.0,11.14,,,
me04-089,Frogadier,89,Illustration rare,2026-07-18T08:02:59.776Z,EUR,886481,2026-07-18T08:02:56.980Z,USD,,,693491.0,11.14,,,
me04-089,Frogadier,89,Illustration rare,2026-07-19T08:03:04.558Z,EUR,886481,2026-07-19T08:03:02.364Z,USD,,,693491.0,11.14,,,
me04-089,Frogadier,89,Illustration rare,2026-07-20T08:03:04.265Z,EUR,886481,2026-07-20T08:03:02.216Z,USD,,,693491.0,10.02,,,
me04-089,Frogadier,89,Illustration rare,2026-07-21T08:03:04.252Z,EUR,886481,2026-07-21T08:03:02.310Z,USD,,,693491.0,10.02,,,
me04-089,Frogadier,89,Illustration rare,2026-07-22T08:03:06.471Z,EUR,886481,2026-07-22T08:03:04.165Z,USD,,,693491.0,10.02,,,
me04-089,Frogadier,89,Illustration rare,2026-07-23T08:03:03.735Z,EUR,886481,2026-07-23T08:03:01.941Z,USD,,,693491.0,10.02,,,
me04-089,Frogadier,89,Illustration rare,2026-07-24T08:03:04.300Z,EUR,886481,2026-07-24T08:03:02.308Z,USD,,,693491.0,10.02,,,
me04-089,Frogadier,89,Illustration rare,2026-07-25T08:03:04.261Z,EUR,886481,2026-07-25T08:03:02.306Z,USD,,,693491.0,10.02,,,
me04-089,Frogadier,89,Illustration rare,2026-07-26T08:03:04.532Z,EUR,886481,2026-07-26T08:03:42.077Z,USD,,,693491.0,9.35,,,
me04-089,Frogadier,89,Illustration rare,2026-07-27T08:03:04.705Z,EUR,886481,2026-07-27T08:03:49.056Z,USD,,,693491.0,7.91,,,
me04-090,Ampharos,90,Illustration rare,2026-07-06T18:05:01.132Z,EUR,886482,2026-07-06T18:05:01.021Z,USD,,,693446.0,12.03,,,
me04-090,Ampharos,90,Illustration rare,2026-07-07T18:05:09.149Z,EUR,886482,2026-07-07T18:05:06.951Z,USD,,,693446.0,12.03,,,
me04-090,Ampharos,90,Illustration rare,2026-07-08T18:05:10.950Z,EUR,886482,2026-07-08T18:05:07.571Z,USD,,,693446.0,11.06,,,
me04-090,Ampharos,90,Illustration rare,2026-07-09T18:05:09.065Z,EUR,886482,2026-07-09T18:05:06.660Z,USD,,,693446.0,12.19,,,
me04-090,Ampharos,90,Illustration rare,2026-07-10T18:05:08.528Z,EUR,886482,2026-07-10T18:05:06.309Z,USD,,,693446.0,12.65,,,
me04-090,Ampharos,90,Illustration rare,2026-07-11T18:05:08.252Z,EUR,886482,2026-07-11T18:05:05.951Z,USD,,,693446.0,12.65,,,
me04-090,Ampharos,90,Illustration rare,2026-07-12T18:05:09.094Z,EUR,886482,2026-07-12T18:05:07.281Z,USD,,,693446.0,12.65,,,
me04-090,Ampharos,90,Illustration rare,2026-07-13T18:05:07.901Z,EUR,886482,2026-07-13T18:05:06.325Z,USD,,,693446.0,11.74,,,
me04-090,Ampharos,90,Illustration rare,2026-07-14T18:05:08.458Z,EUR,886482,2026-07-14T18:05:05.984Z,USD,,,693446.0,11.74,,,
me04-090,Ampharos,90,Illustration rare,2026-07-15T18:05:08.182Z,EUR,886482,2026-07-15T18:05:06.072Z,USD,,,693446.0,11.74,,,
me04-090,Ampharos,90,Illustration rare,2026-07-16T18:05:08.298Z,EUR,886482,2026-07-16T18:05:05.995Z,USD,,,693446.0,11.74,,,
me04-090,Ampharos,90,Illustration rare,2026-07-17T18:05:09.396Z,EUR,886482,2026-07-17T18:05:07.352Z,USD,,,693446.0,11.74,,,
me04-090,Ampharos,90,Illustration rare,2026-07-18T08:02:59.776Z,EUR,886482,2026-07-18T08:02:56.980Z,USD,,,693446.0,11.74,,,
me04-090,Ampharos,90,Illustration rare,2026-07-19T08:03:04.384Z,EUR,886482,2026-07-19T08:03:02.364Z,USD,,,693446.0,11.74,,,
me04-090,Ampharos,90,Illustration rare,2026-07-20T08:03:04.265Z,EUR,886482,2026-07-20T08:03:02.216Z,USD,,,693446.0,11.38,,,
me04-090,Ampharos,90,Illustration rare,2026-07-21T08:03:04.252Z,EUR,886482,2026-07-21T08:03:02.310Z,USD,,,693446.0,11.38,,,
me04-090,Ampharos,90,Illustration rare,2026-07-22T08:03:06.558Z,EUR,886482,2026-07-22T08:03:04.165Z,USD,,,693446.0,11.38,,,
me04-090,Ampharos,90,Illustration rare,2026-07-23T08:03:03.735Z,EUR,886482,2026-07-23T08:03:01.941Z,USD,,,693446.0,11.38,,,
me04-090,Ampharos,90,Illustration rare,2026-07-24T08:03:04.359Z,EUR,886482,2026-07-24T08:03:02.308Z,USD,,,693446.0,11.38,,,
me04-090,Ampharos,90,Illustration rare,2026-07-25T08:03:03.827Z,EUR,886482,2026-07-25T08:03:02.306Z,USD,,,693446.0,11.38,,,
me04-090,Ampharos,90,Illustration rare,2026-07-26T08:03:04.532Z,EUR,886482,2026-07-26T08:03:42.077Z,USD,,,693446.0,11.42,,,
me04-090,Ampharos,90,Illustration rare,2026-07-27T08:03:04.705Z,EUR,886482,2026-07-27T08:03:49.056Z,USD,,,693446.0,10.58,,,
me04-091,Xerneas,91,Illustration rare,2026-07-06T18:05:01.396Z,EUR,886483,2026-07-06T18:05:01.021Z,USD,,,693564.0,10.33,,,
me04-091,Xerneas,91,Illustration rare,2026-07-07T18:05:09.149Z,EUR,886483,2026-07-07T18:05:06.951Z,USD,,,693564.0,10.33,,,
me04-091,Xerneas,91,Illustration rare,2026-07-08T18:05:10.657Z,EUR,886483,2026-07-08T18:05:07.571Z,USD,,,693564.0,9.18,,,
me04-091,Xerneas,91,Illustration rare,2026-07-09T18:05:09.298Z,EUR,886483,2026-07-09T18:05:06.660Z,USD,,,693564.0,10.0,,,
me04-091,Xerneas,91,Illustration rare,2026-07-10T18:05:08.528Z,EUR,886483,2026-07-10T18:05:06.309Z,USD,,,693564.0,10.77,,,
me04-091,Xerneas,91,Illustration rare,2026-07-11T18:05:08.252Z,EUR,886483,2026-07-11T18:05:05.951Z,USD,,,693564.0,10.77,,,
me04-091,Xerneas,91,Illustration rare,2026-07-12T18:05:09.094Z,EUR,886483,2026-07-12T18:05:07.281Z,USD,,,693564.0,10.77,,,
me04-091,Xerneas,91,Illustration rare,2026-07-13T18:05:07.901Z,EUR,886483,2026-07-13T18:05:06.325Z,USD,,,693564.0,9.11,,,
me04-091,Xerneas,91,Illustration rare,2026-07-14T18:05:08.458Z,EUR,886483,2026-07-14T18:05:05.984Z,USD,,,693564.0,9.11,,,
me04-091,Xerneas,91,Illustration rare,2026-07-15T18:05:08.182Z,EUR,886483,2026-07-15T18:05:06.072Z,USD,,,693564.0,9.11,,,
me04-091,Xerneas,91,Illustration rare,2026-07-16T18:05:08.727Z,EUR,886483,2026-07-16T18:05:05.995Z,USD,,,693564.0,9.11,,,
me04-091,Xerneas,91,Illustration rare,2026-07-17T18:05:09.396Z,EUR,886483,2026-07-17T18:05:07.352Z,USD,,,693564.0,9.11,,,
me04-091,Xerneas,91,Illustration rare,2026-07-18T08:02:59.776Z,EUR,886483,2026-07-18T08:02:56.980Z,USD,,,693564.0,9.11,,,
me04-091,Xerneas,91,Illustration rare,2026-07-19T08:03:04.558Z,EUR,886483,2026-07-19T08:03:02.364Z,USD,,,693564.0,9.11,,,
me04-091,Xerneas,91,Illustration rare,2026-07-20T08:03:04.265Z,EUR,886483,2026-07-20T08:03:02.216Z,USD,,,693564.0,10.27,,,
me04-091,Xerneas,91,Illustration rare,2026-07-21T08:03:04.252Z,EUR,886483,2026-07-21T08:03:02.310Z,USD,,,693564.0,10.27,,,
me04-091,Xerneas,91,Illustration rare,2026-07-22T08:03:06.627Z,EUR,886483,2026-07-22T08:03:04.165Z,USD,,,693564.0,10.27,,,
me04-091,Xerneas,91,Illustration rare,2026-07-23T08:03:03.735Z,EUR,886483,2026-07-23T08:03:01.941Z,USD,,,693564.0,10.27,,,
me04-091,Xerneas,91,Illustration rare,2026-07-24T08:03:04.550Z,EUR,886483,2026-07-24T08:03:02.308Z,USD,,,693564.0,10.27,,,
me04-091,Xerneas,91,Illustration rare,2026-07-25T08:03:04.624Z,EUR,886483,2026-07-25T08:03:02.306Z,USD,,,693564.0,10.27,,,
me04-091,Xerneas,91,Illustration rare,2026-07-26T08:03:04.532Z,EUR,886483,2026-07-26T08:03:42.077Z,USD,,,693564.0,9.42,,,
me04-091,Xerneas,91,Illustration rare,2026-07-27T08:03:04.705Z,EUR,886483,2026-07-27T08:03:49.056Z,USD,,,693564.0,8.24,,,
me04-092,Claydol,92,Illustration rare,2026-07-06T18:05:01.396Z,EUR,886484,2026-07-06T18:05:01.021Z,USD,,,693467.0,3.58,,,
me04-092,Claydol,92,Illustration rare,2026-07-07T18:05:09.149Z,EUR,886484,2026-07-07T18:05:06.951Z,USD,,,693467.0,3.58,,,
me04-092,Claydol,92,Illustration rare,2026-07-08T18:05:11.087Z,EUR,886484,2026-07-08T18:05:07.571Z,USD,,,693467.0,3.37,,,
me04-092,Claydol,92,Illustration rare,2026-07-09T18:05:09.065Z,EUR,886484,2026-07-09T18:05:06.660Z,USD,,,693467.0,3.64,,,
me04-092,Claydol,92,Illustration rare,2026-07-10T18:05:08.528Z,EUR,886484,2026-07-10T18:05:06.309Z,USD,,,693467.0,2.93,,,
me04-092,Claydol,92,Illustration rare,2026-07-11T18:05:07.832Z,EUR,886484,2026-07-11T18:05:05.951Z,USD,,,693467.0,2.93,,,
me04-092,Claydol,92,Illustration rare,2026-07-12T18:05:09.094Z,EUR,886484,2026-07-12T18:05:07.281Z,USD,,,693467.0,2.93,,,
me04-092,Claydol,92,Illustration rare,2026-07-13T18:05:07.901Z,EUR,886484,2026-07-13T18:05:06.325Z,USD,,,693467.0,4.13,,,
me04-092,Claydol,92,Illustration rare,2026-07-14T18:05:08.458Z,EUR,886484,2026-07-14T18:05:05.984Z,USD,,,693467.0,4.13,,,
me04-092,Claydol,92,Illustration rare,2026-07-15T18:05:08.182Z,EUR,886484,2026-07-15T18:05:06.072Z,USD,,,693467.0,4.13,,,
me04-092,Claydol,92,Illustration rare,2026-07-16T18:05:08.253Z,EUR,886484,2026-07-16T18:05:05.995Z,USD,,,693467.0,4.13,,,
me04-092,Claydol,92,Illustration rare,2026-07-17T18:05:10.824Z,EUR,886484,2026-07-17T18:05:07.352Z,USD,,,693467.0,4.13,,,
me04-092,Claydol,92,Illustration rare,2026-07-18T08:02:59.776Z,EUR,886484,2026-07-18T08:02:56.980Z,USD,,,693467.0,4.13,,,
me04-092,Claydol,92,Illustration rare,2026-07-19T08:03:04.558Z,EUR,886484,2026-07-19T08:03:02.364Z,USD,,,693467.0,4.13,,,
me04-092,Claydol,92,Illustration rare,2026-07-20T08:03:04.265Z,EUR,886484,2026-07-20T08:03:02.216Z,USD,,,693467.0,2.88,,,
me04-092,Claydol,92,Illustration rare,2026-07-21T08:03:04.252Z,EUR,886484,2026-07-21T08:03:02.310Z,USD,,,693467.0,2.88,,,
me04-092,Claydol,92,Illustration rare,2026-07-22T08:03:06.399Z,EUR,886484,2026-07-22T08:03:04.165Z,USD,,,693467.0,2.88,,,
me04-092,Claydol,92,Illustration rare,2026-07-23T08:03:03.735Z,EUR,886484,2026-07-23T08:03:01.941Z,USD,,,693467.0,2.88,,,
me04-092,Claydol,92,Illustration rare,2026-07-24T08:03:04.300Z,EUR,886484,2026-07-24T08:03:02.308Z,USD,,,693467.0,2.88,,,
me04-092,Claydol,92,Illustration rare,2026-07-25T08:03:04.624Z,EUR,886484,2026-07-25T08:03:02.306Z,USD,,,693467.0,2.88,,,
me04-092,Claydol,92,Illustration rare,2026-07-26T08:03:04.532Z,EUR,886484,2026-07-26T08:03:42.077Z,USD,,,693467.0,2.84,,,
me04-092,Claydol,92,Illustration rare,2026-07-27T08:03:04.705Z,EUR,886484,2026-07-27T08:03:49.056Z,USD,,,693467.0,2.62,,,
me04-093,Crobat,93,Illustration rare,2026-07-06T18:05:01.396Z,EUR,886485,2026-07-06T18:05:01.021Z,USD,,,693471.0,5.52,,,
me04-093,Crobat,93,Illustration rare,2026-07-07T18:05:09.041Z,EUR,886485,2026-07-07T18:05:06.951Z,USD,,,693471.0,5.52,,,
me04-093,Crobat,93,Illustration rare,2026-07-08T18:05:10.657Z,EUR,886485,2026-07-08T18:05:07.571Z,USD,,,693471.0,5.03,,,
me04-093,Crobat,93,Illustration rare,2026-07-09T18:05:09.065Z,EUR,886485,2026-07-09T18:05:06.660Z,USD,,,693471.0,5.29,,,
me04-093,Crobat,93,Illustration rare,2026-07-10T18:05:08.528Z,EUR,886485,2026-07-10T18:05:06.309Z,USD,,,693471.0,5.06,,,
me04-093,Crobat,93,Illustration rare,2026-07-11T18:05:08.252Z,EUR,886485,2026-07-11T18:05:05.951Z,USD,,,693471.0,5.06,,,
me04-093,Crobat,93,Illustration rare,2026-07-12T18:05:09.094Z,EUR,886485,2026-07-12T18:05:07.281Z,USD,,,693471.0,5.06,,,
me04-093,Crobat,93,Illustration rare,2026-07-13T18:05:07.999Z,EUR,886485,2026-07-13T18:05:06.325Z,USD,,,693471.0,4.32,,,
me04-093,Crobat,93,Illustration rare,2026-07-14T18:05:08.458Z,EUR,886485,2026-07-14T18:05:05.984Z,USD,,,693471.0,4.32,,,
me04-093,Crobat,93,Illustration rare,2026-07-15T18:05:08.182Z,EUR,886485,2026-07-15T18:05:06.072Z,USD,,,693471.0,4.32,,,
me04-093,Crobat,93,Illustration rare,2026-07-16T18:05:08.727Z,EUR,886485,2026-07-16T18:05:05.995Z,USD,,,693471.0,4.32,,,
me04-093,Crobat,93,Illustration rare,2026-07-17T18:05:09.396Z,EUR,886485,2026-07-17T18:05:07.352Z,USD,,,693471.0,4.32,,,
me04-093,Crobat,93,Illustration rare,2026-07-18T08:02:59.776Z,EUR,886485,2026-07-18T08:02:56.980Z,USD,,,693471.0,4.32,,,
me04-093,Crobat,93,Illustration rare,2026-07-19T08:03:04.320Z,EUR,886485,2026-07-19T08:03:02.364Z,USD,,,693471.0,4.32,,,
me04-093,Crobat,93,Illustration rare,2026-07-20T08:03:04.265Z,EUR,886485,2026-07-20T08:03:02.216Z,USD,,,693471.0,3.58,,,
me04-093,Crobat,93,Illustration rare,2026-07-21T08:03:04.252Z,EUR,886485,2026-07-21T08:03:02.310Z,USD,,,693471.0,3.58,,,
me04-093,Crobat,93,Illustration rare,2026-07-22T08:03:06.627Z,EUR,886485,2026-07-22T08:03:04.165Z,USD,,,693471.0,3.58,,,
me04-093,Crobat,93,Illustration rare,2026-07-23T08:03:03.918Z,EUR,886485,2026-07-23T08:03:01.941Z,USD,,,693471.0,3.58,,,
me04-093,Crobat,93,Illustration rare,2026-07-24T08:03:04.300Z,EUR,886485,2026-07-24T08:03:02.308Z,USD,,,693471.0,3.58,,,
me04-093,Crobat,93,Illustration rare,2026-07-25T08:03:04.261Z,EUR,886485,2026-07-25T08:03:02.306Z,USD,,,693471.0,3.58,,,
me04-093,Crobat,93,Illustration rare,2026-07-26T08:03:04.532Z,EUR,886485,2026-07-26T08:03:42.077Z,USD,,,693471.0,4.3,,,
me04-093,Crobat,93,Illustration rare,2026-07-27T08:03:04.547Z,EUR,886485,2026-07-27T08:03:49.056Z,USD,,,693471.0,3.73,,,
me04-094,Metang,94,Illustration rare,2026-07-06T18:05:01.396Z,EUR,886487,2026-07-06T18:05:01.021Z,USD,,,693524.0,4.35,,,
me04-094,Metang,94,Illustration rare,2026-07-07T18:05:09.041Z,EUR,886487,2026-07-07T18:05:06.951Z,USD,,,693524.0,4.35,,,
me04-094,Metang,94,Illustration rare,2026-07-08T18:05:11.087Z,EUR,886487,2026-07-08T18:05:07.571Z,USD,,,693524.0,4.35,,,
me04-094,Metang,94,Illustration rare,2026-07-09T18:05:09.298Z,EUR,886487,2026-07-09T18:05:06.660Z,USD,,,693524.0,4.58,,,
me04-094,Metang,94,Illustration rare,2026-07-10T18:05:08.528Z,EUR,886487,2026-07-10T18:05:06.309Z,USD,,,693524.0,4.26,,,
me04-094,Metang,94,Illustration rare,2026-07-11T18:05:07.832Z,EUR,886487,2026-07-11T18:05:05.951Z,USD,,,693524.0,4.26,,,
me04-094,Metang,94,Illustration rare,2026-07-12T18:05:09.094Z,EUR,886487,2026-07-12T18:05:07.281Z,USD,,,693524.0,4.26,,,
me04-094,Metang,94,Illustration rare,2026-07-13T18:05:07.999Z,EUR,886487,2026-07-13T18:05:06.325Z,USD,,,693524.0,4.22,,,
me04-094,Metang,94,Illustration rare,2026-07-14T18:05:08.458Z,EUR,886487,2026-07-14T18:05:05.984Z,USD,,,693524.0,4.22,,,
me04-094,Metang,94,Illustration rare,2026-07-15T18:05:08.182Z,EUR,886487,2026-07-15T18:05:06.072Z,USD,,,693524.0,4.22,,,
me04-094,Metang,94,Illustration rare,2026-07-16T18:05:08.727Z,EUR,886487,2026-07-16T18:05:05.995Z,USD,,,693524.0,4.22,,,
me04-094,Metang,94,Illustration rare,2026-07-17T18:05:10.824Z,EUR,886487,2026-07-17T18:05:07.352Z,USD,,,693524.0,4.22,,,
me04-094,Metang,94,Illustration rare,2026-07-18T08:02:59.776Z,EUR,886487,2026-07-18T08:02:56.980Z,USD,,,693524.0,4.22,,,
me04-094,Metang,94,Illustration rare,2026-07-19T08:03:04.320Z,EUR,886487,2026-07-19T08:03:02.364Z,USD,,,693524.0,4.22,,,
me04-094,Metang,94,Illustration rare,2026-07-20T08:03:04.265Z,EUR,886487,2026-07-20T08:03:02.216Z,USD,,,693524.0,3.94,,,
me04-094,Metang,94,Illustration rare,2026-07-21T08:03:04.252Z,EUR,886487,2026-07-21T08:03:02.310Z,USD,,,693524.0,3.94,,,
me04-094,Metang,94,Illustration rare,2026-07-22T08:03:06.399Z,EUR,886487,2026-07-22T08:03:04.165Z,USD,,,693524.0,3.94,,,
me04-094,Metang,94,Illustration rare,2026-07-23T08:03:03.918Z,EUR,886487,2026-07-23T08:03:01.941Z,USD,,,693524.0,3.94,,,
me04-094,Metang,94,Illustration rare,2026-07-24T08:03:04.550Z,EUR,886487,2026-07-24T08:03:02.308Z,USD,,,693524.0,3.94,,,
me04-094,Metang,94,Illustration rare,2026-07-25T08:03:04.302Z,EUR,886487,2026-07-25T08:03:02.306Z,USD,,,693524.0,3.94,,,
me04-094,Metang,94,Illustration rare,2026-07-26T08:03:04.532Z,EUR,886487,2026-07-26T08:03:42.077Z,USD,,,693524.0,4.34,,,
me04-094,Metang,94,Illustration rare,2026-07-27T08:03:04.547Z,EUR,886487,2026-07-27T08:03:49.056Z,USD,,,693524.0,4.37,,,
me04-095,Sliggoo,95,Illustration rare,2026-07-06T18:05:01.396Z,EUR,886486,2026-07-06T18:05:01.021Z,USD,,,693546.0,3.88,,,
me04-095,Sliggoo,95,Illustration rare,2026-07-07T18:05:09.041Z,EUR,886486,2026-07-07T18:05:06.951Z,USD,,,693546.0,3.88,,,
me04-095,Sliggoo,95,Illustration rare,2026-07-08T18:05:11.087Z,EUR,886486,2026-07-08T18:05:07.571Z,USD,,,693546.0,3.41,,,
me04-095,Sliggoo,95,Illustration rare,2026-07-09T18:05:09.065Z,EUR,886486,2026-07-09T18:05:06.660Z,USD,,,693546.0,3.56,,,
me04-095,Sliggoo,95,Illustration rare,2026-07-10T18:05:08.528Z,EUR,886486,2026-07-10T18:05:06.309Z,USD,,,693546.0,3.29,,,
me04-095,Sliggoo,95,Illustration rare,2026-07-11T18:05:07.832Z,EUR,886486,2026-07-11T18:05:05.951Z,USD,,,693546.0,3.29,,,
me04-095,Sliggoo,95,Illustration rare,2026-07-12T18:05:09.094Z,EUR,886486,2026-07-12T18:05:07.281Z,USD,,,693546.0,3.29,,,
me04-095,Sliggoo,95,Illustration rare,2026-07-13T18:05:07.999Z,EUR,886486,2026-07-13T18:05:06.325Z,USD,,,693546.0,2.94,,,
me04-095,Sliggoo,95,Illustration rare,2026-07-14T18:05:08.458Z,EUR,886486,2026-07-14T18:05:05.984Z,USD,,,693546.0,2.94,,,
me04-095,Sliggoo,95,Illustration rare,2026-07-15T18:05:08.182Z,EUR,886486,2026-07-15T18:05:06.072Z,USD,,,693546.0,2.94,,,
me04-095,Sliggoo,95,Illustration rare,2026-07-16T18:05:08.298Z,EUR,886486,2026-07-16T18:05:05.995Z,USD,,,693546.0,2.94,,,
me04-095,Sliggoo,95,Illustration rare,2026-07-17T18:05:09.271Z,EUR,886486,2026-07-17T18:05:07.352Z,USD,,,693546.0,2.94,,,
me04-095,Sliggoo,95,Illustration rare,2026-07-18T08:02:59.776Z,EUR,886486,2026-07-18T08:02:56.980Z,USD,,,693546.0,2.94,,,
me04-095,Sliggoo,95,Illustration rare,2026-07-19T08:03:04.658Z,EUR,886486,2026-07-19T08:03:02.364Z,USD,,,693546.0,2.94,,,
me04-095,Sliggoo,95,Illustration rare,2026-07-20T08:03:04.811Z,EUR,886486,2026-07-20T08:03:02.216Z,USD,,,693546.0,3.26,,,
me04-095,Sliggoo,95,Illustration rare,2026-07-21T08:03:04.252Z,EUR,886486,2026-07-21T08:03:02.310Z,USD,,,693546.0,3.26,,,
me04-095,Sliggoo,95,Illustration rare,2026-07-22T08:03:06.471Z,EUR,886486,2026-07-22T08:03:04.165Z,USD,,,693546.0,3.26,,,
me04-095,Sliggoo,95,Illustration rare,2026-07-23T08:03:03.918Z,EUR,886486,2026-07-23T08:03:01.941Z,USD,,,693546.0,3.26,,,
me04-095,Sliggoo,95,Illustration rare,2026-07-24T08:03:04.300Z,EUR,886486,2026-07-24T08:03:02.308Z,USD,,,693546.0,3.26,,,
me04-095,Sliggoo,95,Illustration rare,2026-07-25T08:03:04.261Z,EUR,886486,2026-07-25T08:03:02.306Z,USD,,,693546.0,3.26,,,
me04-095,Sliggoo,95,Illustration rare,2026-07-26T08:03:04.532Z,EUR,886486,2026-07-26T08:03:42.077Z,USD,,,693546.0,3.2,,,
me04-095,Sliggoo,95,Illustration rare,2026-07-27T08:03:04.705Z,EUR,886486,2026-07-27T08:03:49.056Z,USD,,,693546.0,3.12,,,
me04-096,Tauros,96,Illustration rare,2026-07-06T18:05:01.500Z,EUR,886488,2026-07-06T18:05:01.021Z,USD,,,693553.0,6.95,,,
me04-096,Tauros,96,Illustration rare,2026-07-07T18:05:09.041Z,EUR,886488,2026-07-07T18:05:06.951Z,USD,,,693553.0,6.95,,,
me04-096,Tauros,96,Illustration rare,2026-07-08T18:05:11.087Z,EUR,886488,2026-07-08T18:05:07.571Z,USD,,,693553.0,6.41,,,
me04-096,Tauros,96,Illustration rare,2026-07-09T18:05:09.065Z,EUR,886488,2026-07-09T18:05:06.660Z,USD,,,693553.0,6.69,,,
me04-096,Tauros,96,Illustration rare,2026-07-10T18:05:08.528Z,EUR,886488,2026-07-10T18:05:06.309Z,USD,,,693553.0,6.32,,,
me04-096,Tauros,96,Illustration rare,2026-07-11T18:05:07.832Z,EUR,886488,2026-07-11T18:05:05.951Z,USD,,,693553.0,6.32,,,
me04-096,Tauros,96,Illustration rare,2026-07-12T18:05:09.094Z,EUR,886488,2026-07-12T18:05:07.281Z,USD,,,693553.0,6.32,,,
me04-096,Tauros,96,Illustration rare,2026-07-13T18:05:07.999Z,EUR,886488,2026-07-13T18:05:06.325Z,USD,,,693553.0,6.5,,,
me04-096,Tauros,96,Illustration rare,2026-07-14T18:05:08.458Z,EUR,886488,2026-07-14T18:05:05.984Z,USD,,,693553.0,6.5,,,
me04-096,Tauros,96,Illustration rare,2026-07-15T18:05:08.182Z,EUR,886488,2026-07-15T18:05:06.072Z,USD,,,693553.0,6.5,,,
me04-096,Tauros,96,Illustration rare,2026-07-16T18:05:08.298Z,EUR,886488,2026-07-16T18:05:05.995Z,USD,,,693553.0,6.5,,,
me04-096,Tauros,96,Illustration rare,2026-07-17T18:05:09.271Z,EUR,886488,2026-07-17T18:05:07.352Z,USD,,,693553.0,6.5,,,
me04-096,Tauros,96,Illustration rare,2026-07-18T08:02:59.546Z,EUR,886488,2026-07-18T08:02:56.980Z,USD,,,693553.0,6.5,,,
me04-096,Tauros,96,Illustration rare,2026-07-19T08:03:04.658Z,EUR,886488,2026-07-19T08:03:02.364Z,USD,,,693553.0,6.5,,,
me04-096,Tauros,96,Illustration rare,2026-07-20T08:03:04.265Z,EUR,886488,2026-07-20T08:03:02.216Z,USD,,,693553.0,6.71,,,
me04-096,Tauros,96,Illustration rare,2026-07-21T08:03:04.252Z,EUR,886488,2026-07-21T08:03:02.310Z,USD,,,693553.0,6.71,,,
me04-096,Tauros,96,Illustration rare,2026-07-22T08:03:06.627Z,EUR,886488,2026-07-22T08:03:04.165Z,USD,,,693553.0,6.71,,,
me04-096,Tauros,96,Illustration rare,2026-07-23T08:03:03.918Z,EUR,886488,2026-07-23T08:03:01.941Z,USD,,,693553.0,6.71,,,
me04-096,Tauros,96,Illustration rare,2026-07-24T08:03:04.300Z,EUR,886488,2026-07-24T08:03:02.308Z,USD,,,693553.0,6.71,,,
me04-096,Tauros,96,Illustration rare,2026-07-25T08:03:03.827Z,EUR,886488,2026-07-25T08:03:02.306Z,USD,,,693553.0,6.71,,,
me04-096,Tauros,96,Illustration rare,2026-07-26T08:03:04.532Z,EUR,886488,2026-07-26T08:03:42.077Z,USD,,,693553.0,6.18,,,
me04-096,Tauros,96,Illustration rare,2026-07-27T08:03:04.705Z,EUR,886488,2026-07-27T08:03:49.056Z,USD,,,693553.0,6.63,,,
me04-097,Watchog,97,Illustration rare,2026-07-06T18:05:01.396Z,EUR,886489,2026-07-06T18:05:01.021Z,USD,,,693560.0,2.42,,,
me04-097,Watchog,97,Illustration rare,2026-07-07T18:05:10.032Z,EUR,886489,2026-07-07T18:05:06.951Z,USD,,,693560.0,2.42,,,
me04-097,Watchog,97,Illustration rare,2026-07-08T18:05:10.657Z,EUR,886489,2026-07-08T18:05:07.571Z,USD,,,693560.0,2.22,,,
me04-097,Watchog,97,Illustration rare,2026-07-09T18:05:09.065Z,EUR,886489,2026-07-09T18:05:06.660Z,USD,,,693560.0,2.38,,,
me04-097,Watchog,97,Illustration rare,2026-07-10T18:05:08.528Z,EUR,886489,2026-07-10T18:05:06.309Z,USD,,,693560.0,2.34,,,
me04-097,Watchog,97,Illustration rare,2026-07-11T18:05:07.832Z,EUR,886489,2026-07-11T18:05:05.951Z,USD,,,693560.0,2.34,,,
me04-097,Watchog,97,Illustration rare,2026-07-12T18:05:09.094Z,EUR,886489,2026-07-12T18:05:07.281Z,USD,,,693560.0,2.34,,,
me04-097,Watchog,97,Illustration rare,2026-07-13T18:05:07.999Z,EUR,886489,2026-07-13T18:05:06.325Z,USD,,,693560.0,1.92,,,
me04-097,Watchog,97,Illustration rare,2026-07-14T18:05:08.458Z,EUR,886489,2026-07-14T18:05:05.984Z,USD,,,693560.0,1.92,,,
me04-097,Watchog,97,Illustration rare,2026-07-15T18:05:08.182Z,EUR,886489,2026-07-15T18:05:06.072Z,USD,,,693560.0,1.92,,,
me04-097,Watchog,97,Illustration rare,2026-07-16T18:05:08.253Z,EUR,886489,2026-07-16T18:05:05.995Z,USD,,,693560.0,1.92,,,
me04-097,Watchog,97,Illustration rare,2026-07-17T18:05:10.824Z,EUR,886489,2026-07-17T18:05:07.352Z,USD,,,693560.0,1.92,,,
me04-097,Watchog,97,Illustration rare,2026-07-18T08:02:59.546Z,EUR,886489,2026-07-18T08:02:56.980Z,USD,,,693560.0,1.92,,,
me04-097,Watchog,97,Illustration rare,2026-07-19T08:03:04.658Z,EUR,886489,2026-07-19T08:03:02.364Z,USD,,,693560.0,1.92,,,
me04-097,Watchog,97,Illustration rare,2026-07-20T08:03:04.265Z,EUR,886489,2026-07-20T08:03:02.216Z,USD,,,693560.0,2.25,,,
me04-097,Watchog,97,Illustration rare,2026-07-21T08:03:04.252Z,EUR,886489,2026-07-21T08:03:02.310Z,USD,,,693560.0,2.25,,,
me04-097,Watchog,97,Illustration rare,2026-07-22T08:03:06.627Z,EUR,886489,2026-07-22T08:03:04.165Z,USD,,,693560.0,2.25,,,
me04-097,Watchog,97,Illustration rare,2026-07-23T08:03:03.918Z,EUR,886489,2026-07-23T08:03:01.941Z,USD,,,693560.0,2.25,,,
me04-097,Watchog,97,Illustration rare,2026-07-24T08:03:04.300Z,EUR,886489,2026-07-24T08:03:02.308Z,USD,,,693560.0,2.25,,,
me04-097,Watchog,97,Illustration rare,2026-07-25T08:03:04.261Z,EUR,886489,2026-07-25T08:03:02.306Z,USD,,,693560.0,2.25,,,
me04-097,Watchog,97,Illustration rare,2026-07-26T08:03:04.532Z,EUR,886489,2026-07-26T08:03:42.077Z,USD,,,693560.0,2.03,,,
me04-097,Watchog,97,Illustration rare,2026-07-27T08:03:04.705Z,EUR,886489,2026-07-27T08:03:49.056Z,USD,,,693560.0,2.27,,,
me04-098,Beedrill ex,98,Ultra Rare,2026-07-06T18:05:01.500Z,EUR,886490,2026-07-06T18:05:01.021Z,USD,,,693454.0,4.08,,,
me04-098,Beedrill ex,98,Ultra Rare,2026-07-07T18:05:10.032Z,EUR,886490,2026-07-07T18:05:06.951Z,USD,,,693454.0,4.08,,,
me04-098,Beedrill ex,98,Ultra Rare,2026-07-08T18:05:10.950Z,EUR,886490,2026-07-08T18:05:07.571Z,USD,,,693454.0,4.5,,,
me04-098,Beedrill ex,98,Ultra Rare,2026-07-09T18:05:09.065Z,EUR,886490,2026-07-09T18:05:06.660Z,USD,,,693454.0,4.87,,,
me04-098,Beedrill ex,98,Ultra Rare,2026-07-10T18:05:08.528Z,EUR,886490,2026-07-10T18:05:06.309Z,USD,,,693454.0,4.2,,,
me04-098,Beedrill ex,98,Ultra Rare,2026-07-11T18:05:07.832Z,EUR,886490,2026-07-11T18:05:05.951Z,USD,,,693454.0,4.2,,,
me04-098,Beedrill ex,98,Ultra Rare,2026-07-12T18:05:09.094Z,EUR,886490,2026-07-12T18:05:07.281Z,USD,,,693454.0,4.2,,,
me04-098,Beedrill ex,98,Ultra Rare,2026-07-13T18:05:07.999Z,EUR,886490,2026-07-13T18:05:06.325Z,USD,,,693454.0,4.24,,,
me04-098,Beedrill ex,98,Ultra Rare,2026-07-14T18:05:08.211Z,EUR,886490,2026-07-14T18:05:05.984Z,USD,,,693454.0,4.24,,,
me04-098,Beedrill ex,98,Ultra Rare,2026-07-15T18:05:08.182Z,EUR,886490,2026-07-15T18:05:06.072Z,USD,,,693454.0,4.24,,,
me04-098,Beedrill ex,98,Ultra Rare,2026-07-16T18:05:08.727Z,EUR,886490,2026-07-16T18:05:05.995Z,USD,,,693454.0,4.24,,,
me04-098,Beedrill ex,98,Ultra Rare,2026-07-17T18:05:09.271Z,EUR,886490,2026-07-17T18:05:07.352Z,USD,,,693454.0,4.24,,,
me04-098,Beedrill ex,98,Ultra Rare,2026-07-18T08:02:59.776Z,EUR,886490,2026-07-18T08:02:56.980Z,USD,,,693454.0,4.24,,,
me04-098,Beedrill ex,98,Ultra Rare,2026-07-19T08:03:04.658Z,EUR,886490,2026-07-19T08:03:02.364Z,USD,,,693454.0,4.24,,,
me04-098,Beedrill ex,98,Ultra Rare,2026-07-20T08:03:04.811Z,EUR,886490,2026-07-20T08:03:02.216Z,USD,,,693454.0,3.91,,,
me04-098,Beedrill ex,98,Ultra Rare,2026-07-21T08:03:04.252Z,EUR,886490,2026-07-21T08:03:02.310Z,USD,,,693454.0,3.91,,,
me04-098,Beedrill ex,98,Ultra Rare,2026-07-22T08:03:06.627Z,EUR,886490,2026-07-22T08:03:04.165Z,USD,,,693454.0,3.91,,,
me04-098,Beedrill ex,98,Ultra Rare,2026-07-23T08:03:03.918Z,EUR,886490,2026-07-23T08:03:01.941Z,USD,,,693454.0,3.91,,,
me04-098,Beedrill ex,98,Ultra Rare,2026-07-24T08:03:04.300Z,EUR,886490,2026-07-24T08:03:02.308Z,USD,,,693454.0,3.91,,,
me04-098,Beedrill ex,98,Ultra Rare,2026-07-25T08:03:04.261Z,EUR,886490,2026-07-25T08:03:02.306Z,USD,,,693454.0,3.91,,,
me04-098,Beedrill ex,98,Ultra Rare,2026-07-26T08:03:04.532Z,EUR,886490,2026-07-26T08:03:42.077Z,USD,,,693454.0,3.83,,,
me04-098,Beedrill ex,98,Ultra Rare,2026-07-27T08:03:04.705Z,EUR,886490,2026-07-27T08:03:49.056Z,USD,,,693454.0,4.13,,,
me04-099,Mega Pyroar ex,99,Ultra Rare,2026-07-06T18:05:01.396Z,EUR,886491,2026-07-06T18:05:01.021Z,USD,,,693520.0,4.97,,,
me04-099,Mega Pyroar ex,99,Ultra Rare,2026-07-07T18:05:09.041Z,EUR,886491,2026-07-07T18:05:06.951Z,USD,,,693520.0,4.97,,,
me04-099,Mega Pyroar ex,99,Ultra Rare,2026-07-08T18:05:10.950Z,EUR,886491,2026-07-08T18:05:07.571Z,USD,,,693520.0,5.15,,,
me04-099,Mega Pyroar ex,99,Ultra Rare,2026-07-09T18:05:09.065Z,EUR,886491,2026-07-09T18:05:06.660Z,USD,,,693520.0,5.04,,,
me04-099,Mega Pyroar ex,99,Ultra Rare,2026-07-10T18:05:08.528Z,EUR,886491,2026-07-10T18:05:06.309Z,USD,,,693520.0,4.58,,,
me04-099,Mega Pyroar ex,99,Ultra Rare,2026-07-11T18:05:07.832Z,EUR,886491,2026-07-11T18:05:05.951Z,USD,,,693520.0,4.58,,,
me04-099,Mega Pyroar ex,99,Ultra Rare,2026-07-12T18:05:09.094Z,EUR,886491,2026-07-12T18:05:07.281Z,USD,,,693520.0,4.58,,,
me04-099,Mega Pyroar ex,99,Ultra Rare,2026-07-13T18:05:07.901Z,EUR,886491,2026-07-13T18:05:06.325Z,USD,,,693520.0,4.25,,,
me04-099,Mega Pyroar ex,99,Ultra Rare,2026-07-14T18:05:07.978Z,EUR,886491,2026-07-14T18:05:05.984Z,USD,,,693520.0,4.25,,,
me04-099,Mega Pyroar ex,99,Ultra Rare,2026-07-15T18:05:08.182Z,EUR,886491,2026-07-15T18:05:06.072Z,USD,,,693520.0,4.25,,,
me04-099,Mega Pyroar ex,99,Ultra Rare,2026-07-16T18:05:08.727Z,EUR,886491,2026-07-16T18:05:05.995Z,USD,,,693520.0,4.25,,,
me04-099,Mega Pyroar ex,99,Ultra Rare,2026-07-17T18:05:10.824Z,EUR,886491,2026-07-17T18:05:07.352Z,USD,,,693520.0,4.25,,,
me04-099,Mega Pyroar ex,99,Ultra Rare,2026-07-18T08:02:59.776Z,EUR,886491,2026-07-18T08:02:56.980Z,USD,,,693520.0,4.25,,,
me04-099,Mega Pyroar ex,99,Ultra Rare,2026-07-19T08:03:04.658Z,EUR,886491,2026-07-19T08:03:02.364Z,USD,,,693520.0,4.25,,,
me04-099,Mega Pyroar ex,99,Ultra Rare,2026-07-20T08:03:04.265Z,EUR,886491,2026-07-20T08:03:02.216Z,USD,,,693520.0,4.81,,,
me04-099,Mega Pyroar ex,99,Ultra Rare,2026-07-21T08:03:04.252Z,EUR,886491,2026-07-21T08:03:02.310Z,USD,,,693520.0,4.81,,,
me04-099,Mega Pyroar ex,99,Ultra Rare,2026-07-22T08:03:06.471Z,EUR,886491,2026-07-22T08:03:04.165Z,USD,,,693520.0,4.81,,,
me04-099,Mega Pyroar ex,99,Ultra Rare,2026-07-23T08:03:03.918Z,EUR,886491,2026-07-23T08:03:01.941Z,USD,,,693520.0,4.81,,,
me04-099,Mega Pyroar ex,99,Ultra Rare,2026-07-24T08:03:04.300Z,EUR,886491,2026-07-24T08:03:02.308Z,USD,,,693520.0,4.81,,,
me04-099,Mega Pyroar ex,99,Ultra Rare,2026-07-25T08:03:03.827Z,EUR,886491,2026-07-25T08:03:02.306Z,USD,,,693520.0,4.81,,,
me04-099,Mega Pyroar ex,99,Ultra Rare,2026-07-26T08:03:04.532Z,EUR,886491,2026-07-26T08:03:42.077Z,USD,,,693520.0,4.3,,,
me04-099,Mega Pyroar ex,99,Ultra Rare,2026-07-27T08:03:04.705Z,EUR,886491,2026-07-27T08:03:49.056Z,USD,,,693520.0,5.62,,,
me04-100,Mega Greninja ex,100,Ultra Rare,2026-07-06T18:05:01.253Z,EUR,886492,2026-07-06T18:05:01.021Z,USD,,,693516.0,15.47,,,
me04-100,Mega Greninja ex,100,Ultra Rare,2026-07-07T18:05:09.041Z,EUR,886492,2026-07-07T18:05:06.951Z,USD,,,693516.0,15.47,,,
me04-100,Mega Greninja ex,100,Ultra Rare,2026-07-08T18:05:10.950Z,EUR,886492,2026-07-08T18:05:07.571Z,USD,,,693516.0,14.14,,,
me04-100,Mega Greninja ex,100,Ultra Rare,2026-07-09T18:05:09.065Z,EUR,886492,2026-07-09T18:05:06.660Z,USD,,,693516.0,15.05,,,
me04-100,Mega Greninja ex,100,Ultra Rare,2026-07-10T18:05:08.528Z,EUR,886492,2026-07-10T18:05:06.309Z,USD,,,693516.0,15.12,,,
me04-100,Mega Greninja ex,100,Ultra Rare,2026-07-11T18:05:07.832Z,EUR,886492,2026-07-11T18:05:05.951Z,USD,,,693516.0,15.12,,,
me04-100,Mega Greninja ex,100,Ultra Rare,2026-07-12T18:05:09.094Z,EUR,886492,2026-07-12T18:05:07.281Z,USD,,,693516.0,15.12,,,
me04-100,Mega Greninja ex,100,Ultra Rare,2026-07-13T18:05:07.999Z,EUR,886492,2026-07-13T18:05:06.325Z,USD,,,693516.0,12.59,,,
me04-100,Mega Greninja ex,100,Ultra Rare,2026-07-14T18:05:08.458Z,EUR,886492,2026-07-14T18:05:05.984Z,USD,,,693516.0,12.59,,,
me04-100,Mega Greninja ex,100,Ultra Rare,2026-07-15T18:05:08.182Z,EUR,886492,2026-07-15T18:05:06.072Z,USD,,,693516.0,12.59,,,
me04-100,Mega Greninja ex,100,Ultra Rare,2026-07-16T18:05:08.253Z,EUR,886492,2026-07-16T18:05:05.995Z,USD,,,693516.0,12.59,,,
me04-100,Mega Greninja ex,100,Ultra Rare,2026-07-17T18:05:09.271Z,EUR,886492,2026-07-17T18:05:07.352Z,USD,,,693516.0,12.59,,,
me04-100,Mega Greninja ex,100,Ultra Rare,2026-07-18T08:02:59.776Z,EUR,886492,2026-07-18T08:02:56.980Z,USD,,,693516.0,12.59,,,
me04-100,Mega Greninja ex,100,Ultra Rare,2026-07-19T08:03:04.384Z,EUR,886492,2026-07-19T08:03:02.364Z,USD,,,693516.0,12.59,,,
me04-100,Mega Greninja ex,100,Ultra Rare,2026-07-20T08:03:04.265Z,EUR,886492,2026-07-20T08:03:02.216Z,USD,,,693516.0,11.88,,,
me04-100,Mega Greninja ex,100,Ultra Rare,2026-07-21T08:03:04.252Z,EUR,886492,2026-07-21T08:03:02.310Z,USD,,,693516.0,11.88,,,
me04-100,Mega Greninja ex,100,Ultra Rare,2026-07-22T08:03:06.627Z,EUR,886492,2026-07-22T08:03:04.165Z,USD,,,693516.0,11.88,,,
me04-100,Mega Greninja ex,100,Ultra Rare,2026-07-23T08:03:03.918Z,EUR,886492,2026-07-23T08:03:01.941Z,USD,,,693516.0,11.88,,,
me04-100,Mega Greninja ex,100,Ultra Rare,2026-07-24T08:03:04.300Z,EUR,886492,2026-07-24T08:03:02.308Z,USD,,,693516.0,11.88,,,
me04-100,Mega Greninja ex,100,Ultra Rare,2026-07-25T08:03:03.827Z,EUR,886492,2026-07-25T08:03:02.306Z,USD,,,693516.0,11.88,,,
me04-100,Mega Greninja ex,100,Ultra Rare,2026-07-26T08:03:04.532Z,EUR,886492,2026-07-26T08:03:42.077Z,USD,,,693516.0,13.08,,,
me04-100,Mega Greninja ex,100,Ultra Rare,2026-07-27T08:03:04.705Z,EUR,886492,2026-07-27T08:03:49.056Z,USD,,,693516.0,11.7,,,
me04-101,Mega Floette ex,101,Ultra Rare,2026-07-06T18:05:01.253Z,EUR,886493,2026-07-06T18:05:01.021Z,USD,,,693512.0,6.11,,,
me04-101,Mega Floette ex,101,Ultra Rare,2026-07-07T18:05:09.149Z,EUR,886493,2026-07-07T18:05:06.951Z,USD,,,693512.0,6.11,,,
me04-101,Mega Floette ex,101,Ultra Rare,2026-07-08T18:05:11.087Z,EUR,886493,2026-07-08T18:05:07.571Z,USD,,,693512.0,4.83,,,
me04-101,Mega Floette ex,101,Ultra Rare,2026-07-09T18:05:09.065Z,EUR,886493,2026-07-09T18:05:06.660Z,USD,,,693512.0,5.95,,,
me04-101,Mega Floette ex,101,Ultra Rare,2026-07-10T18:05:08.528Z,EUR,886493,2026-07-10T18:05:06.309Z,USD,,,693512.0,5.97,,,
me04-101,Mega Floette ex,101,Ultra Rare,2026-07-11T18:05:07.832Z,EUR,886493,2026-07-11T18:05:05.951Z,USD,,,693512.0,5.97,,,
me04-101,Mega Floette ex,101,Ultra Rare,2026-07-12T18:05:09.094Z,EUR,886493,2026-07-12T18:05:07.281Z,USD,,,693512.0,5.97,,,
me04-101,Mega Floette ex,101,Ultra Rare,2026-07-13T18:05:07.999Z,EUR,886493,2026-07-13T18:05:06.325Z,USD,,,693512.0,5.53,,,
me04-101,Mega Floette ex,101,Ultra Rare,2026-07-14T18:05:08.458Z,EUR,886493,2026-07-14T18:05:05.984Z,USD,,,693512.0,5.53,,,
me04-101,Mega Floette ex,101,Ultra Rare,2026-07-15T18:05:08.182Z,EUR,886493,2026-07-15T18:05:06.072Z,USD,,,693512.0,5.53,,,
me04-101,Mega Floette ex,101,Ultra Rare,2026-07-16T18:05:08.727Z,EUR,886493,2026-07-16T18:05:05.995Z,USD,,,693512.0,5.53,,,
me04-101,Mega Floette ex,101,Ultra Rare,2026-07-17T18:05:09.271Z,EUR,886493,2026-07-17T18:05:07.352Z,USD,,,693512.0,5.53,,,
me04-101,Mega Floette ex,101,Ultra Rare,2026-07-18T08:02:59.387Z,EUR,886493,2026-07-18T08:02:56.980Z,USD,,,693512.0,5.53,,,
me04-101,Mega Floette ex,101,Ultra Rare,2026-07-19T08:03:04.658Z,EUR,886493,2026-07-19T08:03:02.364Z,USD,,,693512.0,5.53,,,
me04-101,Mega Floette ex,101,Ultra Rare,2026-07-20T08:03:04.265Z,EUR,886493,2026-07-20T08:03:02.216Z,USD,,,693512.0,5.75,,,
me04-101,Mega Floette ex,101,Ultra Rare,2026-07-21T08:03:04.115Z,EUR,886493,2026-07-21T08:03:02.310Z,USD,,,693512.0,5.75,,,
me04-101,Mega Floette ex,101,Ultra Rare,2026-07-22T08:03:06.471Z,EUR,886493,2026-07-22T08:03:04.165Z,USD,,,693512.0,5.75,,,
me04-101,Mega Floette ex,101,Ultra Rare,2026-07-23T08:03:03.918Z,EUR,886493,2026-07-23T08:03:01.941Z,USD,,,693512.0,5.75,,,
me04-101,Mega Floette ex,101,Ultra Rare,2026-07-24T08:03:04.300Z,EUR,886493,2026-07-24T08:03:02.308Z,USD,,,693512.0,5.75,,,
me04-101,Mega Floette ex,101,Ultra Rare,2026-07-25T08:03:03.827Z,EUR,886493,2026-07-25T08:03:02.306Z,USD,,,693512.0,5.75,,,
me04-101,Mega Floette ex,101,Ultra Rare,2026-07-26T08:03:04.532Z,EUR,886493,2026-07-26T08:03:42.077Z,USD,,,693512.0,5.12,,,
me04-101,Mega Floette ex,101,Ultra Rare,2026-07-27T08:03:04.705Z,EUR,886493,2026-07-27T08:03:49.056Z,USD,,,693512.0,6.46,,,
me04-102,Gourgeist ex,102,Ultra Rare,2026-07-06T18:05:01.500Z,EUR,886494,2026-07-06T18:05:01.021Z,USD,,,693498.0,1.94,,,
me04-102,Gourgeist ex,102,Ultra Rare,2026-07-07T18:05:09.041Z,EUR,886494,2026-07-07T18:05:06.951Z,USD,,,693498.0,1.94,,,
me04-102,Gourgeist ex,102,Ultra Rare,2026-07-08T18:05:10.950Z,EUR,886494,2026-07-08T18:05:07.571Z,USD,,,693498.0,1.63,,,
me04-102,Gourgeist ex,102,Ultra Rare,2026-07-09T18:05:09.065Z,EUR,886494,2026-07-09T18:05:06.660Z,USD,,,693498.0,1.8,,,
me04-102,Gourgeist ex,102,Ultra Rare,2026-07-10T18:05:08.528Z,EUR,886494,2026-07-10T18:05:06.309Z,USD,,,693498.0,2.36,,,
me04-102,Gourgeist ex,102,Ultra Rare,2026-07-11T18:05:08.252Z,EUR,886494,2026-07-11T18:05:05.951Z,USD,,,693498.0,2.36,,,
me04-102,Gourgeist ex,102,Ultra Rare,2026-07-12T18:05:09.094Z,EUR,886494,2026-07-12T18:05:07.281Z,USD,,,693498.0,2.36,,,
me04-102,Gourgeist ex,102,Ultra Rare,2026-07-13T18:05:07.999Z,EUR,886494,2026-07-13T18:05:06.325Z,USD,,,693498.0,1.89,,,
me04-102,Gourgeist ex,102,Ultra Rare,2026-07-14T18:05:08.458Z,EUR,886494,2026-07-14T18:05:05.984Z,USD,,,693498.0,1.89,,,
me04-102,Gourgeist ex,102,Ultra Rare,2026-07-15T18:05:08.182Z,EUR,886494,2026-07-15T18:05:06.072Z,USD,,,693498.0,1.89,,,
me04-102,Gourgeist ex,102,Ultra Rare,2026-07-16T18:05:08.727Z,EUR,886494,2026-07-16T18:05:05.995Z,USD,,,693498.0,1.89,,,
me04-102,Gourgeist ex,102,Ultra Rare,2026-07-17T18:05:10.824Z,EUR,886494,2026-07-17T18:05:07.352Z,USD,,,693498.0,1.89,,,
me04-102,Gourgeist ex,102,Ultra Rare,2026-07-18T08:02:59.387Z,EUR,886494,2026-07-18T08:02:56.980Z,USD,,,693498.0,1.89,,,
me04-102,Gourgeist ex,102,Ultra Rare,2026-07-19T08:03:04.320Z,EUR,886494,2026-07-19T08:03:02.364Z,USD,,,693498.0,1.89,,,
me04-102,Gourgeist ex,102,Ultra Rare,2026-07-20T08:03:04.265Z,EUR,886494,2026-07-20T08:03:02.216Z,USD,,,693498.0,2.11,,,
me04-102,Gourgeist ex,102,Ultra Rare,2026-07-21T08:03:04.115Z,EUR,886494,2026-07-21T08:03:02.310Z,USD,,,693498.0,2.11,,,
me04-102,Gourgeist ex,102,Ultra Rare,2026-07-22T08:03:06.627Z,EUR,886494,2026-07-22T08:03:04.165Z,USD,,,693498.0,2.11,,,
me04-102,Gourgeist ex,102,Ultra Rare,2026-07-23T08:03:03.918Z,EUR,886494,2026-07-23T08:03:01.941Z,USD,,,693498.0,2.11,,,
me04-102,Gourgeist ex,102,Ultra Rare,2026-07-24T08:03:04.300Z,EUR,886494,2026-07-24T08:03:02.308Z,USD,,,693498.0,2.11,,,
me04-102,Gourgeist ex,102,Ultra Rare,2026-07-25T08:03:04.261Z,EUR,886494,2026-07-25T08:03:02.306Z,USD,,,693498.0,2.11,,,
me04-102,Gourgeist ex,102,Ultra Rare,2026-07-26T08:03:04.532Z,EUR,886494,2026-07-26T08:03:42.077Z,USD,,,693498.0,1.68,,,
me04-102,Gourgeist ex,102,Ultra Rare,2026-07-27T08:03:04.705Z,EUR,886494,2026-07-27T08:03:49.056Z,USD,,,693498.0,1.88,,,
me04-103,Cobalion ex,103,Ultra Rare,2026-07-06T18:05:01.396Z,EUR,886495,2026-07-06T18:05:01.021Z,USD,,,693469.0,2.26,,,
me04-103,Cobalion ex,103,Ultra Rare,2026-07-07T18:05:09.041Z,EUR,886495,2026-07-07T18:05:06.951Z,USD,,,693469.0,2.26,,,
me04-103,Cobalion ex,103,Ultra Rare,2026-07-08T18:05:11.087Z,EUR,886495,2026-07-08T18:05:07.571Z,USD,,,693469.0,2.83,,,
me04-103,Cobalion ex,103,Ultra Rare,2026-07-09T18:05:09.065Z,EUR,886495,2026-07-09T18:05:06.660Z,USD,,,693469.0,2.59,,,
me04-103,Cobalion ex,103,Ultra Rare,2026-07-10T18:05:08.528Z,EUR,886495,2026-07-10T18:05:06.309Z,USD,,,693469.0,2.45,,,
me04-103,Cobalion ex,103,Ultra Rare,2026-07-11T18:05:07.832Z,EUR,886495,2026-07-11T18:05:05.951Z,USD,,,693469.0,2.45,,,
me04-103,Cobalion ex,103,Ultra Rare,2026-07-12T18:05:09.094Z,EUR,886495,2026-07-12T18:05:07.281Z,USD,,,693469.0,2.45,,,
me04-103,Cobalion ex,103,Ultra Rare,2026-07-13T18:05:07.999Z,EUR,886495,2026-07-13T18:05:06.325Z,USD,,,693469.0,2.78,,,
me04-103,Cobalion ex,103,Ultra Rare,2026-07-14T18:05:08.458Z,EUR,886495,2026-07-14T18:05:05.984Z,USD,,,693469.0,2.78,,,
me04-103,Cobalion ex,103,Ultra Rare,2026-07-15T18:05:08.182Z,EUR,886495,2026-07-15T18:05:06.072Z,USD,,,693469.0,2.78,,,
me04-103,Cobalion ex,103,Ultra Rare,2026-07-16T18:05:08.298Z,EUR,886495,2026-07-16T18:05:05.995Z,USD,,,693469.0,2.78,,,
me04-103,Cobalion ex,103,Ultra Rare,2026-07-17T18:05:10.824Z,EUR,886495,2026-07-17T18:05:07.352Z,USD,,,693469.0,2.78,,,
me04-103,Cobalion ex,103,Ultra Rare,2026-07-18T08:02:59.387Z,EUR,886495,2026-07-18T08:02:56.980Z,USD,,,693469.0,2.78,,,
me04-103,Cobalion ex,103,Ultra Rare,2026-07-19T08:03:04.658Z,EUR,886495,2026-07-19T08:03:02.364Z,USD,,,693469.0,2.78,,,
me04-103,Cobalion ex,103,Ultra Rare,2026-07-20T08:03:04.265Z,EUR,886495,2026-07-20T08:03:02.216Z,USD,,,693469.0,2.53,,,
me04-103,Cobalion ex,103,Ultra Rare,2026-07-21T08:03:04.252Z,EUR,886495,2026-07-21T08:03:02.310Z,USD,,,693469.0,2.53,,,
me04-103,Cobalion ex,103,Ultra Rare,2026-07-22T08:03:06.627Z,EUR,886495,2026-07-22T08:03:04.165Z,USD,,,693469.0,2.53,,,
me04-103,Cobalion ex,103,Ultra Rare,2026-07-23T08:03:03.918Z,EUR,886495,2026-07-23T08:03:01.941Z,USD,,,693469.0,2.53,,,
me04-103,Cobalion ex,103,Ultra Rare,2026-07-24T08:03:04.300Z,EUR,886495,2026-07-24T08:03:02.308Z,USD,,,693469.0,2.53,,,
me04-103,Cobalion ex,103,Ultra Rare,2026-07-25T08:03:04.261Z,EUR,886495,2026-07-25T08:03:02.306Z,USD,,,693469.0,2.53,,,
me04-103,Cobalion ex,103,Ultra Rare,2026-07-26T08:03:04.532Z,EUR,886495,2026-07-26T08:03:42.077Z,USD,,,693469.0,2.46,,,
me04-103,Cobalion ex,103,Ultra Rare,2026-07-27T08:03:04.705Z,EUR,886495,2026-07-27T08:03:49.056Z,USD,,,693469.0,2.63,,,
me04-104,Mega Dragalge ex,104,Ultra Rare,2026-07-06T18:05:01.132Z,EUR,886496,2026-07-06T18:05:01.021Z,USD,,,693509.0,4.38,,,
me04-104,Mega Dragalge ex,104,Ultra Rare,2026-07-07T18:05:09.041Z,EUR,886496,2026-07-07T18:05:06.951Z,USD,,,693509.0,4.38,,,
me04-104,Mega Dragalge ex,104,Ultra Rare,2026-07-08T18:05:10.950Z,EUR,886496,2026-07-08T18:05:07.571Z,USD,,,693509.0,4.18,,,
me04-104,Mega Dragalge ex,104,Ultra Rare,2026-07-09T18:05:09.065Z,EUR,886496,2026-07-09T18:05:06.660Z,USD,,,693509.0,5.15,,,
me04-104,Mega Dragalge ex,104,Ultra Rare,2026-07-10T18:05:08.528Z,EUR,886496,2026-07-10T18:05:06.309Z,USD,,,693509.0,5.02,,,
me04-104,Mega Dragalge ex,104,Ultra Rare,2026-07-11T18:05:08.252Z,EUR,886496,2026-07-11T18:05:05.951Z,USD,,,693509.0,5.02,,,
me04-104,Mega Dragalge ex,104,Ultra Rare,2026-07-12T18:05:09.094Z,EUR,886496,2026-07-12T18:05:07.281Z,USD,,,693509.0,5.02,,,
me04-104,Mega Dragalge ex,104,Ultra Rare,2026-07-13T18:05:07.999Z,EUR,886496,2026-07-13T18:05:06.325Z,USD,,,693509.0,4.55,,,
me04-104,Mega Dragalge ex,104,Ultra Rare,2026-07-14T18:05:08.086Z,EUR,886496,2026-07-14T18:05:05.984Z,USD,,,693509.0,4.55,,,
me04-104,Mega Dragalge ex,104,Ultra Rare,2026-07-15T18:05:08.182Z,EUR,886496,2026-07-15T18:05:06.072Z,USD,,,693509.0,4.55,,,
me04-104,Mega Dragalge ex,104,Ultra Rare,2026-07-16T18:05:08.631Z,EUR,886496,2026-07-16T18:05:05.995Z,USD,,,693509.0,4.55,,,
me04-104,Mega Dragalge ex,104,Ultra Rare,2026-07-17T18:05:09.396Z,EUR,886496,2026-07-17T18:05:07.352Z,USD,,,693509.0,4.55,,,
me04-104,Mega Dragalge ex,104,Ultra Rare,2026-07-18T08:02:59.546Z,EUR,886496,2026-07-18T08:02:56.980Z,USD,,,693509.0,4.55,,,
me04-104,Mega Dragalge ex,104,Ultra Rare,2026-07-19T08:03:04.320Z,EUR,886496,2026-07-19T08:03:02.364Z,USD,,,693509.0,4.55,,,
me04-104,Mega Dragalge ex,104,Ultra Rare,2026-07-20T08:03:04.811Z,EUR,886496,2026-07-20T08:03:02.216Z,USD,,,693509.0,4.74,,,
me04-104,Mega Dragalge ex,104,Ultra Rare,2026-07-21T08:03:04.115Z,EUR,886496,2026-07-21T08:03:02.310Z,USD,,,693509.0,4.74,,,
me04-104,Mega Dragalge ex,104,Ultra Rare,2026-07-22T08:03:06.471Z,EUR,886496,2026-07-22T08:03:04.165Z,USD,,,693509.0,4.74,,,
me04-104,Mega Dragalge ex,104,Ultra Rare,2026-07-23T08:03:03.735Z,EUR,886496,2026-07-23T08:03:01.941Z,USD,,,693509.0,4.74,,,
me04-104,Mega Dragalge ex,104,Ultra Rare,2026-07-24T08:03:04.300Z,EUR,886496,2026-07-24T08:03:02.308Z,USD,,,693509.0,4.74,,,
me04-104,Mega Dragalge ex,104,Ultra Rare,2026-07-25T08:03:04.302Z,EUR,886496,2026-07-25T08:03:02.306Z,USD,,,693509.0,4.74,,,
me04-104,Mega Dragalge ex,104,Ultra Rare,2026-07-26T08:03:04.571Z,EUR,886496,2026-07-26T08:03:42.077Z,USD,,,693509.0,4.23,,,
me04-104,Mega Dragalge ex,104,Ultra Rare,2026-07-27T08:03:04.705Z,EUR,886496,2026-07-27T08:03:49.056Z,USD,,,693509.0,4.65,,,
me04-105,Cinccino ex,105,Ultra Rare,2026-07-06T18:05:01.396Z,EUR,886497,2026-07-06T18:05:01.021Z,USD,,,693464.0,4.62,,,
me04-105,Cinccino ex,105,Ultra Rare,2026-07-07T18:05:09.041Z,EUR,886497,2026-07-07T18:05:06.951Z,USD,,,693464.0,4.62,,,
me04-105,Cinccino ex,105,Ultra Rare,2026-07-08T18:05:11.087Z,EUR,886497,2026-07-08T18:05:07.571Z,USD,,,693464.0,4.87,,,
me04-105,Cinccino ex,105,Ultra Rare,2026-07-09T18:05:09.065Z,EUR,886497,2026-07-09T18:05:06.660Z,USD,,,693464.0,4.37,,,
me04-105,Cinccino ex,105,Ultra Rare,2026-07-10T18:05:08.528Z,EUR,886497,2026-07-10T18:05:06.309Z,USD,,,693464.0,4.2,,,
me04-105,Cinccino ex,105,Ultra Rare,2026-07-11T18:05:08.252Z,EUR,886497,2026-07-11T18:05:05.951Z,USD,,,693464.0,4.2,,,
me04-105,Cinccino ex,105,Ultra Rare,2026-07-12T18:05:09.094Z,EUR,886497,2026-07-12T18:05:07.281Z,USD,,,693464.0,4.2,,,
me04-105,Cinccino ex,105,Ultra Rare,2026-07-13T18:05:07.999Z,EUR,886497,2026-07-13T18:05:06.325Z,USD,,,693464.0,3.8,,,
me04-105,Cinccino ex,105,Ultra Rare,2026-07-14T18:05:08.086Z,EUR,886497,2026-07-14T18:05:05.984Z,USD,,,693464.0,3.8,,,
me04-105,Cinccino ex,105,Ultra Rare,2026-07-15T18:05:08.182Z,EUR,886497,2026-07-15T18:05:06.072Z,USD,,,693464.0,3.8,,,
me04-105,Cinccino ex,105,Ultra Rare,2026-07-16T18:05:08.631Z,EUR,886497,2026-07-16T18:05:05.995Z,USD,,,693464.0,3.8,,,
me04-105,Cinccino ex,105,Ultra Rare,2026-07-17T18:05:10.102Z,EUR,886497,2026-07-17T18:05:07.352Z,USD,,,693464.0,3.8,,,
me04-105,Cinccino ex,105,Ultra Rare,2026-07-18T08:02:59.546Z,EUR,886497,2026-07-18T08:02:56.980Z,USD,,,693464.0,3.8,,,
me04-105,Cinccino ex,105,Ultra Rare,2026-07-19T08:03:04.558Z,EUR,886497,2026-07-19T08:03:02.364Z,USD,,,693464.0,3.8,,,
me04-105,Cinccino ex,105,Ultra Rare,2026-07-20T08:03:04.811Z,EUR,886497,2026-07-20T08:03:02.216Z,USD,,,693464.0,4.2,,,
me04-105,Cinccino ex,105,Ultra Rare,2026-07-21T08:03:04.252Z,EUR,886497,2026-07-21T08:03:02.310Z,USD,,,693464.0,4.2,,,
me04-105,Cinccino ex,105,Ultra Rare,2026-07-22T08:03:06.471Z,EUR,886497,2026-07-22T08:03:04.165Z,USD,,,693464.0,4.2,,,
me04-105,Cinccino ex,105,Ultra Rare,2026-07-23T08:03:03.735Z,EUR,886497,2026-07-23T08:03:01.941Z,USD,,,693464.0,4.2,,,
me04-105,Cinccino ex,105,Ultra Rare,2026-07-24T08:03:04.300Z,EUR,886497,2026-07-24T08:03:02.308Z,USD,,,693464.0,4.2,,,
me04-105,Cinccino ex,105,Ultra Rare,2026-07-25T08:03:04.302Z,EUR,886497,2026-07-25T08:03:02.306Z,USD,,,693464.0,4.2,,,
me04-105,Cinccino ex,105,Ultra Rare,2026-07-26T08:03:04.571Z,EUR,886497,2026-07-26T08:03:42.077Z,USD,,,693464.0,3.92,,,
me04-105,Cinccino ex,105,Ultra Rare,2026-07-27T08:03:04.705Z,EUR,886497,2026-07-27T08:03:49.056Z,USD,,,693464.0,4.97,,,
me04-106,AZ's Tranquility,106,Ultra Rare,2026-07-06T18:05:01.396Z,EUR,886500,2026-07-06T18:05:01.021Z,USD,,,693450.0,3.01,,,
me04-106,AZ's Tranquility,106,Ultra Rare,2026-07-07T18:05:10.032Z,EUR,886500,2026-07-07T18:05:06.951Z,USD,,,693450.0,3.01,,,
me04-106,AZ's Tranquility,106,Ultra Rare,2026-07-08T18:05:11.087Z,EUR,886500,2026-07-08T18:05:07.571Z,USD,,,693450.0,3.8,,,
me04-106,AZ's Tranquility,106,Ultra Rare,2026-07-09T18:05:09.065Z,EUR,886500,2026-07-09T18:05:06.660Z,USD,,,693450.0,3.1,,,
me04-106,AZ's Tranquility,106,Ultra Rare,2026-07-10T18:05:08.528Z,EUR,886500,2026-07-10T18:05:06.309Z,USD,,,693450.0,2.86,,,
me04-106,AZ's Tranquility,106,Ultra Rare,2026-07-11T18:05:07.832Z,EUR,886500,2026-07-11T18:05:05.951Z,USD,,,693450.0,2.86,,,
me04-106,AZ's Tranquility,106,Ultra Rare,2026-07-12T18:05:09.094Z,EUR,886500,2026-07-12T18:05:07.281Z,USD,,,693450.0,2.86,,,
me04-106,AZ's Tranquility,106,Ultra Rare,2026-07-13T18:05:07.999Z,EUR,886500,2026-07-13T18:05:06.325Z,USD,,,693450.0,2.98,,,
me04-106,AZ's Tranquility,106,Ultra Rare,2026-07-14T18:05:08.086Z,EUR,886500,2026-07-14T18:05:05.984Z,USD,,,693450.0,2.98,,,
me04-106,AZ's Tranquility,106,Ultra Rare,2026-07-15T18:05:08.182Z,EUR,886500,2026-07-15T18:05:06.072Z,USD,,,693450.0,2.98,,,
me04-106,AZ's Tranquility,106,Ultra Rare,2026-07-16T18:05:08.298Z,EUR,886500,2026-07-16T18:05:05.995Z,USD,,,693450.0,2.98,,,
me04-106,AZ's Tranquility,106,Ultra Rare,2026-07-17T18:05:09.271Z,EUR,886500,2026-07-17T18:05:07.352Z,USD,,,693450.0,2.98,,,
me04-106,AZ's Tranquility,106,Ultra Rare,2026-07-18T08:02:59.387Z,EUR,886500,2026-07-18T08:02:56.980Z,USD,,,693450.0,2.98,,,
me04-106,AZ's Tranquility,106,Ultra Rare,2026-07-19T08:03:04.558Z,EUR,886500,2026-07-19T08:03:02.364Z,USD,,,693450.0,2.98,,,
me04-106,AZ's Tranquility,106,Ultra Rare,2026-07-20T08:03:04.811Z,EUR,886500,2026-07-20T08:03:02.216Z,USD,,,693450.0,2.43,,,
me04-106,AZ's Tranquility,106,Ultra Rare,2026-07-21T08:03:04.115Z,EUR,886500,2026-07-21T08:03:02.310Z,USD,,,693450.0,2.43,,,
me04-106,AZ's Tranquility,106,Ultra Rare,2026-07-22T08:03:06.471Z,EUR,886500,2026-07-22T08:03:04.165Z,USD,,,693450.0,2.43,,,
me04-106,AZ's Tranquility,106,Ultra Rare,2026-07-23T08:03:03.918Z,EUR,886500,2026-07-23T08:03:01.941Z,USD,,,693450.0,2.43,,,
me04-106,AZ's Tranquility,106,Ultra Rare,2026-07-24T08:03:04.300Z,EUR,886500,2026-07-24T08:03:02.308Z,USD,,,693450.0,2.43,,,
me04-106,AZ's Tranquility,106,Ultra Rare,2026-07-25T08:03:04.302Z,EUR,886500,2026-07-25T08:03:02.306Z,USD,,,693450.0,2.43,,,
me04-106,AZ's Tranquility,106,Ultra Rare,2026-07-26T08:03:04.571Z,EUR,886500,2026-07-26T08:03:42.077Z,USD,,,693450.0,3.15,,,
me04-106,AZ's Tranquility,106,Ultra Rare,2026-07-27T08:03:04.705Z,EUR,886500,2026-07-27T08:03:49.056Z,USD,,,693450.0,2.38,,,
me04-107,Emma,107,Ultra Rare,2026-07-06T18:05:01.132Z,EUR,886501,2026-07-06T18:05:01.021Z,USD,,,693480.0,3.09,,,
me04-107,Emma,107,Ultra Rare,2026-07-07T18:05:09.041Z,EUR,886501,2026-07-07T18:05:06.951Z,USD,,,693480.0,3.09,,,
me04-107,Emma,107,Ultra Rare,2026-07-08T18:05:10.950Z,EUR,886501,2026-07-08T18:05:07.571Z,USD,,,693480.0,3.51,,,
me04-107,Emma,107,Ultra Rare,2026-07-09T18:05:09.065Z,EUR,886501,2026-07-09T18:05:06.660Z,USD,,,693480.0,4.15,,,
me04-107,Emma,107,Ultra Rare,2026-07-10T18:05:08.528Z,EUR,886501,2026-07-10T18:05:06.309Z,USD,,,693480.0,3.31,,,
me04-107,Emma,107,Ultra Rare,2026-07-11T18:05:07.832Z,EUR,886501,2026-07-11T18:05:05.951Z,USD,,,693480.0,3.31,,,
me04-107,Emma,107,Ultra Rare,2026-07-12T18:05:09.094Z,EUR,886501,2026-07-12T18:05:07.281Z,USD,,,693480.0,3.31,,,
me04-107,Emma,107,Ultra Rare,2026-07-13T18:05:07.901Z,EUR,886501,2026-07-13T18:05:06.325Z,USD,,,693480.0,3.34,,,
me04-107,Emma,107,Ultra Rare,2026-07-14T18:05:08.086Z,EUR,886501,2026-07-14T18:05:05.984Z,USD,,,693480.0,3.34,,,
me04-107,Emma,107,Ultra Rare,2026-07-15T18:05:08.182Z,EUR,886501,2026-07-15T18:05:06.072Z,USD,,,693480.0,3.34,,,
me04-107,Emma,107,Ultra Rare,2026-07-16T18:05:08.298Z,EUR,886501,2026-07-16T18:05:05.995Z,USD,,,693480.0,3.34,,,
me04-107,Emma,107,Ultra Rare,2026-07-17T18:05:10.102Z,EUR,886501,2026-07-17T18:05:07.352Z,USD,,,693480.0,3.34,,,
me04-107,Emma,107,Ultra Rare,2026-07-18T08:02:59.546Z,EUR,886501,2026-07-18T08:02:56.980Z,USD,,,693480.0,3.34,,,
me04-107,Emma,107,Ultra Rare,2026-07-19T08:03:04.658Z,EUR,886501,2026-07-19T08:03:02.364Z,USD,,,693480.0,3.34,,,
me04-107,Emma,107,Ultra Rare,2026-07-20T08:03:04.265Z,EUR,886501,2026-07-20T08:03:02.216Z,USD,,,693480.0,3.12,,,
me04-107,Emma,107,Ultra Rare,2026-07-21T08:03:04.252Z,EUR,886501,2026-07-21T08:03:02.310Z,USD,,,693480.0,3.12,,,
me04-107,Emma,107,Ultra Rare,2026-07-22T08:03:06.627Z,EUR,886501,2026-07-22T08:03:04.165Z,USD,,,693480.0,3.12,,,
me04-107,Emma,107,Ultra Rare,2026-07-23T08:03:03.735Z,EUR,886501,2026-07-23T08:03:01.941Z,USD,,,693480.0,3.12,,,
me04-107,Emma,107,Ultra Rare,2026-07-24T08:03:04.300Z,EUR,886501,2026-07-24T08:03:02.308Z,USD,,,693480.0,3.12,,,
me04-107,Emma,107,Ultra Rare,2026-07-25T08:03:04.302Z,EUR,886501,2026-07-25T08:03:02.306Z,USD,,,693480.0,3.12,,,
me04-107,Emma,107,Ultra Rare,2026-07-26T08:03:04.532Z,EUR,886501,2026-07-26T08:03:42.077Z,USD,,,693480.0,3.33,,,
me04-107,Emma,107,Ultra Rare,2026-07-27T08:03:04.705Z,EUR,886501,2026-07-27T08:03:49.056Z,USD,,,693480.0,3.16,,,
me04-108,Energy Retrieval,108,Ultra Rare,2026-07-06T18:05:01.132Z,EUR,886498,2026-07-06T18:05:01.021Z,USD,,,693482.0,2.62,,,
me04-108,Energy Retrieval,108,Ultra Rare,2026-07-07T18:05:10.032Z,EUR,886498,2026-07-07T18:05:06.951Z,USD,,,693482.0,2.62,,,
me04-108,Energy Retrieval,108,Ultra Rare,2026-07-08T18:05:11.087Z,EUR,886498,2026-07-08T18:05:07.571Z,USD,,,693482.0,2.94,,,
me04-108,Energy Retrieval,108,Ultra Rare,2026-07-09T18:05:09.065Z,EUR,886498,2026-07-09T18:05:06.660Z,USD,,,693482.0,2.71,,,
me04-108,Energy Retrieval,108,Ultra Rare,2026-07-10T18:05:08.528Z,EUR,886498,2026-07-10T18:05:06.309Z,USD,,,693482.0,2.5,,,
me04-108,Energy Retrieval,108,Ultra Rare,2026-07-11T18:05:07.832Z,EUR,886498,2026-07-11T18:05:05.951Z,USD,,,693482.0,2.5,,,
me04-108,Energy Retrieval,108,Ultra Rare,2026-07-12T18:05:09.094Z,EUR,886498,2026-07-12T18:05:07.281Z,USD,,,693482.0,2.5,,,
me04-108,Energy Retrieval,108,Ultra Rare,2026-07-13T18:05:07.999Z,EUR,886498,2026-07-13T18:05:06.325Z,USD,,,693482.0,2.43,,,
me04-108,Energy Retrieval,108,Ultra Rare,2026-07-14T18:05:08.086Z,EUR,886498,2026-07-14T18:05:05.984Z,USD,,,693482.0,2.43,,,
me04-108,Energy Retrieval,108,Ultra Rare,2026-07-15T18:05:08.182Z,EUR,886498,2026-07-15T18:05:06.072Z,USD,,,693482.0,2.43,,,
me04-108,Energy Retrieval,108,Ultra Rare,2026-07-16T18:05:08.727Z,EUR,886498,2026-07-16T18:05:05.995Z,USD,,,693482.0,2.43,,,
me04-108,Energy Retrieval,108,Ultra Rare,2026-07-17T18:05:09.396Z,EUR,886498,2026-07-17T18:05:07.352Z,USD,,,693482.0,2.43,,,
me04-108,Energy Retrieval,108,Ultra Rare,2026-07-18T08:02:59.546Z,EUR,886498,2026-07-18T08:02:56.980Z,USD,,,693482.0,2.43,,,
me04-108,Energy Retrieval,108,Ultra Rare,2026-07-19T08:03:04.658Z,EUR,886498,2026-07-19T08:03:02.364Z,USD,,,693482.0,2.43,,,
me04-108,Energy Retrieval,108,Ultra Rare,2026-07-20T08:03:04.811Z,EUR,886498,2026-07-20T08:03:02.216Z,USD,,,693482.0,2.09,,,
me04-108,Energy Retrieval,108,Ultra Rare,2026-07-21T08:03:04.252Z,EUR,886498,2026-07-21T08:03:02.310Z,USD,,,693482.0,2.09,,,
me04-108,Energy Retrieval,108,Ultra Rare,2026-07-22T08:03:06.471Z,EUR,886498,2026-07-22T08:03:04.165Z,USD,,,693482.0,2.09,,,
me04-108,Energy Retrieval,108,Ultra Rare,2026-07-23T08:03:03.735Z,EUR,886498,2026-07-23T08:03:01.941Z,USD,,,693482.0,2.09,,,
me04-108,Energy Retrieval,108,Ultra Rare,2026-07-24T08:03:04.300Z,EUR,886498,2026-07-24T08:03:02.308Z,USD,,,693482.0,2.09,,,
me04-108,Energy Retrieval,108,Ultra Rare,2026-07-25T08:03:04.302Z,EUR,886498,2026-07-25T08:03:02.306Z,USD,,,693482.0,2.09,,,
me04-108,Energy Retrieval,108,Ultra Rare,2026-07-26T08:03:04.571Z,EUR,886498,2026-07-26T08:03:42.077Z,USD,,,693482.0,2.31,,,
me04-108,Energy Retrieval,108,Ultra Rare,2026-07-27T08:03:04.705Z,EUR,886498,2026-07-27T08:03:49.056Z,USD,,,693482.0,2.29,,,
me04-109,Jumbo Ice Cream,109,Ultra Rare,2026-07-06T18:05:01.132Z,EUR,886503,2026-07-06T18:05:01.021Z,USD,,,693501.0,3.42,,,
me04-109,Jumbo Ice Cream,109,Ultra Rare,2026-07-07T18:05:09.041Z,EUR,886503,2026-07-07T18:05:06.951Z,USD,,,693501.0,3.42,,,
me04-109,Jumbo Ice Cream,109,Ultra Rare,2026-07-08T18:05:10.657Z,EUR,886503,2026-07-08T18:05:07.571Z,USD,,,693501.0,2.68,,,
me04-109,Jumbo Ice Cream,109,Ultra Rare,2026-07-09T18:05:09.298Z,EUR,886503,2026-07-09T18:05:06.660Z,USD,,,693501.0,3.15,,,
me04-109,Jumbo Ice Cream,109,Ultra Rare,2026-07-10T18:05:08.528Z,EUR,886503,2026-07-10T18:05:06.309Z,USD,,,693501.0,3.01,,,
me04-109,Jumbo Ice Cream,109,Ultra Rare,2026-07-11T18:05:07.832Z,EUR,886503,2026-07-11T18:05:05.951Z,USD,,,693501.0,3.01,,,
me04-109,Jumbo Ice Cream,109,Ultra Rare,2026-07-12T18:05:09.094Z,EUR,886503,2026-07-12T18:05:07.281Z,USD,,,693501.0,3.01,,,
me04-109,Jumbo Ice Cream,109,Ultra Rare,2026-07-13T18:05:07.999Z,EUR,886503,2026-07-13T18:05:06.325Z,USD,,,693501.0,3.34,,,
me04-109,Jumbo Ice Cream,109,Ultra Rare,2026-07-14T18:05:08.458Z,EUR,886503,2026-07-14T18:05:05.984Z,USD,,,693501.0,3.34,,,
me04-109,Jumbo Ice Cream,109,Ultra Rare,2026-07-15T18:05:08.182Z,EUR,886503,2026-07-15T18:05:06.072Z,USD,,,693501.0,3.34,,,
me04-109,Jumbo Ice Cream,109,Ultra Rare,2026-07-16T18:05:08.631Z,EUR,886503,2026-07-16T18:05:05.995Z,USD,,,693501.0,3.34,,,
me04-109,Jumbo Ice Cream,109,Ultra Rare,2026-07-17T18:05:10.102Z,EUR,886503,2026-07-17T18:05:07.352Z,USD,,,693501.0,3.34,,,
me04-109,Jumbo Ice Cream,109,Ultra Rare,2026-07-18T08:02:59.546Z,EUR,886503,2026-07-18T08:02:56.980Z,USD,,,693501.0,3.34,,,
me04-109,Jumbo Ice Cream,109,Ultra Rare,2026-07-19T08:03:04.658Z,EUR,886503,2026-07-19T08:03:02.364Z,USD,,,693501.0,3.34,,,
me04-109,Jumbo Ice Cream,109,Ultra Rare,2026-07-20T08:03:04.811Z,EUR,886503,2026-07-20T08:03:02.216Z,USD,,,693501.0,2.68,,,
me04-109,Jumbo Ice Cream,109,Ultra Rare,2026-07-21T08:03:04.252Z,EUR,886503,2026-07-21T08:03:02.310Z,USD,,,693501.0,2.68,,,
me04-109,Jumbo Ice Cream,109,Ultra Rare,2026-07-22T08:03:06.627Z,EUR,886503,2026-07-22T08:03:04.165Z,USD,,,693501.0,2.68,,,
me04-109,Jumbo Ice Cream,109,Ultra Rare,2026-07-23T08:03:03.918Z,EUR,886503,2026-07-23T08:03:01.941Z,USD,,,693501.0,2.68,,,
me04-109,Jumbo Ice Cream,109,Ultra Rare,2026-07-24T08:03:04.300Z,EUR,886503,2026-07-24T08:03:02.308Z,USD,,,693501.0,2.68,,,
me04-109,Jumbo Ice Cream,109,Ultra Rare,2026-07-25T08:03:03.827Z,EUR,886503,2026-07-25T08:03:02.306Z,USD,,,693501.0,2.68,,,
me04-109,Jumbo Ice Cream,109,Ultra Rare,2026-07-26T08:03:04.532Z,EUR,886503,2026-07-26T08:03:42.077Z,USD,,,693501.0,2.62,,,
me04-109,Jumbo Ice Cream,109,Ultra Rare,2026-07-27T08:03:04.705Z,EUR,886503,2026-07-27T08:03:49.056Z,USD,,,693501.0,2.82,,,
me04-110,Philippe,110,Ultra Rare,2026-07-06T18:05:01.396Z,EUR,886502,2026-07-06T18:05:01.021Z,USD,,,693533.0,2.91,,,
me04-110,Philippe,110,Ultra Rare,2026-07-07T18:05:09.041Z,EUR,886502,2026-07-07T18:05:06.951Z,USD,,,693533.0,2.91,,,
me04-110,Philippe,110,Ultra Rare,2026-07-08T18:05:10.657Z,EUR,886502,2026-07-08T18:05:07.571Z,USD,,,693533.0,2.42,,,
me04-110,Philippe,110,Ultra Rare,2026-07-09T18:05:09.065Z,EUR,886502,2026-07-09T18:05:06.660Z,USD,,,693533.0,2.66,,,
me04-110,Philippe,110,Ultra Rare,2026-07-10T18:05:08.528Z,EUR,886502,2026-07-10T18:05:06.309Z,USD,,,693533.0,2.58,,,
me04-110,Philippe,110,Ultra Rare,2026-07-11T18:05:08.252Z,EUR,886502,2026-07-11T18:05:05.951Z,USD,,,693533.0,2.58,,,
me04-110,Philippe,110,Ultra Rare,2026-07-12T18:05:09.094Z,EUR,886502,2026-07-12T18:05:07.281Z,USD,,,693533.0,2.58,,,
me04-110,Philippe,110,Ultra Rare,2026-07-13T18:05:07.999Z,EUR,886502,2026-07-13T18:05:06.325Z,USD,,,693533.0,2.36,,,
me04-110,Philippe,110,Ultra Rare,2026-07-14T18:05:08.458Z,EUR,886502,2026-07-14T18:05:05.984Z,USD,,,693533.0,2.36,,,
me04-110,Philippe,110,Ultra Rare,2026-07-15T18:05:08.182Z,EUR,886502,2026-07-15T18:05:06.072Z,USD,,,693533.0,2.36,,,
me04-110,Philippe,110,Ultra Rare,2026-07-16T18:05:08.727Z,EUR,886502,2026-07-16T18:05:05.995Z,USD,,,693533.0,2.36,,,
me04-110,Philippe,110,Ultra Rare,2026-07-17T18:05:09.271Z,EUR,886502,2026-07-17T18:05:07.352Z,USD,,,693533.0,2.36,,,
me04-110,Philippe,110,Ultra Rare,2026-07-18T08:02:59.546Z,EUR,886502,2026-07-18T08:02:56.980Z,USD,,,693533.0,2.36,,,
me04-110,Philippe,110,Ultra Rare,2026-07-19T08:03:04.658Z,EUR,886502,2026-07-19T08:03:02.364Z,USD,,,693533.0,2.36,,,
me04-110,Philippe,110,Ultra Rare,2026-07-20T08:03:04.811Z,EUR,886502,2026-07-20T08:03:02.216Z,USD,,,693533.0,2.41,,,
me04-110,Philippe,110,Ultra Rare,2026-07-21T08:03:04.115Z,EUR,886502,2026-07-21T08:03:02.310Z,USD,,,693533.0,2.41,,,
me04-110,Philippe,110,Ultra Rare,2026-07-22T08:03:06.627Z,EUR,886502,2026-07-22T08:03:04.165Z,USD,,,693533.0,2.41,,,
me04-110,Philippe,110,Ultra Rare,2026-07-23T08:03:03.735Z,EUR,886502,2026-07-23T08:03:01.941Z,USD,,,693533.0,2.41,,,
me04-110,Philippe,110,Ultra Rare,2026-07-24T08:03:04.300Z,EUR,886502,2026-07-24T08:03:02.308Z,USD,,,693533.0,2.41,,,
me04-110,Philippe,110,Ultra Rare,2026-07-25T08:03:03.827Z,EUR,886502,2026-07-25T08:03:02.306Z,USD,,,693533.0,2.41,,,
me04-110,Philippe,110,Ultra Rare,2026-07-26T08:03:04.532Z,EUR,886502,2026-07-26T08:03:42.077Z,USD,,,693533.0,2.43,,,
me04-110,Philippe,110,Ultra Rare,2026-07-27T08:03:04.547Z,EUR,886502,2026-07-27T08:03:49.056Z,USD,,,693533.0,2.72,,,
me04-111,Prism Tower,111,Ultra Rare,2026-07-06T18:05:01.132Z,EUR,886504,2026-07-06T18:05:01.021Z,USD,,,693535.0,3.49,,,
me04-111,Prism Tower,111,Ultra Rare,2026-07-07T18:05:10.032Z,EUR,886504,2026-07-07T18:05:06.951Z,USD,,,693535.0,3.49,,,
me04-111,Prism Tower,111,Ultra Rare,2026-07-08T18:05:10.657Z,EUR,886504,2026-07-08T18:05:07.571Z,USD,,,693535.0,3.44,,,
me04-111,Prism Tower,111,Ultra Rare,2026-07-09T18:05:09.065Z,EUR,886504,2026-07-09T18:05:06.660Z,USD,,,693535.0,3.72,,,
me04-111,Prism Tower,111,Ultra Rare,2026-07-10T18:05:08.528Z,EUR,886504,2026-07-10T18:05:06.309Z,USD,,,693535.0,3.45,,,
me04-111,Prism Tower,111,Ultra Rare,2026-07-11T18:05:07.832Z,EUR,886504,2026-07-11T18:05:05.951Z,USD,,,693535.0,3.45,,,
me04-111,Prism Tower,111,Ultra Rare,2026-07-12T18:05:09.094Z,EUR,886504,2026-07-12T18:05:07.281Z,USD,,,693535.0,3.45,,,
me04-111,Prism Tower,111,Ultra Rare,2026-07-13T18:05:07.999Z,EUR,886504,2026-07-13T18:05:06.325Z,USD,,,693535.0,3.76,,,
me04-111,Prism Tower,111,Ultra Rare,2026-07-14T18:05:08.458Z,EUR,886504,2026-07-14T18:05:05.984Z,USD,,,693535.0,3.76,,,
me04-111,Prism Tower,111,Ultra Rare,2026-07-15T18:05:08.182Z,EUR,886504,2026-07-15T18:05:06.072Z,USD,,,693535.0,3.76,,,
me04-111,Prism Tower,111,Ultra Rare,2026-07-16T18:05:08.631Z,EUR,886504,2026-07-16T18:05:05.995Z,USD,,,693535.0,3.76,,,
me04-111,Prism Tower,111,Ultra Rare,2026-07-17T18:05:09.396Z,EUR,886504,2026-07-17T18:05:07.352Z,USD,,,693535.0,3.76,,,
me04-111,Prism Tower,111,Ultra Rare,2026-07-18T08:02:59.546Z,EUR,886504,2026-07-18T08:02:56.980Z,USD,,,693535.0,3.76,,,
me04-111,Prism Tower,111,Ultra Rare,2026-07-19T08:03:04.658Z,EUR,886504,2026-07-19T08:03:02.364Z,USD,,,693535.0,3.76,,,
me04-111,Prism Tower,111,Ultra Rare,2026-07-20T08:03:04.265Z,EUR,886504,2026-07-20T08:03:02.216Z,USD,,,693535.0,3.66,,,
me04-111,Prism Tower,111,Ultra Rare,2026-07-21T08:03:04.115Z,EUR,886504,2026-07-21T08:03:02.310Z,USD,,,693535.0,3.66,,,
me04-111,Prism Tower,111,Ultra Rare,2026-07-22T08:03:06.627Z,EUR,886504,2026-07-22T08:03:04.165Z,USD,,,693535.0,3.66,,,
me04-111,Prism Tower,111,Ultra Rare,2026-07-23T08:03:03.735Z,EUR,886504,2026-07-23T08:03:01.941Z,USD,,,693535.0,3.66,,,
me04-111,Prism Tower,111,Ultra Rare,2026-07-24T08:03:04.300Z,EUR,886504,2026-07-24T08:03:02.308Z,USD,,,693535.0,3.66,,,
me04-111,Prism Tower,111,Ultra Rare,2026-07-25T08:03:03.827Z,EUR,886504,2026-07-25T08:03:02.306Z,USD,,,693535.0,3.66,,,
me04-111,Prism Tower,111,Ultra Rare,2026-07-26T08:03:04.532Z,EUR,886504,2026-07-26T08:03:42.077Z,USD,,,693535.0,3.84,,,
me04-111,Prism Tower,111,Ultra Rare,2026-07-27T08:03:04.458Z,EUR,886504,2026-07-27T08:03:49.056Z,USD,,,693535.0,3.92,,,
me04-112,Roxie's Performance,112,Ultra Rare,2026-07-06T18:05:01.132Z,EUR,886505,2026-07-06T18:05:01.021Z,USD,,,693541.0,3.27,,,
me04-112,Roxie's Performance,112,Ultra Rare,2026-07-07T18:05:09.149Z,EUR,886505,2026-07-07T18:05:06.951Z,USD,,,693541.0,3.27,,,
me04-112,Roxie's Performance,112,Ultra Rare,2026-07-08T18:05:11.087Z,EUR,886505,2026-07-08T18:05:07.571Z,USD,,,693541.0,3.49,,,
me04-112,Roxie's Performance,112,Ultra Rare,2026-07-09T18:05:09.065Z,EUR,886505,2026-07-09T18:05:06.660Z,USD,,,693541.0,3.66,,,
me04-112,Roxie's Performance,112,Ultra Rare,2026-07-10T18:05:08.528Z,EUR,886505,2026-07-10T18:05:06.309Z,USD,,,693541.0,3.41,,,
me04-112,Roxie's Performance,112,Ultra Rare,2026-07-11T18:05:08.252Z,EUR,886505,2026-07-11T18:05:05.951Z,USD,,,693541.0,3.41,,,
me04-112,Roxie's Performance,112,Ultra Rare,2026-07-12T18:05:09.094Z,EUR,886505,2026-07-12T18:05:07.281Z,USD,,,693541.0,3.41,,,
me04-112,Roxie's Performance,112,Ultra Rare,2026-07-13T18:05:07.999Z,EUR,886505,2026-07-13T18:05:06.325Z,USD,,,693541.0,3.08,,,
me04-112,Roxie's Performance,112,Ultra Rare,2026-07-14T18:05:08.086Z,EUR,886505,2026-07-14T18:05:05.984Z,USD,,,693541.0,3.08,,,
me04-112,Roxie's Performance,112,Ultra Rare,2026-07-15T18:05:08.182Z,EUR,886505,2026-07-15T18:05:06.072Z,USD,,,693541.0,3.08,,,
me04-112,Roxie's Performance,112,Ultra Rare,2026-07-16T18:05:08.631Z,EUR,886505,2026-07-16T18:05:05.995Z,USD,,,693541.0,3.08,,,
me04-112,Roxie's Performance,112,Ultra Rare,2026-07-17T18:05:09.396Z,EUR,886505,2026-07-17T18:05:07.352Z,USD,,,693541.0,3.08,,,
me04-112,Roxie's Performance,112,Ultra Rare,2026-07-18T08:02:59.546Z,EUR,886505,2026-07-18T08:02:56.980Z,USD,,,693541.0,3.08,,,
me04-112,Roxie's Performance,112,Ultra Rare,2026-07-19T08:03:04.558Z,EUR,886505,2026-07-19T08:03:02.364Z,USD,,,693541.0,3.08,,,
me04-112,Roxie's Performance,112,Ultra Rare,2026-07-20T08:03:04.265Z,EUR,886505,2026-07-20T08:03:02.216Z,USD,,,693541.0,3.34,,,
me04-112,Roxie's Performance,112,Ultra Rare,2026-07-21T08:03:04.115Z,EUR,886505,2026-07-21T08:03:02.310Z,USD,,,693541.0,3.34,,,
me04-112,Roxie's Performance,112,Ultra Rare,2026-07-22T08:03:06.471Z,EUR,886505,2026-07-22T08:03:04.165Z,USD,,,693541.0,3.34,,,
me04-112,Roxie's Performance,112,Ultra Rare,2026-07-23T08:03:03.735Z,EUR,886505,2026-07-23T08:03:01.941Z,USD,,,693541.0,3.34,,,
me04-112,Roxie's Performance,112,Ultra Rare,2026-07-24T08:03:04.300Z,EUR,886505,2026-07-24T08:03:02.308Z,USD,,,693541.0,3.34,,,
me04-112,Roxie's Performance,112,Ultra Rare,2026-07-25T08:03:03.827Z,EUR,886505,2026-07-25T08:03:02.306Z,USD,,,693541.0,3.34,,,
me04-112,Roxie's Performance,112,Ultra Rare,2026-07-26T08:03:04.532Z,EUR,886505,2026-07-26T08:03:42.077Z,USD,,,693541.0,3.07,,,
me04-112,Roxie's Performance,112,Ultra Rare,2026-07-27T08:03:04.547Z,EUR,886505,2026-07-27T08:03:49.056Z,USD,,,693541.0,2.88,,,
me04-113,Special Red Card,113,Ultra Rare,2026-07-06T18:05:01.396Z,EUR,886506,2026-07-06T18:05:01.021Z,USD,,,693548.0,5.61,,,
me04-113,Special Red Card,113,Ultra Rare,2026-07-07T18:05:09.149Z,EUR,886506,2026-07-07T18:05:06.951Z,USD,,,693548.0,5.61,,,
me04-113,Special Red Card,113,Ultra Rare,2026-07-08T18:05:10.950Z,EUR,886506,2026-07-08T18:05:07.571Z,USD,,,693548.0,6.09,,,
me04-113,Special Red Card,113,Ultra Rare,2026-07-09T18:05:09.065Z,EUR,886506,2026-07-09T18:05:06.660Z,USD,,,693548.0,6.05,,,
me04-113,Special Red Card,113,Ultra Rare,2026-07-10T18:05:08.528Z,EUR,886506,2026-07-10T18:05:06.309Z,USD,,,693548.0,6.3,,,
me04-113,Special Red Card,113,Ultra Rare,2026-07-11T18:05:07.832Z,EUR,886506,2026-07-11T18:05:05.951Z,USD,,,693548.0,6.3,,,
me04-113,Special Red Card,113,Ultra Rare,2026-07-12T18:05:09.094Z,EUR,886506,2026-07-12T18:05:07.281Z,USD,,,693548.0,6.3,,,
me04-113,Special Red Card,113,Ultra Rare,2026-07-13T18:05:07.999Z,EUR,886506,2026-07-13T18:05:06.325Z,USD,,,693548.0,5.54,,,
me04-113,Special Red Card,113,Ultra Rare,2026-07-14T18:05:08.086Z,EUR,886506,2026-07-14T18:05:05.984Z,USD,,,693548.0,5.54,,,
me04-113,Special Red Card,113,Ultra Rare,2026-07-15T18:05:08.182Z,EUR,886506,2026-07-15T18:05:06.072Z,USD,,,693548.0,5.54,,,
me04-113,Special Red Card,113,Ultra Rare,2026-07-16T18:05:08.631Z,EUR,886506,2026-07-16T18:05:05.995Z,USD,,,693548.0,5.54,,,
me04-113,Special Red Card,113,Ultra Rare,2026-07-17T18:05:09.271Z,EUR,886506,2026-07-17T18:05:07.352Z,USD,,,693548.0,5.54,,,
me04-113,Special Red Card,113,Ultra Rare,2026-07-18T08:02:59.546Z,EUR,886506,2026-07-18T08:02:56.980Z,USD,,,693548.0,5.54,,,
me04-113,Special Red Card,113,Ultra Rare,2026-07-19T08:03:04.558Z,EUR,886506,2026-07-19T08:03:02.364Z,USD,,,693548.0,5.54,,,
me04-113,Special Red Card,113,Ultra Rare,2026-07-20T08:03:04.265Z,EUR,886506,2026-07-20T08:03:02.216Z,USD,,,693548.0,4.77,,,
me04-113,Special Red Card,113,Ultra Rare,2026-07-21T08:03:04.115Z,EUR,886506,2026-07-21T08:03:02.310Z,USD,,,693548.0,4.77,,,
me04-113,Special Red Card,113,Ultra Rare,2026-07-22T08:03:06.627Z,EUR,886506,2026-07-22T08:03:04.165Z,USD,,,693548.0,4.77,,,
me04-113,Special Red Card,113,Ultra Rare,2026-07-23T08:03:03.918Z,EUR,886506,2026-07-23T08:03:01.941Z,USD,,,693548.0,4.77,,,
me04-113,Special Red Card,113,Ultra Rare,2026-07-24T08:03:04.300Z,EUR,886506,2026-07-24T08:03:02.308Z,USD,,,693548.0,4.77,,,
me04-113,Special Red Card,113,Ultra Rare,2026-07-25T08:03:03.827Z,EUR,886506,2026-07-25T08:03:02.306Z,USD,,,693548.0,4.77,,,
me04-113,Special Red Card,113,Ultra Rare,2026-07-26T08:03:04.532Z,EUR,886506,2026-07-26T08:03:42.077Z,USD,,,693548.0,4.74,,,
me04-113,Special Red Card,113,Ultra Rare,2026-07-27T08:03:04.547Z,EUR,886506,2026-07-27T08:03:49.056Z,USD,,,693548.0,4.54,,,
me04-114,Surfing Beach,114,Ultra Rare,2026-07-06T18:05:01.132Z,EUR,886507,2026-07-06T18:05:01.021Z,USD,,,693551.0,5.3,,,
me04-114,Surfing Beach,114,Ultra Rare,2026-07-07T18:05:10.032Z,EUR,886507,2026-07-07T18:05:06.951Z,USD,,,693551.0,5.3,,,
me04-114,Surfing Beach,114,Ultra Rare,2026-07-08T18:05:10.657Z,EUR,886507,2026-07-08T18:05:07.571Z,USD,,,693551.0,5.38,,,
me04-114,Surfing Beach,114,Ultra Rare,2026-07-09T18:05:09.065Z,EUR,886507,2026-07-09T18:05:06.660Z,USD,,,693551.0,5.56,,,
me04-114,Surfing Beach,114,Ultra Rare,2026-07-10T18:05:08.528Z,EUR,886507,2026-07-10T18:05:06.309Z,USD,,,693551.0,5.06,,,
me04-114,Surfing Beach,114,Ultra Rare,2026-07-11T18:05:07.832Z,EUR,886507,2026-07-11T18:05:05.951Z,USD,,,693551.0,5.06,,,
me04-114,Surfing Beach,114,Ultra Rare,2026-07-12T18:05:09.094Z,EUR,886507,2026-07-12T18:05:07.281Z,USD,,,693551.0,5.06,,,
me04-114,Surfing Beach,114,Ultra Rare,2026-07-13T18:05:07.999Z,EUR,886507,2026-07-13T18:05:06.325Z,USD,,,693551.0,5.26,,,
me04-114,Surfing Beach,114,Ultra Rare,2026-07-14T18:05:08.458Z,EUR,886507,2026-07-14T18:05:05.984Z,USD,,,693551.0,5.26,,,
me04-114,Surfing Beach,114,Ultra Rare,2026-07-15T18:05:08.182Z,EUR,886507,2026-07-15T18:05:06.072Z,USD,,,693551.0,5.26,,,
me04-114,Surfing Beach,114,Ultra Rare,2026-07-16T18:05:08.298Z,EUR,886507,2026-07-16T18:05:05.995Z,USD,,,693551.0,5.26,,,
me04-114,Surfing Beach,114,Ultra Rare,2026-07-17T18:05:09.271Z,EUR,886507,2026-07-17T18:05:07.352Z,USD,,,693551.0,5.26,,,
me04-114,Surfing Beach,114,Ultra Rare,2026-07-18T08:02:59.387Z,EUR,886507,2026-07-18T08:02:56.980Z,USD,,,693551.0,5.26,,,
me04-114,Surfing Beach,114,Ultra Rare,2026-07-19T08:03:04.558Z,EUR,886507,2026-07-19T08:03:02.364Z,USD,,,693551.0,5.26,,,
me04-114,Surfing Beach,114,Ultra Rare,2026-07-20T08:03:04.265Z,EUR,886507,2026-07-20T08:03:02.216Z,USD,,,693551.0,4.16,,,
me04-114,Surfing Beach,114,Ultra Rare,2026-07-21T08:03:04.115Z,EUR,886507,2026-07-21T08:03:02.310Z,USD,,,693551.0,4.16,,,
me04-114,Surfing Beach,114,Ultra Rare,2026-07-22T08:03:06.627Z,EUR,886507,2026-07-22T08:03:04.165Z,USD,,,693551.0,4.16,,,
me04-114,Surfing Beach,114,Ultra Rare,2026-07-23T08:03:03.918Z,EUR,886507,2026-07-23T08:03:01.941Z,USD,,,693551.0,4.16,,,
me04-114,Surfing Beach,114,Ultra Rare,2026-07-24T08:03:04.300Z,EUR,886507,2026-07-24T08:03:02.308Z,USD,,,693551.0,4.16,,,
me04-114,Surfing Beach,114,Ultra Rare,2026-07-25T08:03:04.261Z,EUR,886507,2026-07-25T08:03:02.306Z,USD,,,693551.0,4.16,,,
me04-114,Surfing Beach,114,Ultra Rare,2026-07-26T08:03:04.532Z,EUR,886507,2026-07-26T08:03:42.077Z,USD,,,693551.0,4.74,,,
me04-114,Surfing Beach,114,Ultra Rare,2026-07-27T08:03:04.547Z,EUR,886507,2026-07-27T08:03:49.056Z,USD,,,693551.0,4.86,,,
me04-115,Tool Scrapper,115,Ultra Rare,2026-07-06T18:05:01.396Z,EUR,886508,2026-07-06T18:05:01.021Z,USD,,,693554.0,2.62,,,
me04-115,Tool Scrapper,115,Ultra Rare,2026-07-07T18:05:09.041Z,EUR,886508,2026-07-07T18:05:06.951Z,USD,,,693554.0,2.62,,,
me04-115,Tool Scrapper,115,Ultra Rare,2026-07-08T18:05:11.087Z,EUR,886508,2026-07-08T18:05:07.571Z,USD,,,693554.0,2.54,,,
me04-115,Tool Scrapper,115,Ultra Rare,2026-07-09T18:05:09.298Z,EUR,886508,2026-07-09T18:05:06.660Z,USD,,,693554.0,2.41,,,
me04-115,Tool Scrapper,115,Ultra Rare,2026-07-10T18:05:08.528Z,EUR,886508,2026-07-10T18:05:06.309Z,USD,,,693554.0,2.42,,,
me04-115,Tool Scrapper,115,Ultra Rare,2026-07-11T18:05:07.832Z,EUR,886508,2026-07-11T18:05:05.951Z,USD,,,693554.0,2.42,,,
me04-115,Tool Scrapper,115,Ultra Rare,2026-07-12T18:05:09.094Z,EUR,886508,2026-07-12T18:05:07.281Z,USD,,,693554.0,2.42,,,
me04-115,Tool Scrapper,115,Ultra Rare,2026-07-13T18:05:07.999Z,EUR,886508,2026-07-13T18:05:06.325Z,USD,,,693554.0,2.51,,,
me04-115,Tool Scrapper,115,Ultra Rare,2026-07-14T18:05:08.458Z,EUR,886508,2026-07-14T18:05:05.984Z,USD,,,693554.0,2.51,,,
me04-115,Tool Scrapper,115,Ultra Rare,2026-07-15T18:05:08.182Z,EUR,886508,2026-07-15T18:05:06.072Z,USD,,,693554.0,2.51,,,
me04-115,Tool Scrapper,115,Ultra Rare,2026-07-16T18:05:08.727Z,EUR,886508,2026-07-16T18:05:05.995Z,USD,,,693554.0,2.51,,,
me04-115,Tool Scrapper,115,Ultra Rare,2026-07-17T18:05:09.396Z,EUR,886508,2026-07-17T18:05:07.352Z,USD,,,693554.0,2.51,,,
me04-115,Tool Scrapper,115,Ultra Rare,2026-07-18T08:02:59.546Z,EUR,886508,2026-07-18T08:02:56.980Z,USD,,,693554.0,2.51,,,
me04-115,Tool Scrapper,115,Ultra Rare,2026-07-19T08:03:04.558Z,EUR,886508,2026-07-19T08:03:02.364Z,USD,,,693554.0,2.51,,,
me04-115,Tool Scrapper,115,Ultra Rare,2026-07-20T08:03:04.265Z,EUR,886508,2026-07-20T08:03:02.216Z,USD,,,693554.0,2.07,,,
me04-115,Tool Scrapper,115,Ultra Rare,2026-07-21T08:03:04.252Z,EUR,886508,2026-07-21T08:03:02.310Z,USD,,,693554.0,2.07,,,
me04-115,Tool Scrapper,115,Ultra Rare,2026-07-22T08:03:06.627Z,EUR,886508,2026-07-22T08:03:04.165Z,USD,,,693554.0,2.07,,,
me04-115,Tool Scrapper,115,Ultra Rare,2026-07-23T08:03:03.918Z,EUR,886508,2026-07-23T08:03:01.941Z,USD,,,693554.0,2.07,,,
me04-115,Tool Scrapper,115,Ultra Rare,2026-07-24T08:03:04.300Z,EUR,886508,2026-07-24T08:03:02.308Z,USD,,,693554.0,2.07,,,
me04-115,Tool Scrapper,115,Ultra Rare,2026-07-25T08:03:04.261Z,EUR,886508,2026-07-25T08:03:02.306Z,USD,,,693554.0,2.07,,,
me04-115,Tool Scrapper,115,Ultra Rare,2026-07-26T08:03:04.532Z,EUR,886508,2026-07-26T08:03:42.077Z,USD,,,693554.0,1.97,,,
me04-115,Tool Scrapper,115,Ultra Rare,2026-07-27T08:03:04.547Z,EUR,886508,2026-07-27T08:03:49.056Z,USD,,,693554.0,1.61,,,
me04-116,Mega Greninja ex,116,Special illustration rare,2026-07-06T18:05:01.132Z,EUR,886509,2026-07-06T18:05:01.021Z,USD,,,693517.0,266.93,,,
me04-116,Mega Greninja ex,116,Special illustration rare,2026-07-07T18:05:09.149Z,EUR,886509,2026-07-07T18:05:06.951Z,USD,,,693517.0,266.93,,,
me04-116,Mega Greninja ex,116,Special illustration rare,2026-07-08T18:05:10.657Z,EUR,886509,2026-07-08T18:05:07.571Z,USD,,,693517.0,290.7,,,
me04-116,Mega Greninja ex,116,Special illustration rare,2026-07-09T18:05:09.065Z,EUR,886509,2026-07-09T18:05:06.660Z,USD,,,693517.0,273.62,,,
me04-116,Mega Greninja ex,116,Special illustration rare,2026-07-10T18:05:08.528Z,EUR,886509,2026-07-10T18:05:06.309Z,USD,,,693517.0,228.49,,,
me04-116,Mega Greninja ex,116,Special illustration rare,2026-07-11T18:05:08.252Z,EUR,886509,2026-07-11T18:05:05.951Z,USD,,,693517.0,228.49,,,
me04-116,Mega Greninja ex,116,Special illustration rare,2026-07-12T18:05:09.094Z,EUR,886509,2026-07-12T18:05:07.281Z,USD,,,693517.0,228.49,,,
me04-116,Mega Greninja ex,116,Special illustration rare,2026-07-13T18:05:07.901Z,EUR,886509,2026-07-13T18:05:06.325Z,USD,,,693517.0,232.94,,,
me04-116,Mega Greninja ex,116,Special illustration rare,2026-07-14T18:05:08.458Z,EUR,886509,2026-07-14T18:05:05.984Z,USD,,,693517.0,232.94,,,
me04-116,Mega Greninja ex,116,Special illustration rare,2026-07-15T18:05:08.182Z,EUR,886509,2026-07-15T18:05:06.072Z,USD,,,693517.0,232.94,,,
me04-116,Mega Greninja ex,116,Special illustration rare,2026-07-16T18:05:08.727Z,EUR,886509,2026-07-16T18:05:05.995Z,USD,,,693517.0,232.94,,,
me04-116,Mega Greninja ex,116,Special illustration rare,2026-07-17T18:05:09.271Z,EUR,886509,2026-07-17T18:05:07.352Z,USD,,,693517.0,232.94,,,
me04-116,Mega Greninja ex,116,Special illustration rare,2026-07-18T08:02:59.387Z,EUR,886509,2026-07-18T08:02:56.980Z,USD,,,693517.0,232.94,,,
me04-116,Mega Greninja ex,116,Special illustration rare,2026-07-19T08:03:04.558Z,EUR,886509,2026-07-19T08:03:02.364Z,USD,,,693517.0,232.94,,,
me04-116,Mega Greninja ex,116,Special illustration rare,2026-07-20T08:03:04.265Z,EUR,886509,2026-07-20T08:03:02.216Z,USD,,,693517.0,216.19,,,
me04-116,Mega Greninja ex,116,Special illustration rare,2026-07-21T08:03:04.252Z,EUR,886509,2026-07-21T08:03:02.310Z,USD,,,693517.0,216.19,,,
me04-116,Mega Greninja ex,116,Special illustration rare,2026-07-22T08:03:06.627Z,EUR,886509,2026-07-22T08:03:04.165Z,USD,,,693517.0,216.19,,,
me04-116,Mega Greninja ex,116,Special illustration rare,2026-07-23T08:03:03.918Z,EUR,886509,2026-07-23T08:03:01.941Z,USD,,,693517.0,216.19,,,
me04-116,Mega Greninja ex,116,Special illustration rare,2026-07-24T08:03:04.300Z,EUR,886509,2026-07-24T08:03:02.308Z,USD,,,693517.0,216.19,,,
me04-116,Mega Greninja ex,116,Special illustration rare,2026-07-25T08:03:03.827Z,EUR,886509,2026-07-25T08:03:02.306Z,USD,,,693517.0,216.19,,,
me04-116,Mega Greninja ex,116,Special illustration rare,2026-07-26T08:03:04.532Z,EUR,886509,2026-07-26T08:03:42.077Z,USD,,,693517.0,191.5,,,
me04-116,Mega Greninja ex,116,Special illustration rare,2026-07-27T08:03:04.705Z,EUR,886509,2026-07-27T08:03:49.056Z,USD,,,693517.0,275.25,,,
me04-117,Mega Floette ex,117,Special illustration rare,2026-07-06T18:05:01.396Z,EUR,886510,2026-07-06T18:05:01.021Z,USD,,,693513.0,37.63,,,
me04-117,Mega Floette ex,117,Special illustration rare,2026-07-07T18:05:10.032Z,EUR,886510,2026-07-07T18:05:06.951Z,USD,,,693513.0,37.63,,,
me04-117,Mega Floette ex,117,Special illustration rare,2026-07-08T18:05:11.087Z,EUR,886510,2026-07-08T18:05:07.571Z,USD,,,693513.0,41.38,,,
me04-117,Mega Floette ex,117,Special illustration rare,2026-07-09T18:05:09.065Z,EUR,886510,2026-07-09T18:05:06.660Z,USD,,,693513.0,42.72,,,
me04-117,Mega Floette ex,117,Special illustration rare,2026-07-10T18:05:08.528Z,EUR,886510,2026-07-10T18:05:06.309Z,USD,,,693513.0,48.45,,,
me04-117,Mega Floette ex,117,Special illustration rare,2026-07-11T18:05:07.832Z,EUR,886510,2026-07-11T18:05:05.951Z,USD,,,693513.0,48.45,,,
me04-117,Mega Floette ex,117,Special illustration rare,2026-07-12T18:05:09.094Z,EUR,886510,2026-07-12T18:05:07.281Z,USD,,,693513.0,48.45,,,
me04-117,Mega Floette ex,117,Special illustration rare,2026-07-13T18:05:07.999Z,EUR,886510,2026-07-13T18:05:06.325Z,USD,,,693513.0,44.72,,,
me04-117,Mega Floette ex,117,Special illustration rare,2026-07-14T18:05:08.458Z,EUR,886510,2026-07-14T18:05:05.984Z,USD,,,693513.0,44.72,,,
me04-117,Mega Floette ex,117,Special illustration rare,2026-07-15T18:05:08.182Z,EUR,886510,2026-07-15T18:05:06.072Z,USD,,,693513.0,44.72,,,
me04-117,Mega Floette ex,117,Special illustration rare,2026-07-16T18:05:08.727Z,EUR,886510,2026-07-16T18:05:05.995Z,USD,,,693513.0,44.72,,,
me04-117,Mega Floette ex,117,Special illustration rare,2026-07-17T18:05:09.271Z,EUR,886510,2026-07-17T18:05:07.352Z,USD,,,693513.0,44.72,,,
me04-117,Mega Floette ex,117,Special illustration rare,2026-07-18T08:02:59.546Z,EUR,886510,2026-07-18T08:02:56.980Z,USD,,,693513.0,44.72,,,
me04-117,Mega Floette ex,117,Special illustration rare,2026-07-19T08:03:04.558Z,EUR,886510,2026-07-19T08:03:02.364Z,USD,,,693513.0,44.72,,,
me04-117,Mega Floette ex,117,Special illustration rare,2026-07-20T08:03:04.265Z,EUR,886510,2026-07-20T08:03:02.216Z,USD,,,693513.0,35.07,,,
me04-117,Mega Floette ex,117,Special illustration rare,2026-07-21T08:03:04.252Z,EUR,886510,2026-07-21T08:03:02.310Z,USD,,,693513.0,35.07,,,
me04-117,Mega Floette ex,117,Special illustration rare,2026-07-22T08:03:06.627Z,EUR,886510,2026-07-22T08:03:04.165Z,USD,,,693513.0,35.07,,,
me04-117,Mega Floette ex,117,Special illustration rare,2026-07-23T08:03:03.918Z,EUR,886510,2026-07-23T08:03:01.941Z,USD,,,693513.0,35.07,,,
me04-117,Mega Floette ex,117,Special illustration rare,2026-07-24T08:03:04.300Z,EUR,886510,2026-07-24T08:03:02.308Z,USD,,,693513.0,35.07,,,
me04-117,Mega Floette ex,117,Special illustration rare,2026-07-25T08:03:03.827Z,EUR,886510,2026-07-25T08:03:02.306Z,USD,,,693513.0,35.07,,,
me04-117,Mega Floette ex,117,Special illustration rare,2026-07-26T08:03:04.532Z,EUR,886510,2026-07-26T08:03:42.077Z,USD,,,693513.0,39.56,,,
me04-117,Mega Floette ex,117,Special illustration rare,2026-07-27T08:03:04.705Z,EUR,886510,2026-07-27T08:03:49.056Z,USD,,,693513.0,44.45,,,
me04-118,Mega Dragalge ex,118,Special illustration rare,2026-07-06T18:05:01.253Z,EUR,886511,2026-07-06T18:05:01.021Z,USD,,,693510.0,47.13,,,
me04-118,Mega Dragalge ex,118,Special illustration rare,2026-07-07T18:05:10.032Z,EUR,886511,2026-07-07T18:05:06.951Z,USD,,,693510.0,47.13,,,
me04-118,Mega Dragalge ex,118,Special illustration rare,2026-07-08T18:05:10.950Z,EUR,886511,2026-07-08T18:05:07.571Z,USD,,,693510.0,41.74,,,
me04-118,Mega Dragalge ex,118,Special illustration rare,2026-07-09T18:05:09.298Z,EUR,886511,2026-07-09T18:05:06.660Z,USD,,,693510.0,54.06,,,
me04-118,Mega Dragalge ex,118,Special illustration rare,2026-07-10T18:05:08.528Z,EUR,886511,2026-07-10T18:05:06.309Z,USD,,,693510.0,52.84,,,
me04-118,Mega Dragalge ex,118,Special illustration rare,2026-07-11T18:05:08.252Z,EUR,886511,2026-07-11T18:05:05.951Z,USD,,,693510.0,52.84,,,
me04-118,Mega Dragalge ex,118,Special illustration rare,2026-07-12T18:05:09.094Z,EUR,886511,2026-07-12T18:05:07.281Z,USD,,,693510.0,52.84,,,
me04-118,Mega Dragalge ex,118,Special illustration rare,2026-07-13T18:05:07.999Z,EUR,886511,2026-07-13T18:05:06.325Z,USD,,,693510.0,44.93,,,
me04-118,Mega Dragalge ex,118,Special illustration rare,2026-07-14T18:05:08.086Z,EUR,886511,2026-07-14T18:05:05.984Z,USD,,,693510.0,44.93,,,
me04-118,Mega Dragalge ex,118,Special illustration rare,2026-07-15T18:05:08.182Z,EUR,886511,2026-07-15T18:05:06.072Z,USD,,,693510.0,44.93,,,
me04-118,Mega Dragalge ex,118,Special illustration rare,2026-07-16T18:05:08.298Z,EUR,886511,2026-07-16T18:05:05.995Z,USD,,,693510.0,44.93,,,
me04-118,Mega Dragalge ex,118,Special illustration rare,2026-07-17T18:05:09.271Z,EUR,886511,2026-07-17T18:05:07.352Z,USD,,,693510.0,44.93,,,
me04-118,Mega Dragalge ex,118,Special illustration rare,2026-07-18T08:02:59.546Z,EUR,886511,2026-07-18T08:02:56.980Z,USD,,,693510.0,44.93,,,
me04-118,Mega Dragalge ex,118,Special illustration rare,2026-07-19T08:03:04.558Z,EUR,886511,2026-07-19T08:03:02.364Z,USD,,,693510.0,44.93,,,
me04-118,Mega Dragalge ex,118,Special illustration rare,2026-07-20T08:03:04.265Z,EUR,886511,2026-07-20T08:03:02.216Z,USD,,,693510.0,41.94,,,
me04-118,Mega Dragalge ex,118,Special illustration rare,2026-07-21T08:03:04.252Z,EUR,886511,2026-07-21T08:03:02.310Z,USD,,,693510.0,41.94,,,
me04-118,Mega Dragalge ex,118,Special illustration rare,2026-07-22T08:03:06.627Z,EUR,886511,2026-07-22T08:03:04.165Z,USD,,,693510.0,41.94,,,
me04-118,Mega Dragalge ex,118,Special illustration rare,2026-07-23T08:03:03.918Z,EUR,886511,2026-07-23T08:03:01.941Z,USD,,,693510.0,41.94,,,
me04-118,Mega Dragalge ex,118,Special illustration rare,2026-07-24T08:03:04.300Z,EUR,886511,2026-07-24T08:03:02.308Z,USD,,,693510.0,41.94,,,
me04-118,Mega Dragalge ex,118,Special illustration rare,2026-07-25T08:03:04.261Z,EUR,886511,2026-07-25T08:03:02.306Z,USD,,,693510.0,41.94,,,
me04-118,Mega Dragalge ex,118,Special illustration rare,2026-07-26T08:03:04.532Z,EUR,886511,2026-07-26T08:03:42.077Z,USD,,,693510.0,48.3,,,
me04-118,Mega Dragalge ex,118,Special illustration rare,2026-07-27T08:03:04.705Z,EUR,886511,2026-07-27T08:03:49.056Z,USD,,,693510.0,49.97,,,
me04-119,Cinccino ex,119,Special illustration rare,2026-07-06T18:05:01.132Z,EUR,886512,2026-07-06T18:05:01.021Z,USD,,,693465.0,58.76,,,
me04-119,Cinccino ex,119,Special illustration rare,2026-07-07T18:05:10.032Z,EUR,886512,2026-07-07T18:05:06.951Z,USD,,,693465.0,58.76,,,
me04-119,Cinccino ex,119,Special illustration rare,2026-07-08T18:05:11.087Z,EUR,886512,2026-07-08T18:05:07.571Z,USD,,,693465.0,70.3,,,
me04-119,Cinccino ex,119,Special illustration rare,2026-07-09T18:05:09.065Z,EUR,886512,2026-07-09T18:05:06.660Z,USD,,,693465.0,55.96,,,
me04-119,Cinccino ex,119,Special illustration rare,2026-07-10T18:05:08.528Z,EUR,886512,2026-07-10T18:05:06.309Z,USD,,,693465.0,69.52,,,
me04-119,Cinccino ex,119,Special illustration rare,2026-07-11T18:05:08.252Z,EUR,886512,2026-07-11T18:05:05.951Z,USD,,,693465.0,69.52,,,
me04-119,Cinccino ex,119,Special illustration rare,2026-07-12T18:05:09.094Z,EUR,886512,2026-07-12T18:05:07.281Z,USD,,,693465.0,69.52,,,
me04-119,Cinccino ex,119,Special illustration rare,2026-07-13T18:05:07.999Z,EUR,886512,2026-07-13T18:05:06.325Z,USD,,,693465.0,41.04,,,
me04-119,Cinccino ex,119,Special illustration rare,2026-07-14T18:05:08.458Z,EUR,886512,2026-07-14T18:05:05.984Z,USD,,,693465.0,41.04,,,
me04-119,Cinccino ex,119,Special illustration rare,2026-07-15T18:05:08.182Z,EUR,886512,2026-07-15T18:05:06.072Z,USD,,,693465.0,41.04,,,
me04-119,Cinccino ex,119,Special illustration rare,2026-07-16T18:05:08.298Z,EUR,886512,2026-07-16T18:05:05.995Z,USD,,,693465.0,41.04,,,
me04-119,Cinccino ex,119,Special illustration rare,2026-07-17T18:05:09.396Z,EUR,886512,2026-07-17T18:05:07.352Z,USD,,,693465.0,41.04,,,
me04-119,Cinccino ex,119,Special illustration rare,2026-07-18T08:02:59.387Z,EUR,886512,2026-07-18T08:02:56.980Z,USD,,,693465.0,41.04,,,
me04-119,Cinccino ex,119,Special illustration rare,2026-07-19T08:03:04.558Z,EUR,886512,2026-07-19T08:03:02.364Z,USD,,,693465.0,41.04,,,
me04-119,Cinccino ex,119,Special illustration rare,2026-07-20T08:03:04.265Z,EUR,886512,2026-07-20T08:03:02.216Z,USD,,,693465.0,52.18,,,
me04-119,Cinccino ex,119,Special illustration rare,2026-07-21T08:03:04.252Z,EUR,886512,2026-07-21T08:03:02.310Z,USD,,,693465.0,52.18,,,
me04-119,Cinccino ex,119,Special illustration rare,2026-07-22T08:03:06.627Z,EUR,886512,2026-07-22T08:03:04.165Z,USD,,,693465.0,52.18,,,
me04-119,Cinccino ex,119,Special illustration rare,2026-07-23T08:03:03.918Z,EUR,886512,2026-07-23T08:03:01.941Z,USD,,,693465.0,52.18,,,
me04-119,Cinccino ex,119,Special illustration rare,2026-07-24T08:03:04.300Z,EUR,886512,2026-07-24T08:03:02.308Z,USD,,,693465.0,52.18,,,
me04-119,Cinccino ex,119,Special illustration rare,2026-07-25T08:03:03.827Z,EUR,886512,2026-07-25T08:03:02.306Z,USD,,,693465.0,52.18,,,
me04-119,Cinccino ex,119,Special illustration rare,2026-07-26T08:03:04.532Z,EUR,886512,2026-07-26T08:03:42.077Z,USD,,,693465.0,53.24,,,
me04-119,Cinccino ex,119,Special illustration rare,2026-07-27T08:03:04.705Z,EUR,886512,2026-07-27T08:03:49.056Z,USD,,,693465.0,49.2,,,
me04-120,AZ's Tranquility,120,Special illustration rare,2026-07-06T18:05:01.396Z,EUR,886513,2026-07-06T18:05:01.021Z,USD,,,693451.0,28.36,,,
me04-120,AZ's Tranquility,120,Special illustration rare,2026-07-07T18:05:09.041Z,EUR,886513,2026-07-07T18:05:06.951Z,USD,,,693451.0,28.36,,,
me04-120,AZ's Tranquility,120,Special illustration rare,2026-07-08T18:05:11.087Z,EUR,886513,2026-07-08T18:05:07.571Z,USD,,,693451.0,30.38,,,
me04-120,AZ's Tranquility,120,Special illustration rare,2026-07-09T18:05:09.065Z,EUR,886513,2026-07-09T18:05:06.660Z,USD,,,693451.0,26.13,,,
me04-120,AZ's Tranquility,120,Special illustration rare,2026-07-10T18:05:08.528Z,EUR,886513,2026-07-10T18:05:06.309Z,USD,,,693451.0,31.48,,,
me04-120,AZ's Tranquility,120,Special illustration rare,2026-07-11T18:05:08.252Z,EUR,886513,2026-07-11T18:05:05.951Z,USD,,,693451.0,31.48,,,
me04-120,AZ's Tranquility,120,Special illustration rare,2026-07-12T18:05:09.094Z,EUR,886513,2026-07-12T18:05:07.281Z,USD,,,693451.0,31.48,,,
me04-120,AZ's Tranquility,120,Special illustration rare,2026-07-13T18:05:07.846Z,EUR,886513,2026-07-13T18:05:06.325Z,USD,,,693451.0,24.17,,,
me04-120,AZ's Tranquility,120,Special illustration rare,2026-07-14T18:05:08.458Z,EUR,886513,2026-07-14T18:05:05.984Z,USD,,,693451.0,24.17,,,
me04-120,AZ's Tranquility,120,Special illustration rare,2026-07-15T18:05:08.182Z,EUR,886513,2026-07-15T18:05:06.072Z,USD,,,693451.0,24.17,,,
me04-120,AZ's Tranquility,120,Special illustration rare,2026-07-16T18:05:08.338Z,EUR,886513,2026-07-16T18:05:05.995Z,USD,,,693451.0,24.17,,,
me04-120,AZ's Tranquility,120,Special illustration rare,2026-07-17T18:05:09.396Z,EUR,886513,2026-07-17T18:05:07.352Z,USD,,,693451.0,24.17,,,
me04-120,AZ's Tranquility,120,Special illustration rare,2026-07-18T08:02:59.387Z,EUR,886513,2026-07-18T08:02:56.980Z,USD,,,693451.0,24.17,,,
me04-120,AZ's Tranquility,120,Special illustration rare,2026-07-19T08:03:04.558Z,EUR,886513,2026-07-19T08:03:02.364Z,USD,,,693451.0,24.17,,,
me04-120,AZ's Tranquility,120,Special illustration rare,2026-07-20T08:03:04.265Z,EUR,886513,2026-07-20T08:03:02.216Z,USD,,,693451.0,24.07,,,
me04-120,AZ's Tranquility,120,Special illustration rare,2026-07-21T08:03:04.252Z,EUR,886513,2026-07-21T08:03:02.310Z,USD,,,693451.0,24.07,,,
me04-120,AZ's Tranquility,120,Special illustration rare,2026-07-22T08:03:06.627Z,EUR,886513,2026-07-22T08:03:04.165Z,USD,,,693451.0,24.07,,,
me04-120,AZ's Tranquility,120,Special illustration rare,2026-07-23T08:03:03.918Z,EUR,886513,2026-07-23T08:03:01.941Z,USD,,,693451.0,24.07,,,
me04-120,AZ's Tranquility,120,Special illustration rare,2026-07-24T08:03:04.550Z,EUR,886513,2026-07-24T08:03:02.308Z,USD,,,693451.0,24.07,,,
me04-120,AZ's Tranquility,120,Special illustration rare,2026-07-25T08:03:03.827Z,EUR,886513,2026-07-25T08:03:02.306Z,USD,,,693451.0,24.07,,,
me04-120,AZ's Tranquility,120,Special illustration rare,2026-07-26T08:03:04.532Z,EUR,886513,2026-07-26T08:03:42.077Z,USD,,,693451.0,25.24,,,
me04-120,AZ's Tranquility,120,Special illustration rare,2026-07-27T08:03:04.705Z,EUR,886513,2026-07-27T08:03:49.056Z,USD,,,693451.0,28.18,,,
me04-121,Roxie's Performance,121,Special illustration rare,2026-07-06T18:05:01.396Z,EUR,886514,2026-07-06T18:05:01.021Z,USD,,,693542.0,26.06,,,
me04-121,Roxie's Performance,121,Special illustration rare,2026-07-07T18:05:09.041Z,EUR,886514,2026-07-07T18:05:06.951Z,USD,,,693542.0,26.06,,,
me04-121,Roxie's Performance,121,Special illustration rare,2026-07-08T18:05:11.087Z,EUR,886514,2026-07-08T18:05:07.571Z,USD,,,693542.0,24.3,,,
me04-121,Roxie's Performance,121,Special illustration rare,2026-07-09T18:05:09.298Z,EUR,886514,2026-07-09T18:05:06.660Z,USD,,,693542.0,22.3,,,
me04-121,Roxie's Performance,121,Special illustration rare,2026-07-10T18:05:08.528Z,EUR,886514,2026-07-10T18:05:06.309Z,USD,,,693542.0,24.95,,,
me04-121,Roxie's Performance,121,Special illustration rare,2026-07-11T18:05:08.252Z,EUR,886514,2026-07-11T18:05:05.951Z,USD,,,693542.0,24.95,,,
me04-121,Roxie's Performance,121,Special illustration rare,2026-07-12T18:05:09.094Z,EUR,886514,2026-07-12T18:05:07.281Z,USD,,,693542.0,24.95,,,
me04-121,Roxie's Performance,121,Special illustration rare,2026-07-13T18:05:07.999Z,EUR,886514,2026-07-13T18:05:06.325Z,USD,,,693542.0,23.97,,,
me04-121,Roxie's Performance,121,Special illustration rare,2026-07-14T18:05:08.458Z,EUR,886514,2026-07-14T18:05:05.984Z,USD,,,693542.0,23.97,,,
me04-121,Roxie's Performance,121,Special illustration rare,2026-07-15T18:05:08.182Z,EUR,886514,2026-07-15T18:05:06.072Z,USD,,,693542.0,23.97,,,
me04-121,Roxie's Performance,121,Special illustration rare,2026-07-16T18:05:08.727Z,EUR,886514,2026-07-16T18:05:05.995Z,USD,,,693542.0,23.97,,,
me04-121,Roxie's Performance,121,Special illustration rare,2026-07-17T18:05:09.396Z,EUR,886514,2026-07-17T18:05:07.352Z,USD,,,693542.0,23.97,,,
me04-121,Roxie's Performance,121,Special illustration rare,2026-07-18T08:02:59.776Z,EUR,886514,2026-07-18T08:02:56.980Z,USD,,,693542.0,23.97,,,
me04-121,Roxie's Performance,121,Special illustration rare,2026-07-19T08:03:04.320Z,EUR,886514,2026-07-19T08:03:02.364Z,USD,,,693542.0,23.97,,,
me04-121,Roxie's Performance,121,Special illustration rare,2026-07-20T08:03:04.265Z,EUR,886514,2026-07-20T08:03:02.216Z,USD,,,693542.0,23.85,,,
me04-121,Roxie's Performance,121,Special illustration rare,2026-07-21T08:03:04.115Z,EUR,886514,2026-07-21T08:03:02.310Z,USD,,,693542.0,23.85,,,
me04-121,Roxie's Performance,121,Special illustration rare,2026-07-22T08:03:06.627Z,EUR,886514,2026-07-22T08:03:04.165Z,USD,,,693542.0,23.85,,,
me04-121,Roxie's Performance,121,Special illustration rare,2026-07-23T08:03:03.918Z,EUR,886514,2026-07-23T08:03:01.941Z,USD,,,693542.0,23.85,,,
me04-121,Roxie's Performance,121,Special illustration rare,2026-07-24T08:03:04.550Z,EUR,886514,2026-07-24T08:03:02.308Z,USD,,,693542.0,23.85,,,
me04-121,Roxie's Performance,121,Special illustration rare,2026-07-25T08:03:03.827Z,EUR,886514,2026-07-25T08:03:02.306Z,USD,,,693542.0,23.85,,,
me04-121,Roxie's Performance,121,Special illustration rare,2026-07-26T08:03:04.532Z,EUR,886514,2026-07-26T08:03:42.077Z,USD,,,693542.0,18.43,,,
me04-121,Roxie's Performance,121,Special illustration rare,2026-07-27T08:03:04.705Z,EUR,886514,2026-07-27T08:03:49.056Z,USD,,,693542.0,21.08,,,
me04-122,Mega Greninja ex,122,Mega Hyper Rare,2026-07-06T18:05:01.132Z,EUR,886515,2026-07-06T18:05:01.021Z,USD,,,693518.0,212.03,,,
me04-122,Mega Greninja ex,122,Mega Hyper Rare,2026-07-07T18:05:09.041Z,EUR,886515,2026-07-07T18:05:06.951Z,USD,,,693518.0,212.03,,,
me04-122,Mega Greninja ex,122,Mega Hyper Rare,2026-07-08T18:05:10.950Z,EUR,886515,2026-07-08T18:05:07.571Z,USD,,,693518.0,209.1,,,
me04-122,Mega Greninja ex,122,Mega Hyper Rare,2026-07-09T18:05:09.065Z,EUR,886515,2026-07-09T18:05:06.660Z,USD,,,693518.0,151.33,,,
me04-122,Mega Greninja ex,122,Mega Hyper Rare,2026-07-10T18:05:08.528Z,EUR,886515,2026-07-10T18:05:06.309Z,USD,,,693518.0,165.3,,,
me04-122,Mega Greninja ex,122,Mega Hyper Rare,2026-07-11T18:05:08.252Z,EUR,886515,2026-07-11T18:05:05.951Z,USD,,,693518.0,165.3,,,
me04-122,Mega Greninja ex,122,Mega Hyper Rare,2026-07-12T18:05:09.094Z,EUR,886515,2026-07-12T18:05:07.281Z,USD,,,693518.0,165.3,,,
me04-122,Mega Greninja ex,122,Mega Hyper Rare,2026-07-13T18:05:07.901Z,EUR,886515,2026-07-13T18:05:06.325Z,USD,,,693518.0,228.0,,,
me04-122,Mega Greninja ex,122,Mega Hyper Rare,2026-07-14T18:05:08.458Z,EUR,886515,2026-07-14T18:05:05.984Z,USD,,,693518.0,228.0,,,
me04-122,Mega Greninja ex,122,Mega Hyper Rare,2026-07-15T18:05:08.182Z,EUR,886515,2026-07-15T18:05:06.072Z,USD,,,693518.0,228.0,,,
me04-122,Mega Greninja ex,122,Mega Hyper Rare,2026-07-16T18:05:08.165Z,EUR,886515,2026-07-16T18:05:05.995Z,USD,,,693518.0,228.0,,,
me04-122,Mega Greninja ex,122,Mega Hyper Rare,2026-07-17T18:05:09.396Z,EUR,886515,2026-07-17T18:05:07.352Z,USD,,,693518.0,228.0,,,
me04-122,Mega Greninja ex,122,Mega Hyper Rare,2026-07-18T08:02:59.387Z,EUR,886515,2026-07-18T08:02:56.980Z,USD,,,693518.0,228.0,,,
me04-122,Mega Greninja ex,122,Mega Hyper Rare,2026-07-19T08:03:04.558Z,EUR,886515,2026-07-19T08:03:02.364Z,USD,,,693518.0,228.0,,,
me04-122,Mega Greninja ex,122,Mega Hyper Rare,2026-07-20T08:03:04.811Z,EUR,886515,2026-07-20T08:03:02.216Z,USD,,,693518.0,194.93,,,
me04-122,Mega Greninja ex,122,Mega Hyper Rare,2026-07-21T08:03:04.252Z,EUR,886515,2026-07-21T08:03:02.310Z,USD,,,693518.0,194.93,,,
me04-122,Mega Greninja ex,122,Mega Hyper Rare,2026-07-22T08:03:06.627Z,EUR,886515,2026-07-22T08:03:04.165Z,USD,,,693518.0,194.93,,,
me04-122,Mega Greninja ex,122,Mega Hyper Rare,2026-07-23T08:03:03.918Z,EUR,886515,2026-07-23T08:03:01.941Z,USD,,,693518.0,194.93,,,
me04-122,Mega Greninja ex,122,Mega Hyper Rare,2026-07-24T08:03:04.300Z,EUR,886515,2026-07-24T08:03:02.308Z,USD,,,693518.0,194.93,,,
me04-122,Mega Greninja ex,122,Mega Hyper Rare,2026-07-25T08:03:04.261Z,EUR,886515,2026-07-25T08:03:02.306Z,USD,,,693518.0,194.93,,,
me04-122,Mega Greninja ex,122,Mega Hyper Rare,2026-07-26T08:03:04.532Z,EUR,886515,2026-07-26T08:03:42.077Z,USD,,,693518.0,170.97,,,
me04-122,Mega Greninja ex,122,Mega Hyper Rare,2026-07-27T08:03:04.705Z,EUR,886515,2026-07-27T08:03:49.056Z,USD,,,693518.0,148.58,,,
