id,name,localId,rarity,set,tp_updated,tp_unit,cm_updated,cm_unit,cm_idProduct,tp_holofoil_productId,tp_normal_productId,tp_reverse_holofoil_productId,tp_1st_edition_productId,tp_unlimited_productId,cm_avg1,cm_avg1_holo,tp_normal_marketPrice,tp_holofoil_marketPrice,tp_reverse_holofoil_marketPrice,tp_1st_edition_marketPrice,tp_unlimited_marketPrice
2014xy-5,Pikachu,5,Promo,McDonald's Collection 2014,2026-07-08T18:05:07.095Z,USD,2026-07-08T18:05:10.686Z,EUR,281657.0,110410.0,,,,,7.97,15.96,,39.66,,,
2014xy-5,Pikachu,5,Promo,McDonald's Collection 2014,2026-07-09T18:05:06.367Z,USD,2026-07-09T18:05:09.065Z,EUR,281657.0,110410.0,,,,,7.97,15.96,,39.66,,,
2014xy-5,Pikachu,5,Promo,McDonald's Collection 2014,2026-07-10T18:05:06.000Z,USD,2026-07-10T18:05:08.528Z,EUR,281657.0,110410.0,,,,,7.97,15.96,,39.66,,,
2014xy-5,Pikachu,5,Promo,McDonald's Collection 2014,2026-07-11T18:05:05.671Z,USD,2026-07-11T18:05:08.177Z,EUR,281657.0,110410.0,,,,,7.97,15.96,,39.66,,,
2014xy-5,Pikachu,5,Promo,McDonald's Collection 2014,2026-07-12T18:05:06.965Z,USD,2026-07-12T18:05:18.426Z,EUR,281657.0,110410.0,,,,,7.97,15.96,,39.66,,,
2014xy-5,Pikachu,5,Promo,McDonald's Collection 2014,2026-07-13T18:05:05.903Z,USD,2026-07-13T18:05:07.901Z,EUR,281657.0,110410.0,,,,,11.39,15.96,,39.66,,,
2014xy-5,Pikachu,5,Promo,McDonald's Collection 2014,2026-07-14T18:05:05.637Z,USD,2026-07-14T18:05:08.458Z,EUR,281657.0,110410.0,,,,,11.39,15.96,,39.66,,,
2014xy-5,Pikachu,5,Promo,McDonald's Collection 2014,2026-07-15T18:05:05.665Z,USD,2026-07-15T18:05:08.182Z,EUR,281657.0,110410.0,,,,,11.39,15.96,,39.66,,,
2014xy-5,Pikachu,5,Promo,McDonald's Collection 2014,2026-07-16T18:05:05.719Z,USD,2026-07-16T18:05:08.298Z,EUR,281657.0,110410.0,,,,,11.39,15.96,,35.63,,,
2014xy-5,Pikachu,5,Promo,McDonald's Collection 2014,2026-07-17T18:05:07.061Z,USD,2026-07-17T18:05:09.271Z,EUR,281657.0,110410.0,,,,,11.39,15.96,,35.63,,,
2014xy-5,Pikachu,5,Promo,McDonald's Collection 2014,2026-07-18T08:02:56.704Z,USD,2026-07-18T08:02:59.776Z,EUR,281657.0,110410.0,,,,,11.39,15.96,,35.63,,,
2014xy-5,Pikachu,5,Promo,McDonald's Collection 2014,2026-07-19T08:03:02.086Z,USD,2026-07-19T08:03:04.658Z,EUR,281657.0,110410.0,,,,,11.39,15.96,,35.63,,,
2014xy-5,Pikachu,5,Promo,McDonald's Collection 2014,2026-07-20T08:03:01.956Z,USD,2026-07-20T08:03:04.265Z,EUR,281657.0,110410.0,,,,,2.85,15.96,,35.63,,,
2014xy-5,Pikachu,5,Promo,McDonald's Collection 2014,2026-07-21T08:03:01.907Z,USD,2026-07-21T08:03:04.252Z,EUR,281657.0,110410.0,,,,,2.85,15.96,,35.63,,,
2014xy-5,Pikachu,5,Promo,McDonald's Collection 2014,2026-07-22T08:03:03.738Z,USD,2026-07-22T08:03:06.471Z,EUR,281657.0,110410.0,,,,,2.85,15.96,,35.63,,,
2014xy-5,Pikachu,5,Promo,McDonald's Collection 2014,2026-07-23T08:03:01.639Z,USD,2026-07-23T08:03:03.918Z,EUR,281657.0,110410.0,,,,,2.85,15.96,,35.63,,,
2014xy-5,Pikachu,5,Promo,McDonald's Collection 2014,2026-07-24T08:03:02.051Z,USD,2026-07-24T08:03:04.550Z,EUR,281657.0,110410.0,,,,,2.85,15.96,,35.63,,,
2014xy-5,Pikachu,5,Promo,McDonald's Collection 2014,2026-07-25T08:03:02.015Z,USD,2026-07-25T08:03:04.569Z,EUR,281657.0,110410.0,,,,,2.85,15.96,,35.63,,,
2014xy-5,Pikachu,5,Promo,McDonald's Collection 2014,2026-07-26T08:03:22.374Z,USD,2026-07-26T08:03:04.532Z,EUR,281657.0,110410.0,,,,,2.85,15.96,,35.63,,,
2014xy-5,Pikachu,5,Promo,McDonald's Collection 2014,2026-07-27T08:03:16.845Z,USD,2026-07-27T08:03:04.458Z,EUR,281657.0,110410.0,,,,,2.85,15.96,,35.63,,,
2015xy-6,Pikachu,6,Promo,McDonald's Collection 2015,2026-07-08T18:05:07.117Z,USD,2026-07-08T18:05:10.686Z,EUR,293322.0,110424.0,,,,,45.58,22.8,,34.72,,,
2015xy-6,Pikachu,6,Promo,McDonald's Collection 2015,2026-07-09T18:05:06.414Z,USD,2026-07-09T18:05:09.065Z,EUR,293322.0,110424.0,,,,,45.58,22.8,,34.72,,,
2015xy-6,Pikachu,6,Promo,McDonald's Collection 2015,2026-07-10T18:05:06.039Z,USD,2026-07-10T18:05:08.528Z,EUR,293322.0,110424.0,,,,,45.58,22.8,,34.72,,,
2015xy-6,Pikachu,6,Promo,McDonald's Collection 2015,2026-07-11T18:05:05.695Z,USD,2026-07-11T18:05:08.177Z,EUR,293322.0,110424.0,,,,,45.58,22.8,,34.72,,,
2015xy-6,Pikachu,6,Promo,McDonald's Collection 2015,2026-07-12T18:05:06.992Z,USD,2026-07-12T18:05:18.426Z,EUR,293322.0,110424.0,,,,,45.58,22.8,,34.72,,,
2015xy-6,Pikachu,6,Promo,McDonald's Collection 2015,2026-07-13T18:05:05.937Z,USD,2026-07-13T18:05:07.901Z,EUR,293322.0,110424.0,,,,,34.2,22.8,,34.72,,,
2015xy-6,Pikachu,6,Promo,McDonald's Collection 2015,2026-07-14T18:05:05.665Z,USD,2026-07-14T18:05:08.458Z,EUR,293322.0,110424.0,,,,,34.2,22.8,,34.72,,,
2015xy-6,Pikachu,6,Promo,McDonald's Collection 2015,2026-07-15T18:05:05.686Z,USD,2026-07-15T18:05:08.182Z,EUR,293322.0,110424.0,,,,,34.2,22.8,,34.72,,,
2015xy-6,Pikachu,6,Promo,McDonald's Collection 2015,2026-07-16T18:05:05.740Z,USD,2026-07-16T18:05:08.321Z,EUR,293322.0,110424.0,,,,,34.2,22.8,,34.72,,,
2015xy-6,Pikachu,6,Promo,McDonald's Collection 2015,2026-07-17T18:05:07.094Z,USD,2026-07-17T18:05:09.271Z,EUR,293322.0,110424.0,,,,,34.2,22.8,,34.72,,,
2015xy-6,Pikachu,6,Promo,McDonald's Collection 2015,2026-07-18T08:02:56.742Z,USD,2026-07-18T08:02:59.776Z,EUR,293322.0,110424.0,,,,,34.2,22.8,,34.72,,,
2015xy-6,Pikachu,6,Promo,McDonald's Collection 2015,2026-07-19T08:03:02.122Z,USD,2026-07-19T08:03:04.658Z,EUR,293322.0,110424.0,,,,,34.2,22.8,,34.72,,,
2015xy-6,Pikachu,6,Promo,McDonald's Collection 2015,2026-07-20T08:03:01.981Z,USD,2026-07-20T08:03:04.265Z,EUR,293322.0,110424.0,,,,,34.2,22.8,,34.72,,,
2015xy-6,Pikachu,6,Promo,McDonald's Collection 2015,2026-07-21T08:03:01.939Z,USD,2026-07-21T08:03:04.252Z,EUR,293322.0,110424.0,,,,,34.2,22.8,,34.72,,,
2015xy-6,Pikachu,6,Promo,McDonald's Collection 2015,2026-07-22T08:03:03.800Z,USD,2026-07-22T08:03:06.471Z,EUR,293322.0,110424.0,,,,,34.2,22.8,,34.72,,,
2015xy-6,Pikachu,6,Promo,McDonald's Collection 2015,2026-07-23T08:03:01.670Z,USD,2026-07-23T08:03:03.735Z,EUR,293322.0,110424.0,,,,,34.2,22.8,,34.72,,,
2015xy-6,Pikachu,6,Promo,McDonald's Collection 2015,2026-07-24T08:03:02.073Z,USD,2026-07-24T08:03:04.550Z,EUR,293322.0,110424.0,,,,,34.2,22.8,,34.72,,,
2015xy-6,Pikachu,6,Promo,McDonald's Collection 2015,2026-07-25T08:03:02.046Z,USD,2026-07-25T08:03:04.261Z,EUR,293322.0,110424.0,,,,,34.2,22.8,,34.72,,,
2015xy-6,Pikachu,6,Promo,McDonald's Collection 2015,2026-07-26T08:03:23.040Z,USD,2026-07-26T08:03:04.571Z,EUR,293322.0,110424.0,,,,,34.2,22.8,,34.72,,,
2015xy-6,Pikachu,6,Promo,McDonald's Collection 2015,2026-07-27T08:03:20.267Z,USD,2026-07-27T08:03:04.458Z,EUR,293322.0,110424.0,,,,,34.2,22.8,,34.72,,,
2016xy-6,Pikachu,6,Promo,McDonald's Collection 2016,2026-07-08T18:05:07.131Z,USD,2026-07-08T18:05:10.691Z,EUR,295142.0,275062.0,,,,,41.79,3.99,,11.0,,,
2016xy-6,Pikachu,6,Promo,McDonald's Collection 2016,2026-07-09T18:05:06.432Z,USD,2026-07-09T18:05:09.065Z,EUR,295142.0,275062.0,,,,,41.79,3.99,,11.0,,,
2016xy-6,Pikachu,6,Promo,McDonald's Collection 2016,2026-07-10T18:05:06.052Z,USD,2026-07-10T18:05:08.528Z,EUR,295142.0,275062.0,,,,,55.86,3.99,,11.0,,,
2016xy-6,Pikachu,6,Promo,McDonald's Collection 2016,2026-07-11T18:05:05.709Z,USD,2026-07-11T18:05:08.177Z,EUR,295142.0,275062.0,,,,,55.86,3.99,,11.0,,,
2016xy-6,Pikachu,6,Promo,McDonald's Collection 2016,2026-07-12T18:05:07.009Z,USD,2026-07-12T18:05:18.426Z,EUR,295142.0,275062.0,,,,,55.86,3.99,,11.0,,,
2016xy-6,Pikachu,6,Promo,McDonald's Collection 2016,2026-07-13T18:05:05.951Z,USD,2026-07-13T18:05:07.999Z,EUR,295142.0,275062.0,,,,,7.41,3.99,,11.0,,,
2016xy-6,Pikachu,6,Promo,McDonald's Collection 2016,2026-07-14T18:05:05.687Z,USD,2026-07-14T18:05:08.458Z,EUR,295142.0,275062.0,,,,,7.41,3.99,,11.0,,,
2016xy-6,Pikachu,6,Promo,McDonald's Collection 2016,2026-07-15T18:05:05.713Z,USD,2026-07-15T18:05:08.182Z,EUR,295142.0,275062.0,,,,,7.41,3.99,,11.0,,,
2016xy-6,Pikachu,6,Promo,McDonald's Collection 2016,2026-07-16T18:05:05.754Z,USD,2026-07-16T18:05:08.298Z,EUR,295142.0,275062.0,,,,,7.41,3.99,,11.0,,,
2016xy-6,Pikachu,6,Promo,McDonald's Collection 2016,2026-07-17T18:05:07.115Z,USD,2026-07-17T18:05:09.396Z,EUR,295142.0,275062.0,,,,,7.41,3.99,,11.0,,,
2016xy-6,Pikachu,6,Promo,McDonald's Collection 2016,2026-07-18T08:02:56.765Z,USD,2026-07-18T08:02:59.776Z,EUR,295142.0,275062.0,,,,,7.41,3.99,,11.0,,,
2016xy-6,Pikachu,6,Promo,McDonald's Collection 2016,2026-07-19T08:03:02.142Z,USD,2026-07-19T08:03:04.658Z,EUR,295142.0,275062.0,,,,,7.41,3.99,,11.0,,,
2016xy-6,Pikachu,6,Promo,McDonald's Collection 2016,2026-07-20T08:03:01.998Z,USD,2026-07-20T08:03:04.265Z,EUR,295142.0,275062.0,,,,,14.11,3.99,,11.0,,,
2016xy-6,Pikachu,6,Promo,McDonald's Collection 2016,2026-07-21T08:03:01.968Z,USD,2026-07-21T08:03:04.252Z,EUR,295142.0,275062.0,,,,,14.11,3.99,,11.0,,,
2016xy-6,Pikachu,6,Promo,McDonald's Collection 2016,2026-07-22T08:03:03.832Z,USD,2026-07-22T08:03:06.471Z,EUR,295142.0,275062.0,,,,,14.11,3.99,,11.0,,,
2016xy-6,Pikachu,6,Promo,McDonald's Collection 2016,2026-07-23T08:03:01.687Z,USD,2026-07-23T08:03:03.918Z,EUR,295142.0,275062.0,,,,,14.11,3.99,,11.0,,,
2016xy-6,Pikachu,6,Promo,McDonald's Collection 2016,2026-07-24T08:03:02.089Z,USD,2026-07-24T08:03:04.300Z,EUR,295142.0,275062.0,,,,,14.11,3.99,,11.0,,,
2016xy-6,Pikachu,6,Promo,McDonald's Collection 2016,2026-07-25T08:03:02.058Z,USD,2026-07-25T08:03:04.397Z,EUR,295142.0,275062.0,,,,,14.11,3.99,,11.0,,,
2016xy-6,Pikachu,6,Promo,McDonald's Collection 2016,2026-07-26T08:03:24.481Z,USD,2026-07-26T08:03:04.532Z,EUR,295142.0,275062.0,,,,,7.59,3.99,,11.0,,,
2016xy-6,Pikachu,6,Promo,McDonald's Collection 2016,2026-07-27T08:03:21.206Z,USD,2026-07-27T08:03:04.458Z,EUR,295142.0,275062.0,,,,,7.59,3.99,,11.0,,,
2017sm-5,Pikachu,5,Promo,McDonald's Collection 2017,2026-07-08T18:05:07.148Z,USD,2026-07-08T18:05:10.078Z,EUR,301847.0,152685.0,,,,,4.09,17.61,,27.95,,,
2017sm-5,Pikachu,5,Promo,McDonald's Collection 2017,2026-07-09T18:05:06.452Z,USD,2026-07-09T18:05:09.065Z,EUR,301847.0,152685.0,,,,,19.95,17.61,,27.95,,,
2017sm-5,Pikachu,5,Promo,McDonald's Collection 2017,2026-07-10T18:05:06.066Z,USD,2026-07-10T18:05:08.528Z,EUR,301847.0,152685.0,,,,,19.95,17.61,,27.95,,,
2017sm-5,Pikachu,5,Promo,McDonald's Collection 2017,2026-07-11T18:05:05.727Z,USD,2026-07-11T18:05:08.252Z,EUR,301847.0,152685.0,,,,,19.95,17.61,,27.95,,,
2017sm-5,Pikachu,5,Promo,McDonald's Collection 2017,2026-07-12T18:05:07.031Z,USD,2026-07-12T18:05:18.426Z,EUR,301847.0,152685.0,,,,,19.95,17.61,,27.95,,,
2017sm-5,Pikachu,5,Promo,McDonald's Collection 2017,2026-07-13T18:05:05.993Z,USD,2026-07-13T18:05:07.901Z,EUR,301847.0,152685.0,,,,,22.78,17.61,,27.95,,,
2017sm-5,Pikachu,5,Promo,McDonald's Collection 2017,2026-07-14T18:05:05.753Z,USD,2026-07-14T18:05:08.458Z,EUR,301847.0,152685.0,,,,,22.78,17.61,,27.95,,,
2017sm-5,Pikachu,5,Promo,McDonald's Collection 2017,2026-07-15T18:05:05.731Z,USD,2026-07-15T18:05:08.182Z,EUR,301847.0,152685.0,,,,,22.78,17.61,,27.93,,,
2017sm-5,Pikachu,5,Promo,McDonald's Collection 2017,2026-07-16T18:05:05.769Z,USD,2026-07-16T18:05:08.338Z,EUR,301847.0,152685.0,,,,,22.78,17.61,,28.11,,,
2017sm-5,Pikachu,5,Promo,McDonald's Collection 2017,2026-07-17T18:05:07.134Z,USD,2026-07-17T18:05:09.271Z,EUR,301847.0,152685.0,,,,,22.78,17.61,,28.11,,,
2017sm-5,Pikachu,5,Promo,McDonald's Collection 2017,2026-07-18T08:02:56.784Z,USD,2026-07-18T08:02:59.387Z,EUR,301847.0,152685.0,,,,,22.78,17.61,,28.11,,,
2017sm-5,Pikachu,5,Promo,McDonald's Collection 2017,2026-07-19T08:03:02.162Z,USD,2026-07-19T08:03:04.658Z,EUR,301847.0,152685.0,,,,,22.78,17.61,,28.11,,,
2017sm-5,Pikachu,5,Promo,McDonald's Collection 2017,2026-07-20T08:03:02.019Z,USD,2026-07-20T08:03:04.265Z,EUR,301847.0,152685.0,,,,,4.56,17.61,,28.09,,,
2017sm-5,Pikachu,5,Promo,McDonald's Collection 2017,2026-07-21T08:03:01.991Z,USD,2026-07-21T08:03:04.457Z,EUR,301847.0,152685.0,,,,,4.56,17.61,,28.09,,,
2017sm-5,Pikachu,5,Promo,McDonald's Collection 2017,2026-07-22T08:03:03.871Z,USD,2026-07-22T08:03:06.471Z,EUR,301847.0,152685.0,,,,,4.56,17.61,,28.09,,,
2017sm-5,Pikachu,5,Promo,McDonald's Collection 2017,2026-07-23T08:03:01.708Z,USD,2026-07-23T08:03:03.918Z,EUR,301847.0,152685.0,,,,,4.56,17.61,,28.09,,,
2017sm-5,Pikachu,5,Promo,McDonald's Collection 2017,2026-07-24T08:03:02.105Z,USD,2026-07-24T08:03:04.300Z,EUR,301847.0,152685.0,,,,,4.56,17.61,,28.09,,,
2017sm-5,Pikachu,5,Promo,McDonald's Collection 2017,2026-07-25T08:03:02.078Z,USD,2026-07-25T08:03:04.397Z,EUR,301847.0,152685.0,,,,,4.56,17.61,,28.16,,,
2017sm-5,Pikachu,5,Promo,McDonald's Collection 2017,2026-07-26T08:03:27.980Z,USD,2026-07-26T08:03:04.532Z,EUR,301847.0,152685.0,,,,,24.17,17.61,,28.16,,,
2017sm-5,Pikachu,5,Promo,McDonald's Collection 2017,2026-07-27T08:03:22.813Z,USD,2026-07-27T08:03:04.458Z,EUR,301847.0,152685.0,,,,,24.17,17.61,,28.16,,,
2018sm-4,Pikachu,4,Promo,McDonald's Collection 2018,2026-07-08T18:05:07.177Z,USD,2026-07-08T18:05:10.686Z,EUR,366772.0,180452.0,,,,,13.96,4.55,,39.51,,,
2018sm-4,Pikachu,4,Promo,McDonald's Collection 2018,2026-07-09T18:05:06.473Z,USD,2026-07-09T18:05:09.065Z,EUR,366772.0,180452.0,,,,,13.96,4.55,,39.51,,,
2018sm-4,Pikachu,4,Promo,McDonald's Collection 2018,2026-07-10T18:05:06.102Z,USD,2026-07-10T18:05:08.528Z,EUR,366772.0,180452.0,,,,,13.96,4.55,,39.51,,,
2018sm-4,Pikachu,4,Promo,McDonald's Collection 2018,2026-07-11T18:05:05.748Z,USD,2026-07-11T18:05:08.252Z,EUR,366772.0,180452.0,,,,,13.96,4.55,,39.51,,,
2018sm-4,Pikachu,4,Promo,McDonald's Collection 2018,2026-07-12T18:05:07.063Z,USD,2026-07-12T18:05:18.426Z,EUR,366772.0,180452.0,,,,,13.96,4.55,,39.51,,,
2018sm-4,Pikachu,4,Promo,McDonald's Collection 2018,2026-07-13T18:05:06.015Z,USD,2026-07-13T18:05:07.999Z,EUR,366772.0,180452.0,,,,,17.1,4.55,,39.51,,,
2018sm-4,Pikachu,4,Promo,McDonald's Collection 2018,2026-07-14T18:05:05.789Z,USD,2026-07-14T18:05:08.458Z,EUR,366772.0,180452.0,,,,,17.1,4.55,,39.46,,,
2018sm-4,Pikachu,4,Promo,McDonald's Collection 2018,2026-07-15T18:05:05.752Z,USD,2026-07-15T18:05:08.182Z,EUR,366772.0,180452.0,,,,,17.1,4.55,,40.81,,,
2018sm-4,Pikachu,4,Promo,McDonald's Collection 2018,2026-07-16T18:05:05.793Z,USD,2026-07-16T18:05:08.298Z,EUR,366772.0,180452.0,,,,,17.1,4.55,,40.81,,,
2018sm-4,Pikachu,4,Promo,McDonald's Collection 2018,2026-07-17T18:05:07.181Z,USD,2026-07-17T18:05:09.271Z,EUR,366772.0,180452.0,,,,,17.1,4.55,,40.81,,,
2018sm-4,Pikachu,4,Promo,McDonald's Collection 2018,2026-07-18T08:02:56.820Z,USD,2026-07-18T08:02:59.361Z,EUR,366772.0,180452.0,,,,,17.1,4.55,,40.81,,,
2018sm-4,Pikachu,4,Promo,McDonald's Collection 2018,2026-07-19T08:03:02.188Z,USD,2026-07-19T08:03:04.658Z,EUR,366772.0,180452.0,,,,,17.1,4.55,,40.81,,,
2018sm-4,Pikachu,4,Promo,McDonald's Collection 2018,2026-07-20T08:03:02.040Z,USD,2026-07-20T08:03:04.811Z,EUR,366772.0,180452.0,,,,,22.8,4.55,,40.81,,,
2018sm-4,Pikachu,4,Promo,McDonald's Collection 2018,2026-07-21T08:03:02.077Z,USD,2026-07-21T08:03:04.457Z,EUR,366772.0,180452.0,,,,,22.8,4.55,,40.81,,,
2018sm-4,Pikachu,4,Promo,McDonald's Collection 2018,2026-07-22T08:03:03.902Z,USD,2026-07-22T08:03:06.471Z,EUR,366772.0,180452.0,,,,,22.8,4.55,,40.43,,,
2018sm-4,Pikachu,4,Promo,McDonald's Collection 2018,2026-07-23T08:03:01.748Z,USD,2026-07-23T08:03:03.918Z,EUR,366772.0,180452.0,,,,,22.8,4.55,,40.43,,,
2018sm-4,Pikachu,4,Promo,McDonald's Collection 2018,2026-07-24T08:03:02.124Z,USD,2026-07-24T08:03:04.300Z,EUR,366772.0,180452.0,,,,,22.8,4.55,,40.43,,,
2018sm-4,Pikachu,4,Promo,McDonald's Collection 2018,2026-07-25T08:03:02.111Z,USD,2026-07-25T08:03:03.827Z,EUR,366772.0,180452.0,,,,,22.8,4.55,,40.43,,,
2018sm-4,Pikachu,4,Promo,McDonald's Collection 2018,2026-07-26T08:03:28.242Z,USD,2026-07-26T08:03:04.532Z,EUR,366772.0,180452.0,,,,,4.56,4.55,,40.43,,,
2018sm-4,Pikachu,4,Promo,McDonald's Collection 2018,2026-07-27T08:03:24.073Z,USD,2026-07-27T08:03:04.458Z,EUR,366772.0,180452.0,,,,,4.56,4.55,,40.43,,,
2019sm-6,Pikachu,6,Promo,McDonald's Collection 2019,2026-07-08T18:05:07.273Z,USD,2026-07-08T18:05:10.691Z,EUR,412874.0,200967.0,,,,,7.4,5.7,,33.66,,,
2019sm-6,Pikachu,6,Promo,McDonald's Collection 2019,2026-07-09T18:05:06.498Z,USD,2026-07-09T18:05:09.065Z,EUR,412874.0,200967.0,,,,,2.27,5.7,,33.66,,,
2019sm-6,Pikachu,6,Promo,McDonald's Collection 2019,2026-07-10T18:05:06.122Z,USD,2026-07-10T18:05:08.528Z,EUR,412874.0,200967.0,,,,,2.27,5.7,,33.66,,,
2019sm-6,Pikachu,6,Promo,McDonald's Collection 2019,2026-07-11T18:05:05.767Z,USD,2026-07-11T18:05:08.177Z,EUR,412874.0,200967.0,,,,,2.27,5.7,,33.66,,,
2019sm-6,Pikachu,6,Promo,McDonald's Collection 2019,2026-07-12T18:05:07.093Z,USD,2026-07-12T18:05:18.426Z,EUR,412874.0,200967.0,,,,,2.27,5.7,,33.66,,,
2019sm-6,Pikachu,6,Promo,McDonald's Collection 2019,2026-07-13T18:05:06.060Z,USD,2026-07-13T18:05:07.999Z,EUR,412874.0,200967.0,,,,,2.27,5.7,,33.66,,,
2019sm-6,Pikachu,6,Promo,McDonald's Collection 2019,2026-07-14T18:05:05.830Z,USD,2026-07-14T18:05:08.458Z,EUR,412874.0,200967.0,,,,,2.27,5.7,,33.66,,,
2019sm-6,Pikachu,6,Promo,McDonald's Collection 2019,2026-07-15T18:05:05.777Z,USD,2026-07-15T18:05:08.182Z,EUR,412874.0,200967.0,,,,,2.27,5.7,,34.47,,,
2019sm-6,Pikachu,6,Promo,McDonald's Collection 2019,2026-07-16T18:05:05.816Z,USD,2026-07-16T18:05:08.631Z,EUR,412874.0,200967.0,,,,,2.27,5.7,,34.47,,,
2019sm-6,Pikachu,6,Promo,McDonald's Collection 2019,2026-07-17T18:05:07.204Z,USD,2026-07-17T18:05:09.271Z,EUR,412874.0,200967.0,,,,,2.27,5.7,,34.47,,,
2019sm-6,Pikachu,6,Promo,McDonald's Collection 2019,2026-07-18T08:02:56.853Z,USD,2026-07-18T08:02:59.776Z,EUR,412874.0,200967.0,,,,,2.27,5.7,,34.47,,,
2019sm-6,Pikachu,6,Promo,McDonald's Collection 2019,2026-07-19T08:03:02.209Z,USD,2026-07-19T08:03:04.658Z,EUR,412874.0,200967.0,,,,,2.27,5.7,,34.47,,,
2019sm-6,Pikachu,6,Promo,McDonald's Collection 2019,2026-07-20T08:03:02.063Z,USD,2026-07-20T08:03:04.265Z,EUR,412874.0,200967.0,,,,,5.13,5.7,,34.47,,,
2019sm-6,Pikachu,6,Promo,McDonald's Collection 2019,2026-07-21T08:03:02.118Z,USD,2026-07-21T08:03:04.252Z,EUR,412874.0,200967.0,,,,,5.13,5.7,,34.47,,,
2019sm-6,Pikachu,6,Promo,McDonald's Collection 2019,2026-07-22T08:03:03.929Z,USD,2026-07-22T08:03:06.471Z,EUR,412874.0,200967.0,,,,,5.13,5.7,,34.47,,,
2019sm-6,Pikachu,6,Promo,McDonald's Collection 2019,2026-07-23T08:03:01.781Z,USD,2026-07-23T08:03:03.918Z,EUR,412874.0,200967.0,,,,,5.13,5.7,,34.47,,,
2019sm-6,Pikachu,6,Promo,McDonald's Collection 2019,2026-07-24T08:03:02.149Z,USD,2026-07-24T08:03:04.550Z,EUR,412874.0,200967.0,,,,,5.13,5.7,,34.47,,,
2019sm-6,Pikachu,6,Promo,McDonald's Collection 2019,2026-07-25T08:03:02.134Z,USD,2026-07-25T08:03:04.397Z,EUR,412874.0,200967.0,,,,,5.13,5.7,,34.47,,,
2019sm-6,Pikachu,6,Promo,McDonald's Collection 2019,2026-07-26T08:03:29.570Z,USD,2026-07-26T08:03:04.571Z,EUR,412874.0,200967.0,,,,,9.12,5.7,,34.47,,,
2019sm-6,Pikachu,6,Promo,McDonald's Collection 2019,2026-07-27T08:03:28.524Z,USD,2026-07-27T08:03:04.458Z,EUR,412874.0,200967.0,,,,,5.7,5.7,,34.1,,,
2021swsh-25,Pikachu,25,Promo,McDonald's Collection 2021,,,2026-07-08T18:05:10.078Z,EUR,539018.0,,,,,,1.65,32.36,,,,,
2021swsh-25,Pikachu,25,Promo,McDonald's Collection 2021,,,2026-07-09T18:05:09.065Z,EUR,539018.0,,,,,,2.85,32.36,,,,,
2021swsh-25,Pikachu,25,Promo,McDonald's Collection 2021,,,2026-07-10T18:05:08.528Z,EUR,539018.0,,,,,,2.19,32.36,,,,,
2021swsh-25,Pikachu,25,Promo,McDonald's Collection 2021,,,2026-07-11T18:05:08.252Z,EUR,539018.0,,,,,,2.19,32.36,,,,,
2021swsh-25,Pikachu,25,Promo,McDonald's Collection 2021,,,2026-07-12T18:05:18.426Z,EUR,539018.0,,,,,,2.19,32.36,,,,,
2021swsh-25,Pikachu,25,Promo,McDonald's Collection 2021,,,2026-07-13T18:05:07.999Z,EUR,539018.0,,,,,,2.51,32.36,,,,,
2021swsh-25,Pikachu,25,Promo,McDonald's Collection 2021,,,2026-07-14T18:05:08.458Z,EUR,539018.0,,,,,,2.51,32.36,,,,,
2021swsh-25,Pikachu,25,Promo,McDonald's Collection 2021,,,2026-07-15T18:05:08.182Z,EUR,539018.0,,,,,,2.51,32.36,,,,,
2021swsh-25,Pikachu,25,Promo,McDonald's Collection 2021,,,2026-07-16T18:05:08.338Z,EUR,539018.0,,,,,,2.51,32.36,,,,,
2021swsh-25,Pikachu,25,Promo,McDonald's Collection 2021,,,2026-07-17T18:05:09.271Z,EUR,539018.0,,,,,,2.51,32.36,,,,,
2021swsh-25,Pikachu,25,Promo,McDonald's Collection 2021,,,2026-07-18T08:02:59.776Z,EUR,539018.0,,,,,,2.51,32.36,,,,,
2021swsh-25,Pikachu,25,Promo,McDonald's Collection 2021,,,2026-07-19T08:03:04.658Z,EUR,539018.0,,,,,,2.51,32.36,,,,,
2021swsh-25,Pikachu,25,Promo,McDonald's Collection 2021,,,2026-07-20T08:03:04.265Z,EUR,539018.0,,,,,,2.76,32.36,,,,,
2021swsh-25,Pikachu,25,Promo,McDonald's Collection 2021,,,2026-07-21T08:03:04.252Z,EUR,539018.0,,,,,,2.76,32.36,,,,,
2021swsh-25,Pikachu,25,Promo,McDonald's Collection 2021,,,2026-07-22T08:03:06.399Z,EUR,539018.0,,,,,,2.76,32.36,,,,,
2021swsh-25,Pikachu,25,Promo,McDonald's Collection 2021,,,2026-07-23T08:03:03.918Z,EUR,539018.0,,,,,,2.76,32.36,,,,,
2021swsh-25,Pikachu,25,Promo,McDonald's Collection 2021,,,2026-07-24T08:03:04.300Z,EUR,539018.0,,,,,,2.76,32.36,,,,,
2021swsh-25,Pikachu,25,Promo,McDonald's Collection 2021,,,2026-07-25T08:03:04.397Z,EUR,539018.0,,,,,,2.76,32.36,,,,,
2021swsh-25,Pikachu,25,Promo,McDonald's Collection 2021,,,2026-07-26T08:03:04.571Z,EUR,539018.0,,,,,,2.61,32.36,,,,,
2021swsh-25,Pikachu,25,Promo,McDonald's Collection 2021,,,2026-07-27T08:03:04.705Z,EUR,539018.0,,,,,,3.68,32.36,,,,,
2022swsh-7,Pikachu,7,Promo,McDonald's Collection 2022,,,2026-07-08T18:05:10.691Z,EUR,670472.0,,,,,,2.28,,,,,,
2022swsh-7,Pikachu,7,Promo,McDonald's Collection 2022,,,2026-07-09T18:05:09.065Z,EUR,670472.0,,,,,,0.55,,,,,,
2022swsh-7,Pikachu,7,Promo,McDonald's Collection 2022,,,2026-07-10T18:05:08.528Z,EUR,670472.0,,,,,,1.71,,,,,,
2022swsh-7,Pikachu,7,Promo,McDonald's Collection 2022,,,2026-07-11T18:05:08.177Z,EUR,670472.0,,,,,,1.71,,,,,,
2022swsh-7,Pikachu,7,Promo,McDonald's Collection 2022,,,2026-07-12T18:05:18.426Z,EUR,670472.0,,,,,,1.71,,,,,,
2022swsh-7,Pikachu,7,Promo,McDonald's Collection 2022,,,2026-07-13T18:05:07.901Z,EUR,670472.0,,,,,,1.71,,,,,,
2022swsh-7,Pikachu,7,Promo,McDonald's Collection 2022,,,2026-07-14T18:05:08.458Z,EUR,670472.0,,,,,,1.71,,,,,,
2022swsh-7,Pikachu,7,Promo,McDonald's Collection 2022,,,2026-07-15T18:05:08.182Z,EUR,670472.0,,,,,,1.71,,,,,,
2022swsh-7,Pikachu,7,Promo,McDonald's Collection 2022,,,2026-07-16T18:05:08.631Z,EUR,670472.0,,,,,,1.71,,,,,,
2022swsh-7,Pikachu,7,Promo,McDonald's Collection 2022,,,2026-07-17T18:05:09.271Z,EUR,670472.0,,,,,,1.71,,,,,,
2022swsh-7,Pikachu,7,Promo,McDonald's Collection 2022,,,2026-07-18T08:02:59.387Z,EUR,670472.0,,,,,,1.71,,,,,,
2022swsh-7,Pikachu,7,Promo,McDonald's Collection 2022,,,2026-07-19T08:03:04.658Z,EUR,670472.0,,,,,,1.71,,,,,,
2022swsh-7,Pikachu,7,Promo,McDonald's Collection 2022,,,2026-07-20T08:03:04.265Z,EUR,670472.0,,,,,,0.97,,,,,,
2022swsh-7,Pikachu,7,Promo,McDonald's Collection 2022,,,2026-07-21T08:03:04.457Z,EUR,670472.0,,,,,,0.97,,,,,,
2022swsh-7,Pikachu,7,Promo,McDonald's Collection 2022,,,2026-07-22T08:03:06.471Z,EUR,670472.0,,,,,,0.97,,,,,,
2022swsh-7,Pikachu,7,Promo,McDonald's Collection 2022,,,2026-07-23T08:03:03.918Z,EUR,670472.0,,,,,,0.97,,,,,,
2022swsh-7,Pikachu,7,Promo,McDonald's Collection 2022,,,2026-07-24T08:03:04.550Z,EUR,670472.0,,,,,,0.97,,,,,,
2022swsh-7,Pikachu,7,Promo,McDonald's Collection 2022,,,2026-07-25T08:03:04.261Z,EUR,670472.0,,,,,,0.97,,,,,,
2022swsh-7,Pikachu,7,Promo,McDonald's Collection 2022,,,2026-07-26T08:03:04.532Z,EUR,670472.0,,,,,,1.72,,,,,,
2022swsh-7,Pikachu,7,Promo,McDonald's Collection 2022,,,2026-07-27T08:03:04.705Z,EUR,670472.0,,,,,,2.2,,,,,,
2023sv-6,Pikachu,6,Promo,McDonald's Collection 2023,,,2026-07-08T18:05:10.691Z,EUR,725423.0,,,,,,0.11,,,,,,
2023sv-6,Pikachu,6,Promo,McDonald's Collection 2023,,,2026-07-09T18:05:09.065Z,EUR,725423.0,,,,,,2.11,,,,,,
2023sv-6,Pikachu,6,Promo,McDonald's Collection 2023,,,2026-07-10T18:05:08.528Z,EUR,725423.0,,,,,,1.2,,,,,,
2023sv-6,Pikachu,6,Promo,McDonald's Collection 2023,,,2026-07-11T18:05:08.177Z,EUR,725423.0,,,,,,1.2,,,,,,
2023sv-6,Pikachu,6,Promo,McDonald's Collection 2023,,,2026-07-12T18:05:18.426Z,EUR,725423.0,,,,,,1.2,,,,,,
2023sv-6,Pikachu,6,Promo,McDonald's Collection 2023,,,2026-07-13T18:05:07.901Z,EUR,725423.0,,,,,,0.65,,,,,,
2023sv-6,Pikachu,6,Promo,McDonald's Collection 2023,,,2026-07-14T18:05:08.458Z,EUR,725423.0,,,,,,0.65,,,,,,
2023sv-6,Pikachu,6,Promo,McDonald's Collection 2023,,,2026-07-15T18:05:08.182Z,EUR,725423.0,,,,,,0.65,,,,,,
2023sv-6,Pikachu,6,Promo,McDonald's Collection 2023,,,2026-07-16T18:05:08.338Z,EUR,725423.0,,,,,,0.65,,,,,,
2023sv-6,Pikachu,6,Promo,McDonald's Collection 2023,,,2026-07-17T18:05:09.396Z,EUR,725423.0,,,,,,0.65,,,,,,
2023sv-6,Pikachu,6,Promo,McDonald's Collection 2023,,,2026-07-18T08:02:59.776Z,EUR,725423.0,,,,,,0.65,,,,,,
2023sv-6,Pikachu,6,Promo,McDonald's Collection 2023,,,2026-07-19T08:03:04.658Z,EUR,725423.0,,,,,,0.65,,,,,,
2023sv-6,Pikachu,6,Promo,McDonald's Collection 2023,,,2026-07-20T08:03:04.265Z,EUR,725423.0,,,,,,1.52,,,,,,
2023sv-6,Pikachu,6,Promo,McDonald's Collection 2023,,,2026-07-21T08:03:04.252Z,EUR,725423.0,,,,,,1.52,,,,,,
2023sv-6,Pikachu,6,Promo,McDonald's Collection 2023,,,2026-07-22T08:03:06.558Z,EUR,725423.0,,,,,,1.52,,,,,,
2023sv-6,Pikachu,6,Promo,McDonald's Collection 2023,,,2026-07-23T08:03:03.918Z,EUR,725423.0,,,,,,1.52,,,,,,
2023sv-6,Pikachu,6,Promo,McDonald's Collection 2023,,,2026-07-24T08:03:04.550Z,EUR,725423.0,,,,,,1.52,,,,,,
2023sv-6,Pikachu,6,Promo,McDonald's Collection 2023,,,2026-07-25T08:03:03.827Z,EUR,725423.0,,,,,,1.52,,,,,,
2023sv-6,Pikachu,6,Promo,McDonald's Collection 2023,,,2026-07-26T08:03:04.532Z,EUR,725423.0,,,,,,1.08,,,,,,
2023sv-6,Pikachu,6,Promo,McDonald's Collection 2023,,,2026-07-27T08:03:04.458Z,EUR,725423.0,,,,,,1.42,,,,,,
2024sv-2,Pikachu,2,Promo,McDonald's Collection 2024,,,2026-07-08T18:05:10.686Z,EUR,802824.0,,,,,,1.42,,,,,,
2024sv-2,Pikachu,2,Promo,McDonald's Collection 2024,,,2026-07-09T18:05:09.065Z,EUR,802824.0,,,,,,2.85,,,,,,
2024sv-2,Pikachu,2,Promo,McDonald's Collection 2024,,,2026-07-10T18:05:08.528Z,EUR,802824.0,,,,,,2.85,,,,,,
2024sv-2,Pikachu,2,Promo,McDonald's Collection 2024,,,2026-07-11T18:05:08.177Z,EUR,802824.0,,,,,,2.85,,,,,,
2024sv-2,Pikachu,2,Promo,McDonald's Collection 2024,,,2026-07-12T18:05:18.426Z,EUR,802824.0,,,,,,2.85,,,,,,
2024sv-2,Pikachu,2,Promo,McDonald's Collection 2024,,,2026-07-13T18:05:07.999Z,EUR,802824.0,,,,,,2.27,,,,,,
2024sv-2,Pikachu,2,Promo,McDonald's Collection 2024,,,2026-07-14T18:05:08.458Z,EUR,802824.0,,,,,,2.27,,,,,,
2024sv-2,Pikachu,2,Promo,McDonald's Collection 2024,,,2026-07-15T18:05:08.182Z,EUR,802824.0,,,,,,2.27,,,,,,
2024sv-2,Pikachu,2,Promo,McDonald's Collection 2024,,,2026-07-16T18:05:08.298Z,EUR,802824.0,,,,,,2.27,,,,,,
2024sv-2,Pikachu,2,Promo,McDonald's Collection 2024,,,2026-07-17T18:05:09.271Z,EUR,802824.0,,,,,,2.27,,,,,,
2024sv-2,Pikachu,2,Promo,McDonald's Collection 2024,,,2026-07-18T08:02:59.361Z,EUR,802824.0,,,,,,2.27,,,,,,
2024sv-2,Pikachu,2,Promo,McDonald's Collection 2024,,,2026-07-19T08:03:04.658Z,EUR,802824.0,,,,,,2.27,,,,,,
2024sv-2,Pikachu,2,Promo,McDonald's Collection 2024,,,2026-07-20T08:03:04.811Z,EUR,802824.0,,,,,,1.87,,,,,,
2024sv-2,Pikachu,2,Promo,McDonald's Collection 2024,,,2026-07-21T08:03:04.252Z,EUR,802824.0,,,,,,1.87,,,,,,
2024sv-2,Pikachu,2,Promo,McDonald's Collection 2024,,,2026-07-22T08:03:06.471Z,EUR,802824.0,,,,,,1.87,,,,,,
2024sv-2,Pikachu,2,Promo,McDonald's Collection 2024,,,2026-07-23T08:03:03.918Z,EUR,802824.0,,,,,,1.87,,,,,,
2024sv-2,Pikachu,2,Promo,McDonald's Collection 2024,,,2026-07-24T08:03:04.300Z,EUR,802824.0,,,,,,1.87,,,,,,
2024sv-2,Pikachu,2,Promo,McDonald's Collection 2024,,,2026-07-25T08:03:03.827Z,EUR,802824.0,,,,,,1.87,,,,,,
2024sv-2,Pikachu,2,Promo,McDonald's Collection 2024,,,2026-07-26T08:03:04.532Z,EUR,802824.0,,,,,,2.49,,,,,,
2024sv-2,Pikachu,2,Promo,McDonald's Collection 2024,,,2026-07-27T08:03:04.458Z,EUR,802824.0,,,,,,2.64,,,,,,
base1-58,Pikachu,58,Common,Base Set,2026-07-08T18:05:06.344Z,USD,2026-07-08T18:05:11.087Z,EUR,273753.0,,42402.0,,,,4.38,1.14,6.59,,,,
base1-58,Pikachu,58,Common,Base Set,2026-07-09T18:05:05.044Z,USD,2026-07-09T18:05:09.065Z,EUR,273753.0,,42402.0,,,,11.61,1.14,6.59,,,,
base1-58,Pikachu,58,Common,Base Set,2026-07-10T18:05:05.108Z,USD,2026-07-10T18:05:08.528Z,EUR,273753.0,,42402.0,,,,6.81,1.14,6.08,,,,
base1-58,Pikachu,58,Common,Base Set,2026-07-11T18:05:04.939Z,USD,2026-07-11T18:05:08.177Z,EUR,273753.0,,42402.0,,,,6.81,1.14,6.08,,,,
base1-58,Pikachu,58,Common,Base Set,2026-07-12T18:05:06.137Z,USD,2026-07-12T18:05:18.426Z,EUR,273753.0,,42402.0,,,,6.81,1.14,5.98,,,,
base1-58,Pikachu,58,Common,Base Set,2026-07-13T18:05:05.094Z,USD,2026-07-13T18:05:07.846Z,EUR,273753.0,,42402.0,,,,2.77,1.14,6.43,,,,
base1-58,Pikachu,58,Common,Base Set,2026-07-14T18:05:04.917Z,USD,2026-07-14T18:05:08.211Z,EUR,273753.0,,42402.0,,,,2.77,1.14,7.66,,,,
base1-58,Pikachu,58,Common,Base Set,2026-07-15T18:05:04.924Z,USD,2026-07-15T18:05:08.182Z,EUR,273753.0,,42402.0,,,,2.77,1.14,7.67,,,,
base1-58,Pikachu,58,Common,Base Set,2026-07-16T18:05:04.973Z,USD,2026-07-16T18:05:08.165Z,EUR,273753.0,,42402.0,,,,2.77,1.14,7.63,,,,
base1-58,Pikachu,58,Common,Base Set,2026-07-17T18:05:06.374Z,USD,2026-07-17T18:05:09.271Z,EUR,273753.0,,42402.0,,,,2.77,1.14,7.56,,,,
base1-58,Pikachu,58,Common,Base Set,2026-07-18T08:02:56.122Z,USD,2026-07-18T08:02:59.776Z,EUR,273753.0,,42402.0,,,,2.77,1.14,8.3,,,,
base1-58,Pikachu,58,Common,Base Set,2026-07-19T08:03:01.495Z,USD,2026-07-19T08:03:04.558Z,EUR,273753.0,,42402.0,,,,2.77,1.14,8.34,,,,
base1-58,Pikachu,58,Common,Base Set,2026-07-20T08:03:01.349Z,USD,2026-07-20T08:03:04.811Z,EUR,273753.0,,42402.0,,,,2.86,1.14,6.75,,,,
base1-58,Pikachu,58,Common,Base Set,2026-07-21T08:03:01.253Z,USD,2026-07-21T08:03:04.252Z,EUR,273753.0,,42402.0,,,,2.86,1.14,7.18,,,,
base1-58,Pikachu,58,Common,Base Set,2026-07-22T08:03:03.054Z,USD,2026-07-22T08:03:06.627Z,EUR,273753.0,,42402.0,,,,2.86,1.14,7.79,,,,
base1-58,Pikachu,58,Common,Base Set,2026-07-23T08:03:01.106Z,USD,2026-07-23T08:03:03.918Z,EUR,273753.0,,42402.0,,,,2.86,1.14,7.81,,,,
base1-58,Pikachu,58,Common,Base Set,2026-07-24T08:03:01.518Z,USD,2026-07-24T08:03:04.300Z,EUR,273753.0,,42402.0,,,,2.86,1.14,7.79,,,,
base1-58,Pikachu,58,Common,Base Set,2026-07-25T08:03:01.402Z,USD,2026-07-25T08:03:04.624Z,EUR,273753.0,,42402.0,,,,2.86,1.14,7.92,,,,
base1-58,Pikachu,58,Common,Base Set,2026-07-26T08:03:02.081Z,USD,2026-07-26T08:03:04.571Z,EUR,273753.0,,42402.0,,,,1.95,1.14,8.0,,,,
base1-58,Pikachu,58,Common,Base Set,2026-07-27T08:03:02.314Z,USD,2026-07-27T08:03:04.705Z,EUR,273753.0,,42402.0,,,,4.47,1.14,7.49,,,,
base2-60,Pikachu,60,Common,Jungle,2026-07-08T18:05:06.361Z,USD,2026-07-08T18:05:11.087Z,EUR,273857.0,,,,45163.0,45163.0,1.73,0.86,,,,29.11,5.98
base2-60,Pikachu,60,Common,Jungle,2026-07-09T18:05:05.048Z,USD,2026-07-09T18:05:09.065Z,EUR,273857.0,,,,45163.0,45163.0,5.22,0.86,,,,29.11,6.0
base2-60,Pikachu,60,Common,Jungle,2026-07-10T18:05:05.128Z,USD,2026-07-10T18:05:08.528Z,EUR,273857.0,,,,45163.0,45163.0,3.5,0.86,,,,29.2,5.96
base2-60,Pikachu,60,Common,Jungle,2026-07-11T18:05:04.950Z,USD,2026-07-11T18:05:08.252Z,EUR,273857.0,,,,45163.0,45163.0,3.5,0.86,,,,29.4,5.32
base2-60,Pikachu,60,Common,Jungle,2026-07-12T18:05:06.142Z,USD,2026-07-12T18:05:18.426Z,EUR,273857.0,,,,45163.0,45163.0,3.5,0.86,,,,29.4,5.58
base2-60,Pikachu,60,Common,Jungle,2026-07-13T18:05:05.108Z,USD,2026-07-13T18:05:07.999Z,EUR,273857.0,,,,45163.0,45163.0,3.27,0.86,,,,29.33,5.53
base2-60,Pikachu,60,Common,Jungle,2026-07-14T18:05:04.923Z,USD,2026-07-14T18:05:08.211Z,EUR,273857.0,,,,45163.0,45163.0,3.27,0.86,,,,28.37,5.63
base2-60,Pikachu,60,Common,Jungle,2026-07-15T18:05:04.934Z,USD,2026-07-15T18:05:08.182Z,EUR,273857.0,,,,45163.0,45163.0,3.27,0.86,,,,27.17,4.79
base2-60,Pikachu,60,Common,Jungle,2026-07-16T18:05:04.981Z,USD,2026-07-16T18:05:08.165Z,EUR,273857.0,,,,45163.0,45163.0,3.27,0.86,,,,27.64,5.86
base2-60,Pikachu,60,Common,Jungle,2026-07-17T18:05:06.378Z,USD,2026-07-17T18:05:09.271Z,EUR,273857.0,,,,45163.0,45163.0,3.27,0.86,,,,27.76,6.29
base2-60,Pikachu,60,Common,Jungle,2026-07-18T08:02:56.126Z,USD,2026-07-18T08:02:59.776Z,EUR,273857.0,,,,45163.0,45163.0,3.27,0.86,,,,27.24,7.44
base2-60,Pikachu,60,Common,Jungle,2026-07-19T08:03:01.513Z,USD,2026-07-19T08:03:04.558Z,EUR,273857.0,,,,45163.0,45163.0,3.27,0.86,,,,26.83,7.62
base2-60,Pikachu,60,Common,Jungle,2026-07-20T08:03:01.365Z,USD,2026-07-20T08:03:04.811Z,EUR,273857.0,,,,45163.0,45163.0,4.16,0.86,,,,26.9,6.81
base2-60,Pikachu,60,Common,Jungle,2026-07-21T08:03:01.256Z,USD,2026-07-21T08:03:04.252Z,EUR,273857.0,,,,45163.0,45163.0,4.16,0.86,,,,26.9,6.54
base2-60,Pikachu,60,Common,Jungle,2026-07-22T08:03:03.073Z,USD,2026-07-22T08:03:06.627Z,EUR,273857.0,,,,45163.0,45163.0,4.16,0.86,,,,26.9,6.42
base2-60,Pikachu,60,Common,Jungle,2026-07-23T08:03:01.110Z,USD,2026-07-23T08:03:03.918Z,EUR,273857.0,,,,45163.0,45163.0,4.16,0.86,,,,26.94,6.1
base2-60,Pikachu,60,Common,Jungle,2026-07-24T08:03:01.522Z,USD,2026-07-24T08:03:04.300Z,EUR,273857.0,,,,45163.0,45163.0,4.16,0.86,,,,26.94,6.52
base2-60,Pikachu,60,Common,Jungle,2026-07-25T08:03:01.406Z,USD,2026-07-25T08:03:04.624Z,EUR,273857.0,,,,45163.0,45163.0,4.16,0.86,,,,26.94,6.27
base2-60,Pikachu,60,Common,Jungle,2026-07-26T08:03:02.086Z,USD,2026-07-26T08:03:04.377Z,EUR,273857.0,,,,45163.0,45163.0,94.31,0.86,,,,26.56,6.34
base2-60,Pikachu,60,Common,Jungle,2026-07-27T08:03:02.371Z,USD,2026-07-27T08:03:04.458Z,EUR,273857.0,,,,45163.0,45163.0,1.82,0.86,,,,26.54,6.25
base4-87,Pikachu,87,Common,Base Set 2,2026-07-08T18:05:06.369Z,USD,2026-07-08T18:05:10.691Z,EUR,274010.0,,42538.0,,,,2.51,2.34,2.85,,,,
base4-87,Pikachu,87,Common,Base Set 2,2026-07-09T18:05:05.056Z,USD,2026-07-09T18:05:09.065Z,EUR,274010.0,,42538.0,,,,2.51,2.34,2.85,,,,
base4-87,Pikachu,87,Common,Base Set 2,2026-07-10T18:05:05.144Z,USD,2026-07-10T18:05:08.528Z,EUR,274010.0,,42538.0,,,,2.51,2.34,2.85,,,,
base4-87,Pikachu,87,Common,Base Set 2,2026-07-11T18:05:04.962Z,USD,2026-07-11T18:05:08.252Z,EUR,274010.0,,42538.0,,,,2.51,2.34,2.82,,,,
base4-87,Pikachu,87,Common,Base Set 2,2026-07-12T18:05:06.150Z,USD,2026-07-12T18:05:08.999Z,EUR,274010.0,,42538.0,,,,2.51,2.34,2.82,,,,
base4-87,Pikachu,87,Common,Base Set 2,2026-07-13T18:05:05.120Z,USD,2026-07-13T18:05:07.846Z,EUR,274010.0,,42538.0,,,,1.39,2.34,2.82,,,,
base4-87,Pikachu,87,Common,Base Set 2,2026-07-14T18:05:04.935Z,USD,2026-07-14T18:05:08.211Z,EUR,274010.0,,42538.0,,,,1.39,2.34,2.77,,,,
base4-87,Pikachu,87,Common,Base Set 2,2026-07-15T18:05:04.950Z,USD,2026-07-15T18:05:08.182Z,EUR,274010.0,,42538.0,,,,1.39,2.34,2.77,,,,
base4-87,Pikachu,87,Common,Base Set 2,2026-07-16T18:05:04.998Z,USD,2026-07-16T18:05:08.631Z,EUR,274010.0,,42538.0,,,,1.39,2.34,2.77,,,,
base4-87,Pikachu,87,Common,Base Set 2,2026-07-17T18:05:06.386Z,USD,2026-07-17T18:05:09.271Z,EUR,274010.0,,42538.0,,,,1.39,2.34,2.77,,,,
base4-87,Pikachu,87,Common,Base Set 2,2026-07-18T08:02:56.148Z,USD,2026-07-18T08:02:59.776Z,EUR,274010.0,,42538.0,,,,1.39,2.34,2.77,,,,
base4-87,Pikachu,87,Common,Base Set 2,2026-07-19T08:03:01.522Z,USD,2026-07-19T08:03:04.658Z,EUR,274010.0,,42538.0,,,,1.39,2.34,2.77,,,,
base4-87,Pikachu,87,Common,Base Set 2,2026-07-20T08:03:01.373Z,USD,2026-07-20T08:03:04.811Z,EUR,274010.0,,42538.0,,,,2.28,2.34,2.76,,,,
base4-87,Pikachu,87,Common,Base Set 2,2026-07-21T08:03:01.262Z,USD,2026-07-21T08:03:04.252Z,EUR,274010.0,,42538.0,,,,2.28,2.34,2.73,,,,
base4-87,Pikachu,87,Common,Base Set 2,2026-07-22T08:03:03.105Z,USD,2026-07-22T08:03:06.627Z,EUR,274010.0,,42538.0,,,,2.28,2.34,2.67,,,,
base4-87,Pikachu,87,Common,Base Set 2,2026-07-23T08:03:01.121Z,USD,2026-07-23T08:03:03.918Z,EUR,274010.0,,42538.0,,,,2.28,2.34,2.73,,,,
base4-87,Pikachu,87,Common,Base Set 2,2026-07-24T08:03:01.530Z,USD,2026-07-24T08:03:04.300Z,EUR,274010.0,,42538.0,,,,2.28,2.34,2.7,,,,
base4-87,Pikachu,87,Common,Base Set 2,2026-07-25T08:03:01.414Z,USD,2026-07-25T08:03:04.397Z,EUR,274010.0,,42538.0,,,,2.28,2.34,2.78,,,,
base4-87,Pikachu,87,Common,Base Set 2,2026-07-26T08:03:02.106Z,USD,2026-07-26T08:03:04.571Z,EUR,274010.0,,42538.0,,,,45.75,2.34,2.82,,,,
base4-87,Pikachu,87,Common,Base Set 2,2026-07-27T08:03:02.381Z,USD,2026-07-27T08:03:04.705Z,EUR,274010.0,,42538.0,,,,3.14,2.34,2.81,,,,
bw1-115,Pikachu,115,Secret Rare,Black & White,2026-07-08T18:05:07.015Z,USD,2026-07-08T18:05:11.087Z,EUR,279853.0,88101.0,,,,,188.1,4.56,,136.25,,,
bw1-115,Pikachu,115,Secret Rare,Black & White,2026-07-09T18:05:06.241Z,USD,2026-07-09T18:05:09.065Z,EUR,279853.0,88101.0,,,,,188.1,4.56,,136.25,,,
bw1-115,Pikachu,115,Secret Rare,Black & White,2026-07-10T18:05:05.940Z,USD,2026-07-10T18:05:08.528Z,EUR,279853.0,88101.0,,,,,188.1,4.56,,136.25,,,
bw1-115,Pikachu,115,Secret Rare,Black & White,2026-07-11T18:05:05.621Z,USD,2026-07-11T18:05:07.832Z,EUR,279853.0,88101.0,,,,,188.1,4.56,,136.25,,,
bw1-115,Pikachu,115,Secret Rare,Black & White,2026-07-12T18:05:06.908Z,USD,2026-07-12T18:05:09.193Z,EUR,279853.0,88101.0,,,,,188.1,4.56,,136.25,,,
bw1-115,Pikachu,115,Secret Rare,Black & White,2026-07-13T18:05:05.826Z,USD,2026-07-13T18:05:07.846Z,EUR,279853.0,88101.0,,,,,188.1,4.56,,136.25,,,
bw1-115,Pikachu,115,Secret Rare,Black & White,2026-07-14T18:05:05.570Z,USD,2026-07-14T18:05:07.978Z,EUR,279853.0,88101.0,,,,,188.1,4.56,,136.25,,,
bw1-115,Pikachu,115,Secret Rare,Black & White,2026-07-15T18:05:05.619Z,USD,2026-07-15T18:05:08.182Z,EUR,279853.0,88101.0,,,,,188.1,4.56,,136.25,,,
bw1-115,Pikachu,115,Secret Rare,Black & White,2026-07-16T18:05:05.675Z,USD,2026-07-16T18:05:08.253Z,EUR,279853.0,88101.0,,,,,188.1,4.56,,136.25,,,
bw1-115,Pikachu,115,Secret Rare,Black & White,2026-07-17T18:05:06.947Z,USD,2026-07-17T18:05:09.396Z,EUR,279853.0,88101.0,,,,,188.1,4.56,,139.44,,,
bw1-115,Pikachu,115,Secret Rare,Black & White,2026-07-18T08:02:56.605Z,USD,2026-07-18T08:02:59.361Z,EUR,279853.0,88101.0,,,,,188.1,4.56,,139.44,,,
bw1-115,Pikachu,115,Secret Rare,Black & White,2026-07-19T08:03:02.009Z,USD,2026-07-19T08:03:04.558Z,EUR,279853.0,88101.0,,,,,188.1,4.56,,139.44,,,
bw1-115,Pikachu,115,Secret Rare,Black & White,2026-07-20T08:03:01.884Z,USD,2026-07-20T08:03:04.811Z,EUR,279853.0,88101.0,,,,,107.73,4.56,,139.44,,,
bw1-115,Pikachu,115,Secret Rare,Black & White,2026-07-21T08:03:01.790Z,USD,2026-07-21T08:03:04.252Z,EUR,279853.0,88101.0,,,,,107.73,4.56,,139.44,,,
bw1-115,Pikachu,115,Secret Rare,Black & White,2026-07-22T08:03:03.634Z,USD,2026-07-22T08:03:06.471Z,EUR,279853.0,88101.0,,,,,107.73,4.56,,139.44,,,
bw1-115,Pikachu,115,Secret Rare,Black & White,2026-07-23T08:03:01.542Z,USD,2026-07-23T08:03:03.918Z,EUR,279853.0,88101.0,,,,,107.73,4.56,,139.44,,,
bw1-115,Pikachu,115,Secret Rare,Black & White,2026-07-24T08:03:01.951Z,USD,2026-07-24T08:03:04.300Z,EUR,279853.0,88101.0,,,,,107.73,4.56,,139.44,,,
bw1-115,Pikachu,115,Secret Rare,Black & White,2026-07-25T08:03:01.915Z,USD,2026-07-25T08:03:03.827Z,EUR,279853.0,88101.0,,,,,107.73,4.56,,139.44,,,
bw1-115,Pikachu,115,Secret Rare,Black & White,2026-07-26T08:03:21.590Z,USD,2026-07-26T08:03:04.438Z,EUR,279853.0,88101.0,,,,,79.8,4.56,,139.44,,,
bw1-115,Pikachu,115,Secret Rare,Black & White,2026-07-27T08:03:09.565Z,USD,2026-07-27T08:03:04.705Z,EUR,279853.0,88101.0,,,,,79.8,4.56,,139.44,,,
bw11-RC7,Pikachu,RC7,Uncommon,Legendary Treasures,,,2026-07-08T18:05:10.691Z,EUR,281142.0,,,,,,59.84,91.2,,,,,
bw11-RC7,Pikachu,RC7,Uncommon,Legendary Treasures,,,2026-07-09T18:05:09.065Z,EUR,281142.0,,,,,,59.84,91.2,,,,,
bw11-RC7,Pikachu,RC7,Uncommon,Legendary Treasures,,,2026-07-10T18:05:08.528Z,EUR,281142.0,,,,,,68.4,91.2,,,,,
bw11-RC7,Pikachu,RC7,Uncommon,Legendary Treasures,,,2026-07-11T18:05:08.177Z,EUR,281142.0,,,,,,68.4,91.2,,,,,
bw11-RC7,Pikachu,RC7,Uncommon,Legendary Treasures,,,2026-07-12T18:05:09.193Z,EUR,281142.0,,,,,,68.4,91.2,,,,,
bw11-RC7,Pikachu,RC7,Uncommon,Legendary Treasures,,,2026-07-13T18:05:07.999Z,EUR,281142.0,,,,,,68.4,91.2,,,,,
bw11-RC7,Pikachu,RC7,Uncommon,Legendary Treasures,,,2026-07-14T18:05:08.458Z,EUR,281142.0,,,,,,68.4,91.2,,,,,
bw11-RC7,Pikachu,RC7,Uncommon,Legendary Treasures,,,2026-07-15T18:05:08.182Z,EUR,281142.0,,,,,,68.4,91.2,,,,,
bw11-RC7,Pikachu,RC7,Uncommon,Legendary Treasures,,,2026-07-16T18:05:08.253Z,EUR,281142.0,,,,,,68.4,91.2,,,,,
bw11-RC7,Pikachu,RC7,Uncommon,Legendary Treasures,,,2026-07-17T18:05:09.396Z,EUR,281142.0,,,,,,68.4,91.2,,,,,
bw11-RC7,Pikachu,RC7,Uncommon,Legendary Treasures,,,2026-07-18T08:02:59.776Z,EUR,281142.0,,,,,,68.4,91.2,,,,,
bw11-RC7,Pikachu,RC7,Uncommon,Legendary Treasures,,,2026-07-19T08:03:04.658Z,EUR,281142.0,,,,,,68.4,91.2,,,,,
bw11-RC7,Pikachu,RC7,Uncommon,Legendary Treasures,,,2026-07-20T08:03:04.265Z,EUR,281142.0,,,,,,83.22,51.19,,,,,
bw11-RC7,Pikachu,RC7,Uncommon,Legendary Treasures,,,2026-07-21T08:03:04.252Z,EUR,281142.0,,,,,,83.22,51.19,,,,,
bw11-RC7,Pikachu,RC7,Uncommon,Legendary Treasures,,,2026-07-22T08:03:06.471Z,EUR,281142.0,,,,,,83.22,51.19,,,,,
bw11-RC7,Pikachu,RC7,Uncommon,Legendary Treasures,,,2026-07-23T08:03:03.918Z,EUR,281142.0,,,,,,83.22,51.19,,,,,
bw11-RC7,Pikachu,RC7,Uncommon,Legendary Treasures,,,2026-07-24T08:03:04.300Z,EUR,281142.0,,,,,,83.22,51.19,,,,,
bw11-RC7,Pikachu,RC7,Uncommon,Legendary Treasures,,,2026-07-25T08:03:04.397Z,EUR,281142.0,,,,,,83.22,51.19,,,,,
bw11-RC7,Pikachu,RC7,Uncommon,Legendary Treasures,,,2026-07-26T08:03:04.532Z,EUR,281142.0,,,,,,28.49,91.2,,,,,
bw11-RC7,Pikachu,RC7,Uncommon,Legendary Treasures,,,2026-07-27T08:03:04.705Z,EUR,281142.0,,,,,,11.4,91.2,,,,,
bw4-39,Pikachu,39,Common,Next Destinies,2026-07-08T18:05:07.043Z,USD,2026-07-08T18:05:10.078Z,EUR,280264.0,,88102.0,88102.0,,,2.94,39.89,5.45,,24.13,,
bw4-39,Pikachu,39,Common,Next Destinies,2026-07-09T18:05:06.281Z,USD,2026-07-09T18:05:09.065Z,EUR,280264.0,,88102.0,88102.0,,,4.32,39.89,5.45,,24.13,,
bw4-39,Pikachu,39,Common,Next Destinies,2026-07-10T18:05:05.953Z,USD,2026-07-10T18:05:08.528Z,EUR,280264.0,,88102.0,88102.0,,,4.32,39.89,5.5,,24.13,,
bw4-39,Pikachu,39,Common,Next Destinies,2026-07-11T18:05:05.638Z,USD,2026-07-11T18:05:08.177Z,EUR,280264.0,,88102.0,88102.0,,,4.32,39.89,5.5,,24.13,,
bw4-39,Pikachu,39,Common,Next Destinies,2026-07-12T18:05:06.921Z,USD,2026-07-12T18:05:18.426Z,EUR,280264.0,,88102.0,88102.0,,,4.32,39.89,5.5,,24.13,,
bw4-39,Pikachu,39,Common,Next Destinies,2026-07-13T18:05:05.843Z,USD,2026-07-13T18:05:07.901Z,EUR,280264.0,,88102.0,88102.0,,,1.39,39.89,5.5,,24.13,,
bw4-39,Pikachu,39,Common,Next Destinies,2026-07-14T18:05:05.591Z,USD,2026-07-14T18:05:08.086Z,EUR,280264.0,,88102.0,88102.0,,,1.39,39.89,5.4,,24.13,,
bw4-39,Pikachu,39,Common,Next Destinies,2026-07-15T18:05:05.633Z,USD,2026-07-15T18:05:08.182Z,EUR,280264.0,,88102.0,88102.0,,,1.39,39.89,5.4,,24.13,,
bw4-39,Pikachu,39,Common,Next Destinies,2026-07-16T18:05:05.687Z,USD,2026-07-16T18:05:08.165Z,EUR,280264.0,,88102.0,88102.0,,,1.39,39.89,5.12,,24.13,,
bw4-39,Pikachu,39,Common,Next Destinies,2026-07-17T18:05:06.989Z,USD,2026-07-17T18:05:09.271Z,EUR,280264.0,,88102.0,88102.0,,,1.39,39.89,5.12,,24.13,,
bw4-39,Pikachu,39,Common,Next Destinies,2026-07-18T08:02:56.652Z,USD,2026-07-18T08:02:59.361Z,EUR,280264.0,,88102.0,88102.0,,,1.39,39.89,5.12,,24.13,,
bw4-39,Pikachu,39,Common,Next Destinies,2026-07-19T08:03:02.028Z,USD,2026-07-19T08:03:04.558Z,EUR,280264.0,,88102.0,88102.0,,,1.39,39.89,4.93,,24.35,,
bw4-39,Pikachu,39,Common,Next Destinies,2026-07-20T08:03:01.906Z,USD,2026-07-20T08:03:04.265Z,EUR,280264.0,,88102.0,88102.0,,,0.11,4.56,4.98,,24.35,,
bw4-39,Pikachu,39,Common,Next Destinies,2026-07-21T08:03:01.828Z,USD,2026-07-21T08:03:04.252Z,EUR,280264.0,,88102.0,88102.0,,,0.11,4.56,4.98,,24.35,,
bw4-39,Pikachu,39,Common,Next Destinies,2026-07-22T08:03:03.656Z,USD,2026-07-22T08:03:06.558Z,EUR,280264.0,,88102.0,88102.0,,,0.11,4.56,4.98,,24.35,,
bw4-39,Pikachu,39,Common,Next Destinies,2026-07-23T08:03:01.567Z,USD,2026-07-23T08:03:03.918Z,EUR,280264.0,,88102.0,88102.0,,,0.11,4.56,4.98,,24.35,,
bw4-39,Pikachu,39,Common,Next Destinies,2026-07-24T08:03:01.976Z,USD,2026-07-24T08:03:04.550Z,EUR,280264.0,,88102.0,88102.0,,,0.11,4.56,5.05,,24.35,,
bw4-39,Pikachu,39,Common,Next Destinies,2026-07-25T08:03:01.940Z,USD,2026-07-25T08:03:04.397Z,EUR,280264.0,,88102.0,88102.0,,,0.11,4.56,5.05,,24.35,,
bw4-39,Pikachu,39,Common,Next Destinies,2026-07-26T08:03:21.648Z,USD,2026-07-26T08:03:04.571Z,EUR,280264.0,,88102.0,88102.0,,,1.79,1.37,5.05,,24.35,,
bw4-39,Pikachu,39,Common,Next Destinies,2026-07-27T08:03:12.663Z,USD,2026-07-27T08:03:04.705Z,EUR,280264.0,,88102.0,88102.0,,,1.79,1.37,5.1,,24.35,,
bw7-50,Pikachu,50,Common,Boundaries Crossed,2026-07-08T18:05:07.060Z,USD,2026-07-08T18:05:10.691Z,EUR,280637.0,,88103.0,88103.0,,,2.11,11.4,2.98,,30.49,,
bw7-50,Pikachu,50,Common,Boundaries Crossed,2026-07-09T18:05:06.304Z,USD,2026-07-09T18:05:09.065Z,EUR,280637.0,,88103.0,88103.0,,,3.56,11.4,3.06,,30.49,,
bw7-50,Pikachu,50,Common,Boundaries Crossed,2026-07-10T18:05:05.973Z,USD,2026-07-10T18:05:08.528Z,EUR,280637.0,,88103.0,88103.0,,,4.56,11.4,2.99,,30.49,,
bw7-50,Pikachu,50,Common,Boundaries Crossed,2026-07-11T18:05:05.649Z,USD,2026-07-11T18:05:08.177Z,EUR,280637.0,,88103.0,88103.0,,,4.56,11.4,2.97,,30.49,,
bw7-50,Pikachu,50,Common,Boundaries Crossed,2026-07-12T18:05:06.936Z,USD,2026-07-12T18:05:18.426Z,EUR,280637.0,,88103.0,88103.0,,,4.56,11.4,2.83,,30.49,,
bw7-50,Pikachu,50,Common,Boundaries Crossed,2026-07-13T18:05:05.856Z,USD,2026-07-13T18:05:07.999Z,EUR,280637.0,,88103.0,88103.0,,,9.67,11.4,2.84,,30.49,,
bw7-50,Pikachu,50,Common,Boundaries Crossed,2026-07-14T18:05:05.610Z,USD,2026-07-14T18:05:07.978Z,EUR,280637.0,,88103.0,88103.0,,,9.67,11.4,2.84,,30.49,,
bw7-50,Pikachu,50,Common,Boundaries Crossed,2026-07-15T18:05:05.643Z,USD,2026-07-15T18:05:08.182Z,EUR,280637.0,,88103.0,88103.0,,,9.67,11.4,2.83,,30.49,,
bw7-50,Pikachu,50,Common,Boundaries Crossed,2026-07-16T18:05:05.696Z,USD,2026-07-16T18:05:08.338Z,EUR,280637.0,,88103.0,88103.0,,,9.67,11.4,2.83,,30.49,,
bw7-50,Pikachu,50,Common,Boundaries Crossed,2026-07-17T18:05:07.011Z,USD,2026-07-17T18:05:09.396Z,EUR,280637.0,,88103.0,88103.0,,,9.67,11.4,2.83,,31.68,,
bw7-50,Pikachu,50,Common,Boundaries Crossed,2026-07-18T08:02:56.662Z,USD,2026-07-18T08:02:59.776Z,EUR,280637.0,,88103.0,88103.0,,,9.67,11.4,2.87,,31.68,,
bw7-50,Pikachu,50,Common,Boundaries Crossed,2026-07-19T08:03:02.046Z,USD,2026-07-19T08:03:04.558Z,EUR,280637.0,,88103.0,88103.0,,,9.67,11.4,2.97,,31.68,,
bw7-50,Pikachu,50,Common,Boundaries Crossed,2026-07-20T08:03:01.923Z,USD,2026-07-20T08:03:04.811Z,EUR,280637.0,,88103.0,88103.0,,,2.84,11.4,2.97,,31.68,,
bw7-50,Pikachu,50,Common,Boundaries Crossed,2026-07-21T08:03:01.864Z,USD,2026-07-21T08:03:04.252Z,EUR,280637.0,,88103.0,88103.0,,,2.84,11.4,2.98,,31.68,,
bw7-50,Pikachu,50,Common,Boundaries Crossed,2026-07-22T08:03:03.674Z,USD,2026-07-22T08:03:06.627Z,EUR,280637.0,,88103.0,88103.0,,,2.84,11.4,2.99,,31.68,,
bw7-50,Pikachu,50,Common,Boundaries Crossed,2026-07-23T08:03:01.594Z,USD,2026-07-23T08:03:03.918Z,EUR,280637.0,,88103.0,88103.0,,,2.84,11.4,3.0,,31.68,,
bw7-50,Pikachu,50,Common,Boundaries Crossed,2026-07-24T08:03:01.997Z,USD,2026-07-24T08:03:04.300Z,EUR,280637.0,,88103.0,88103.0,,,2.84,11.4,3.04,,31.68,,
bw7-50,Pikachu,50,Common,Boundaries Crossed,2026-07-25T08:03:01.961Z,USD,2026-07-25T08:03:04.397Z,EUR,280637.0,,88103.0,88103.0,,,2.84,11.4,3.02,,31.68,,
bw7-50,Pikachu,50,Common,Boundaries Crossed,2026-07-26T08:03:21.707Z,USD,2026-07-26T08:03:04.571Z,EUR,280637.0,,88103.0,88103.0,,,1.72,34.19,3.02,,31.68,,
bw7-50,Pikachu,50,Common,Boundaries Crossed,2026-07-27T08:03:13.852Z,USD,2026-07-27T08:03:04.458Z,EUR,280637.0,,88103.0,88103.0,,,1.72,34.19,3.05,,31.68,,
cel25-24A,_____'s Pikachu,24A,Classic Collection,Celebrations,,,2026-07-08T18:05:10.078Z,EUR,576778.0,,,,,,37.62,,,,,,
cel25-24A,_____'s Pikachu,24A,Classic Collection,Celebrations,,,2026-07-09T18:05:09.065Z,EUR,576778.0,,,,,,36.89,,,,,,
cel25-24A,_____'s Pikachu,24A,Classic Collection,Celebrations,,,2026-07-10T18:05:08.528Z,EUR,576778.0,,,,,,38.1,,,,,,
cel25-24A,_____'s Pikachu,24A,Classic Collection,Celebrations,,,2026-07-11T18:05:08.177Z,EUR,576778.0,,,,,,38.1,,,,,,
cel25-24A,_____'s Pikachu,24A,Classic Collection,Celebrations,,,2026-07-12T18:05:18.426Z,EUR,576778.0,,,,,,38.1,,,,,,
cel25-24A,_____'s Pikachu,24A,Classic Collection,Celebrations,,,2026-07-13T18:05:07.999Z,EUR,576778.0,,,,,,38.47,,,,,,
cel25-24A,_____'s Pikachu,24A,Classic Collection,Celebrations,,,2026-07-14T18:05:08.211Z,EUR,576778.0,,,,,,38.47,,,,,,
cel25-24A,_____'s Pikachu,24A,Classic Collection,Celebrations,,,2026-07-15T18:05:08.182Z,EUR,576778.0,,,,,,38.47,,,,,,
cel25-24A,_____'s Pikachu,24A,Classic Collection,Celebrations,,,2026-07-16T18:05:08.338Z,EUR,576778.0,,,,,,38.47,,,,,,
cel25-24A,_____'s Pikachu,24A,Classic Collection,Celebrations,,,2026-07-17T18:05:09.271Z,EUR,576778.0,,,,,,38.47,,,,,,
cel25-5,Pikachu,5,Holo Rare,Celebrations,2026-07-08T18:05:07.348Z,USD,2026-07-08T18:05:10.078Z,EUR,576750.0,250303.0,,,,,5.2,,,5.65,,,
cel25-5,Pikachu,5,Holo Rare,Celebrations,2026-07-09T18:05:06.560Z,USD,2026-07-09T18:05:09.065Z,EUR,576750.0,250303.0,,,,,5.19,,,5.93,,,
cel25-5,Pikachu,5,Holo Rare,Celebrations,2026-07-10T18:05:06.189Z,USD,2026-07-10T18:05:08.528Z,EUR,576750.0,250303.0,,,,,5.45,,,6.07,,,
cel25-5,Pikachu,5,Holo Rare,Celebrations,2026-07-11T18:05:05.818Z,USD,2026-07-11T18:05:08.177Z,EUR,576750.0,250303.0,,,,,5.45,,,5.94,,,
cel25-5,Pikachu,5,Holo Rare,Celebrations,2026-07-12T18:05:07.137Z,USD,2026-07-12T18:05:18.426Z,EUR,576750.0,250303.0,,,,,5.45,,,5.86,,,
cel25-5,Pikachu,5,Holo Rare,Celebrations,2026-07-13T18:05:06.161Z,USD,2026-07-13T18:05:07.999Z,EUR,576750.0,250303.0,,,,,5.11,,,6.25,,,
cel25-5,Pikachu,5,Holo Rare,Celebrations,2026-07-14T18:05:05.876Z,USD,2026-07-14T18:05:08.458Z,EUR,576750.0,250303.0,,,,,5.11,,,6.08,,,
cel25-5,Pikachu,5,Holo Rare,Celebrations,2026-07-15T18:05:05.834Z,USD,2026-07-15T18:05:08.182Z,EUR,576750.0,250303.0,,,,,5.11,,,5.77,,,
cel25-5,Pikachu,5,Holo Rare,Celebrations,2026-07-16T18:05:05.856Z,USD,2026-07-16T18:05:08.338Z,EUR,576750.0,250303.0,,,,,5.11,,,5.6,,,
cel25-5,Pikachu,5,Holo Rare,Celebrations,2026-07-17T18:05:07.245Z,USD,2026-07-17T18:05:09.271Z,EUR,576750.0,250303.0,,,,,5.11,,,5.8,,,
cel25-5,Pikachu,5,Holo Rare,Celebrations,2026-07-18T08:02:56.888Z,USD,2026-07-18T08:02:59.776Z,EUR,576750.0,250303.0,,,,,5.11,,,5.5,,,
cel25-5,Pikachu,5,Holo Rare,Celebrations,2026-07-19T08:03:02.248Z,USD,2026-07-19T08:03:04.658Z,EUR,576750.0,250303.0,,,,,5.11,,,5.92,,,
cel25-5,Pikachu,5,Holo Rare,Celebrations,2026-07-20T08:03:02.106Z,USD,2026-07-20T08:03:04.265Z,EUR,576750.0,250303.0,,,,,5.31,,,5.7,,,
cel25-5,Pikachu,5,Holo Rare,Celebrations,2026-07-21T08:03:02.170Z,USD,2026-07-21T08:03:04.252Z,EUR,576750.0,250303.0,,,,,5.31,,,5.42,,,
cel25-5,Pikachu,5,Holo Rare,Celebrations,2026-07-22T08:03:03.984Z,USD,2026-07-22T08:03:06.471Z,EUR,576750.0,250303.0,,,,,5.31,,,5.67,,,
cel25-5,Pikachu,5,Holo Rare,Celebrations,2026-07-23T08:03:01.823Z,USD,2026-07-23T08:03:03.918Z,EUR,576750.0,250303.0,,,,,5.31,,,5.64,,,
cel25-5,Pikachu,5,Holo Rare,Celebrations,2026-07-24T08:03:02.189Z,USD,2026-07-24T08:03:04.550Z,EUR,576750.0,250303.0,,,,,5.31,,,5.56,,,
cel25-5,Pikachu,5,Holo Rare,Celebrations,2026-07-25T08:03:02.182Z,USD,2026-07-25T08:03:04.302Z,EUR,576750.0,250303.0,,,,,5.31,,,5.74,,,
cel25-5,Pikachu,5,Holo Rare,Celebrations,2026-07-26T08:03:32.661Z,USD,2026-07-26T08:03:04.532Z,EUR,576750.0,250303.0,,,,,4.73,,,5.3,,,
cel25-5,Pikachu,5,Holo Rare,Celebrations,2026-07-27T08:03:31.271Z,USD,2026-07-27T08:03:04.705Z,EUR,576750.0,250303.0,,,,,5.36,,,5.48,,,
cel25-6,Flying Pikachu V,6,Holo Rare V,Celebrations,2026-07-08T18:05:07.348Z,USD,2026-07-08T18:05:10.691Z,EUR,576751.0,250304.0,,,,,3.97,,,4.47,,,
cel25-6,Flying Pikachu V,6,Holo Rare V,Celebrations,2026-07-09T18:05:06.560Z,USD,2026-07-09T18:05:09.065Z,EUR,576751.0,250304.0,,,,,3.61,,,4.6,,,
cel25-6,Flying Pikachu V,6,Holo Rare V,Celebrations,2026-07-10T18:05:06.189Z,USD,2026-07-10T18:05:08.528Z,EUR,576751.0,250304.0,,,,,4.29,,,4.43,,,
cel25-6,Flying Pikachu V,6,Holo Rare V,Celebrations,2026-07-11T18:05:05.818Z,USD,2026-07-11T18:05:08.252Z,EUR,576751.0,250304.0,,,,,4.29,,,4.53,,,
cel25-6,Flying Pikachu V,6,Holo Rare V,Celebrations,2026-07-12T18:05:07.137Z,USD,2026-07-12T18:05:18.426Z,EUR,576751.0,250304.0,,,,,4.29,,,3.71,,,
cel25-6,Flying Pikachu V,6,Holo Rare V,Celebrations,2026-07-13T18:05:06.161Z,USD,2026-07-13T18:05:07.999Z,EUR,576751.0,250304.0,,,,,3.63,,,3.89,,,
cel25-6,Flying Pikachu V,6,Holo Rare V,Celebrations,2026-07-14T18:05:05.876Z,USD,2026-07-14T18:05:08.211Z,EUR,576751.0,250304.0,,,,,3.63,,,3.85,,,
cel25-6,Flying Pikachu V,6,Holo Rare V,Celebrations,2026-07-15T18:05:05.834Z,USD,2026-07-15T18:05:08.182Z,EUR,576751.0,250304.0,,,,,3.63,,,4.06,,,
cel25-6,Flying Pikachu V,6,Holo Rare V,Celebrations,2026-07-16T18:05:05.856Z,USD,2026-07-16T18:05:08.298Z,EUR,576751.0,250304.0,,,,,3.63,,,3.86,,,
cel25-6,Flying Pikachu V,6,Holo Rare V,Celebrations,2026-07-17T18:05:07.245Z,USD,2026-07-17T18:05:09.271Z,EUR,576751.0,250304.0,,,,,3.63,,,4.02,,,
cel25-6,Flying Pikachu V,6,Holo Rare V,Celebrations,2026-07-18T08:02:56.888Z,USD,2026-07-18T08:02:59.776Z,EUR,576751.0,250304.0,,,,,3.63,,,4.11,,,
cel25-6,Flying Pikachu V,6,Holo Rare V,Celebrations,2026-07-19T08:03:02.248Z,USD,2026-07-19T08:03:04.658Z,EUR,576751.0,250304.0,,,,,3.63,,,4.37,,,
cel25-6,Flying Pikachu V,6,Holo Rare V,Celebrations,2026-07-20T08:03:02.106Z,USD,2026-07-20T08:03:04.265Z,EUR,576751.0,250304.0,,,,,3.59,,,4.16,,,
cel25-6,Flying Pikachu V,6,Holo Rare V,Celebrations,2026-07-21T08:03:02.170Z,USD,2026-07-21T08:03:04.252Z,EUR,576751.0,250304.0,,,,,3.59,,,4.13,,,
cel25-6,Flying Pikachu V,6,Holo Rare V,Celebrations,2026-07-22T08:03:03.984Z,USD,2026-07-22T08:03:06.558Z,EUR,576751.0,250304.0,,,,,3.59,,,4.13,,,
cel25-6,Flying Pikachu V,6,Holo Rare V,Celebrations,2026-07-23T08:03:01.823Z,USD,2026-07-23T08:03:03.918Z,EUR,576751.0,250304.0,,,,,3.59,,,4.09,,,
cel25-6,Flying Pikachu V,6,Holo Rare V,Celebrations,2026-07-24T08:03:02.189Z,USD,2026-07-24T08:03:04.550Z,EUR,576751.0,250304.0,,,,,3.59,,,4.52,,,
cel25-6,Flying Pikachu V,6,Holo Rare V,Celebrations,2026-07-25T08:03:02.182Z,USD,2026-07-25T08:03:04.397Z,EUR,576751.0,250304.0,,,,,3.59,,,4.07,,,
cel25-6,Flying Pikachu V,6,Holo Rare V,Celebrations,2026-07-26T08:03:32.661Z,USD,2026-07-26T08:03:04.532Z,EUR,576751.0,250304.0,,,,,3.68,,,4.09,,,
cel25-6,Flying Pikachu V,6,Holo Rare V,Celebrations,2026-07-27T08:03:31.271Z,USD,2026-07-27T08:03:04.458Z,EUR,576751.0,250304.0,,,,,2.74,,,4.3,,,
cel25-7,Flying Pikachu VMAX,7,Holo Rare VMAX,Celebrations,2026-07-08T18:05:07.348Z,USD,2026-07-08T18:05:10.691Z,EUR,576752.0,250305.0,,,,,6.35,,,6.98,,,
cel25-7,Flying Pikachu VMAX,7,Holo Rare VMAX,Celebrations,2026-07-09T18:05:06.560Z,USD,2026-07-09T18:05:09.065Z,EUR,576752.0,250305.0,,,,,5.13,,,7.44,,,
cel25-7,Flying Pikachu VMAX,7,Holo Rare VMAX,Celebrations,2026-07-10T18:05:06.189Z,USD,2026-07-10T18:05:08.528Z,EUR,576752.0,250305.0,,,,,9.27,,,7.77,,,
cel25-7,Flying Pikachu VMAX,7,Holo Rare VMAX,Celebrations,2026-07-11T18:05:05.818Z,USD,2026-07-11T18:05:08.252Z,EUR,576752.0,250305.0,,,,,9.27,,,7.87,,,
cel25-7,Flying Pikachu VMAX,7,Holo Rare VMAX,Celebrations,2026-07-12T18:05:07.137Z,USD,2026-07-12T18:05:18.426Z,EUR,576752.0,250305.0,,,,,9.27,,,7.72,,,
cel25-7,Flying Pikachu VMAX,7,Holo Rare VMAX,Celebrations,2026-07-13T18:05:06.161Z,USD,2026-07-13T18:05:07.999Z,EUR,576752.0,250305.0,,,,,6.06,,,7.2,,,
cel25-7,Flying Pikachu VMAX,7,Holo Rare VMAX,Celebrations,2026-07-14T18:05:05.876Z,USD,2026-07-14T18:05:08.458Z,EUR,576752.0,250305.0,,,,,6.06,,,7.85,,,
cel25-7,Flying Pikachu VMAX,7,Holo Rare VMAX,Celebrations,2026-07-15T18:05:05.834Z,USD,2026-07-15T18:05:08.182Z,EUR,576752.0,250305.0,,,,,6.06,,,7.32,,,
cel25-7,Flying Pikachu VMAX,7,Holo Rare VMAX,Celebrations,2026-07-16T18:05:05.856Z,USD,2026-07-16T18:05:08.631Z,EUR,576752.0,250305.0,,,,,6.06,,,7.36,,,
cel25-7,Flying Pikachu VMAX,7,Holo Rare VMAX,Celebrations,2026-07-17T18:05:07.245Z,USD,2026-07-17T18:05:09.271Z,EUR,576752.0,250305.0,,,,,6.06,,,7.66,,,
cel25-7,Flying Pikachu VMAX,7,Holo Rare VMAX,Celebrations,2026-07-18T08:02:56.888Z,USD,2026-07-18T08:02:59.776Z,EUR,576752.0,250305.0,,,,,6.06,,,7.23,,,
cel25-7,Flying Pikachu VMAX,7,Holo Rare VMAX,Celebrations,2026-07-19T08:03:02.248Z,USD,2026-07-19T08:03:04.658Z,EUR,576752.0,250305.0,,,,,6.06,,,7.43,,,
cel25-7,Flying Pikachu VMAX,7,Holo Rare VMAX,Celebrations,2026-07-20T08:03:02.106Z,USD,2026-07-20T08:03:04.811Z,EUR,576752.0,250305.0,,,,,6.4,,,7.32,,,
cel25-7,Flying Pikachu VMAX,7,Holo Rare VMAX,Celebrations,2026-07-21T08:03:02.170Z,USD,2026-07-21T08:03:04.252Z,EUR,576752.0,250305.0,,,,,6.4,,,6.99,,,
cel25-7,Flying Pikachu VMAX,7,Holo Rare VMAX,Celebrations,2026-07-22T08:03:03.984Z,USD,2026-07-22T08:03:06.558Z,EUR,576752.0,250305.0,,,,,6.4,,,7.24,,,
cel25-7,Flying Pikachu VMAX,7,Holo Rare VMAX,Celebrations,2026-07-23T08:03:01.823Z,USD,2026-07-23T08:03:03.918Z,EUR,576752.0,250305.0,,,,,6.4,,,7.76,,,
cel25-7,Flying Pikachu VMAX,7,Holo Rare VMAX,Celebrations,2026-07-24T08:03:02.189Z,USD,2026-07-24T08:03:04.550Z,EUR,576752.0,250305.0,,,,,6.4,,,7.77,,,
cel25-7,Flying Pikachu VMAX,7,Holo Rare VMAX,Celebrations,2026-07-25T08:03:02.182Z,USD,2026-07-25T08:03:04.397Z,EUR,576752.0,250305.0,,,,,6.4,,,7.75,,,
cel25-7,Flying Pikachu VMAX,7,Holo Rare VMAX,Celebrations,2026-07-26T08:03:32.661Z,USD,2026-07-26T08:03:04.571Z,EUR,576752.0,250305.0,,,,,6.52,,,7.53,,,
cel25-7,Flying Pikachu VMAX,7,Holo Rare VMAX,Celebrations,2026-07-27T08:03:31.271Z,USD,2026-07-27T08:03:04.458Z,EUR,576752.0,250305.0,,,,,7.28,,,7.5,,,
cel25-8,Surfing Pikachu V,8,Holo Rare V,Celebrations,2026-07-08T18:05:07.348Z,USD,2026-07-08T18:05:10.691Z,EUR,576753.0,250306.0,,,,,3.69,,,5.23,,,
cel25-8,Surfing Pikachu V,8,Holo Rare V,Celebrations,2026-07-09T18:05:06.560Z,USD,2026-07-09T18:05:09.065Z,EUR,576753.0,250306.0,,,,,3.51,,,5.32,,,
cel25-8,Surfing Pikachu V,8,Holo Rare V,Celebrations,2026-07-10T18:05:06.189Z,USD,2026-07-10T18:05:08.528Z,EUR,576753.0,250306.0,,,,,4.12,,,5.33,,,
cel25-8,Surfing Pikachu V,8,Holo Rare V,Celebrations,2026-07-11T18:05:05.818Z,USD,2026-07-11T18:05:08.177Z,EUR,576753.0,250306.0,,,,,4.12,,,5.27,,,
cel25-8,Surfing Pikachu V,8,Holo Rare V,Celebrations,2026-07-12T18:05:07.137Z,USD,2026-07-12T18:05:18.426Z,EUR,576753.0,250306.0,,,,,4.12,,,4.69,,,
cel25-8,Surfing Pikachu V,8,Holo Rare V,Celebrations,2026-07-13T18:05:06.161Z,USD,2026-07-13T18:05:07.901Z,EUR,576753.0,250306.0,,,,,3.02,,,4.55,,,
cel25-8,Surfing Pikachu V,8,Holo Rare V,Celebrations,2026-07-14T18:05:05.876Z,USD,2026-07-14T18:05:08.458Z,EUR,576753.0,250306.0,,,,,3.02,,,5.11,,,
cel25-8,Surfing Pikachu V,8,Holo Rare V,Celebrations,2026-07-15T18:05:05.834Z,USD,2026-07-15T18:05:08.182Z,EUR,576753.0,250306.0,,,,,3.02,,,5.02,,,
cel25-8,Surfing Pikachu V,8,Holo Rare V,Celebrations,2026-07-16T18:05:05.856Z,USD,2026-07-16T18:05:08.298Z,EUR,576753.0,250306.0,,,,,3.02,,,4.81,,,
cel25-8,Surfing Pikachu V,8,Holo Rare V,Celebrations,2026-07-17T18:05:07.245Z,USD,2026-07-17T18:05:09.271Z,EUR,576753.0,250306.0,,,,,3.02,,,4.93,,,
cel25-8,Surfing Pikachu V,8,Holo Rare V,Celebrations,2026-07-18T08:02:56.888Z,USD,2026-07-18T08:02:59.361Z,EUR,576753.0,250306.0,,,,,3.02,,,5.03,,,
cel25-8,Surfing Pikachu V,8,Holo Rare V,Celebrations,2026-07-19T08:03:02.248Z,USD,2026-07-19T08:03:04.658Z,EUR,576753.0,250306.0,,,,,3.02,,,4.94,,,
cel25-8,Surfing Pikachu V,8,Holo Rare V,Celebrations,2026-07-20T08:03:02.106Z,USD,2026-07-20T08:03:04.265Z,EUR,576753.0,250306.0,,,,,3.55,,,4.87,,,
cel25-8,Surfing Pikachu V,8,Holo Rare V,Celebrations,2026-07-21T08:03:02.170Z,USD,2026-07-21T08:03:04.252Z,EUR,576753.0,250306.0,,,,,3.55,,,4.91,,,
cel25-8,Surfing Pikachu V,8,Holo Rare V,Celebrations,2026-07-22T08:03:03.984Z,USD,2026-07-22T08:03:06.471Z,EUR,576753.0,250306.0,,,,,3.55,,,4.65,,,
cel25-8,Surfing Pikachu V,8,Holo Rare V,Celebrations,2026-07-23T08:03:01.823Z,USD,2026-07-23T08:03:03.918Z,EUR,576753.0,250306.0,,,,,3.55,,,4.43,,,
cel25-8,Surfing Pikachu V,8,Holo Rare V,Celebrations,2026-07-24T08:03:02.189Z,USD,2026-07-24T08:03:04.550Z,EUR,576753.0,250306.0,,,,,3.55,,,4.7,,,
cel25-8,Surfing Pikachu V,8,Holo Rare V,Celebrations,2026-07-25T08:03:02.182Z,USD,2026-07-25T08:03:03.827Z,EUR,576753.0,250306.0,,,,,3.55,,,4.56,,,
cel25-8,Surfing Pikachu V,8,Holo Rare V,Celebrations,2026-07-26T08:03:32.661Z,USD,2026-07-26T08:03:04.438Z,EUR,576753.0,250306.0,,,,,3.53,,,4.57,,,
cel25-8,Surfing Pikachu V,8,Holo Rare V,Celebrations,2026-07-27T08:03:31.271Z,USD,2026-07-27T08:03:04.458Z,EUR,576753.0,250306.0,,,,,4.04,,,4.83,,,
cel25-9,Surfing Pikachu VMAX,9,Holo Rare VMAX,Celebrations,2026-07-08T18:05:07.348Z,USD,2026-07-08T18:05:10.691Z,EUR,576754.0,250307.0,,,,,6.35,,,7.34,,,
cel25-9,Surfing Pikachu VMAX,9,Holo Rare VMAX,Celebrations,2026-07-09T18:05:06.560Z,USD,2026-07-09T18:05:09.065Z,EUR,576754.0,250307.0,,,,,6.13,,,7.4,,,
cel25-9,Surfing Pikachu VMAX,9,Holo Rare VMAX,Celebrations,2026-07-10T18:05:06.189Z,USD,2026-07-10T18:05:08.528Z,EUR,576754.0,250307.0,,,,,7.23,,,7.42,,,
cel25-9,Surfing Pikachu VMAX,9,Holo Rare VMAX,Celebrations,2026-07-11T18:05:05.818Z,USD,2026-07-11T18:05:08.252Z,EUR,576754.0,250307.0,,,,,7.23,,,7.86,,,
cel25-9,Surfing Pikachu VMAX,9,Holo Rare VMAX,Celebrations,2026-07-12T18:05:07.137Z,USD,2026-07-12T18:05:18.426Z,EUR,576754.0,250307.0,,,,,7.23,,,7.8,,,
cel25-9,Surfing Pikachu VMAX,9,Holo Rare VMAX,Celebrations,2026-07-13T18:05:06.161Z,USD,2026-07-13T18:05:07.999Z,EUR,576754.0,250307.0,,,,,8.49,,,7.4,,,
cel25-9,Surfing Pikachu VMAX,9,Holo Rare VMAX,Celebrations,2026-07-14T18:05:05.876Z,USD,2026-07-14T18:05:08.458Z,EUR,576754.0,250307.0,,,,,8.49,,,7.47,,,
cel25-9,Surfing Pikachu VMAX,9,Holo Rare VMAX,Celebrations,2026-07-15T18:05:05.834Z,USD,2026-07-15T18:05:08.182Z,EUR,576754.0,250307.0,,,,,8.49,,,7.31,,,
cel25-9,Surfing Pikachu VMAX,9,Holo Rare VMAX,Celebrations,2026-07-16T18:05:05.856Z,USD,2026-07-16T18:05:08.298Z,EUR,576754.0,250307.0,,,,,8.49,,,7.68,,,
cel25-9,Surfing Pikachu VMAX,9,Holo Rare VMAX,Celebrations,2026-07-17T18:05:07.245Z,USD,2026-07-17T18:05:09.271Z,EUR,576754.0,250307.0,,,,,8.49,,,7.48,,,
cel25-9,Surfing Pikachu VMAX,9,Holo Rare VMAX,Celebrations,2026-07-18T08:02:56.888Z,USD,2026-07-18T08:02:59.776Z,EUR,576754.0,250307.0,,,,,8.49,,,7.34,,,
cel25-9,Surfing Pikachu VMAX,9,Holo Rare VMAX,Celebrations,2026-07-19T08:03:02.248Z,USD,2026-07-19T08:03:04.658Z,EUR,576754.0,250307.0,,,,,8.49,,,7.64,,,
cel25-9,Surfing Pikachu VMAX,9,Holo Rare VMAX,Celebrations,2026-07-20T08:03:02.106Z,USD,2026-07-20T08:03:04.811Z,EUR,576754.0,250307.0,,,,,6.2,,,7.59,,,
cel25-9,Surfing Pikachu VMAX,9,Holo Rare VMAX,Celebrations,2026-07-21T08:03:02.170Z,USD,2026-07-21T08:03:04.252Z,EUR,576754.0,250307.0,,,,,6.2,,,7.46,,,
cel25-9,Surfing Pikachu VMAX,9,Holo Rare VMAX,Celebrations,2026-07-22T08:03:03.984Z,USD,2026-07-22T08:03:06.471Z,EUR,576754.0,250307.0,,,,,6.2,,,7.56,,,
cel25-9,Surfing Pikachu VMAX,9,Holo Rare VMAX,Celebrations,2026-07-23T08:03:01.823Z,USD,2026-07-23T08:03:03.918Z,EUR,576754.0,250307.0,,,,,6.2,,,8.29,,,
cel25-9,Surfing Pikachu VMAX,9,Holo Rare VMAX,Celebrations,2026-07-24T08:03:02.189Z,USD,2026-07-24T08:03:04.550Z,EUR,576754.0,250307.0,,,,,6.2,,,7.96,,,
cel25-9,Surfing Pikachu VMAX,9,Holo Rare VMAX,Celebrations,2026-07-25T08:03:02.182Z,USD,2026-07-25T08:03:04.397Z,EUR,576754.0,250307.0,,,,,6.2,,,8.02,,,
cel25-9,Surfing Pikachu VMAX,9,Holo Rare VMAX,Celebrations,2026-07-26T08:03:32.661Z,USD,2026-07-26T08:03:04.571Z,EUR,576754.0,250307.0,,,,,5.96,,,8.22,,,
cel25-9,Surfing Pikachu VMAX,9,Holo Rare VMAX,Celebrations,2026-07-27T08:03:31.271Z,USD,2026-07-27T08:03:04.689Z,EUR,576754.0,250307.0,,,,,6.61,,,8.29,,,
cel25cc-CC008,_____'s Pikachu,CC008,Classic Collection,Celebrations Classic Collection,,,2026-07-18T08:02:59.776Z,EUR,576778.0,,,,,,38.47,,,,,,
cel25cc-CC008,_____'s Pikachu,CC008,Classic Collection,Celebrations Classic Collection,,,2026-07-19T08:03:04.658Z,EUR,576778.0,,,,,,38.47,,,,,,
cel25cc-CC008,_____'s Pikachu,CC008,Classic Collection,Celebrations Classic Collection,,,2026-07-20T08:03:04.811Z,EUR,576778.0,,,,,,28.5,,,,,,
cel25cc-CC008,_____'s Pikachu,CC008,Classic Collection,Celebrations Classic Collection,,,2026-07-21T08:03:04.252Z,EUR,576778.0,,,,,,28.5,,,,,,
cel25cc-CC008,_____'s Pikachu,CC008,Classic Collection,Celebrations Classic Collection,,,2026-07-22T08:03:06.471Z,EUR,576778.0,,,,,,28.5,,,,,,
cel25cc-CC008,_____'s Pikachu,CC008,Classic Collection,Celebrations Classic Collection,,,2026-07-23T08:03:03.918Z,EUR,576778.0,,,,,,28.5,,,,,,
cel25cc-CC008,_____'s Pikachu,CC008,Classic Collection,Celebrations Classic Collection,,,2026-07-24T08:03:04.359Z,EUR,576778.0,,,,,,28.5,,,,,,
cel25cc-CC008,_____'s Pikachu,CC008,Classic Collection,Celebrations Classic Collection,,,2026-07-25T08:03:04.569Z,EUR,576778.0,,,,,,28.5,,,,,,
cel25cc-CC008,_____'s Pikachu,CC008,Classic Collection,Celebrations Classic Collection,,,2026-07-26T08:03:04.532Z,EUR,576778.0,,,,,,34.67,,,,,,
cel25cc-CC008,_____'s Pikachu,CC008,Classic Collection,Celebrations Classic Collection,,,2026-07-27T08:03:04.705Z,EUR,576778.0,,,,,,45.58,,,,,,
det1-10,Detective Pikachu,10,Rare,Detective Pikachu,2026-07-08T18:05:07.258Z,USD,2026-07-08T18:05:10.691Z,EUR,370774.0,186015.0,,,,,6.83,5.7,,13.47,,,
det1-10,Detective Pikachu,10,Rare,Detective Pikachu,2026-07-09T18:05:06.482Z,USD,2026-07-09T18:05:09.065Z,EUR,370774.0,186015.0,,,,,9.34,5.7,,12.58,,,
det1-10,Detective Pikachu,10,Rare,Detective Pikachu,2026-07-10T18:05:06.112Z,USD,2026-07-10T18:05:08.528Z,EUR,370774.0,186015.0,,,,,15.38,5.7,,12.58,,,
det1-10,Detective Pikachu,10,Rare,Detective Pikachu,2026-07-11T18:05:05.757Z,USD,2026-07-11T18:05:08.177Z,EUR,370774.0,186015.0,,,,,15.38,5.7,,12.58,,,
det1-10,Detective Pikachu,10,Rare,Detective Pikachu,2026-07-12T18:05:07.082Z,USD,2026-07-12T18:05:18.426Z,EUR,370774.0,186015.0,,,,,15.38,5.7,,12.54,,,
det1-10,Detective Pikachu,10,Rare,Detective Pikachu,2026-07-13T18:05:06.040Z,USD,2026-07-13T18:05:07.999Z,EUR,370774.0,186015.0,,,,,7.41,13.68,,12.36,,,
det1-10,Detective Pikachu,10,Rare,Detective Pikachu,2026-07-14T18:05:05.808Z,USD,2026-07-14T18:05:08.458Z,EUR,370774.0,186015.0,,,,,7.41,13.68,,12.76,,,
det1-10,Detective Pikachu,10,Rare,Detective Pikachu,2026-07-15T18:05:05.763Z,USD,2026-07-15T18:05:08.182Z,EUR,370774.0,186015.0,,,,,7.41,13.68,,12.76,,,
det1-10,Detective Pikachu,10,Rare,Detective Pikachu,2026-07-16T18:05:05.802Z,USD,2026-07-16T18:05:08.338Z,EUR,370774.0,186015.0,,,,,7.41,13.68,,13.55,,,
det1-10,Detective Pikachu,10,Rare,Detective Pikachu,2026-07-17T18:05:07.191Z,USD,2026-07-17T18:05:09.271Z,EUR,370774.0,186015.0,,,,,7.41,13.68,,13.54,,,
det1-10,Detective Pikachu,10,Rare,Detective Pikachu,2026-07-18T08:02:56.830Z,USD,2026-07-18T08:02:59.776Z,EUR,370774.0,186015.0,,,,,7.41,13.68,,13.7,,,
det1-10,Detective Pikachu,10,Rare,Detective Pikachu,2026-07-19T08:03:02.196Z,USD,2026-07-19T08:03:04.658Z,EUR,370774.0,186015.0,,,,,7.41,13.68,,14.24,,,
det1-10,Detective Pikachu,10,Rare,Detective Pikachu,2026-07-20T08:03:02.050Z,USD,2026-07-20T08:03:04.265Z,EUR,370774.0,186015.0,,,,,13.14,13.68,,14.35,,,
det1-10,Detective Pikachu,10,Rare,Detective Pikachu,2026-07-21T08:03:02.097Z,USD,2026-07-21T08:03:04.252Z,EUR,370774.0,186015.0,,,,,13.14,13.68,,14.35,,,
det1-10,Detective Pikachu,10,Rare,Detective Pikachu,2026-07-22T08:03:03.911Z,USD,2026-07-22T08:03:06.558Z,EUR,370774.0,186015.0,,,,,13.14,13.68,,14.47,,,
det1-10,Detective Pikachu,10,Rare,Detective Pikachu,2026-07-23T08:03:01.757Z,USD,2026-07-23T08:03:03.735Z,EUR,370774.0,186015.0,,,,,13.14,13.68,,14.47,,,
det1-10,Detective Pikachu,10,Rare,Detective Pikachu,2026-07-24T08:03:02.137Z,USD,2026-07-24T08:03:04.550Z,EUR,370774.0,186015.0,,,,,13.14,13.68,,14.49,,,
det1-10,Detective Pikachu,10,Rare,Detective Pikachu,2026-07-25T08:03:02.119Z,USD,2026-07-25T08:03:04.397Z,EUR,370774.0,186015.0,,,,,13.14,13.68,,14.28,,,
det1-10,Detective Pikachu,10,Rare,Detective Pikachu,2026-07-26T08:03:28.735Z,USD,2026-07-26T08:03:04.438Z,EUR,370774.0,186015.0,,,,,5.13,13.68,,13.98,,,
det1-10,Detective Pikachu,10,Rare,Detective Pikachu,2026-07-27T08:03:27.563Z,USD,2026-07-27T08:03:04.458Z,EUR,370774.0,186015.0,,,,,14.46,13.68,,13.77,,,
dp2-94,Pikachu,94,Common,Mysterious Treasures,2026-07-08T18:05:06.670Z,USD,2026-07-08T18:05:10.691Z,EUR,277723.0,,88086.0,88086.0,,,28.5,21.66,24.22,,43.99,,
dp2-94,Pikachu,94,Common,Mysterious Treasures,2026-07-09T18:05:05.830Z,USD,2026-07-09T18:05:09.065Z,EUR,277723.0,,88086.0,88086.0,,,28.5,21.66,24.22,,43.99,,
dp2-94,Pikachu,94,Common,Mysterious Treasures,2026-07-10T18:05:05.630Z,USD,2026-07-10T18:05:08.528Z,EUR,277723.0,,88086.0,88086.0,,,28.5,21.66,24.22,,43.99,,
dp2-94,Pikachu,94,Common,Mysterious Treasures,2026-07-11T18:05:05.141Z,USD,2026-07-11T18:05:08.177Z,EUR,277723.0,,88086.0,88086.0,,,28.5,21.66,24.22,,43.99,,
dp2-94,Pikachu,94,Common,Mysterious Treasures,2026-07-12T18:05:06.378Z,USD,2026-07-12T18:05:09.193Z,EUR,277723.0,,88086.0,88086.0,,,28.5,21.66,24.22,,43.99,,
dp2-94,Pikachu,94,Common,Mysterious Treasures,2026-07-13T18:05:05.441Z,USD,2026-07-13T18:05:07.846Z,EUR,277723.0,,88086.0,88086.0,,,10.68,20.52,24.22,,43.99,,
dp2-94,Pikachu,94,Common,Mysterious Treasures,2026-07-14T18:05:05.153Z,USD,2026-07-14T18:05:08.458Z,EUR,277723.0,,88086.0,88086.0,,,10.68,20.52,21.41,,43.99,,
dp2-94,Pikachu,94,Common,Mysterious Treasures,2026-07-15T18:05:05.301Z,USD,2026-07-15T18:05:08.182Z,EUR,277723.0,,88086.0,88086.0,,,10.68,20.52,21.41,,43.99,,
dp2-94,Pikachu,94,Common,Mysterious Treasures,2026-07-16T18:05:05.196Z,USD,2026-07-16T18:05:08.727Z,EUR,277723.0,,88086.0,88086.0,,,10.68,20.52,21.41,,43.99,,
dp2-94,Pikachu,94,Common,Mysterious Treasures,2026-07-17T18:05:06.625Z,USD,2026-07-17T18:05:09.271Z,EUR,277723.0,,88086.0,88086.0,,,10.68,20.52,21.41,,43.99,,
dp2-94,Pikachu,94,Common,Mysterious Treasures,2026-07-18T08:02:56.315Z,USD,2026-07-18T08:02:59.776Z,EUR,277723.0,,88086.0,88086.0,,,10.68,20.52,21.36,,43.99,,
dp2-94,Pikachu,94,Common,Mysterious Treasures,2026-07-19T08:03:01.711Z,USD,2026-07-19T08:03:04.320Z,EUR,277723.0,,88086.0,88086.0,,,10.68,20.52,21.41,,43.99,,
dp2-94,Pikachu,94,Common,Mysterious Treasures,2026-07-20T08:03:01.613Z,USD,2026-07-20T08:03:04.811Z,EUR,277723.0,,88086.0,88086.0,,,5.7,22.8,21.41,,43.99,,
dp2-94,Pikachu,94,Common,Mysterious Treasures,2026-07-21T08:03:01.451Z,USD,2026-07-21T08:03:04.252Z,EUR,277723.0,,88086.0,88086.0,,,5.7,22.8,21.27,,43.99,,
dp2-94,Pikachu,94,Common,Mysterious Treasures,2026-07-22T08:03:03.307Z,USD,2026-07-22T08:03:06.558Z,EUR,277723.0,,88086.0,88086.0,,,5.7,22.8,21.27,,43.99,,
dp2-94,Pikachu,94,Common,Mysterious Treasures,2026-07-23T08:03:01.268Z,USD,2026-07-23T08:03:03.918Z,EUR,277723.0,,88086.0,88086.0,,,5.7,22.8,21.27,,43.99,,
dp2-94,Pikachu,94,Common,Mysterious Treasures,2026-07-24T08:03:01.680Z,USD,2026-07-24T08:03:04.213Z,EUR,277723.0,,88086.0,88086.0,,,5.7,22.8,21.27,,43.99,,
dp2-94,Pikachu,94,Common,Mysterious Treasures,2026-07-25T08:03:01.620Z,USD,2026-07-25T08:03:04.624Z,EUR,277723.0,,88086.0,88086.0,,,5.7,22.8,21.27,,43.99,,
dp2-94,Pikachu,94,Common,Mysterious Treasures,2026-07-26T08:03:05.711Z,USD,2026-07-26T08:03:04.377Z,EUR,277723.0,,88086.0,88086.0,,,2.14,27.3,21.5,,43.99,,
dp2-94,Pikachu,94,Common,Mysterious Treasures,2026-07-27T08:03:04.018Z,USD,2026-07-27T08:03:04.705Z,EUR,277723.0,,88086.0,88086.0,,,4.56,27.3,21.5,,43.99,,
dp5-70,Pikachu,70,Common,Majestic Dawn,2026-07-08T18:05:06.963Z,USD,2026-07-08T18:05:11.087Z,EUR,278119.0,,88088.0,88088.0,,,0.81,10.26,8.12,,65.0,,
dp5-70,Pikachu,70,Common,Majestic Dawn,2026-07-09T18:05:06.135Z,USD,2026-07-09T18:05:09.065Z,EUR,278119.0,,88088.0,88088.0,,,1.19,10.26,8.12,,65.0,,
dp5-70,Pikachu,70,Common,Majestic Dawn,2026-07-10T18:05:05.875Z,USD,2026-07-10T18:05:08.528Z,EUR,278119.0,,88088.0,88088.0,,,0.63,10.26,8.12,,65.0,,
dp5-70,Pikachu,70,Common,Majestic Dawn,2026-07-11T18:05:05.462Z,USD,2026-07-11T18:05:08.252Z,EUR,278119.0,,88088.0,88088.0,,,0.63,10.26,8.09,,65.0,,
dp5-70,Pikachu,70,Common,Majestic Dawn,2026-07-12T18:05:06.853Z,USD,2026-07-12T18:05:18.426Z,EUR,278119.0,,88088.0,88088.0,,,0.63,10.26,8.22,,65.0,,
dp5-70,Pikachu,70,Common,Majestic Dawn,2026-07-13T18:05:05.746Z,USD,2026-07-13T18:05:07.846Z,EUR,278119.0,,88088.0,88088.0,,,1.94,10.26,8.21,,65.0,,
dp5-70,Pikachu,70,Common,Majestic Dawn,2026-07-14T18:05:05.373Z,USD,2026-07-14T18:05:08.458Z,EUR,278119.0,,88088.0,88088.0,,,1.94,10.26,8.38,,65.0,,
dp5-70,Pikachu,70,Common,Majestic Dawn,2026-07-15T18:05:05.561Z,USD,2026-07-15T18:05:08.182Z,EUR,278119.0,,88088.0,88088.0,,,1.94,10.26,8.4,,65.0,,
dp5-70,Pikachu,70,Common,Majestic Dawn,2026-07-16T18:05:05.596Z,USD,2026-07-16T18:05:08.165Z,EUR,278119.0,,88088.0,88088.0,,,1.94,10.26,8.4,,65.0,,
dp5-70,Pikachu,70,Common,Majestic Dawn,2026-07-17T18:05:06.846Z,USD,2026-07-17T18:05:09.271Z,EUR,278119.0,,88088.0,88088.0,,,1.94,10.26,8.4,,63.31,,
dp5-70,Pikachu,70,Common,Majestic Dawn,2026-07-18T08:02:56.526Z,USD,2026-07-18T08:02:59.776Z,EUR,278119.0,,88088.0,88088.0,,,1.94,10.26,8.4,,63.31,,
dp5-70,Pikachu,70,Common,Majestic Dawn,2026-07-19T08:03:01.929Z,USD,2026-07-19T08:03:04.558Z,EUR,278119.0,,88088.0,88088.0,,,1.94,10.26,8.4,,63.31,,
dp5-70,Pikachu,70,Common,Majestic Dawn,2026-07-20T08:03:01.826Z,USD,2026-07-20T08:03:04.265Z,EUR,278119.0,,88088.0,88088.0,,,2.06,10.26,8.4,,63.31,,
dp5-70,Pikachu,70,Common,Majestic Dawn,2026-07-21T08:03:01.676Z,USD,2026-07-21T08:03:04.252Z,EUR,278119.0,,88088.0,88088.0,,,2.06,10.26,8.4,,63.31,,
dp5-70,Pikachu,70,Common,Majestic Dawn,2026-07-22T08:03:03.522Z,USD,2026-07-22T08:03:06.558Z,EUR,278119.0,,88088.0,88088.0,,,2.06,10.26,8.35,,63.31,,
dp5-70,Pikachu,70,Common,Majestic Dawn,2026-07-23T08:03:01.477Z,USD,2026-07-23T08:03:03.918Z,EUR,278119.0,,88088.0,88088.0,,,2.06,10.26,8.39,,63.31,,
dp5-70,Pikachu,70,Common,Majestic Dawn,2026-07-24T08:03:01.891Z,USD,2026-07-24T08:03:04.300Z,EUR,278119.0,,88088.0,88088.0,,,2.06,10.26,8.39,,63.31,,
dp5-70,Pikachu,70,Common,Majestic Dawn,2026-07-25T08:03:01.845Z,USD,2026-07-25T08:03:04.397Z,EUR,278119.0,,88088.0,88088.0,,,2.06,10.26,8.39,,63.31,,
dp5-70,Pikachu,70,Common,Majestic Dawn,2026-07-26T08:03:08.993Z,USD,2026-07-26T08:03:04.571Z,EUR,278119.0,,88088.0,88088.0,,,0.8,11.34,8.39,,63.31,,
dp5-70,Pikachu,70,Common,Majestic Dawn,2026-07-27T08:03:04.563Z,USD,2026-07-27T08:03:04.705Z,EUR,278119.0,,88088.0,88088.0,,,0.8,11.34,8.39,,63.31,,
dp7-70,Pikachu,70,Common,Stormfront,2026-07-08T18:05:06.976Z,USD,2026-07-08T18:05:10.691Z,EUR,278368.0,,88090.0,88090.0,,,5.13,37.05,11.19,,53.0,,
dp7-70,Pikachu,70,Common,Stormfront,2026-07-09T18:05:06.145Z,USD,2026-07-09T18:05:09.065Z,EUR,278368.0,,88090.0,88090.0,,,2.85,37.05,11.19,,53.0,,
dp7-70,Pikachu,70,Common,Stormfront,2026-07-10T18:05:05.883Z,USD,2026-07-10T18:05:08.528Z,EUR,278368.0,,88090.0,88090.0,,,4.06,37.05,11.19,,53.0,,
dp7-70,Pikachu,70,Common,Stormfront,2026-07-11T18:05:05.539Z,USD,2026-07-11T18:05:08.252Z,EUR,278368.0,,88090.0,88090.0,,,4.06,37.05,11.19,,53.0,,
dp7-70,Pikachu,70,Common,Stormfront,2026-07-12T18:05:06.865Z,USD,2026-07-12T18:05:18.426Z,EUR,278368.0,,88090.0,88090.0,,,4.06,37.05,11.19,,53.0,,
dp7-70,Pikachu,70,Common,Stormfront,2026-07-13T18:05:05.762Z,USD,2026-07-13T18:05:07.846Z,EUR,278368.0,,88090.0,88090.0,,,10.26,37.05,11.19,,53.0,,
dp7-70,Pikachu,70,Common,Stormfront,2026-07-14T18:05:05.424Z,USD,2026-07-14T18:05:07.978Z,EUR,278368.0,,88090.0,88090.0,,,10.26,37.05,11.59,,53.0,,
dp7-70,Pikachu,70,Common,Stormfront,2026-07-15T18:05:05.573Z,USD,2026-07-15T18:05:08.182Z,EUR,278368.0,,88090.0,88090.0,,,10.26,37.05,11.81,,53.0,,
dp7-70,Pikachu,70,Common,Stormfront,2026-07-16T18:05:05.614Z,USD,2026-07-16T18:05:08.165Z,EUR,278368.0,,88090.0,88090.0,,,10.26,37.05,11.81,,53.0,,
dp7-70,Pikachu,70,Common,Stormfront,2026-07-17T18:05:06.865Z,USD,2026-07-17T18:05:09.271Z,EUR,278368.0,,88090.0,88090.0,,,10.26,37.05,12.03,,53.0,,
dp7-70,Pikachu,70,Common,Stormfront,2026-07-18T08:02:56.540Z,USD,2026-07-18T08:02:59.776Z,EUR,278368.0,,88090.0,88090.0,,,10.26,37.05,12.03,,53.0,,
dp7-70,Pikachu,70,Common,Stormfront,2026-07-19T08:03:01.942Z,USD,2026-07-19T08:03:04.384Z,EUR,278368.0,,88090.0,88090.0,,,10.26,37.05,11.9,,53.0,,
dp7-70,Pikachu,70,Common,Stormfront,2026-07-20T08:03:01.835Z,USD,2026-07-20T08:03:04.811Z,EUR,278368.0,,88090.0,88090.0,,,3.41,6.84,12.25,,53.0,,
dp7-70,Pikachu,70,Common,Stormfront,2026-07-21T08:03:01.691Z,USD,2026-07-21T08:03:04.252Z,EUR,278368.0,,88090.0,88090.0,,,3.41,6.84,12.25,,53.75,,
dp7-70,Pikachu,70,Common,Stormfront,2026-07-22T08:03:03.542Z,USD,2026-07-22T08:03:06.558Z,EUR,278368.0,,88090.0,88090.0,,,3.41,6.84,12.25,,53.75,,
dp7-70,Pikachu,70,Common,Stormfront,2026-07-23T08:03:01.485Z,USD,2026-07-23T08:03:03.918Z,EUR,278368.0,,88090.0,88090.0,,,3.41,6.84,12.25,,53.75,,
dp7-70,Pikachu,70,Common,Stormfront,2026-07-24T08:03:01.900Z,USD,2026-07-24T08:03:04.300Z,EUR,278368.0,,88090.0,88090.0,,,3.41,6.84,12.25,,53.75,,
dp7-70,Pikachu,70,Common,Stormfront,2026-07-25T08:03:01.857Z,USD,2026-07-25T08:03:04.397Z,EUR,278368.0,,88090.0,88090.0,,,3.41,6.84,12.25,,53.75,,
dp7-70,Pikachu,70,Common,Stormfront,2026-07-26T08:03:09.011Z,USD,2026-07-26T08:03:04.377Z,EUR,278368.0,,88090.0,88090.0,,,3.68,1.14,12.25,,53.75,,
dp7-70,Pikachu,70,Common,Stormfront,2026-07-27T08:03:04.608Z,USD,2026-07-27T08:03:04.705Z,EUR,278368.0,,88090.0,88090.0,,,2.56,22.8,12.25,,53.75,,
ecard1-124,Pikachu,124,Common,Expedition Base Set,2026-07-08T18:05:06.499Z,USD,2026-07-08T18:05:10.078Z,EUR,274999.0,,88076.0,88076.0,,,14.82,39.9,24.11,,99.49,,
ecard1-124,Pikachu,124,Common,Expedition Base Set,2026-07-09T18:05:05.307Z,USD,2026-07-09T18:05:09.065Z,EUR,274999.0,,88076.0,88076.0,,,14.82,5.36,23.83,,99.49,,
ecard1-124,Pikachu,124,Common,Expedition Base Set,2026-07-10T18:05:05.185Z,USD,2026-07-10T18:05:08.528Z,EUR,274999.0,,88076.0,88076.0,,,5.7,5.36,23.83,,99.49,,
ecard1-124,Pikachu,124,Common,Expedition Base Set,2026-07-11T18:05:05.023Z,USD,2026-07-11T18:05:08.252Z,EUR,274999.0,,88076.0,88076.0,,,5.7,5.36,23.54,,99.49,,
ecard1-124,Pikachu,124,Common,Expedition Base Set,2026-07-12T18:05:06.215Z,USD,2026-07-12T18:05:08.999Z,EUR,274999.0,,88076.0,88076.0,,,5.7,5.36,23.54,,99.49,,
ecard1-124,Pikachu,124,Common,Expedition Base Set,2026-07-13T18:05:05.192Z,USD,2026-07-13T18:05:07.999Z,EUR,274999.0,,88076.0,88076.0,,,5.7,22.79,23.54,,99.49,,
ecard1-124,Pikachu,124,Common,Expedition Base Set,2026-07-14T18:05:04.983Z,USD,2026-07-14T18:05:08.458Z,EUR,274999.0,,88076.0,88076.0,,,5.7,22.79,23.54,,99.49,,
ecard1-124,Pikachu,124,Common,Expedition Base Set,2026-07-15T18:05:05.109Z,USD,2026-07-15T18:05:08.182Z,EUR,274999.0,,88076.0,88076.0,,,5.7,22.79,23.54,,99.49,,
ecard1-124,Pikachu,124,Common,Expedition Base Set,2026-07-16T18:05:05.100Z,USD,2026-07-16T18:05:08.727Z,EUR,274999.0,,88076.0,88076.0,,,5.7,22.79,23.54,,99.49,,
ecard1-124,Pikachu,124,Common,Expedition Base Set,2026-07-17T18:05:06.433Z,USD,2026-07-17T18:05:09.271Z,EUR,274999.0,,88076.0,88076.0,,,5.7,22.79,23.56,,99.49,,
ecard1-124,Pikachu,124,Common,Expedition Base Set,2026-07-18T08:02:56.196Z,USD,2026-07-18T08:02:59.776Z,EUR,274999.0,,88076.0,88076.0,,,5.7,22.79,23.56,,99.49,,
ecard1-124,Pikachu,124,Common,Expedition Base Set,2026-07-19T08:03:01.585Z,USD,2026-07-19T08:03:04.320Z,EUR,274999.0,,88076.0,88076.0,,,5.7,22.79,23.56,,105.59,,
ecard1-124,Pikachu,124,Common,Expedition Base Set,2026-07-20T08:03:01.458Z,USD,2026-07-20T08:03:04.811Z,EUR,274999.0,,88076.0,88076.0,,,27.88,22.79,23.24,,105.59,,
ecard1-124,Pikachu,124,Common,Expedition Base Set,2026-07-21T08:03:01.311Z,USD,2026-07-21T08:03:04.252Z,EUR,274999.0,,88076.0,88076.0,,,27.88,22.79,23.84,,105.59,,
ecard1-124,Pikachu,124,Common,Expedition Base Set,2026-07-22T08:03:03.186Z,USD,2026-07-22T08:03:06.558Z,EUR,274999.0,,88076.0,88076.0,,,27.88,22.79,23.07,,109.66,,
ecard1-124,Pikachu,124,Common,Expedition Base Set,2026-07-23T08:03:01.178Z,USD,2026-07-23T08:03:03.918Z,EUR,274999.0,,88076.0,88076.0,,,27.88,22.79,23.61,,109.66,,
ecard1-124,Pikachu,124,Common,Expedition Base Set,2026-07-24T08:03:01.576Z,USD,2026-07-24T08:03:04.300Z,EUR,274999.0,,88076.0,88076.0,,,27.88,22.79,23.61,,109.66,,
ecard1-124,Pikachu,124,Common,Expedition Base Set,2026-07-25T08:03:01.465Z,USD,2026-07-25T08:03:04.397Z,EUR,274999.0,,88076.0,88076.0,,,27.88,22.79,23.05,,109.66,,
ecard1-124,Pikachu,124,Common,Expedition Base Set,2026-07-26T08:03:02.184Z,USD,2026-07-26T08:03:04.571Z,EUR,274999.0,,88076.0,88076.0,,,15.39,22.79,23.55,,109.66,,
ecard1-124,Pikachu,124,Common,Expedition Base Set,2026-07-27T08:03:02.645Z,USD,2026-07-27T08:03:04.705Z,EUR,274999.0,,88076.0,88076.0,,,11.34,22.79,23.55,,109.66,,
ecard3-84,Pikachu,84,Common,Skyridge,2026-07-08T18:05:06.540Z,USD,2026-07-08T18:05:11.087Z,EUR,275342.0,,88074.0,,,,18.81,171.0,118.8,,,,
ecard3-84,Pikachu,84,Common,Skyridge,2026-07-09T18:05:05.590Z,USD,2026-07-09T18:05:09.065Z,EUR,275342.0,,88074.0,,,,22.79,171.0,118.8,,,,
ecard3-84,Pikachu,84,Common,Skyridge,2026-07-10T18:05:05.196Z,USD,2026-07-10T18:05:08.528Z,EUR,275342.0,,88074.0,,,,22.79,171.0,118.8,,,,
ecard3-84,Pikachu,84,Common,Skyridge,2026-07-11T18:05:05.036Z,USD,2026-07-11T18:05:08.252Z,EUR,275342.0,,88074.0,,,,22.79,171.0,118.8,,,,
ecard3-84,Pikachu,84,Common,Skyridge,2026-07-12T18:05:06.242Z,USD,2026-07-12T18:05:08.999Z,EUR,275342.0,,88074.0,88074.0,,,22.79,171.0,118.8,,350.0,,
ecard3-84,Pikachu,84,Common,Skyridge,2026-07-13T18:05:05.208Z,USD,2026-07-13T18:05:07.846Z,EUR,275342.0,,88074.0,88074.0,,,20.5,171.0,118.8,,350.0,,
ecard3-84,Pikachu,84,Common,Skyridge,2026-07-14T18:05:04.999Z,USD,2026-07-14T18:05:08.211Z,EUR,275342.0,,88074.0,88074.0,,,20.5,171.0,122.33,,350.0,,
ecard3-84,Pikachu,84,Common,Skyridge,2026-07-15T18:05:05.122Z,USD,2026-07-15T18:05:08.182Z,EUR,275342.0,,88074.0,88074.0,,,20.5,171.0,122.33,,350.0,,
ecard3-84,Pikachu,84,Common,Skyridge,2026-07-16T18:05:05.111Z,USD,2026-07-16T18:05:08.165Z,EUR,275342.0,,88074.0,88074.0,,,20.5,171.0,122.33,,350.0,,
ecard3-84,Pikachu,84,Common,Skyridge,2026-07-17T18:05:06.449Z,USD,2026-07-17T18:05:09.396Z,EUR,275342.0,,88074.0,88074.0,,,20.5,171.0,122.33,,350.0,,
ecard3-84,Pikachu,84,Common,Skyridge,2026-07-18T08:02:56.209Z,USD,2026-07-18T08:02:59.776Z,EUR,275342.0,,88074.0,88074.0,,,20.5,171.0,122.33,,350.0,,
ecard3-84,Pikachu,84,Common,Skyridge,2026-07-19T08:03:01.604Z,USD,2026-07-19T08:03:04.658Z,EUR,275342.0,,88074.0,88074.0,,,20.5,171.0,122.33,,350.0,,
ecard3-84,Pikachu,84,Common,Skyridge,2026-07-20T08:03:01.472Z,USD,2026-07-20T08:03:04.386Z,EUR,275342.0,,88074.0,88074.0,,,44.46,91.19,122.33,,350.0,,
ecard3-84,Pikachu,84,Common,Skyridge,2026-07-21T08:03:01.326Z,USD,2026-07-21T08:03:04.252Z,EUR,275342.0,,88074.0,88074.0,,,44.46,91.19,126.35,,350.0,,
ecard3-84,Pikachu,84,Common,Skyridge,2026-07-22T08:03:03.201Z,USD,2026-07-22T08:03:06.471Z,EUR,275342.0,,88074.0,88074.0,,,44.46,91.19,126.35,,350.0,,
ecard3-84,Pikachu,84,Common,Skyridge,2026-07-23T08:03:01.190Z,USD,2026-07-23T08:03:03.918Z,EUR,275342.0,,88074.0,88074.0,,,44.46,91.19,126.35,,350.0,,
ecard3-84,Pikachu,84,Common,Skyridge,2026-07-24T08:03:01.589Z,USD,2026-07-24T08:03:04.300Z,EUR,275342.0,,88074.0,88074.0,,,44.46,91.19,126.35,,350.0,,
ecard3-84,Pikachu,84,Common,Skyridge,2026-07-25T08:03:01.489Z,USD,2026-07-25T08:03:04.397Z,EUR,275342.0,,88074.0,88074.0,,,44.46,91.19,126.35,,350.0,,
ecard3-84,Pikachu,84,Common,Skyridge,2026-07-26T08:03:02.311Z,USD,2026-07-26T08:03:04.571Z,EUR,275342.0,,88074.0,88074.0,,,35.23,91.19,126.35,,350.0,,
ecard3-84,Pikachu,84,Common,Skyridge,2026-07-27T08:03:02.715Z,USD,2026-07-27T08:03:04.705Z,EUR,275342.0,,88074.0,88074.0,,,35.23,91.19,126.35,,350.0,,
ex12-93,Pikachu δ,93,Rare,Legend Maker,,,2026-07-08T18:05:10.691Z,EUR,276970.0,,,,,,50.67,22.79,,,,,
ex12-93,Pikachu δ,93,Rare,Legend Maker,,,2026-07-09T18:05:09.065Z,EUR,276970.0,,,,,,28.5,22.79,,,,,
ex12-93,Pikachu δ,93,Rare,Legend Maker,,,2026-07-10T18:05:08.528Z,EUR,276970.0,,,,,,28.5,22.79,,,,,
ex12-93,Pikachu δ,93,Rare,Legend Maker,,,2026-07-11T18:05:08.252Z,EUR,276970.0,,,,,,28.5,22.79,,,,,
ex12-93,Pikachu δ,93,Rare,Legend Maker,,,2026-07-12T18:05:09.000Z,EUR,276970.0,,,,,,28.5,22.79,,,,,
ex12-93,Pikachu δ,93,Rare,Legend Maker,,,2026-07-13T18:05:07.846Z,EUR,276970.0,,,,,,119.69,22.79,,,,,
ex12-93,Pikachu δ,93,Rare,Legend Maker,,,2026-07-14T18:05:08.458Z,EUR,276970.0,,,,,,119.69,22.79,,,,,
ex12-93,Pikachu δ,93,Rare,Legend Maker,,,2026-07-15T18:05:08.182Z,EUR,276970.0,,,,,,119.69,22.79,,,,,
ex12-93,Pikachu δ,93,Rare,Legend Maker,,,2026-07-16T18:05:08.253Z,EUR,276970.0,,,,,,119.69,22.79,,,,,
ex12-93,Pikachu δ,93,Rare,Legend Maker,,,2026-07-17T18:05:09.271Z,EUR,276970.0,,,,,,119.69,22.79,,,,,
ex12-93,Pikachu δ,93,Rare,Legend Maker,,,2026-07-18T08:02:59.776Z,EUR,276970.0,,,,,,119.69,22.79,,,,,
ex12-93,Pikachu δ,93,Rare,Legend Maker,,,2026-07-19T08:03:04.558Z,EUR,276970.0,,,,,,119.69,22.79,,,,,
ex12-93,Pikachu δ,93,Rare,Legend Maker,,,2026-07-20T08:03:04.811Z,EUR,276970.0,,,,,,119.69,22.79,,,,,
ex12-93,Pikachu δ,93,Rare,Legend Maker,,,2026-07-21T08:03:04.252Z,EUR,276970.0,,,,,,119.69,22.79,,,,,
ex12-93,Pikachu δ,93,Rare,Legend Maker,,,2026-07-22T08:03:06.471Z,EUR,276970.0,,,,,,119.69,22.79,,,,,
ex12-93,Pikachu δ,93,Rare,Legend Maker,,,2026-07-23T08:03:03.918Z,EUR,276970.0,,,,,,119.69,22.79,,,,,
ex12-93,Pikachu δ,93,Rare,Legend Maker,,,2026-07-24T08:03:04.300Z,EUR,276970.0,,,,,,119.69,22.79,,,,,
ex12-93,Pikachu δ,93,Rare,Legend Maker,,,2026-07-25T08:03:04.397Z,EUR,276970.0,,,,,,119.69,22.79,,,,,
ex12-93,Pikachu δ,93,Rare,Legend Maker,,,2026-07-26T08:03:04.377Z,EUR,276970.0,,,,,,51.16,22.79,,,,,
ex12-93,Pikachu δ,93,Rare,Legend Maker,,,2026-07-27T08:03:04.705Z,EUR,276970.0,,,,,,51.16,22.79,,,,,
ex13-104,Pikachu Star,104,Rare,Holon Phantoms,2026-07-08T18:05:06.640Z,USD,2026-07-08T18:05:10.691Z,EUR,277048.0,88111.0,,,,,3.81,17.09,,3200.0,,,
ex13-104,Pikachu Star,104,Rare,Holon Phantoms,2026-07-09T18:05:05.786Z,USD,2026-07-09T18:05:09.065Z,EUR,277048.0,88111.0,,,,,2.28,34.19,,3200.0,,,
ex13-104,Pikachu Star,104,Rare,Holon Phantoms,2026-07-10T18:05:05.601Z,USD,2026-07-10T18:05:08.528Z,EUR,277048.0,88111.0,,,,,2.39,34.19,,3200.0,,,
ex13-104,Pikachu Star,104,Rare,Holon Phantoms,2026-07-11T18:05:05.116Z,USD,2026-07-11T18:05:08.252Z,EUR,277048.0,88111.0,,,,,2.39,34.19,,3200.0,,,
ex13-104,Pikachu Star,104,Rare,Holon Phantoms,2026-07-12T18:05:06.334Z,USD,2026-07-12T18:05:08.999Z,EUR,277048.0,88111.0,,,,,2.39,34.19,,3200.0,,,
ex13-104,Pikachu Star,104,Rare,Holon Phantoms,2026-07-13T18:05:05.317Z,USD,2026-07-13T18:05:07.901Z,EUR,277048.0,88111.0,,,,,13.68,34.19,,3200.0,,,
ex13-104,Pikachu Star,104,Rare,Holon Phantoms,2026-07-14T18:05:05.097Z,USD,2026-07-14T18:05:08.458Z,EUR,277048.0,88111.0,,,,,13.68,34.19,,3200.0,,,
ex13-104,Pikachu Star,104,Rare,Holon Phantoms,2026-07-15T18:05:05.190Z,USD,2026-07-15T18:05:08.182Z,EUR,277048.0,88111.0,,,,,13.68,34.19,,3200.0,,,
ex13-104,Pikachu Star,104,Rare,Holon Phantoms,2026-07-16T18:05:05.161Z,USD,2026-07-16T18:05:08.727Z,EUR,277048.0,88111.0,,,,,13.68,34.19,,3200.0,,,
ex13-104,Pikachu Star,104,Rare,Holon Phantoms,2026-07-17T18:05:06.590Z,USD,2026-07-17T18:05:09.396Z,EUR,277048.0,88111.0,,,,,13.68,34.19,,3200.0,,,
ex13-104,Pikachu Star,104,Rare,Holon Phantoms,2026-07-18T08:02:56.289Z,USD,2026-07-18T08:02:59.776Z,EUR,277048.0,88111.0,,,,,13.68,34.19,,3200.0,,,
ex13-104,Pikachu Star,104,Rare,Holon Phantoms,2026-07-19T08:03:01.691Z,USD,2026-07-19T08:03:04.320Z,EUR,277048.0,88111.0,,,,,13.68,34.19,,3200.0,,,
ex13-104,Pikachu Star,104,Rare,Holon Phantoms,2026-07-20T08:03:01.582Z,USD,2026-07-20T08:03:04.811Z,EUR,277048.0,88111.0,,,,,8.56,79.8,,3200.0,,,
ex13-104,Pikachu Star,104,Rare,Holon Phantoms,2026-07-21T08:03:01.411Z,USD,2026-07-21T08:03:04.252Z,EUR,277048.0,88111.0,,,,,8.56,79.8,,3200.0,,,
ex13-104,Pikachu Star,104,Rare,Holon Phantoms,2026-07-22T08:03:03.279Z,USD,2026-07-22T08:03:06.627Z,EUR,277048.0,88111.0,,,,,8.56,79.8,,3200.0,,,
ex13-104,Pikachu Star,104,Rare,Holon Phantoms,2026-07-23T08:03:01.250Z,USD,2026-07-23T08:03:03.918Z,EUR,277048.0,88111.0,,,,,8.56,79.8,,3200.0,,,
ex13-104,Pikachu Star,104,Rare,Holon Phantoms,2026-07-24T08:03:01.654Z,USD,2026-07-24T08:03:04.300Z,EUR,277048.0,88111.0,,,,,8.56,79.8,,3200.0,,,
ex13-104,Pikachu Star,104,Rare,Holon Phantoms,2026-07-25T08:03:01.591Z,USD,2026-07-25T08:03:03.827Z,EUR,277048.0,88111.0,,,,,8.56,79.8,,3200.0,,,
ex13-104,Pikachu Star,104,Rare,Holon Phantoms,2026-07-26T08:03:04.143Z,USD,2026-07-26T08:03:04.377Z,EUR,277048.0,88111.0,,,,,8.21,148.2,,3200.0,,,
ex13-104,Pikachu Star,104,Rare,Holon Phantoms,2026-07-27T08:03:03.241Z,USD,2026-07-27T08:03:04.705Z,EUR,277048.0,88111.0,,,,,8.21,148.2,,3200.0,,,
ex13-78,Pikachu,78,Common,Holon Phantoms,2026-07-08T18:05:06.640Z,USD,2026-07-08T18:05:11.087Z,EUR,277048.0,,88082.0,88082.0,,,3.81,17.09,10.93,,170.0,,
ex13-78,Pikachu,78,Common,Holon Phantoms,2026-07-09T18:05:05.786Z,USD,2026-07-09T18:05:09.065Z,EUR,277048.0,,88082.0,88082.0,,,2.28,34.19,10.69,,170.0,,
ex13-78,Pikachu,78,Common,Holon Phantoms,2026-07-10T18:05:05.601Z,USD,2026-07-10T18:05:08.528Z,EUR,277048.0,,88082.0,88082.0,,,2.39,34.19,10.69,,170.0,,
ex13-78,Pikachu,78,Common,Holon Phantoms,2026-07-11T18:05:05.116Z,USD,2026-07-11T18:05:08.177Z,EUR,277048.0,,88082.0,88082.0,,,2.39,34.19,10.69,,170.0,,
ex13-78,Pikachu,78,Common,Holon Phantoms,2026-07-12T18:05:06.334Z,USD,2026-07-12T18:05:08.999Z,EUR,277048.0,,88082.0,88082.0,,,2.39,34.19,10.69,,170.0,,
ex13-78,Pikachu,78,Common,Holon Phantoms,2026-07-13T18:05:05.317Z,USD,2026-07-13T18:05:07.999Z,EUR,277048.0,,88082.0,88082.0,,,13.68,34.19,10.69,,170.0,,
ex13-78,Pikachu,78,Common,Holon Phantoms,2026-07-14T18:05:05.097Z,USD,2026-07-14T18:05:08.458Z,EUR,277048.0,,88082.0,88082.0,,,13.68,34.19,10.69,,170.0,,
ex13-78,Pikachu,78,Common,Holon Phantoms,2026-07-15T18:05:05.190Z,USD,2026-07-15T18:05:08.182Z,EUR,277048.0,,88082.0,88082.0,,,13.68,34.19,10.69,,170.0,,
ex13-78,Pikachu,78,Common,Holon Phantoms,2026-07-16T18:05:05.161Z,USD,2026-07-16T18:05:08.165Z,EUR,277048.0,,88082.0,88082.0,,,13.68,34.19,10.69,,170.0,,
ex13-78,Pikachu,78,Common,Holon Phantoms,2026-07-17T18:05:06.590Z,USD,2026-07-17T18:05:09.396Z,EUR,277048.0,,88082.0,88082.0,,,13.68,34.19,10.69,,170.0,,
ex13-78,Pikachu,78,Common,Holon Phantoms,2026-07-18T08:02:56.289Z,USD,2026-07-18T08:02:59.387Z,EUR,277048.0,,88082.0,88082.0,,,13.68,34.19,10.69,,170.0,,
ex13-78,Pikachu,78,Common,Holon Phantoms,2026-07-19T08:03:01.691Z,USD,2026-07-19T08:03:04.745Z,EUR,277048.0,,88082.0,88082.0,,,13.68,34.19,10.69,,170.0,,
ex13-78,Pikachu,78,Common,Holon Phantoms,2026-07-20T08:03:01.582Z,USD,2026-07-20T08:03:04.265Z,EUR,277048.0,,88082.0,88082.0,,,8.56,79.8,10.69,,170.0,,
ex13-78,Pikachu,78,Common,Holon Phantoms,2026-07-21T08:03:01.411Z,USD,2026-07-21T08:03:04.252Z,EUR,277048.0,,88082.0,88082.0,,,8.56,79.8,10.91,,170.0,,
ex13-78,Pikachu,78,Common,Holon Phantoms,2026-07-22T08:03:03.279Z,USD,2026-07-22T08:03:06.471Z,EUR,277048.0,,88082.0,88082.0,,,8.56,79.8,10.71,,170.0,,
ex13-78,Pikachu,78,Common,Holon Phantoms,2026-07-23T08:03:01.250Z,USD,2026-07-23T08:03:03.918Z,EUR,277048.0,,88082.0,88082.0,,,8.56,79.8,10.71,,170.0,,
ex13-78,Pikachu,78,Common,Holon Phantoms,2026-07-24T08:03:01.654Z,USD,2026-07-24T08:03:04.300Z,EUR,277048.0,,88082.0,88082.0,,,8.56,79.8,10.83,,170.0,,
ex13-78,Pikachu,78,Common,Holon Phantoms,2026-07-25T08:03:01.591Z,USD,2026-07-25T08:03:04.397Z,EUR,277048.0,,88082.0,88082.0,,,8.56,79.8,10.83,,170.0,,
ex13-78,Pikachu,78,Common,Holon Phantoms,2026-07-26T08:03:04.143Z,USD,2026-07-26T08:03:04.571Z,EUR,277048.0,,88082.0,88082.0,,,8.21,148.2,10.83,,170.0,,
ex13-78,Pikachu,78,Common,Holon Phantoms,2026-07-27T08:03:03.241Z,USD,2026-07-27T08:03:04.705Z,EUR,277048.0,,88082.0,88082.0,,,8.21,148.2,10.83,,139.8,,
ex13-79,Pikachu δ,79,Common,Holon Phantoms,,,2026-07-08T18:05:11.087Z,EUR,277049.0,,,,,,8.95,148.2,,,,,
ex13-79,Pikachu δ,79,Common,Holon Phantoms,,,2026-07-09T18:05:09.065Z,EUR,277049.0,,,,,,3.99,148.2,,,,,
ex13-79,Pikachu δ,79,Common,Holon Phantoms,,,2026-07-10T18:05:08.528Z,EUR,277049.0,,,,,,5.05,148.2,,,,,
ex13-79,Pikachu δ,79,Common,Holon Phantoms,,,2026-07-11T18:05:08.252Z,EUR,277049.0,,,,,,5.05,148.2,,,,,
ex13-79,Pikachu δ,79,Common,Holon Phantoms,,,2026-07-12T18:05:09.193Z,EUR,277049.0,,,,,,5.05,148.2,,,,,
ex13-79,Pikachu δ,79,Common,Holon Phantoms,,,2026-07-13T18:05:07.999Z,EUR,277049.0,,,,,,5.05,205.2,,,,,
ex13-79,Pikachu δ,79,Common,Holon Phantoms,,,2026-07-14T18:05:08.211Z,EUR,277049.0,,,,,,5.05,205.2,,,,,
ex13-79,Pikachu δ,79,Common,Holon Phantoms,,,2026-07-15T18:05:08.182Z,EUR,277049.0,,,,,,5.05,205.2,,,,,
ex13-79,Pikachu δ,79,Common,Holon Phantoms,,,2026-07-16T18:05:08.165Z,EUR,277049.0,,,,,,5.05,205.2,,,,,
ex13-79,Pikachu δ,79,Common,Holon Phantoms,,,2026-07-17T18:05:09.396Z,EUR,277049.0,,,,,,5.05,205.2,,,,,
ex13-79,Pikachu δ,79,Common,Holon Phantoms,,,2026-07-18T08:02:59.776Z,EUR,277049.0,,,,,,5.05,205.2,,,,,
ex13-79,Pikachu δ,79,Common,Holon Phantoms,,,2026-07-19T08:03:04.658Z,EUR,277049.0,,,,,,5.05,205.2,,,,,
ex13-79,Pikachu δ,79,Common,Holon Phantoms,,,2026-07-20T08:03:04.265Z,EUR,277049.0,,,,,,1.14,205.2,,,,,
ex13-79,Pikachu δ,79,Common,Holon Phantoms,,,2026-07-21T08:03:04.252Z,EUR,277049.0,,,,,,1.14,205.2,,,,,
ex13-79,Pikachu δ,79,Common,Holon Phantoms,,,2026-07-22T08:03:06.471Z,EUR,277049.0,,,,,,1.14,205.2,,,,,
ex13-79,Pikachu δ,79,Common,Holon Phantoms,,,2026-07-23T08:03:03.918Z,EUR,277049.0,,,,,,1.14,205.2,,,,,
ex13-79,Pikachu δ,79,Common,Holon Phantoms,,,2026-07-24T08:03:04.300Z,EUR,277049.0,,,,,,1.14,205.2,,,,,
ex13-79,Pikachu δ,79,Common,Holon Phantoms,,,2026-07-25T08:03:04.397Z,EUR,277049.0,,,,,,1.14,205.2,,,,,
ex13-79,Pikachu δ,79,Common,Holon Phantoms,,,2026-07-26T08:03:04.377Z,EUR,277049.0,,,,,,6.83,205.2,,,,,
ex13-79,Pikachu δ,79,Common,Holon Phantoms,,,2026-07-27T08:03:04.705Z,EUR,277049.0,,,,,,7.95,205.2,,,,,
ex16-57,Pikachu,57,Common,Power Keepers,2026-07-08T18:05:06.653Z,USD,2026-07-08T18:05:10.078Z,EUR,277363.0,,88084.0,88084.0,,,7.41,28.44,11.0,,42.24,,
ex16-57,Pikachu,57,Common,Power Keepers,2026-07-09T18:05:05.814Z,USD,2026-07-09T18:05:09.065Z,EUR,277363.0,,88084.0,88084.0,,,7.41,28.44,11.0,,42.24,,
ex16-57,Pikachu,57,Common,Power Keepers,2026-07-10T18:05:05.618Z,USD,2026-07-10T18:05:08.528Z,EUR,277363.0,,88084.0,88084.0,,,5.13,28.44,11.0,,42.24,,
ex16-57,Pikachu,57,Common,Power Keepers,2026-07-11T18:05:05.129Z,USD,2026-07-11T18:05:08.177Z,EUR,277363.0,,88084.0,88084.0,,,5.13,28.44,11.0,,42.24,,
ex16-57,Pikachu,57,Common,Power Keepers,2026-07-12T18:05:06.353Z,USD,2026-07-12T18:05:18.426Z,EUR,277363.0,,88084.0,88084.0,,,5.13,28.44,11.0,,42.24,,
ex16-57,Pikachu,57,Common,Power Keepers,2026-07-13T18:05:05.329Z,USD,2026-07-13T18:05:07.999Z,EUR,277363.0,,88084.0,88084.0,,,17.1,28.44,11.0,,42.24,,
ex16-57,Pikachu,57,Common,Power Keepers,2026-07-14T18:05:05.141Z,USD,2026-07-14T18:05:08.458Z,EUR,277363.0,,88084.0,88084.0,,,17.1,28.44,11.0,,42.24,,
ex16-57,Pikachu,57,Common,Power Keepers,2026-07-15T18:05:05.240Z,USD,2026-07-15T18:05:08.182Z,EUR,277363.0,,88084.0,88084.0,,,17.1,28.44,11.0,,42.24,,
ex16-57,Pikachu,57,Common,Power Keepers,2026-07-16T18:05:05.169Z,USD,2026-07-16T18:05:08.165Z,EUR,277363.0,,88084.0,88084.0,,,17.1,28.44,11.0,,42.24,,
ex16-57,Pikachu,57,Common,Power Keepers,2026-07-17T18:05:06.605Z,USD,2026-07-17T18:05:09.396Z,EUR,277363.0,,88084.0,88084.0,,,17.1,28.44,11.17,,42.24,,
ex16-57,Pikachu,57,Common,Power Keepers,2026-07-18T08:02:56.304Z,USD,2026-07-18T08:02:59.387Z,EUR,277363.0,,88084.0,88084.0,,,17.1,28.44,11.17,,42.24,,
ex16-57,Pikachu,57,Common,Power Keepers,2026-07-19T08:03:01.700Z,USD,2026-07-19T08:03:04.558Z,EUR,277363.0,,88084.0,88084.0,,,17.1,28.44,11.17,,42.24,,
ex16-57,Pikachu,57,Common,Power Keepers,2026-07-20T08:03:01.597Z,USD,2026-07-20T08:03:04.490Z,EUR,277363.0,,88084.0,88084.0,,,1.14,56.99,11.17,,42.24,,
ex16-57,Pikachu,57,Common,Power Keepers,2026-07-21T08:03:01.438Z,USD,2026-07-21T08:03:04.252Z,EUR,277363.0,,88084.0,88084.0,,,1.14,56.99,11.17,,42.24,,
ex16-57,Pikachu,57,Common,Power Keepers,2026-07-22T08:03:03.294Z,USD,2026-07-22T08:03:06.627Z,EUR,277363.0,,88084.0,88084.0,,,1.14,56.99,11.17,,42.24,,
ex16-57,Pikachu,57,Common,Power Keepers,2026-07-23T08:03:01.260Z,USD,2026-07-23T08:03:03.918Z,EUR,277363.0,,88084.0,88084.0,,,1.14,56.99,11.17,,42.24,,
ex16-57,Pikachu,57,Common,Power Keepers,2026-07-24T08:03:01.669Z,USD,2026-07-24T08:03:04.300Z,EUR,277363.0,,88084.0,88084.0,,,1.14,56.99,11.45,,42.24,,
ex16-57,Pikachu,57,Common,Power Keepers,2026-07-25T08:03:01.604Z,USD,2026-07-25T08:03:04.397Z,EUR,277363.0,,88084.0,88084.0,,,1.14,56.99,11.45,,42.24,,
ex16-57,Pikachu,57,Common,Power Keepers,2026-07-26T08:03:05.407Z,USD,2026-07-26T08:03:04.571Z,EUR,277363.0,,88084.0,88084.0,,,3.41,71.25,11.45,,42.24,,
ex16-57,Pikachu,57,Common,Power Keepers,2026-07-27T08:03:03.273Z,USD,2026-07-27T08:03:04.705Z,EUR,277363.0,,88084.0,88084.0,,,4.84,71.25,11.45,,56.96,,
ex2-72,Pikachu,72,Common,Sandstorm,2026-07-08T18:05:06.590Z,USD,2026-07-08T18:05:11.087Z,EUR,275849.0,,88073.0,88073.0,,,9.55,45.49,11.87,,124.3,,
ex2-72,Pikachu,72,Common,Sandstorm,2026-07-09T18:05:05.600Z,USD,2026-07-09T18:05:09.065Z,EUR,275849.0,,88073.0,88073.0,,,3.44,45.49,11.9,,124.3,,
ex2-72,Pikachu,72,Common,Sandstorm,2026-07-10T18:05:05.248Z,USD,2026-07-10T18:05:08.528Z,EUR,275849.0,,88073.0,88073.0,,,10.41,45.49,11.9,,124.3,,
ex2-72,Pikachu,72,Common,Sandstorm,2026-07-11T18:05:05.066Z,USD,2026-07-11T18:05:08.252Z,EUR,275849.0,,88073.0,88073.0,,,10.41,45.49,12.12,,124.3,,
ex2-72,Pikachu,72,Common,Sandstorm,2026-07-12T18:05:06.251Z,USD,2026-07-12T18:05:18.426Z,EUR,275849.0,,88073.0,88073.0,,,10.41,45.49,12.12,,124.3,,
ex2-72,Pikachu,72,Common,Sandstorm,2026-07-13T18:05:05.250Z,USD,2026-07-13T18:05:07.999Z,EUR,275849.0,,88073.0,88073.0,,,3.16,45.49,12.13,,124.3,,
ex2-72,Pikachu,72,Common,Sandstorm,2026-07-14T18:05:05.008Z,USD,2026-07-14T18:05:08.458Z,EUR,275849.0,,88073.0,88073.0,,,3.16,45.49,12.21,,124.3,,
ex2-72,Pikachu,72,Common,Sandstorm,2026-07-15T18:05:05.129Z,USD,2026-07-15T18:05:08.182Z,EUR,275849.0,,88073.0,88073.0,,,3.16,45.49,12.17,,124.3,,
ex2-72,Pikachu,72,Common,Sandstorm,2026-07-16T18:05:05.115Z,USD,2026-07-16T18:05:08.165Z,EUR,275849.0,,88073.0,88073.0,,,3.16,45.49,12.17,,124.3,,
ex2-72,Pikachu,72,Common,Sandstorm,2026-07-17T18:05:06.463Z,USD,2026-07-17T18:05:09.271Z,EUR,275849.0,,88073.0,88073.0,,,3.16,45.49,12.06,,124.3,,
ex2-72,Pikachu,72,Common,Sandstorm,2026-07-18T08:02:56.217Z,USD,2026-07-18T08:02:59.776Z,EUR,275849.0,,88073.0,88073.0,,,3.16,45.49,12.06,,124.3,,
ex2-72,Pikachu,72,Common,Sandstorm,2026-07-19T08:03:01.616Z,USD,2026-07-19T08:03:04.320Z,EUR,275849.0,,88073.0,88073.0,,,3.16,45.49,12.06,,124.3,,
ex2-72,Pikachu,72,Common,Sandstorm,2026-07-20T08:03:01.483Z,USD,2026-07-20T08:03:04.265Z,EUR,275849.0,,88073.0,88073.0,,,1.14,45.49,12.06,,124.3,,
ex2-72,Pikachu,72,Common,Sandstorm,2026-07-21T08:03:01.334Z,USD,2026-07-21T08:03:04.252Z,EUR,275849.0,,88073.0,88073.0,,,1.14,45.49,12.02,,124.3,,
ex2-72,Pikachu,72,Common,Sandstorm,2026-07-22T08:03:03.211Z,USD,2026-07-22T08:03:06.627Z,EUR,275849.0,,88073.0,88073.0,,,1.14,45.49,11.9,,124.3,,
ex2-72,Pikachu,72,Common,Sandstorm,2026-07-23T08:03:01.198Z,USD,2026-07-23T08:03:03.918Z,EUR,275849.0,,88073.0,88073.0,,,1.14,45.49,11.9,,124.3,,
ex2-72,Pikachu,72,Common,Sandstorm,2026-07-24T08:03:01.598Z,USD,2026-07-24T08:03:04.300Z,EUR,275849.0,,88073.0,88073.0,,,1.14,45.49,11.95,,124.3,,
ex2-72,Pikachu,72,Common,Sandstorm,2026-07-25T08:03:01.497Z,USD,2026-07-25T08:03:04.397Z,EUR,275849.0,,88073.0,88073.0,,,1.14,45.49,11.95,,124.3,,
ex2-72,Pikachu,72,Common,Sandstorm,2026-07-26T08:03:02.641Z,USD,2026-07-26T08:03:04.571Z,EUR,275849.0,,88073.0,88073.0,,,9.11,113.43,11.95,,124.3,,
ex2-72,Pikachu,72,Common,Sandstorm,2026-07-27T08:03:02.758Z,USD,2026-07-27T08:03:04.705Z,EUR,275849.0,,88073.0,88073.0,,,9.69,113.43,11.79,,116.4,,
ex4-43,Pikachu,43,Common,Team Magma vs Team Aqua,2026-07-08T18:05:06.607Z,USD,2026-07-08T18:05:10.078Z,EUR,276020.0,,88077.0,88077.0,,,5.69,19.38,20.23,,73.6,,
ex4-43,Pikachu,43,Common,Team Magma vs Team Aqua,2026-07-09T18:05:05.626Z,USD,2026-07-09T18:05:09.065Z,EUR,276020.0,,88077.0,88077.0,,,8.62,19.38,20.23,,73.6,,
ex4-43,Pikachu,43,Common,Team Magma vs Team Aqua,2026-07-10T18:05:05.261Z,USD,2026-07-10T18:05:08.528Z,EUR,276020.0,,88077.0,88077.0,,,7.75,19.38,20.46,,73.6,,
ex4-43,Pikachu,43,Common,Team Magma vs Team Aqua,2026-07-11T18:05:05.076Z,USD,2026-07-11T18:05:08.177Z,EUR,276020.0,,88077.0,88077.0,,,7.75,19.38,20.46,,73.6,,
ex4-43,Pikachu,43,Common,Team Magma vs Team Aqua,2026-07-12T18:05:06.264Z,USD,2026-07-12T18:05:18.426Z,EUR,276020.0,,88077.0,88077.0,,,7.75,19.38,21.0,,73.6,,
ex4-43,Pikachu,43,Common,Team Magma vs Team Aqua,2026-07-13T18:05:05.260Z,USD,2026-07-13T18:05:07.999Z,EUR,276020.0,,88077.0,88077.0,,,4.5,19.38,21.0,,73.6,,
ex4-43,Pikachu,43,Common,Team Magma vs Team Aqua,2026-07-14T18:05:05.023Z,USD,2026-07-14T18:05:07.978Z,EUR,276020.0,,88077.0,88077.0,,,4.5,19.38,21.0,,73.6,,
ex4-43,Pikachu,43,Common,Team Magma vs Team Aqua,2026-07-15T18:05:05.140Z,USD,2026-07-15T18:05:08.182Z,EUR,276020.0,,88077.0,88077.0,,,4.5,19.38,21.0,,73.6,,
ex4-43,Pikachu,43,Common,Team Magma vs Team Aqua,2026-07-16T18:05:05.121Z,USD,2026-07-16T18:05:08.253Z,EUR,276020.0,,88077.0,88077.0,,,4.5,19.38,21.0,,73.6,,
ex4-43,Pikachu,43,Common,Team Magma vs Team Aqua,2026-07-17T18:05:06.477Z,USD,2026-07-17T18:05:09.271Z,EUR,276020.0,,88077.0,88077.0,,,4.5,19.38,21.35,,73.6,,
ex4-43,Pikachu,43,Common,Team Magma vs Team Aqua,2026-07-18T08:02:56.231Z,USD,2026-07-18T08:02:59.776Z,EUR,276020.0,,88077.0,88077.0,,,4.5,19.38,21.35,,73.6,,
ex4-43,Pikachu,43,Common,Team Magma vs Team Aqua,2026-07-19T08:03:01.632Z,USD,2026-07-19T08:03:04.558Z,EUR,276020.0,,88077.0,88077.0,,,4.5,19.38,21.35,,73.6,,
ex4-43,Pikachu,43,Common,Team Magma vs Team Aqua,2026-07-20T08:03:01.502Z,USD,2026-07-20T08:03:04.811Z,EUR,276020.0,,88077.0,88077.0,,,11.4,19.38,21.35,,73.6,,
ex4-43,Pikachu,43,Common,Team Magma vs Team Aqua,2026-07-21T08:03:01.348Z,USD,2026-07-21T08:03:04.252Z,EUR,276020.0,,88077.0,88077.0,,,11.4,19.38,21.35,,73.6,,
ex4-43,Pikachu,43,Common,Team Magma vs Team Aqua,2026-07-22T08:03:03.221Z,USD,2026-07-22T08:03:06.558Z,EUR,276020.0,,88077.0,88077.0,,,11.4,19.38,21.52,,73.6,,
ex4-43,Pikachu,43,Common,Team Magma vs Team Aqua,2026-07-23T08:03:01.210Z,USD,2026-07-23T08:03:03.918Z,EUR,276020.0,,88077.0,88077.0,,,11.4,19.38,21.52,,73.6,,
ex4-43,Pikachu,43,Common,Team Magma vs Team Aqua,2026-07-24T08:03:01.610Z,USD,2026-07-24T08:03:04.300Z,EUR,276020.0,,88077.0,88077.0,,,11.4,19.38,21.6,,73.6,,
ex4-43,Pikachu,43,Common,Team Magma vs Team Aqua,2026-07-25T08:03:01.509Z,USD,2026-07-25T08:03:04.397Z,EUR,276020.0,,88077.0,88077.0,,,11.4,19.38,21.83,,73.6,,
ex4-43,Pikachu,43,Common,Team Magma vs Team Aqua,2026-07-26T08:03:02.675Z,USD,2026-07-26T08:03:04.571Z,EUR,276020.0,,88077.0,88077.0,,,7.3,19.38,21.83,,73.6,,
ex4-43,Pikachu,43,Common,Team Magma vs Team Aqua,2026-07-27T08:03:02.888Z,USD,2026-07-27T08:03:04.705Z,EUR,276020.0,,88077.0,88077.0,,,7.3,19.38,21.83,,73.6,,
ex5.5-5,Pikachu,5,Promo,Poké Card Creator Pack,,,2026-07-08T18:05:10.078Z,EUR,605996.0,,,,,,456.0,,,,,,
ex5.5-5,Pikachu,5,Promo,Poké Card Creator Pack,,,2026-07-09T18:05:09.065Z,EUR,605996.0,,,,,,456.0,,,,,,
ex5.5-5,Pikachu,5,Promo,Poké Card Creator Pack,,,2026-07-10T18:05:08.528Z,EUR,605996.0,,,,,,456.0,,,,,,
ex5.5-5,Pikachu,5,Promo,Poké Card Creator Pack,,,2026-07-11T18:05:08.252Z,EUR,605996.0,,,,,,456.0,,,,,,
ex5.5-5,Pikachu,5,Promo,Poké Card Creator Pack,,,2026-07-12T18:05:18.426Z,EUR,605996.0,,,,,,456.0,,,,,,
ex5.5-5,Pikachu,5,Promo,Poké Card Creator Pack,,,2026-07-13T18:05:07.999Z,EUR,605996.0,,,,,,456.0,,,,,,
ex5.5-5,Pikachu,5,Promo,Poké Card Creator Pack,,,2026-07-14T18:05:08.458Z,EUR,605996.0,,,,,,456.0,,,,,,
ex5.5-5,Pikachu,5,Promo,Poké Card Creator Pack,,,2026-07-15T18:05:08.182Z,EUR,605996.0,,,,,,456.0,,,,,,
ex5.5-5,Pikachu,5,Promo,Poké Card Creator Pack,,,2026-07-16T18:05:08.165Z,EUR,605996.0,,,,,,456.0,,,,,,
ex5.5-5,Pikachu,5,Promo,Poké Card Creator Pack,,,2026-07-17T18:05:09.690Z,EUR,605996.0,,,,,,456.0,,,,,,
ex5.5-5,Pikachu,5,Promo,Poké Card Creator Pack,,,2026-07-18T08:02:59.361Z,EUR,605996.0,,,,,,456.0,,,,,,
ex5.5-5,Pikachu,5,Promo,Poké Card Creator Pack,,,2026-07-19T08:03:04.658Z,EUR,605996.0,,,,,,456.0,,,,,,
ex5.5-5,Pikachu,5,Promo,Poké Card Creator Pack,,,2026-07-20T08:03:04.265Z,EUR,605996.0,,,,,,456.0,,,,,,
ex5.5-5,Pikachu,5,Promo,Poké Card Creator Pack,,,2026-07-21T08:03:04.252Z,EUR,605996.0,,,,,,456.0,,,,,,
ex5.5-5,Pikachu,5,Promo,Poké Card Creator Pack,,,2026-07-22T08:03:06.471Z,EUR,605996.0,,,,,,456.0,,,,,,
ex5.5-5,Pikachu,5,Promo,Poké Card Creator Pack,,,2026-07-23T08:03:03.918Z,EUR,605996.0,,,,,,456.0,,,,,,
ex5.5-5,Pikachu,5,Promo,Poké Card Creator Pack,,,2026-07-24T08:03:04.550Z,EUR,605996.0,,,,,,456.0,,,,,,
ex5.5-5,Pikachu,5,Promo,Poké Card Creator Pack,,,2026-07-25T08:03:04.397Z,EUR,605996.0,,,,,,456.0,,,,,,
ex5.5-5,Pikachu,5,Promo,Poké Card Creator Pack,,,2026-07-26T08:03:04.532Z,EUR,605996.0,,,,,,456.0,,,,,,
ex5.5-5,Pikachu,5,Promo,Poké Card Creator Pack,,,2026-07-27T08:03:04.458Z,EUR,605996.0,,,,,,456.0,,,,,,
ex6-74,Pikachu,74,Common,FireRed & LeafGreen,2026-07-08T18:05:06.614Z,USD,2026-07-08T18:05:10.078Z,EUR,276250.0,,88078.0,88078.0,,,2.28,93.46,9.12,,111.17,,
ex6-74,Pikachu,74,Common,FireRed & LeafGreen,2026-07-09T18:05:05.641Z,USD,2026-07-09T18:05:09.065Z,EUR,276250.0,,88078.0,88078.0,,,12.0,93.46,9.12,,111.17,,
ex6-74,Pikachu,74,Common,FireRed & LeafGreen,2026-07-10T18:05:05.325Z,USD,2026-07-10T18:05:08.528Z,EUR,276250.0,,88078.0,88078.0,,,12.0,93.46,9.12,,111.17,,
ex6-74,Pikachu,74,Common,FireRed & LeafGreen,2026-07-11T18:05:05.088Z,USD,2026-07-11T18:05:08.252Z,EUR,276250.0,,88078.0,88078.0,,,12.0,93.46,9.12,,111.17,,
ex6-74,Pikachu,74,Common,FireRed & LeafGreen,2026-07-12T18:05:06.278Z,USD,2026-07-12T18:05:18.426Z,EUR,276250.0,,88078.0,88078.0,,,12.0,93.46,9.12,,111.17,,
ex6-74,Pikachu,74,Common,FireRed & LeafGreen,2026-07-13T18:05:05.274Z,USD,2026-07-13T18:05:07.846Z,EUR,276250.0,,88078.0,88078.0,,,20.52,93.46,9.12,,111.17,,
ex6-74,Pikachu,74,Common,FireRed & LeafGreen,2026-07-14T18:05:05.049Z,USD,2026-07-14T18:05:08.458Z,EUR,276250.0,,88078.0,88078.0,,,20.52,93.46,9.12,,111.17,,
ex6-74,Pikachu,74,Common,FireRed & LeafGreen,2026-07-15T18:05:05.148Z,USD,2026-07-15T18:05:08.182Z,EUR,276250.0,,88078.0,88078.0,,,20.52,93.46,9.18,,111.17,,
ex6-74,Pikachu,74,Common,FireRed & LeafGreen,2026-07-16T18:05:05.128Z,USD,2026-07-16T18:05:08.631Z,EUR,276250.0,,88078.0,88078.0,,,20.52,93.46,9.18,,111.17,,
ex6-74,Pikachu,74,Common,FireRed & LeafGreen,2026-07-17T18:05:06.512Z,USD,2026-07-17T18:05:09.271Z,EUR,276250.0,,88078.0,88078.0,,,20.52,93.46,9.18,,111.17,,
ex6-74,Pikachu,74,Common,FireRed & LeafGreen,2026-07-18T08:02:56.247Z,USD,2026-07-18T08:02:59.776Z,EUR,276250.0,,88078.0,88078.0,,,20.52,93.46,9.18,,111.17,,
ex6-74,Pikachu,74,Common,FireRed & LeafGreen,2026-07-19T08:03:01.647Z,USD,2026-07-19T08:03:04.658Z,EUR,276250.0,,88078.0,88078.0,,,20.52,93.46,9.18,,111.17,,
ex6-74,Pikachu,74,Common,FireRed & LeafGreen,2026-07-20T08:03:01.515Z,USD,2026-07-20T08:03:04.811Z,EUR,276250.0,,88078.0,88078.0,,,1.14,93.46,9.18,,111.17,,
ex6-74,Pikachu,74,Common,FireRed & LeafGreen,2026-07-21T08:03:01.360Z,USD,2026-07-21T08:03:04.252Z,EUR,276250.0,,88078.0,88078.0,,,1.14,93.46,9.25,,159.26,,
ex6-74,Pikachu,74,Common,FireRed & LeafGreen,2026-07-22T08:03:03.239Z,USD,2026-07-22T08:03:06.627Z,EUR,276250.0,,88078.0,88078.0,,,1.14,93.46,9.25,,159.26,,
ex6-74,Pikachu,74,Common,FireRed & LeafGreen,2026-07-23T08:03:01.221Z,USD,2026-07-23T08:03:03.918Z,EUR,276250.0,,88078.0,88078.0,,,1.14,93.46,9.25,,159.26,,
ex6-74,Pikachu,74,Common,FireRed & LeafGreen,2026-07-24T08:03:01.619Z,USD,2026-07-24T08:03:04.300Z,EUR,276250.0,,88078.0,88078.0,,,1.14,93.46,9.25,,159.26,,
ex6-74,Pikachu,74,Common,FireRed & LeafGreen,2026-07-25T08:03:01.545Z,USD,2026-07-25T08:03:04.397Z,EUR,276250.0,,88078.0,88078.0,,,1.14,93.46,9.38,,159.26,,
ex6-74,Pikachu,74,Common,FireRed & LeafGreen,2026-07-26T08:03:02.817Z,USD,2026-07-26T08:03:04.571Z,EUR,276250.0,,88078.0,88078.0,,,17.1,93.46,9.38,,159.26,,
ex6-74,Pikachu,74,Common,FireRed & LeafGreen,2026-07-27T08:03:03.001Z,USD,2026-07-27T08:03:04.705Z,EUR,276250.0,,88078.0,88078.0,,,17.1,93.46,9.38,,159.26,,
ex9-60,Pikachu,60,Common,Emerald,2026-07-08T18:05:06.626Z,USD,2026-07-08T18:05:10.691Z,EUR,276571.0,,88080.0,88080.0,,,3.42,39.33,18.31,,65.76,,
ex9-60,Pikachu,60,Common,Emerald,2026-07-09T18:05:05.758Z,USD,2026-07-09T18:05:09.065Z,EUR,276571.0,,88080.0,88080.0,,,6.91,39.33,18.31,,65.76,,
ex9-60,Pikachu,60,Common,Emerald,2026-07-10T18:05:05.517Z,USD,2026-07-10T18:05:08.528Z,EUR,276571.0,,88080.0,88080.0,,,6.91,39.33,18.31,,65.76,,
ex9-60,Pikachu,60,Common,Emerald,2026-07-11T18:05:05.100Z,USD,2026-07-11T18:05:08.252Z,EUR,276571.0,,88080.0,88080.0,,,6.91,39.33,18.23,,65.76,,
ex9-60,Pikachu,60,Common,Emerald,2026-07-12T18:05:06.293Z,USD,2026-07-12T18:05:18.426Z,EUR,276571.0,,88080.0,88080.0,,,6.91,39.33,18.23,,65.76,,
ex9-60,Pikachu,60,Common,Emerald,2026-07-13T18:05:05.287Z,USD,2026-07-13T18:05:07.846Z,EUR,276571.0,,88080.0,88080.0,,,0.57,39.33,18.23,,65.76,,
ex9-60,Pikachu,60,Common,Emerald,2026-07-14T18:05:05.064Z,USD,2026-07-14T18:05:08.458Z,EUR,276571.0,,88080.0,88080.0,,,0.57,39.33,18.23,,65.76,,
ex9-60,Pikachu,60,Common,Emerald,2026-07-15T18:05:05.158Z,USD,2026-07-15T18:05:08.182Z,EUR,276571.0,,88080.0,88080.0,,,0.57,39.33,18.31,,65.76,,
ex9-60,Pikachu,60,Common,Emerald,2026-07-16T18:05:05.146Z,USD,2026-07-16T18:05:08.165Z,EUR,276571.0,,88080.0,88080.0,,,0.57,39.33,18.31,,65.76,,
ex9-60,Pikachu,60,Common,Emerald,2026-07-17T18:05:06.541Z,USD,2026-07-17T18:05:09.271Z,EUR,276571.0,,88080.0,88080.0,,,0.57,39.33,18.31,,65.76,,
ex9-60,Pikachu,60,Common,Emerald,2026-07-18T08:02:56.261Z,USD,2026-07-18T08:02:59.776Z,EUR,276571.0,,88080.0,88080.0,,,0.57,39.33,18.31,,65.76,,
ex9-60,Pikachu,60,Common,Emerald,2026-07-19T08:03:01.657Z,USD,2026-07-19T08:03:04.558Z,EUR,276571.0,,88080.0,88080.0,,,0.57,39.33,18.31,,65.76,,
ex9-60,Pikachu,60,Common,Emerald,2026-07-20T08:03:01.547Z,USD,2026-07-20T08:03:04.265Z,EUR,276571.0,,88080.0,88080.0,,,4.55,39.33,18.31,,65.76,,
ex9-60,Pikachu,60,Common,Emerald,2026-07-21T08:03:01.387Z,USD,2026-07-21T08:03:04.252Z,EUR,276571.0,,88080.0,88080.0,,,4.55,39.33,18.31,,65.76,,
ex9-60,Pikachu,60,Common,Emerald,2026-07-22T08:03:03.250Z,USD,2026-07-22T08:03:06.558Z,EUR,276571.0,,88080.0,88080.0,,,4.55,39.33,18.23,,65.76,,
ex9-60,Pikachu,60,Common,Emerald,2026-07-23T08:03:01.232Z,USD,2026-07-23T08:03:03.918Z,EUR,276571.0,,88080.0,88080.0,,,4.55,39.33,18.23,,65.76,,
ex9-60,Pikachu,60,Common,Emerald,2026-07-24T08:03:01.627Z,USD,2026-07-24T08:03:04.300Z,EUR,276571.0,,88080.0,88080.0,,,4.55,39.33,18.2,,65.76,,
ex9-60,Pikachu,60,Common,Emerald,2026-07-25T08:03:01.569Z,USD,2026-07-25T08:03:04.397Z,EUR,276571.0,,88080.0,88080.0,,,4.55,39.33,18.18,,65.76,,
ex9-60,Pikachu,60,Common,Emerald,2026-07-26T08:03:03.829Z,USD,2026-07-26T08:03:04.377Z,EUR,276571.0,,88080.0,88080.0,,,1.46,39.33,18.18,,65.76,,
ex9-60,Pikachu,60,Common,Emerald,2026-07-27T08:03:03.047Z,USD,2026-07-27T08:03:04.705Z,EUR,276571.0,,88080.0,88080.0,,,5.15,131.1,18.12,,65.76,,
fut2020-1,Pikachu on the Ball,1,Promo,Pokémon Futsal 2020,,,2026-07-08T18:05:10.686Z,EUR,506930.0,,,,,,142.5,,,,,,
fut2020-1,Pikachu on the Ball,1,Promo,Pokémon Futsal 2020,,,2026-07-09T18:05:09.065Z,EUR,506930.0,,,,,,142.5,,,,,,
fut2020-1,Pikachu on the Ball,1,Promo,Pokémon Futsal 2020,,,2026-07-10T18:05:08.528Z,EUR,506930.0,,,,,,142.5,,,,,,
fut2020-1,Pikachu on the Ball,1,Promo,Pokémon Futsal 2020,,,2026-07-11T18:05:08.177Z,EUR,506930.0,,,,,,142.5,,,,,,
fut2020-1,Pikachu on the Ball,1,Promo,Pokémon Futsal 2020,,,2026-07-12T18:05:18.426Z,EUR,506930.0,,,,,,142.5,,,,,,
fut2020-1,Pikachu on the Ball,1,Promo,Pokémon Futsal 2020,,,2026-07-13T18:05:07.999Z,EUR,506930.0,,,,,,142.5,,,,,,
fut2020-1,Pikachu on the Ball,1,Promo,Pokémon Futsal 2020,,,2026-07-14T18:05:08.458Z,EUR,506930.0,,,,,,142.5,,,,,,
fut2020-1,Pikachu on the Ball,1,Promo,Pokémon Futsal 2020,,,2026-07-15T18:05:08.182Z,EUR,506930.0,,,,,,142.5,,,,,,
fut2020-1,Pikachu on the Ball,1,Promo,Pokémon Futsal 2020,,,2026-07-16T18:05:08.298Z,EUR,506930.0,,,,,,142.5,,,,,,
fut2020-1,Pikachu on the Ball,1,Promo,Pokémon Futsal 2020,,,2026-07-17T18:05:09.690Z,EUR,506930.0,,,,,,142.5,,,,,,
fut2020-1,Pikachu on the Ball,1,Promo,Pokémon Futsal 2020,,,2026-07-18T08:02:59.776Z,EUR,506930.0,,,,,,142.5,,,,,,
fut2020-1,Pikachu on the Ball,1,Promo,Pokémon Futsal 2020,,,2026-07-19T08:03:04.658Z,EUR,506930.0,,,,,,142.5,,,,,,
fut2020-1,Pikachu on the Ball,1,Promo,Pokémon Futsal 2020,,,2026-07-20T08:03:04.265Z,EUR,506930.0,,,,,,142.5,,,,,,
fut2020-1,Pikachu on the Ball,1,Promo,Pokémon Futsal 2020,,,2026-07-21T08:03:04.252Z,EUR,506930.0,,,,,,142.5,,,,,,
fut2020-1,Pikachu on the Ball,1,Promo,Pokémon Futsal 2020,,,2026-07-22T08:03:06.471Z,EUR,506930.0,,,,,,142.5,,,,,,
fut2020-1,Pikachu on the Ball,1,Promo,Pokémon Futsal 2020,,,2026-07-23T08:03:03.918Z,EUR,506930.0,,,,,,142.5,,,,,,
fut2020-1,Pikachu on the Ball,1,Promo,Pokémon Futsal 2020,,,2026-07-24T08:03:04.300Z,EUR,506930.0,,,,,,142.5,,,,,,
fut2020-1,Pikachu on the Ball,1,Promo,Pokémon Futsal 2020,,,2026-07-25T08:03:04.302Z,EUR,506930.0,,,,,,142.5,,,,,,
fut2020-1,Pikachu on the Ball,1,Promo,Pokémon Futsal 2020,,,2026-07-26T08:03:04.571Z,EUR,506930.0,,,,,,205.19,,,,,,
fut2020-1,Pikachu on the Ball,1,Promo,Pokémon Futsal 2020,,,2026-07-27T08:03:04.458Z,EUR,506930.0,,,,,,205.19,,,,,,
g1-26,Pikachu,26,Common,Generations,2026-07-08T18:05:07.123Z,USD,2026-07-08T18:05:10.691Z,EUR,288464.0,,113684.0,113684.0,,,2.85,28.49,3.53,,15.15,,
g1-26,Pikachu,26,Common,Generations,2026-07-09T18:05:06.420Z,USD,2026-07-09T18:05:09.065Z,EUR,288464.0,,113684.0,113684.0,,,4.55,28.49,3.53,,15.15,,
g1-26,Pikachu,26,Common,Generations,2026-07-10T18:05:06.044Z,USD,2026-07-10T18:05:08.528Z,EUR,288464.0,,113684.0,113684.0,,,3.83,28.49,3.53,,15.15,,
g1-26,Pikachu,26,Common,Generations,2026-07-11T18:05:05.698Z,USD,2026-07-11T18:05:08.252Z,EUR,288464.0,,113684.0,113684.0,,,3.83,28.49,3.55,,15.67,,
g1-26,Pikachu,26,Common,Generations,2026-07-12T18:05:06.999Z,USD,2026-07-12T18:05:18.426Z,EUR,288464.0,,113684.0,113684.0,,,3.83,28.49,3.55,,15.67,,
g1-26,Pikachu,26,Common,Generations,2026-07-13T18:05:05.943Z,USD,2026-07-13T18:05:07.999Z,EUR,288464.0,,113684.0,113684.0,,,3.77,3.93,3.53,,15.67,,
g1-26,Pikachu,26,Common,Generations,2026-07-14T18:05:05.672Z,USD,2026-07-14T18:05:08.211Z,EUR,288464.0,,113684.0,113684.0,,,3.77,3.93,3.59,,15.67,,
g1-26,Pikachu,26,Common,Generations,2026-07-15T18:05:05.691Z,USD,2026-07-15T18:05:08.182Z,EUR,288464.0,,113684.0,113684.0,,,3.77,3.93,3.55,,15.67,,
g1-26,Pikachu,26,Common,Generations,2026-07-16T18:05:05.746Z,USD,2026-07-16T18:05:08.253Z,EUR,288464.0,,113684.0,113684.0,,,3.77,3.93,3.55,,15.67,,
g1-26,Pikachu,26,Common,Generations,2026-07-17T18:05:07.100Z,USD,2026-07-17T18:05:09.271Z,EUR,288464.0,,113684.0,113684.0,,,3.77,3.93,3.57,,15.67,,
g1-26,Pikachu,26,Common,Generations,2026-07-18T08:02:56.750Z,USD,2026-07-18T08:02:59.776Z,EUR,288464.0,,113684.0,113684.0,,,3.77,3.93,3.6,,15.67,,
g1-26,Pikachu,26,Common,Generations,2026-07-19T08:03:02.129Z,USD,2026-07-19T08:03:04.658Z,EUR,288464.0,,113684.0,113684.0,,,3.77,3.93,3.61,,15.67,,
g1-26,Pikachu,26,Common,Generations,2026-07-20T08:03:01.988Z,USD,2026-07-20T08:03:04.265Z,EUR,288464.0,,113684.0,113684.0,,,2.22,10.26,3.63,,15.67,,
g1-26,Pikachu,26,Common,Generations,2026-07-21T08:03:01.956Z,USD,2026-07-21T08:03:04.252Z,EUR,288464.0,,113684.0,113684.0,,,2.22,10.26,3.71,,15.67,,
g1-26,Pikachu,26,Common,Generations,2026-07-22T08:03:03.812Z,USD,2026-07-22T08:03:06.399Z,EUR,288464.0,,113684.0,113684.0,,,2.22,10.26,3.73,,15.67,,
g1-26,Pikachu,26,Common,Generations,2026-07-23T08:03:01.679Z,USD,2026-07-23T08:03:03.918Z,EUR,288464.0,,113684.0,113684.0,,,2.22,10.26,3.73,,15.67,,
g1-26,Pikachu,26,Common,Generations,2026-07-24T08:03:02.077Z,USD,2026-07-24T08:03:04.550Z,EUR,288464.0,,113684.0,113684.0,,,2.22,10.26,3.74,,15.67,,
g1-26,Pikachu,26,Common,Generations,2026-07-25T08:03:02.050Z,USD,2026-07-25T08:03:04.397Z,EUR,288464.0,,113684.0,113684.0,,,2.22,10.26,3.72,,15.67,,
g1-26,Pikachu,26,Common,Generations,2026-07-26T08:03:23.062Z,USD,2026-07-26T08:03:04.571Z,EUR,288464.0,,113684.0,113684.0,,,3.36,10.26,3.73,,15.67,,
g1-26,Pikachu,26,Common,Generations,2026-07-27T08:03:20.584Z,USD,2026-07-27T08:03:04.705Z,EUR,288464.0,,113684.0,113684.0,,,8.55,10.26,3.96,,15.67,,
g1-RC29,Pikachu,RC29,Ultra Rare,Generations,,,2026-07-08T18:05:10.691Z,EUR,288464.0,,,,,,2.85,28.49,,,,,
g1-RC29,Pikachu,RC29,Ultra Rare,Generations,,,2026-07-09T18:05:09.065Z,EUR,288464.0,,,,,,4.55,28.49,,,,,
g1-RC29,Pikachu,RC29,Ultra Rare,Generations,,,2026-07-10T18:05:08.528Z,EUR,288464.0,,,,,,3.83,28.49,,,,,
g1-RC29,Pikachu,RC29,Ultra Rare,Generations,,,2026-07-11T18:05:08.177Z,EUR,288464.0,,,,,,3.83,28.49,,,,,
g1-RC29,Pikachu,RC29,Ultra Rare,Generations,,,2026-07-12T18:05:09.193Z,EUR,288464.0,,,,,,3.83,28.49,,,,,
g1-RC29,Pikachu,RC29,Ultra Rare,Generations,,,2026-07-13T18:05:07.846Z,EUR,288464.0,,,,,,3.77,3.93,,,,,
g1-RC29,Pikachu,RC29,Ultra Rare,Generations,,,2026-07-14T18:05:08.086Z,EUR,288464.0,,,,,,3.77,3.93,,,,,
g1-RC29,Pikachu,RC29,Ultra Rare,Generations,,,2026-07-15T18:05:08.182Z,EUR,288464.0,,,,,,3.77,3.93,,,,,
g1-RC29,Pikachu,RC29,Ultra Rare,Generations,,,2026-07-16T18:05:08.727Z,EUR,288464.0,,,,,,3.77,3.93,,,,,
g1-RC29,Pikachu,RC29,Ultra Rare,Generations,,,2026-07-17T18:05:09.271Z,EUR,288464.0,,,,,,3.77,3.93,,,,,
g1-RC29,Pikachu,RC29,Ultra Rare,Generations,,,2026-07-18T08:02:59.776Z,EUR,288464.0,,,,,,3.77,3.93,,,,,
g1-RC29,Pikachu,RC29,Ultra Rare,Generations,,,2026-07-19T08:03:04.320Z,EUR,288464.0,,,,,,3.77,3.93,,,,,
g1-RC29,Pikachu,RC29,Ultra Rare,Generations,,,2026-07-20T08:03:04.265Z,EUR,288464.0,,,,,,2.22,10.26,,,,,
g1-RC29,Pikachu,RC29,Ultra Rare,Generations,,,2026-07-21T08:03:04.252Z,EUR,288464.0,,,,,,2.22,10.26,,,,,
g1-RC29,Pikachu,RC29,Ultra Rare,Generations,,,2026-07-22T08:03:06.558Z,EUR,288464.0,,,,,,2.22,10.26,,,,,
g1-RC29,Pikachu,RC29,Ultra Rare,Generations,,,2026-07-23T08:03:03.918Z,EUR,288464.0,,,,,,2.22,10.26,,,,,
g1-RC29,Pikachu,RC29,Ultra Rare,Generations,,,2026-07-24T08:03:04.300Z,EUR,288464.0,,,,,,2.22,10.26,,,,,
g1-RC29,Pikachu,RC29,Ultra Rare,Generations,,,2026-07-25T08:03:04.397Z,EUR,288464.0,,,,,,2.22,10.26,,,,,
g1-RC29,Pikachu,RC29,Ultra Rare,Generations,,,2026-07-26T08:03:04.532Z,EUR,288464.0,,,,,,3.36,10.26,,,,,
g1-RC29,Pikachu,RC29,Ultra Rare,Generations,,,2026-07-27T08:03:04.705Z,EUR,288464.0,,,,,,8.55,10.26,,,,,
gym1-81,Lt. Surge's Pikachu,81,Common,Gym Heroes,2026-07-08T18:05:06.376Z,USD,2026-07-08T18:05:11.087Z,EUR,274217.0,,,,86859.0,86859.0,5.61,1.71,,,,23.73,6.41
gym1-81,Lt. Surge's Pikachu,81,Common,Gym Heroes,2026-07-09T18:05:05.180Z,USD,2026-07-09T18:05:09.065Z,EUR,274217.0,,,,86859.0,86859.0,15.96,1.71,,,,23.73,7.04
gym1-81,Lt. Surge's Pikachu,81,Common,Gym Heroes,2026-07-10T18:05:05.156Z,USD,2026-07-10T18:05:08.528Z,EUR,274217.0,,,,86859.0,86859.0,4.1,1.71,,,,23.21,7.3
gym1-81,Lt. Surge's Pikachu,81,Common,Gym Heroes,2026-07-11T18:05:04.971Z,USD,2026-07-11T18:05:08.177Z,EUR,274217.0,,,,86859.0,86859.0,4.1,1.71,,,,23.21,7.3
gym1-81,Lt. Surge's Pikachu,81,Common,Gym Heroes,2026-07-12T18:05:06.162Z,USD,2026-07-12T18:05:09.094Z,EUR,274217.0,,,,86859.0,86859.0,4.1,1.71,,,,23.63,7.33
gym1-81,Lt. Surge's Pikachu,81,Common,Gym Heroes,2026-07-13T18:05:05.129Z,USD,2026-07-13T18:05:07.999Z,EUR,274217.0,,,,86859.0,86859.0,5.98,1.71,,,,23.63,7.33
gym1-81,Lt. Surge's Pikachu,81,Common,Gym Heroes,2026-07-14T18:05:04.944Z,USD,2026-07-14T18:05:08.458Z,EUR,274217.0,,,,86859.0,86859.0,5.98,1.71,,,,23.63,7.33
gym1-81,Lt. Surge's Pikachu,81,Common,Gym Heroes,2026-07-15T18:05:04.973Z,USD,2026-07-15T18:05:08.182Z,EUR,274217.0,,,,86859.0,86859.0,5.98,1.71,,,,23.7,6.77
gym1-81,Lt. Surge's Pikachu,81,Common,Gym Heroes,2026-07-16T18:05:05.027Z,USD,2026-07-16T18:05:08.165Z,EUR,274217.0,,,,86859.0,86859.0,5.98,1.71,,,,23.7,6.77
gym1-81,Lt. Surge's Pikachu,81,Common,Gym Heroes,2026-07-17T18:05:06.397Z,USD,2026-07-17T18:05:09.396Z,EUR,274217.0,,,,86859.0,86859.0,5.98,1.71,,,,24.14,6.77
gym1-81,Lt. Surge's Pikachu,81,Common,Gym Heroes,2026-07-18T08:02:56.160Z,USD,2026-07-18T08:02:59.387Z,EUR,274217.0,,,,86859.0,86859.0,5.98,1.71,,,,24.14,6.77
gym1-81,Lt. Surge's Pikachu,81,Common,Gym Heroes,2026-07-19T08:03:01.536Z,USD,2026-07-19T08:03:04.264Z,EUR,274217.0,,,,86859.0,86859.0,5.98,1.71,,,,24.14,6.8
gym1-81,Lt. Surge's Pikachu,81,Common,Gym Heroes,2026-07-20T08:03:01.411Z,USD,2026-07-20T08:03:04.265Z,EUR,274217.0,,,,86859.0,86859.0,57.0,1.71,,,,24.14,6.94
gym1-81,Lt. Surge's Pikachu,81,Common,Gym Heroes,2026-07-21T08:03:01.270Z,USD,2026-07-21T08:03:04.252Z,EUR,274217.0,,,,86859.0,86859.0,57.0,1.71,,,,24.45,6.4
gym1-81,Lt. Surge's Pikachu,81,Common,Gym Heroes,2026-07-22T08:03:03.129Z,USD,2026-07-22T08:03:06.468Z,EUR,274217.0,,,,86859.0,86859.0,57.0,1.71,,,,24.91,6.4
gym1-81,Lt. Surge's Pikachu,81,Common,Gym Heroes,2026-07-23T08:03:01.132Z,USD,2026-07-23T08:03:03.918Z,EUR,274217.0,,,,86859.0,86859.0,57.0,1.71,,,,24.91,6.4
gym1-81,Lt. Surge's Pikachu,81,Common,Gym Heroes,2026-07-24T08:03:01.540Z,USD,2026-07-24T08:03:04.300Z,EUR,274217.0,,,,86859.0,86859.0,57.0,1.71,,,,24.99,6.46
gym1-81,Lt. Surge's Pikachu,81,Common,Gym Heroes,2026-07-25T08:03:01.425Z,USD,2026-07-25T08:03:04.624Z,EUR,274217.0,,,,86859.0,86859.0,57.0,1.71,,,,24.99,6.55
gym1-81,Lt. Surge's Pikachu,81,Common,Gym Heroes,2026-07-26T08:03:02.115Z,USD,2026-07-26T08:03:04.571Z,EUR,274217.0,,,,86859.0,86859.0,4.84,1.71,,,,24.99,6.72
gym1-81,Lt. Surge's Pikachu,81,Common,Gym Heroes,2026-07-27T08:03:02.461Z,USD,2026-07-27T08:03:04.705Z,EUR,274217.0,,,,86859.0,86859.0,8.83,1.71,,,,24.99,6.88
gym2-84,Lt. Surge's Pikachu,84,Common,Gym Challenge,2026-07-08T18:05:06.384Z,USD,2026-07-08T18:05:11.087Z,EUR,274352.0,,,,86860.0,86860.0,18.79,,,,,23.28,10.49
gym2-84,Lt. Surge's Pikachu,84,Common,Gym Challenge,2026-07-09T18:05:05.185Z,USD,2026-07-09T18:05:09.065Z,EUR,274352.0,,,,86860.0,86860.0,14.32,,,,,22.62,10.37
gym2-84,Lt. Surge's Pikachu,84,Common,Gym Challenge,2026-07-10T18:05:05.160Z,USD,2026-07-10T18:05:08.528Z,EUR,274352.0,,,,86860.0,86860.0,3.42,,,,,22.93,10.37
gym2-84,Lt. Surge's Pikachu,84,Common,Gym Challenge,2026-07-11T18:05:04.979Z,USD,2026-07-11T18:05:08.177Z,EUR,274352.0,,,,86860.0,86860.0,3.42,,,,,22.93,10.37
gym2-84,Lt. Surge's Pikachu,84,Common,Gym Challenge,2026-07-12T18:05:06.167Z,USD,2026-07-12T18:05:09.094Z,EUR,274352.0,,,,86860.0,86860.0,3.42,,,,,22.93,10.35
gym2-84,Lt. Surge's Pikachu,84,Common,Gym Challenge,2026-07-13T18:05:05.134Z,USD,2026-07-13T18:05:07.846Z,EUR,274352.0,,,,86860.0,86860.0,4.56,,,,,22.93,10.35
gym2-84,Lt. Surge's Pikachu,84,Common,Gym Challenge,2026-07-14T18:05:04.949Z,USD,2026-07-14T18:05:07.978Z,EUR,274352.0,,,,86860.0,86860.0,4.56,,,,,22.93,10.35
gym2-84,Lt. Surge's Pikachu,84,Common,Gym Challenge,2026-07-15T18:05:04.992Z,USD,2026-07-15T18:05:08.182Z,EUR,274352.0,,,,86860.0,86860.0,4.56,,,,,22.93,10.35
gym2-84,Lt. Surge's Pikachu,84,Common,Gym Challenge,2026-07-16T18:05:05.051Z,USD,2026-07-16T18:05:08.165Z,EUR,274352.0,,,,86860.0,86860.0,4.56,,,,,22.93,10.44
gym2-84,Lt. Surge's Pikachu,84,Common,Gym Challenge,2026-07-17T18:05:06.403Z,USD,2026-07-17T18:05:09.396Z,EUR,274352.0,,,,86860.0,86860.0,4.56,,,,,22.93,10.44
gym2-84,Lt. Surge's Pikachu,84,Common,Gym Challenge,2026-07-18T08:02:56.166Z,USD,2026-07-18T08:02:59.776Z,EUR,274352.0,,,,86860.0,86860.0,4.56,,,,,22.93,10.44
gym2-84,Lt. Surge's Pikachu,84,Common,Gym Challenge,2026-07-19T08:03:01.546Z,USD,2026-07-19T08:03:04.658Z,EUR,274352.0,,,,86860.0,86860.0,4.56,,,,,22.93,10.3
gym2-84,Lt. Surge's Pikachu,84,Common,Gym Challenge,2026-07-20T08:03:01.415Z,USD,2026-07-20T08:03:04.265Z,EUR,274352.0,,,,86860.0,86860.0,14.17,,,,,23.14,10.3
gym2-84,Lt. Surge's Pikachu,84,Common,Gym Challenge,2026-07-21T08:03:01.276Z,USD,2026-07-21T08:03:04.252Z,EUR,274352.0,,,,86860.0,86860.0,14.17,,,,,23.14,10.3
gym2-84,Lt. Surge's Pikachu,84,Common,Gym Challenge,2026-07-22T08:03:03.134Z,USD,2026-07-22T08:03:06.558Z,EUR,274352.0,,,,86860.0,86860.0,14.17,,,,,23.14,10.39
gym2-84,Lt. Surge's Pikachu,84,Common,Gym Challenge,2026-07-23T08:03:01.136Z,USD,2026-07-23T08:03:03.918Z,EUR,274352.0,,,,86860.0,86860.0,14.17,,,,,23.14,10.39
gym2-84,Lt. Surge's Pikachu,84,Common,Gym Challenge,2026-07-24T08:03:01.545Z,USD,2026-07-24T08:03:04.550Z,EUR,274352.0,,,,86860.0,86860.0,14.17,,,,,23.14,10.4
gym2-84,Lt. Surge's Pikachu,84,Common,Gym Challenge,2026-07-25T08:03:01.429Z,USD,2026-07-25T08:03:04.397Z,EUR,274352.0,,,,86860.0,86860.0,14.17,,,,,23.14,10.42
gym2-84,Lt. Surge's Pikachu,84,Common,Gym Challenge,2026-07-26T08:03:02.125Z,USD,2026-07-26T08:03:04.571Z,EUR,274352.0,,,,86860.0,86860.0,8.85,,,,,23.14,10.44
gym2-84,Lt. Surge's Pikachu,84,Common,Gym Challenge,2026-07-27T08:03:02.521Z,USD,2026-07-27T08:03:04.705Z,EUR,274352.0,,,,86860.0,86860.0,2.22,,,,,23.14,10.41
hgss1-78,Pikachu,78,Common,HeartGold SoulSilver,2026-07-08T18:05:06.991Z,USD,2026-07-08T18:05:10.691Z,EUR,279050.0,,88095.0,88095.0,,,5.7,27.69,11.86,,43.33,,
hgss1-78,Pikachu,78,Common,HeartGold SoulSilver,2026-07-09T18:05:06.185Z,USD,2026-07-09T18:05:09.065Z,EUR,279050.0,,88095.0,88095.0,,,9.06,27.69,11.86,,43.33,,
hgss1-78,Pikachu,78,Common,HeartGold SoulSilver,2026-07-10T18:05:05.910Z,USD,2026-07-10T18:05:08.528Z,EUR,279050.0,,88095.0,88095.0,,,1.14,27.69,11.86,,43.33,,
hgss1-78,Pikachu,78,Common,HeartGold SoulSilver,2026-07-11T18:05:05.589Z,USD,2026-07-11T18:05:08.252Z,EUR,279050.0,,88095.0,88095.0,,,1.14,27.69,11.86,,43.33,,
hgss1-78,Pikachu,78,Common,HeartGold SoulSilver,2026-07-12T18:05:06.889Z,USD,2026-07-12T18:05:18.426Z,EUR,279050.0,,88095.0,88095.0,,,1.14,27.69,11.86,,43.33,,
hgss1-78,Pikachu,78,Common,HeartGold SoulSilver,2026-07-13T18:05:05.795Z,USD,2026-07-13T18:05:07.999Z,EUR,279050.0,,88095.0,88095.0,,,5.1,27.69,11.86,,43.33,,
hgss1-78,Pikachu,78,Common,HeartGold SoulSilver,2026-07-14T18:05:05.537Z,USD,2026-07-14T18:05:08.458Z,EUR,279050.0,,88095.0,88095.0,,,5.1,27.69,11.86,,43.33,,
hgss1-78,Pikachu,78,Common,HeartGold SoulSilver,2026-07-15T18:05:05.599Z,USD,2026-07-15T18:05:08.182Z,EUR,279050.0,,88095.0,88095.0,,,5.1,27.69,11.86,,43.33,,
hgss1-78,Pikachu,78,Common,HeartGold SoulSilver,2026-07-16T18:05:05.633Z,USD,2026-07-16T18:05:08.165Z,EUR,279050.0,,88095.0,88095.0,,,5.1,27.69,11.86,,43.33,,
hgss1-78,Pikachu,78,Common,HeartGold SoulSilver,2026-07-17T18:05:06.908Z,USD,2026-07-17T18:05:09.271Z,EUR,279050.0,,88095.0,88095.0,,,5.1,27.69,11.86,,43.33,,
hgss1-78,Pikachu,78,Common,HeartGold SoulSilver,2026-07-18T08:02:56.568Z,USD,2026-07-18T08:02:59.776Z,EUR,279050.0,,88095.0,88095.0,,,5.1,27.69,11.94,,43.33,,
hgss1-78,Pikachu,78,Common,HeartGold SoulSilver,2026-07-19T08:03:01.982Z,USD,2026-07-19T08:03:04.658Z,EUR,279050.0,,88095.0,88095.0,,,5.1,27.69,11.94,,43.33,,
hgss1-78,Pikachu,78,Common,HeartGold SoulSilver,2026-07-20T08:03:01.858Z,USD,2026-07-20T08:03:04.265Z,EUR,279050.0,,88095.0,88095.0,,,3.6,4.56,11.94,,43.33,,
hgss1-78,Pikachu,78,Common,HeartGold SoulSilver,2026-07-21T08:03:01.725Z,USD,2026-07-21T08:03:04.252Z,EUR,279050.0,,88095.0,88095.0,,,3.6,4.56,11.81,,43.33,,
hgss1-78,Pikachu,78,Common,HeartGold SoulSilver,2026-07-22T08:03:03.587Z,USD,2026-07-22T08:03:06.627Z,EUR,279050.0,,88095.0,88095.0,,,3.6,4.56,11.81,,43.33,,
hgss1-78,Pikachu,78,Common,HeartGold SoulSilver,2026-07-23T08:03:01.515Z,USD,2026-07-23T08:03:03.918Z,EUR,279050.0,,88095.0,88095.0,,,3.6,4.56,11.81,,43.33,,
hgss1-78,Pikachu,78,Common,HeartGold SoulSilver,2026-07-24T08:03:01.924Z,USD,2026-07-24T08:03:04.300Z,EUR,279050.0,,88095.0,88095.0,,,3.6,4.56,11.81,,43.33,,
hgss1-78,Pikachu,78,Common,HeartGold SoulSilver,2026-07-25T08:03:01.888Z,USD,2026-07-25T08:03:04.397Z,EUR,279050.0,,88095.0,88095.0,,,3.6,4.56,11.98,,43.33,,
hgss1-78,Pikachu,78,Common,HeartGold SoulSilver,2026-07-26T08:03:21.535Z,USD,2026-07-26T08:03:04.377Z,EUR,279050.0,,88095.0,88095.0,,,2.82,2.28,11.98,,43.33,,
hgss1-78,Pikachu,78,Common,HeartGold SoulSilver,2026-07-27T08:03:05.703Z,USD,2026-07-27T08:03:04.705Z,EUR,279050.0,,88095.0,88095.0,,,2.82,2.28,11.97,,43.33,,
hgss3-61,Pikachu,61,Common,Undaunted,2026-07-08T18:05:06.997Z,USD,2026-07-08T18:05:10.691Z,EUR,279314.0,,88097.0,88097.0,,,9.98,34.2,12.75,,124.97,,
hgss3-61,Pikachu,61,Common,Undaunted,2026-07-09T18:05:06.226Z,USD,2026-07-09T18:05:09.065Z,EUR,279314.0,,88097.0,88097.0,,,3.26,34.2,12.75,,124.97,,
hgss3-61,Pikachu,61,Common,Undaunted,2026-07-10T18:05:05.934Z,USD,2026-07-10T18:05:08.528Z,EUR,279314.0,,88097.0,88097.0,,,3.26,34.2,12.75,,124.97,,
hgss3-61,Pikachu,61,Common,Undaunted,2026-07-11T18:05:05.603Z,USD,2026-07-11T18:05:08.252Z,EUR,279314.0,,88097.0,88097.0,,,3.26,34.2,12.75,,124.97,,
hgss3-61,Pikachu,61,Common,Undaunted,2026-07-12T18:05:06.900Z,USD,2026-07-12T18:05:18.426Z,EUR,279314.0,,88097.0,88097.0,,,3.26,34.2,12.75,,124.97,,
hgss3-61,Pikachu,61,Common,Undaunted,2026-07-13T18:05:05.813Z,USD,2026-07-13T18:05:07.846Z,EUR,279314.0,,88097.0,88097.0,,,5.69,34.2,12.75,,124.97,,
hgss3-61,Pikachu,61,Common,Undaunted,2026-07-14T18:05:05.554Z,USD,2026-07-14T18:05:08.458Z,EUR,279314.0,,88097.0,88097.0,,,5.69,34.2,12.63,,124.97,,
hgss3-61,Pikachu,61,Common,Undaunted,2026-07-15T18:05:05.611Z,USD,2026-07-15T18:05:08.182Z,EUR,279314.0,,88097.0,88097.0,,,5.69,34.2,12.43,,124.97,,
hgss3-61,Pikachu,61,Common,Undaunted,2026-07-16T18:05:05.662Z,USD,2026-07-16T18:05:08.165Z,EUR,279314.0,,88097.0,88097.0,,,5.69,34.2,12.43,,124.97,,
hgss3-61,Pikachu,61,Common,Undaunted,2026-07-17T18:05:06.922Z,USD,2026-07-17T18:05:09.271Z,EUR,279314.0,,88097.0,88097.0,,,5.69,34.2,12.35,,124.97,,
hgss3-61,Pikachu,61,Common,Undaunted,2026-07-18T08:02:56.593Z,USD,2026-07-18T08:02:59.776Z,EUR,279314.0,,88097.0,88097.0,,,5.69,34.2,12.35,,124.97,,
hgss3-61,Pikachu,61,Common,Undaunted,2026-07-19T08:03:01.997Z,USD,2026-07-19T08:03:04.558Z,EUR,279314.0,,88097.0,88097.0,,,5.69,34.2,12.33,,124.97,,
hgss3-61,Pikachu,61,Common,Undaunted,2026-07-20T08:03:01.872Z,USD,2026-07-20T08:03:04.265Z,EUR,279314.0,,88097.0,88097.0,,,0.57,34.2,12.33,,124.97,,
hgss3-61,Pikachu,61,Common,Undaunted,2026-07-21T08:03:01.769Z,USD,2026-07-21T08:03:04.252Z,EUR,279314.0,,88097.0,88097.0,,,0.57,34.2,12.33,,124.97,,
hgss3-61,Pikachu,61,Common,Undaunted,2026-07-22T08:03:03.610Z,USD,2026-07-22T08:03:06.558Z,EUR,279314.0,,88097.0,88097.0,,,0.57,34.2,12.3,,124.97,,
hgss3-61,Pikachu,61,Common,Undaunted,2026-07-23T08:03:01.529Z,USD,2026-07-23T08:03:03.918Z,EUR,279314.0,,88097.0,88097.0,,,0.57,34.2,12.3,,124.97,,
hgss3-61,Pikachu,61,Common,Undaunted,2026-07-24T08:03:01.937Z,USD,2026-07-24T08:03:04.300Z,EUR,279314.0,,88097.0,88097.0,,,0.57,34.2,12.3,,141.23,,
hgss3-61,Pikachu,61,Common,Undaunted,2026-07-25T08:03:01.903Z,USD,2026-07-25T08:03:04.397Z,EUR,279314.0,,88097.0,88097.0,,,0.57,34.2,12.3,,141.23,,
hgss3-61,Pikachu,61,Common,Undaunted,2026-07-26T08:03:21.571Z,USD,2026-07-26T08:03:04.571Z,EUR,279314.0,,88097.0,88097.0,,,1.71,34.2,12.3,,141.23,,
hgss3-61,Pikachu,61,Common,Undaunted,2026-07-27T08:03:08.827Z,USD,2026-07-27T08:03:04.458Z,EUR,279314.0,,88097.0,88097.0,,,1.71,17.1,12.34,,141.23,,
lc-86,Pikachu,86,Common,Legendary Collection,2026-07-08T18:05:06.476Z,USD,2026-07-08T18:05:10.691Z,EUR,274851.0,,88075.0,88075.0,,,6.27,1311.0,6.32,,799.99,,
lc-86,Pikachu,86,Common,Legendary Collection,2026-07-09T18:05:05.283Z,USD,2026-07-09T18:05:09.065Z,EUR,274851.0,,88075.0,88075.0,,,6.27,1311.0,6.32,,799.99,,
lc-86,Pikachu,86,Common,Legendary Collection,2026-07-10T18:05:05.180Z,USD,2026-07-10T18:05:08.528Z,EUR,274851.0,,88075.0,88075.0,,,5.13,855.0,6.32,,799.99,,
lc-86,Pikachu,86,Common,Legendary Collection,2026-07-11T18:05:05.018Z,USD,2026-07-11T18:05:07.832Z,EUR,274851.0,,88075.0,88075.0,,,5.13,855.0,6.22,,799.99,,
lc-86,Pikachu,86,Common,Legendary Collection,2026-07-12T18:05:06.207Z,USD,2026-07-12T18:05:08.999Z,EUR,274851.0,,88075.0,88075.0,,,5.13,855.0,6.22,,799.99,,
lc-86,Pikachu,86,Common,Legendary Collection,2026-07-13T18:05:05.187Z,USD,2026-07-13T18:05:07.846Z,EUR,274851.0,,88075.0,88075.0,,,2.76,855.0,6.22,,799.99,,
lc-86,Pikachu,86,Common,Legendary Collection,2026-07-14T18:05:04.977Z,USD,2026-07-14T18:05:07.978Z,EUR,274851.0,,88075.0,88075.0,,,2.76,855.0,6.24,,799.99,,
lc-86,Pikachu,86,Common,Legendary Collection,2026-07-15T18:05:05.101Z,USD,2026-07-15T18:05:08.182Z,EUR,274851.0,,88075.0,88075.0,,,2.76,855.0,6.24,,799.99,,
lc-86,Pikachu,86,Common,Legendary Collection,2026-07-16T18:05:05.098Z,USD,2026-07-16T18:05:08.631Z,EUR,274851.0,,88075.0,88075.0,,,2.76,855.0,6.24,,799.99,,
lc-86,Pikachu,86,Common,Legendary Collection,2026-07-17T18:05:06.428Z,USD,2026-07-17T18:05:09.396Z,EUR,274851.0,,88075.0,88075.0,,,2.76,855.0,6.31,,799.99,,
lc-86,Pikachu,86,Common,Legendary Collection,2026-07-18T08:02:56.192Z,USD,2026-07-18T08:02:59.776Z,EUR,274851.0,,88075.0,88075.0,,,2.76,855.0,6.27,,799.99,,
lc-86,Pikachu,86,Common,Legendary Collection,2026-07-19T08:03:01.579Z,USD,2026-07-19T08:03:04.558Z,EUR,274851.0,,88075.0,88075.0,,,2.76,855.0,6.27,,799.99,,
lc-86,Pikachu,86,Common,Legendary Collection,2026-07-20T08:03:01.453Z,USD,2026-07-20T08:03:04.811Z,EUR,274851.0,,88075.0,88075.0,,,2.45,684.0,6.26,,799.99,,
lc-86,Pikachu,86,Common,Legendary Collection,2026-07-21T08:03:01.305Z,USD,2026-07-21T08:03:04.252Z,EUR,274851.0,,88075.0,88075.0,,,2.45,684.0,6.26,,799.99,,
lc-86,Pikachu,86,Common,Legendary Collection,2026-07-22T08:03:03.180Z,USD,2026-07-22T08:03:06.471Z,EUR,274851.0,,88075.0,88075.0,,,2.45,684.0,6.31,,799.99,,
lc-86,Pikachu,86,Common,Legendary Collection,2026-07-23T08:03:01.174Z,USD,2026-07-23T08:03:03.918Z,EUR,274851.0,,88075.0,88075.0,,,2.45,684.0,6.51,,799.99,,
lc-86,Pikachu,86,Common,Legendary Collection,2026-07-24T08:03:01.572Z,USD,2026-07-24T08:03:04.300Z,EUR,274851.0,,88075.0,88075.0,,,2.45,684.0,6.51,,799.99,,
lc-86,Pikachu,86,Common,Legendary Collection,2026-07-25T08:03:01.460Z,USD,2026-07-25T08:03:04.624Z,EUR,274851.0,,88075.0,88075.0,,,2.45,684.0,6.55,,799.99,,
lc-86,Pikachu,86,Common,Legendary Collection,2026-07-26T08:03:02.167Z,USD,2026-07-26T08:03:04.377Z,EUR,274851.0,,88075.0,88075.0,,,1.71,684.0,6.55,,799.99,,
lc-86,Pikachu,86,Common,Legendary Collection,2026-07-27T08:03:02.625Z,USD,2026-07-27T08:03:04.705Z,EUR,274851.0,,88075.0,88075.0,,,1.71,684.0,6.49,,799.99,,
me02.5-055,Pikachu,055,Common,Ascended Heroes,2026-07-08T18:05:07.558Z,USD,2026-07-08T18:05:10.691Z,EUR,869666.0,,675867.0,,,,0.05,,0.27,,,,
me02.5-055,Pikachu,055,Common,Ascended Heroes,2026-07-09T18:05:06.655Z,USD,2026-07-09T18:05:09.065Z,EUR,869666.0,,675867.0,,,,0.05,,0.26,,,,
me02.5-055,Pikachu,055,Common,Ascended Heroes,2026-07-10T18:05:06.301Z,USD,2026-07-10T18:05:08.528Z,EUR,869666.0,,675867.0,,,,0.11,,0.27,,,,
me02.5-055,Pikachu,055,Common,Ascended Heroes,2026-07-11T18:05:05.944Z,USD,2026-07-11T18:05:08.177Z,EUR,869666.0,,675867.0,,,,0.11,,0.26,,,,
me02.5-055,Pikachu,055,Common,Ascended Heroes,2026-07-12T18:05:07.270Z,USD,2026-07-12T18:05:18.426Z,EUR,869666.0,,675867.0,,,,0.11,,0.26,,,,
me02.5-055,Pikachu,055,Common,Ascended Heroes,2026-07-13T18:05:06.319Z,USD,2026-07-13T18:05:07.999Z,EUR,869666.0,,675867.0,,,,0.03,,0.28,,,,
me02.5-055,Pikachu,055,Common,Ascended Heroes,2026-07-14T18:05:05.980Z,USD,2026-07-14T18:05:07.978Z,EUR,869666.0,,675867.0,,,,0.03,,0.24,,,,
me02.5-055,Pikachu,055,Common,Ascended Heroes,2026-07-15T18:05:06.043Z,USD,2026-07-15T18:05:08.182Z,EUR,869666.0,,675867.0,,,,0.03,,0.25,,,,
me02.5-055,Pikachu,055,Common,Ascended Heroes,2026-07-16T18:05:05.987Z,USD,2026-07-16T18:05:08.165Z,EUR,869666.0,,675867.0,,,,0.03,,0.29,,,,
me02.5-055,Pikachu,055,Common,Ascended Heroes,2026-07-17T18:05:07.347Z,USD,2026-07-17T18:05:09.271Z,EUR,869666.0,,675867.0,,,,0.03,,0.36,,,,
me02.5-055,Pikachu,055,Common,Ascended Heroes,2026-07-18T08:02:56.971Z,USD,2026-07-18T08:02:59.776Z,EUR,869666.0,,675867.0,,,,0.03,,0.32,,,,
me02.5-055,Pikachu,055,Common,Ascended Heroes,2026-07-19T08:03:02.357Z,USD,2026-07-19T08:03:04.558Z,EUR,869666.0,,675867.0,,,,0.03,,0.27,,,,
me02.5-055,Pikachu,055,Common,Ascended Heroes,2026-07-20T08:03:02.209Z,USD,2026-07-20T08:03:04.265Z,EUR,869666.0,,675867.0,,,,0.05,,0.27,,,,
me02.5-055,Pikachu,055,Common,Ascended Heroes,2026-07-21T08:03:02.304Z,USD,2026-07-21T08:03:04.252Z,EUR,869666.0,,675867.0,,,,0.05,,0.28,,,,
me02.5-055,Pikachu,055,Common,Ascended Heroes,2026-07-22T08:03:04.158Z,USD,2026-07-22T08:03:06.627Z,EUR,869666.0,,675867.0,,,,0.05,,0.25,,,,
me02.5-055,Pikachu,055,Common,Ascended Heroes,2026-07-23T08:03:01.931Z,USD,2026-07-23T08:03:03.918Z,EUR,869666.0,,675867.0,,,,0.05,,0.28,,,,
me02.5-055,Pikachu,055,Common,Ascended Heroes,2026-07-24T08:03:02.302Z,USD,2026-07-24T08:03:04.300Z,EUR,869666.0,,675867.0,,,,0.05,,0.27,,,,
me02.5-055,Pikachu,055,Common,Ascended Heroes,2026-07-25T08:03:02.299Z,USD,2026-07-25T08:03:04.397Z,EUR,869666.0,,675867.0,,,,0.05,,0.31,,,,
me02.5-055,Pikachu,055,Common,Ascended Heroes,2026-07-26T08:03:41.128Z,USD,2026-07-26T08:03:04.571Z,EUR,869666.0,,675867.0,,,,0.06,,0.23,,,,
me02.5-055,Pikachu,055,Common,Ascended Heroes,2026-07-27T08:03:44.755Z,USD,2026-07-27T08:03:04.705Z,EUR,869666.0,,675867.0,,,,0.16,,0.26,,,,
me02.5-057,Pikachu ex,057,Double rare,Ascended Heroes,2026-07-08T18:05:07.558Z,USD,2026-07-08T18:05:10.691Z,EUR,869668.0,675869.0,,,,,4.15,,,3.35,,,
me02.5-057,Pikachu ex,057,Double rare,Ascended Heroes,2026-07-09T18:05:06.655Z,USD,2026-07-09T18:05:09.065Z,EUR,869668.0,675869.0,,,,,4.29,,,3.36,,,
me02.5-057,Pikachu ex,057,Double rare,Ascended Heroes,2026-07-10T18:05:06.301Z,USD,2026-07-10T18:05:08.528Z,EUR,869668.0,675869.0,,,,,4.34,,,3.4,,,
me02.5-057,Pikachu ex,057,Double rare,Ascended Heroes,2026-07-11T18:05:05.944Z,USD,2026-07-11T18:05:08.177Z,EUR,869668.0,675869.0,,,,,4.34,,,3.45,,,
me02.5-057,Pikachu ex,057,Double rare,Ascended Heroes,2026-07-12T18:05:07.270Z,USD,2026-07-12T18:05:18.426Z,EUR,869668.0,675869.0,,,,,4.34,,,3.28,,,
me02.5-057,Pikachu ex,057,Double rare,Ascended Heroes,2026-07-13T18:05:06.319Z,USD,2026-07-13T18:05:07.999Z,EUR,869668.0,675869.0,,,,,3.37,,,3.35,,,
me02.5-057,Pikachu ex,057,Double rare,Ascended Heroes,2026-07-14T18:05:05.980Z,USD,2026-07-14T18:05:08.211Z,EUR,869668.0,675869.0,,,,,3.37,,,4.09,,,
me02.5-057,Pikachu ex,057,Double rare,Ascended Heroes,2026-07-15T18:05:06.043Z,USD,2026-07-15T18:05:08.182Z,EUR,869668.0,675869.0,,,,,3.37,,,3.18,,,
me02.5-057,Pikachu ex,057,Double rare,Ascended Heroes,2026-07-16T18:05:05.987Z,USD,2026-07-16T18:05:08.165Z,EUR,869668.0,675869.0,,,,,3.37,,,3.25,,,
me02.5-057,Pikachu ex,057,Double rare,Ascended Heroes,2026-07-17T18:05:07.347Z,USD,2026-07-17T18:05:09.271Z,EUR,869668.0,675869.0,,,,,3.37,,,3.19,,,
me02.5-057,Pikachu ex,057,Double rare,Ascended Heroes,2026-07-18T08:02:56.971Z,USD,2026-07-18T08:02:59.361Z,EUR,869668.0,675869.0,,,,,3.37,,,3.14,,,
me02.5-057,Pikachu ex,057,Double rare,Ascended Heroes,2026-07-19T08:03:02.357Z,USD,2026-07-19T08:03:04.558Z,EUR,869668.0,675869.0,,,,,3.37,,,2.98,,,
me02.5-057,Pikachu ex,057,Double rare,Ascended Heroes,2026-07-20T08:03:02.209Z,USD,2026-07-20T08:03:04.265Z,EUR,869668.0,675869.0,,,,,4.01,,,2.92,,,
me02.5-057,Pikachu ex,057,Double rare,Ascended Heroes,2026-07-21T08:03:02.304Z,USD,2026-07-21T08:03:04.252Z,EUR,869668.0,675869.0,,,,,4.01,,,3.12,,,
me02.5-057,Pikachu ex,057,Double rare,Ascended Heroes,2026-07-22T08:03:04.158Z,USD,2026-07-22T08:03:06.627Z,EUR,869668.0,675869.0,,,,,4.01,,,3.15,,,
me02.5-057,Pikachu ex,057,Double rare,Ascended Heroes,2026-07-23T08:03:01.931Z,USD,2026-07-23T08:03:03.918Z,EUR,869668.0,675869.0,,,,,4.01,,,3.32,,,
me02.5-057,Pikachu ex,057,Double rare,Ascended Heroes,2026-07-24T08:03:02.302Z,USD,2026-07-24T08:03:04.300Z,EUR,869668.0,675869.0,,,,,4.01,,,3.32,,,
me02.5-057,Pikachu ex,057,Double rare,Ascended Heroes,2026-07-25T08:03:02.299Z,USD,2026-07-25T08:03:03.827Z,EUR,869668.0,675869.0,,,,,4.01,,,3.11,,,
me02.5-057,Pikachu ex,057,Double rare,Ascended Heroes,2026-07-26T08:03:41.128Z,USD,2026-07-26T08:03:04.377Z,EUR,869668.0,675869.0,,,,,4.1,,,3.2,,,
me02.5-057,Pikachu ex,057,Double rare,Ascended Heroes,2026-07-27T08:03:44.755Z,USD,2026-07-27T08:03:04.705Z,EUR,869668.0,675869.0,,,,,4.46,,,3.41,,,
me02.5-276,Pikachu ex,276,Special illustration rare,Ascended Heroes,2026-07-08T18:05:07.558Z,USD,2026-07-08T18:05:10.078Z,EUR,869888.0,676088.0,,,,,1138.86,,,1241.72,,,
me02.5-276,Pikachu ex,276,Special illustration rare,Ascended Heroes,2026-07-09T18:05:06.655Z,USD,2026-07-09T18:05:09.065Z,EUR,869888.0,676088.0,,,,,1247.16,,,1288.92,,,
me02.5-276,Pikachu ex,276,Special illustration rare,Ascended Heroes,2026-07-10T18:05:06.301Z,USD,2026-07-10T18:05:08.528Z,EUR,869888.0,676088.0,,,,,1168.5,,,1288.92,,,
me02.5-276,Pikachu ex,276,Special illustration rare,Ascended Heroes,2026-07-11T18:05:05.944Z,USD,2026-07-11T18:05:08.177Z,EUR,869888.0,676088.0,,,,,1168.5,,,1284.32,,,
me02.5-276,Pikachu ex,276,Special illustration rare,Ascended Heroes,2026-07-12T18:05:07.270Z,USD,2026-07-12T18:05:08.999Z,EUR,869888.0,676088.0,,,,,1168.5,,,1284.32,,,
me02.5-276,Pikachu ex,276,Special illustration rare,Ascended Heroes,2026-07-13T18:05:06.319Z,USD,2026-07-13T18:05:07.999Z,EUR,869888.0,676088.0,,,,,627.0,,,1284.32,,,
me02.5-276,Pikachu ex,276,Special illustration rare,Ascended Heroes,2026-07-14T18:05:05.980Z,USD,2026-07-14T18:05:08.458Z,EUR,869888.0,676088.0,,,,,627.0,,,1284.32,,,
me02.5-276,Pikachu ex,276,Special illustration rare,Ascended Heroes,2026-07-15T18:05:06.043Z,USD,2026-07-15T18:05:08.182Z,EUR,869888.0,676088.0,,,,,627.0,,,1237.74,,,
me02.5-276,Pikachu ex,276,Special illustration rare,Ascended Heroes,2026-07-16T18:05:05.987Z,USD,2026-07-16T18:05:08.727Z,EUR,869888.0,676088.0,,,,,627.0,,,1233.93,,,
me02.5-276,Pikachu ex,276,Special illustration rare,Ascended Heroes,2026-07-17T18:05:07.347Z,USD,2026-07-17T18:05:09.271Z,EUR,869888.0,676088.0,,,,,627.0,,,1224.94,,,
me02.5-276,Pikachu ex,276,Special illustration rare,Ascended Heroes,2026-07-18T08:02:56.971Z,USD,2026-07-18T08:02:59.387Z,EUR,869888.0,676088.0,,,,,627.0,,,1224.94,,,
me02.5-276,Pikachu ex,276,Special illustration rare,Ascended Heroes,2026-07-19T08:03:02.357Z,USD,2026-07-19T08:03:04.320Z,EUR,869888.0,676088.0,,,,,627.0,,,1224.94,,,
me02.5-276,Pikachu ex,276,Special illustration rare,Ascended Heroes,2026-07-20T08:03:02.209Z,USD,2026-07-20T08:03:04.265Z,EUR,869888.0,676088.0,,,,,855.0,,,1175.65,,,
me02.5-276,Pikachu ex,276,Special illustration rare,Ascended Heroes,2026-07-21T08:03:02.304Z,USD,2026-07-21T08:03:04.252Z,EUR,869888.0,676088.0,,,,,855.0,,,1170.68,,,
me02.5-276,Pikachu ex,276,Special illustration rare,Ascended Heroes,2026-07-22T08:03:04.158Z,USD,2026-07-22T08:03:06.627Z,EUR,869888.0,676088.0,,,,,855.0,,,1150.78,,,
me02.5-276,Pikachu ex,276,Special illustration rare,Ascended Heroes,2026-07-23T08:03:01.931Z,USD,2026-07-23T08:03:03.918Z,EUR,869888.0,676088.0,,,,,855.0,,,1140.54,,,
me02.5-276,Pikachu ex,276,Special illustration rare,Ascended Heroes,2026-07-24T08:03:02.302Z,USD,2026-07-24T08:03:04.300Z,EUR,869888.0,676088.0,,,,,855.0,,,1170.52,,,
me02.5-276,Pikachu ex,276,Special illustration rare,Ascended Heroes,2026-07-25T08:03:02.299Z,USD,2026-07-25T08:03:04.302Z,EUR,869888.0,676088.0,,,,,855.0,,,1170.52,,,
me02.5-276,Pikachu ex,276,Special illustration rare,Ascended Heroes,2026-07-26T08:03:41.128Z,USD,2026-07-26T08:03:04.532Z,EUR,869888.0,676088.0,,,,,897.75,,,1170.52,,,
me02.5-276,Pikachu ex,276,Special illustration rare,Ascended Heroes,2026-07-27T08:03:44.755Z,USD,2026-07-27T08:03:04.705Z,EUR,869888.0,676088.0,,,,,1185.54,,,1161.13,,,
me02.5-277,Pikachu ex,277,Special illustration rare,Ascended Heroes,2026-07-08T18:05:07.558Z,USD,2026-07-08T18:05:11.087Z,EUR,869887.0,676089.0,,,,,511.86,,,447.85,,,
me02.5-277,Pikachu ex,277,Special illustration rare,Ascended Heroes,2026-07-09T18:05:06.655Z,USD,2026-07-09T18:05:09.065Z,EUR,869887.0,676089.0,,,,,920.55,,,441.61,,,
me02.5-277,Pikachu ex,277,Special illustration rare,Ascended Heroes,2026-07-10T18:05:06.301Z,USD,2026-07-10T18:05:08.528Z,EUR,869887.0,676089.0,,,,,250.8,,,441.61,,,
me02.5-277,Pikachu ex,277,Special illustration rare,Ascended Heroes,2026-07-11T18:05:05.944Z,USD,2026-07-11T18:05:08.177Z,EUR,869887.0,676089.0,,,,,250.8,,,437.11,,,
me02.5-277,Pikachu ex,277,Special illustration rare,Ascended Heroes,2026-07-12T18:05:07.270Z,USD,2026-07-12T18:05:09.193Z,EUR,869887.0,676089.0,,,,,250.8,,,434.07,,,
me02.5-277,Pikachu ex,277,Special illustration rare,Ascended Heroes,2026-07-13T18:05:06.319Z,USD,2026-07-13T18:05:07.999Z,EUR,869887.0,676089.0,,,,,222.29,,,432.07,,,
me02.5-277,Pikachu ex,277,Special illustration rare,Ascended Heroes,2026-07-14T18:05:05.980Z,USD,2026-07-14T18:05:07.978Z,EUR,869887.0,676089.0,,,,,222.29,,,433.76,,,
me02.5-277,Pikachu ex,277,Special illustration rare,Ascended Heroes,2026-07-15T18:05:06.043Z,USD,2026-07-15T18:05:08.182Z,EUR,869887.0,676089.0,,,,,222.29,,,423.05,,,
me02.5-277,Pikachu ex,277,Special illustration rare,Ascended Heroes,2026-07-16T18:05:05.987Z,USD,2026-07-16T18:05:08.253Z,EUR,869887.0,676089.0,,,,,222.29,,,410.31,,,
me02.5-277,Pikachu ex,277,Special illustration rare,Ascended Heroes,2026-07-17T18:05:07.347Z,USD,2026-07-17T18:05:09.271Z,EUR,869887.0,676089.0,,,,,222.29,,,401.57,,,
me02.5-277,Pikachu ex,277,Special illustration rare,Ascended Heroes,2026-07-18T08:02:56.971Z,USD,2026-07-18T08:02:59.776Z,EUR,869887.0,676089.0,,,,,222.29,,,401.57,,,
me02.5-277,Pikachu ex,277,Special illustration rare,Ascended Heroes,2026-07-19T08:03:02.357Z,USD,2026-07-19T08:03:04.320Z,EUR,869887.0,676089.0,,,,,222.29,,,400.7,,,
me02.5-277,Pikachu ex,277,Special illustration rare,Ascended Heroes,2026-07-20T08:03:02.209Z,USD,2026-07-20T08:03:04.811Z,EUR,869887.0,676089.0,,,,,267.9,,,398.26,,,
me02.5-277,Pikachu ex,277,Special illustration rare,Ascended Heroes,2026-07-21T08:03:02.304Z,USD,2026-07-21T08:03:04.252Z,EUR,869887.0,676089.0,,,,,267.9,,,393.5,,,
me02.5-277,Pikachu ex,277,Special illustration rare,Ascended Heroes,2026-07-22T08:03:04.158Z,USD,2026-07-22T08:03:06.471Z,EUR,869887.0,676089.0,,,,,267.9,,,393.5,,,
me02.5-277,Pikachu ex,277,Special illustration rare,Ascended Heroes,2026-07-23T08:03:01.931Z,USD,2026-07-23T08:03:03.735Z,EUR,869887.0,676089.0,,,,,267.9,,,395.29,,,
me02.5-277,Pikachu ex,277,Special illustration rare,Ascended Heroes,2026-07-24T08:03:02.302Z,USD,2026-07-24T08:03:04.300Z,EUR,869887.0,676089.0,,,,,267.9,,,394.09,,,
me02.5-277,Pikachu ex,277,Special illustration rare,Ascended Heroes,2026-07-25T08:03:02.299Z,USD,2026-07-25T08:03:04.397Z,EUR,869887.0,676089.0,,,,,267.9,,,393.13,,,
me02.5-277,Pikachu ex,277,Special illustration rare,Ascended Heroes,2026-07-26T08:03:41.128Z,USD,2026-07-26T08:03:04.572Z,EUR,869887.0,676089.0,,,,,276.16,,,392.13,,,
me02.5-277,Pikachu ex,277,Special illustration rare,Ascended Heroes,2026-07-27T08:03:44.755Z,USD,2026-07-27T08:03:04.705Z,EUR,869887.0,676089.0,,,,,414.96,,,391.0,,,
mfb-17,Pikachu,17,Promo,My First Battle,,,2026-07-08T18:05:10.078Z,EUR,742000.0,,,,,,13.67,,,,,,
mfb-17,Pikachu,17,Promo,My First Battle,,,2026-07-09T18:05:09.065Z,EUR,742000.0,,,,,,13.67,,,,,,
mfb-17,Pikachu,17,Promo,My First Battle,,,2026-07-10T18:05:08.528Z,EUR,742000.0,,,,,,13.67,,,,,,
mfb-17,Pikachu,17,Promo,My First Battle,,,2026-07-11T18:05:08.177Z,EUR,742000.0,,,,,,13.67,,,,,,
mfb-17,Pikachu,17,Promo,My First Battle,,,2026-07-12T18:05:18.426Z,EUR,742000.0,,,,,,13.67,,,,,,
mfb-17,Pikachu,17,Promo,My First Battle,,,2026-07-13T18:05:07.999Z,EUR,742000.0,,,,,,13.67,,,,,,
mfb-17,Pikachu,17,Promo,My First Battle,,,2026-07-14T18:05:07.978Z,EUR,742000.0,,,,,,13.67,,,,,,
mfb-17,Pikachu,17,Promo,My First Battle,,,2026-07-15T18:05:08.182Z,EUR,742000.0,,,,,,13.67,,,,,,
mfb-17,Pikachu,17,Promo,My First Battle,,,2026-07-16T18:05:08.253Z,EUR,742000.0,,,,,,13.67,,,,,,
mfb-17,Pikachu,17,Promo,My First Battle,,,2026-07-17T18:05:09.271Z,EUR,742000.0,,,,,,13.67,,,,,,
mfb-17,Pikachu,17,Promo,My First Battle,,,2026-07-18T08:02:59.776Z,EUR,742000.0,,,,,,13.67,,,,,,
mfb-17,Pikachu,17,Promo,My First Battle,,,2026-07-19T08:03:04.658Z,EUR,742000.0,,,,,,13.67,,,,,,
mfb-17,Pikachu,17,Promo,My First Battle,,,2026-07-20T08:03:04.265Z,EUR,742000.0,,,,,,6.82,,,,,,
mfb-17,Pikachu,17,Promo,My First Battle,,,2026-07-21T08:03:04.252Z,EUR,742000.0,,,,,,6.82,,,,,,
mfb-17,Pikachu,17,Promo,My First Battle,,,2026-07-22T08:03:06.471Z,EUR,742000.0,,,,,,6.82,,,,,,
mfb-17,Pikachu,17,Promo,My First Battle,,,2026-07-23T08:03:03.735Z,EUR,742000.0,,,,,,6.82,,,,,,
mfb-17,Pikachu,17,Promo,My First Battle,,,2026-07-24T08:03:04.300Z,EUR,742000.0,,,,,,6.82,,,,,,
mfb-17,Pikachu,17,Promo,My First Battle,,,2026-07-25T08:03:04.397Z,EUR,742000.0,,,,,,6.82,,,,,,
mfb-17,Pikachu,17,Promo,My First Battle,,,2026-07-26T08:03:04.571Z,EUR,742000.0,,,,,,11.4,,,,,,
mfb-17,Pikachu,17,Promo,My First Battle,,,2026-07-27T08:03:04.705Z,EUR,742000.0,,,,,,11.39,,,,,,
neo1-70,Pikachu,70,Common,Neo Genesis,2026-07-08T18:05:06.401Z,USD,2026-07-08T18:05:10.691Z,EUR,274470.0,,,,88072.0,88072.0,2.28,2.27,,,,34.01,9.37
neo1-70,Pikachu,70,Common,Neo Genesis,2026-07-09T18:05:05.192Z,USD,2026-07-09T18:05:09.065Z,EUR,274470.0,,,,88072.0,88072.0,4.75,2.27,,,,34.01,9.16
neo1-70,Pikachu,70,Common,Neo Genesis,2026-07-10T18:05:05.166Z,USD,2026-07-10T18:05:08.528Z,EUR,274470.0,,,,88072.0,88072.0,2.33,2.27,,,,34.17,9.52
neo1-70,Pikachu,70,Common,Neo Genesis,2026-07-11T18:05:04.983Z,USD,2026-07-11T18:05:08.252Z,EUR,274470.0,,,,88072.0,88072.0,2.33,2.27,,,,34.17,9.56
neo1-70,Pikachu,70,Common,Neo Genesis,2026-07-12T18:05:06.173Z,USD,2026-07-12T18:05:18.426Z,EUR,274470.0,,,,88072.0,88072.0,2.33,2.27,,,,34.93,9.49
neo1-70,Pikachu,70,Common,Neo Genesis,2026-07-13T18:05:05.139Z,USD,2026-07-13T18:05:07.846Z,EUR,274470.0,,,,88072.0,88072.0,3.7,2.27,,,,35.21,10.41
neo1-70,Pikachu,70,Common,Neo Genesis,2026-07-14T18:05:04.953Z,USD,2026-07-14T18:05:07.978Z,EUR,274470.0,,,,88072.0,88072.0,3.7,2.27,,,,35.36,10.44
neo1-70,Pikachu,70,Common,Neo Genesis,2026-07-15T18:05:05.050Z,USD,2026-07-15T18:05:08.182Z,EUR,274470.0,,,,88072.0,88072.0,3.7,2.27,,,,35.36,10.48
neo1-70,Pikachu,70,Common,Neo Genesis,2026-07-16T18:05:05.058Z,USD,2026-07-16T18:05:08.165Z,EUR,274470.0,,,,88072.0,88072.0,3.7,2.27,,,,35.36,10.4
neo1-70,Pikachu,70,Common,Neo Genesis,2026-07-17T18:05:06.408Z,USD,2026-07-17T18:05:09.271Z,EUR,274470.0,,,,88072.0,88072.0,3.7,2.27,,,,35.53,10.4
neo1-70,Pikachu,70,Common,Neo Genesis,2026-07-18T08:02:56.171Z,USD,2026-07-18T08:02:59.776Z,EUR,274470.0,,,,88072.0,88072.0,3.7,2.27,,,,36.13,10.71
neo1-70,Pikachu,70,Common,Neo Genesis,2026-07-19T08:03:01.551Z,USD,2026-07-19T08:03:04.658Z,EUR,274470.0,,,,88072.0,88072.0,3.7,2.27,,,,36.13,10.62
neo1-70,Pikachu,70,Common,Neo Genesis,2026-07-20T08:03:01.419Z,USD,2026-07-20T08:03:04.265Z,EUR,274470.0,,,,88072.0,88072.0,3.02,2.27,,,,36.19,10.62
neo1-70,Pikachu,70,Common,Neo Genesis,2026-07-21T08:03:01.280Z,USD,2026-07-21T08:03:04.252Z,EUR,274470.0,,,,88072.0,88072.0,3.02,2.27,,,,36.19,10.59
neo1-70,Pikachu,70,Common,Neo Genesis,2026-07-22T08:03:03.148Z,USD,2026-07-22T08:03:06.558Z,EUR,274470.0,,,,88072.0,88072.0,3.02,2.27,,,,36.19,10.38
neo1-70,Pikachu,70,Common,Neo Genesis,2026-07-23T08:03:01.141Z,USD,2026-07-23T08:03:03.918Z,EUR,274470.0,,,,88072.0,88072.0,3.02,2.27,,,,36.19,10.51
neo1-70,Pikachu,70,Common,Neo Genesis,2026-07-24T08:03:01.549Z,USD,2026-07-24T08:03:04.300Z,EUR,274470.0,,,,88072.0,88072.0,3.02,2.27,,,,36.19,10.22
neo1-70,Pikachu,70,Common,Neo Genesis,2026-07-25T08:03:01.437Z,USD,2026-07-25T08:03:04.397Z,EUR,274470.0,,,,88072.0,88072.0,3.02,2.27,,,,36.19,10.14
neo1-70,Pikachu,70,Common,Neo Genesis,2026-07-26T08:03:02.131Z,USD,2026-07-26T08:03:04.571Z,EUR,274470.0,,,,88072.0,88072.0,3.43,2.27,,,,36.19,10.14
neo1-70,Pikachu,70,Common,Neo Genesis,2026-07-27T08:03:02.550Z,USD,2026-07-27T08:03:04.705Z,EUR,274470.0,,,,88072.0,88072.0,5.7,2.27,,,,36.41,10.24
pl2-112,Pikachu,112,Rare,Rising Rivals,2026-07-08T18:05:06.981Z,USD,2026-07-08T18:05:10.078Z,EUR,278686.0,88091.0,,,,,26.61,51.29,,323.07,,,
pl2-112,Pikachu,112,Rare,Rising Rivals,2026-07-09T18:05:06.162Z,USD,2026-07-09T18:05:09.065Z,EUR,278686.0,88091.0,,,,,26.61,51.29,,323.07,,,
pl2-112,Pikachu,112,Rare,Rising Rivals,2026-07-10T18:05:05.893Z,USD,2026-07-10T18:05:08.528Z,EUR,278686.0,88091.0,,,,,26.61,51.29,,323.07,,,
pl2-112,Pikachu,112,Rare,Rising Rivals,2026-07-11T18:05:05.570Z,USD,2026-07-11T18:05:08.177Z,EUR,278686.0,88091.0,,,,,26.61,51.29,,323.07,,,
pl2-112,Pikachu,112,Rare,Rising Rivals,2026-07-12T18:05:06.878Z,USD,2026-07-12T18:05:08.999Z,EUR,278686.0,88091.0,,,,,26.61,51.29,,323.07,,,
pl2-112,Pikachu,112,Rare,Rising Rivals,2026-07-13T18:05:05.776Z,USD,2026-07-13T18:05:07.846Z,EUR,278686.0,88091.0,,,,,28.5,51.29,,323.07,,,
pl2-112,Pikachu,112,Rare,Rising Rivals,2026-07-14T18:05:05.478Z,USD,2026-07-14T18:05:07.978Z,EUR,278686.0,88091.0,,,,,28.5,51.29,,323.07,,,
pl2-112,Pikachu,112,Rare,Rising Rivals,2026-07-15T18:05:05.585Z,USD,2026-07-15T18:05:08.182Z,EUR,278686.0,88091.0,,,,,28.5,51.29,,323.07,,,
pl2-112,Pikachu,112,Rare,Rising Rivals,2026-07-16T18:05:05.623Z,USD,2026-07-16T18:05:08.253Z,EUR,278686.0,88091.0,,,,,28.5,51.29,,323.07,,,
pl2-112,Pikachu,112,Rare,Rising Rivals,2026-07-17T18:05:06.887Z,USD,2026-07-17T18:05:09.396Z,EUR,278686.0,88091.0,,,,,28.5,51.29,,323.07,,,
pl2-112,Pikachu,112,Rare,Rising Rivals,2026-07-18T08:02:56.551Z,USD,2026-07-18T08:02:59.776Z,EUR,278686.0,88091.0,,,,,28.5,51.29,,323.07,,,
pl2-112,Pikachu,112,Rare,Rising Rivals,2026-07-19T08:03:01.953Z,USD,2026-07-19T08:03:04.320Z,EUR,278686.0,88091.0,,,,,28.5,51.29,,323.07,,,
pl2-112,Pikachu,112,Rare,Rising Rivals,2026-07-20T08:03:01.845Z,USD,2026-07-20T08:03:04.811Z,EUR,278686.0,88091.0,,,,,45.54,51.29,,323.07,,,
pl2-112,Pikachu,112,Rare,Rising Rivals,2026-07-21T08:03:01.705Z,USD,2026-07-21T08:03:04.252Z,EUR,278686.0,88091.0,,,,,45.54,51.29,,323.07,,,
pl2-112,Pikachu,112,Rare,Rising Rivals,2026-07-22T08:03:03.555Z,USD,2026-07-22T08:03:06.471Z,EUR,278686.0,88091.0,,,,,45.54,51.29,,323.07,,,
pl2-112,Pikachu,112,Rare,Rising Rivals,2026-07-23T08:03:01.495Z,USD,2026-07-23T08:03:03.918Z,EUR,278686.0,88091.0,,,,,45.54,51.29,,323.07,,,
pl2-112,Pikachu,112,Rare,Rising Rivals,2026-07-24T08:03:01.910Z,USD,2026-07-24T08:03:04.300Z,EUR,278686.0,88091.0,,,,,45.54,51.29,,328.45,,,
pl2-112,Pikachu,112,Rare,Rising Rivals,2026-07-25T08:03:01.872Z,USD,2026-07-25T08:03:03.827Z,EUR,278686.0,88091.0,,,,,45.54,51.29,,328.45,,,
pl2-112,Pikachu,112,Rare,Rising Rivals,2026-07-26T08:03:21.500Z,USD,2026-07-26T08:03:04.571Z,EUR,278686.0,88091.0,,,,,33.6,51.29,,328.45,,,
pl2-112,Pikachu,112,Rare,Rising Rivals,2026-07-27T08:03:04.654Z,USD,2026-07-27T08:03:04.705Z,EUR,278686.0,88091.0,,,,,33.6,51.29,,328.45,,,
pl2-113,Flying Pikachu,113,Rare,Rising Rivals,2026-07-08T18:05:06.981Z,USD,2026-07-08T18:05:10.078Z,EUR,278687.0,85535.0,,,,,16.24,8.55,,127.04,,,
pl2-113,Flying Pikachu,113,Rare,Rising Rivals,2026-07-09T18:05:06.162Z,USD,2026-07-09T18:05:09.065Z,EUR,278687.0,85535.0,,,,,16.24,8.55,,127.04,,,
pl2-113,Flying Pikachu,113,Rare,Rising Rivals,2026-07-10T18:05:05.893Z,USD,2026-07-10T18:05:08.528Z,EUR,278687.0,85535.0,,,,,17.37,8.55,,127.04,,,
pl2-113,Flying Pikachu,113,Rare,Rising Rivals,2026-07-11T18:05:05.570Z,USD,2026-07-11T18:05:08.177Z,EUR,278687.0,85535.0,,,,,17.37,8.55,,127.04,,,
pl2-113,Flying Pikachu,113,Rare,Rising Rivals,2026-07-12T18:05:06.878Z,USD,2026-07-12T18:05:08.999Z,EUR,278687.0,85535.0,,,,,17.37,8.55,,127.04,,,
pl2-113,Flying Pikachu,113,Rare,Rising Rivals,2026-07-13T18:05:05.776Z,USD,2026-07-13T18:05:07.846Z,EUR,278687.0,85535.0,,,,,17.37,8.55,,127.04,,,
pl2-113,Flying Pikachu,113,Rare,Rising Rivals,2026-07-14T18:05:05.478Z,USD,2026-07-14T18:05:08.458Z,EUR,278687.0,85535.0,,,,,17.37,8.55,,127.04,,,
pl2-113,Flying Pikachu,113,Rare,Rising Rivals,2026-07-15T18:05:05.585Z,USD,2026-07-15T18:05:08.182Z,EUR,278687.0,85535.0,,,,,17.37,8.55,,127.04,,,
pl2-113,Flying Pikachu,113,Rare,Rising Rivals,2026-07-16T18:05:05.623Z,USD,2026-07-16T18:05:08.253Z,EUR,278687.0,85535.0,,,,,17.37,8.55,,127.04,,,
pl2-113,Flying Pikachu,113,Rare,Rising Rivals,2026-07-17T18:05:06.887Z,USD,2026-07-17T18:05:09.396Z,EUR,278687.0,85535.0,,,,,17.37,8.55,,127.04,,,
pl2-113,Flying Pikachu,113,Rare,Rising Rivals,2026-07-18T08:02:56.551Z,USD,2026-07-18T08:02:59.361Z,EUR,278687.0,85535.0,,,,,17.37,8.55,,127.04,,,
pl2-113,Flying Pikachu,113,Rare,Rising Rivals,2026-07-19T08:03:01.953Z,USD,2026-07-19T08:03:04.558Z,EUR,278687.0,85535.0,,,,,17.37,8.55,,127.04,,,
pl2-113,Flying Pikachu,113,Rare,Rising Rivals,2026-07-20T08:03:01.845Z,USD,2026-07-20T08:03:04.811Z,EUR,278687.0,85535.0,,,,,27.36,8.55,,127.04,,,
pl2-113,Flying Pikachu,113,Rare,Rising Rivals,2026-07-21T08:03:01.705Z,USD,2026-07-21T08:03:04.252Z,EUR,278687.0,85535.0,,,,,27.36,8.55,,127.04,,,
pl2-113,Flying Pikachu,113,Rare,Rising Rivals,2026-07-22T08:03:03.555Z,USD,2026-07-22T08:03:06.471Z,EUR,278687.0,85535.0,,,,,27.36,8.55,,127.04,,,
pl2-113,Flying Pikachu,113,Rare,Rising Rivals,2026-07-23T08:03:01.495Z,USD,2026-07-23T08:03:03.918Z,EUR,278687.0,85535.0,,,,,27.36,8.55,,127.04,,,
pl2-113,Flying Pikachu,113,Rare,Rising Rivals,2026-07-24T08:03:01.910Z,USD,2026-07-24T08:03:04.300Z,EUR,278687.0,85535.0,,,,,27.36,8.55,,127.04,,,
pl2-113,Flying Pikachu,113,Rare,Rising Rivals,2026-07-25T08:03:01.872Z,USD,2026-07-25T08:03:03.827Z,EUR,278687.0,85535.0,,,,,27.36,8.55,,145.53,,,
pl2-113,Flying Pikachu,113,Rare,Rising Rivals,2026-07-26T08:03:21.500Z,USD,2026-07-26T08:03:04.377Z,EUR,278687.0,85535.0,,,,,17.1,8.55,,145.53,,,
pl2-113,Flying Pikachu,113,Rare,Rising Rivals,2026-07-27T08:03:04.654Z,USD,2026-07-27T08:03:04.705Z,EUR,278687.0,85535.0,,,,,17.1,8.55,,172.7,,,
pl2-114,Surfing Pikachu,114,Rare,Rising Rivals,2026-07-08T18:05:06.981Z,USD,2026-07-08T18:05:11.087Z,EUR,278688.0,89644.0,,,,,45.36,31.92,,310.5,,,
pl2-114,Surfing Pikachu,114,Rare,Rising Rivals,2026-07-09T18:05:06.162Z,USD,2026-07-09T18:05:09.065Z,EUR,278688.0,89644.0,,,,,45.36,31.92,,310.5,,,
pl2-114,Surfing Pikachu,114,Rare,Rising Rivals,2026-07-10T18:05:05.893Z,USD,2026-07-10T18:05:08.528Z,EUR,278688.0,89644.0,,,,,285.0,31.92,,310.5,,,
pl2-114,Surfing Pikachu,114,Rare,Rising Rivals,2026-07-11T18:05:05.570Z,USD,2026-07-11T18:05:07.832Z,EUR,278688.0,89644.0,,,,,285.0,31.92,,310.5,,,
pl2-114,Surfing Pikachu,114,Rare,Rising Rivals,2026-07-12T18:05:06.878Z,USD,2026-07-12T18:05:08.999Z,EUR,278688.0,89644.0,,,,,285.0,31.92,,310.5,,,
pl2-114,Surfing Pikachu,114,Rare,Rising Rivals,2026-07-13T18:05:05.776Z,USD,2026-07-13T18:05:07.999Z,EUR,278688.0,89644.0,,,,,37.62,31.92,,310.5,,,
pl2-114,Surfing Pikachu,114,Rare,Rising Rivals,2026-07-14T18:05:05.478Z,USD,2026-07-14T18:05:08.458Z,EUR,278688.0,89644.0,,,,,37.62,31.92,,310.5,,,
pl2-114,Surfing Pikachu,114,Rare,Rising Rivals,2026-07-15T18:05:05.585Z,USD,2026-07-15T18:05:08.182Z,EUR,278688.0,89644.0,,,,,37.62,31.92,,310.5,,,
pl2-114,Surfing Pikachu,114,Rare,Rising Rivals,2026-07-16T18:05:05.623Z,USD,2026-07-16T18:05:08.727Z,EUR,278688.0,89644.0,,,,,37.62,31.92,,310.5,,,
pl2-114,Surfing Pikachu,114,Rare,Rising Rivals,2026-07-17T18:05:06.887Z,USD,2026-07-17T18:05:09.271Z,EUR,278688.0,89644.0,,,,,37.62,31.92,,310.5,,,
pl2-114,Surfing Pikachu,114,Rare,Rising Rivals,2026-07-18T08:02:56.551Z,USD,2026-07-18T08:02:59.776Z,EUR,278688.0,89644.0,,,,,37.62,31.92,,310.5,,,
pl2-114,Surfing Pikachu,114,Rare,Rising Rivals,2026-07-19T08:03:01.953Z,USD,2026-07-19T08:03:04.558Z,EUR,278688.0,89644.0,,,,,37.62,31.92,,310.5,,,
pl2-114,Surfing Pikachu,114,Rare,Rising Rivals,2026-07-20T08:03:01.845Z,USD,2026-07-20T08:03:04.811Z,EUR,278688.0,89644.0,,,,,45.99,31.92,,310.5,,,
pl2-114,Surfing Pikachu,114,Rare,Rising Rivals,2026-07-21T08:03:01.705Z,USD,2026-07-21T08:03:04.252Z,EUR,278688.0,89644.0,,,,,45.99,31.92,,310.5,,,
pl2-114,Surfing Pikachu,114,Rare,Rising Rivals,2026-07-22T08:03:03.555Z,USD,2026-07-22T08:03:06.471Z,EUR,278688.0,89644.0,,,,,45.99,31.92,,310.5,,,
pl2-114,Surfing Pikachu,114,Rare,Rising Rivals,2026-07-23T08:03:01.495Z,USD,2026-07-23T08:03:03.918Z,EUR,278688.0,89644.0,,,,,45.99,31.92,,310.5,,,
pl2-114,Surfing Pikachu,114,Rare,Rising Rivals,2026-07-24T08:03:01.910Z,USD,2026-07-24T08:03:04.300Z,EUR,278688.0,89644.0,,,,,45.99,31.92,,310.5,,,
pl2-114,Surfing Pikachu,114,Rare,Rising Rivals,2026-07-25T08:03:01.872Z,USD,2026-07-25T08:03:04.624Z,EUR,278688.0,89644.0,,,,,45.99,31.92,,355.25,,,
pl2-114,Surfing Pikachu,114,Rare,Rising Rivals,2026-07-26T08:03:21.500Z,USD,2026-07-26T08:03:04.571Z,EUR,278688.0,89644.0,,,,,45.6,31.92,,355.25,,,
pl2-114,Surfing Pikachu,114,Rare,Rising Rivals,2026-07-27T08:03:04.654Z,USD,2026-07-27T08:03:04.705Z,EUR,278688.0,89644.0,,,,,76.92,31.92,,355.25,,,
pl3-120,Pikachu,120,Common,Supreme Victors,,,2026-07-08T18:05:11.087Z,EUR,278811.0,,,,,,5.59,148.19,,,,,
pl3-120,Pikachu,120,Common,Supreme Victors,,,2026-07-09T18:05:09.065Z,EUR,278811.0,,,,,,7.89,148.19,,,,,
pl3-120,Pikachu,120,Common,Supreme Victors,,,2026-07-10T18:05:08.528Z,EUR,278811.0,,,,,,2.05,148.19,,,,,
pl3-120,Pikachu,120,Common,Supreme Victors,,,2026-07-11T18:05:07.832Z,EUR,278811.0,,,,,,2.05,148.19,,,,,
pl3-120,Pikachu,120,Common,Supreme Victors,,,2026-07-12T18:05:08.999Z,EUR,278811.0,,,,,,2.05,148.19,,,,,
pl3-120,Pikachu,120,Common,Supreme Victors,,,2026-07-13T18:05:07.999Z,EUR,278811.0,,,,,,10.15,148.19,,,,,
pl3-120,Pikachu,120,Common,Supreme Victors,,,2026-07-14T18:05:08.458Z,EUR,278811.0,,,,,,10.15,148.19,,,,,
pl3-120,Pikachu,120,Common,Supreme Victors,,,2026-07-15T18:05:08.182Z,EUR,278811.0,,,,,,10.15,148.19,,,,,
pl3-120,Pikachu,120,Common,Supreme Victors,,,2026-07-16T18:05:08.253Z,EUR,278811.0,,,,,,10.15,148.19,,,,,
pl3-120,Pikachu,120,Common,Supreme Victors,,,2026-07-17T18:05:09.396Z,EUR,278811.0,,,,,,10.15,148.19,,,,,
pl3-120,Pikachu,120,Common,Supreme Victors,,,2026-07-18T08:02:59.776Z,EUR,278811.0,,,,,,10.15,148.19,,,,,
pl3-120,Pikachu,120,Common,Supreme Victors,,,2026-07-19T08:03:04.558Z,EUR,278811.0,,,,,,10.15,148.19,,,,,
pl3-120,Pikachu,120,Common,Supreme Victors,,,2026-07-20T08:03:04.386Z,EUR,278811.0,,,,,,4.35,148.19,,,,,
pl3-120,Pikachu,120,Common,Supreme Victors,,,2026-07-21T08:03:04.252Z,EUR,278811.0,,,,,,4.35,148.19,,,,,
pl3-120,Pikachu,120,Common,Supreme Victors,,,2026-07-22T08:03:06.627Z,EUR,278811.0,,,,,,4.35,148.19,,,,,
pl3-120,Pikachu,120,Common,Supreme Victors,,,2026-07-23T08:03:03.918Z,EUR,278811.0,,,,,,4.35,148.19,,,,,
pl3-120,Pikachu,120,Common,Supreme Victors,,,2026-07-24T08:03:04.300Z,EUR,278811.0,,,,,,4.35,148.19,,,,,
pl3-120,Pikachu,120,Common,Supreme Victors,,,2026-07-25T08:03:04.624Z,EUR,278811.0,,,,,,4.35,148.19,,,,,
pl3-120,Pikachu,120,Common,Supreme Victors,,,2026-07-26T08:03:04.438Z,EUR,278811.0,,,,,,4.14,148.19,,,,,
pl3-120,Pikachu,120,Common,Supreme Victors,,,2026-07-27T08:03:04.705Z,EUR,278811.0,,,,,,4.14,148.19,,,,,
pl4-71,Pikachu,71,Common,Arceus,2026-07-08T18:05:06.986Z,USD,2026-07-08T18:05:11.087Z,EUR,278943.0,,88094.0,88094.0,,,6.18,22.74,6.28,,35.0,,
pl4-71,Pikachu,71,Common,Arceus,2026-07-09T18:05:06.175Z,USD,2026-07-09T18:05:09.065Z,EUR,278943.0,,88094.0,88094.0,,,5.98,22.74,6.28,,35.0,,
pl4-71,Pikachu,71,Common,Arceus,2026-07-10T18:05:05.903Z,USD,2026-07-10T18:05:08.528Z,EUR,278943.0,,88094.0,88094.0,,,2.15,22.74,6.28,,35.0,,
pl4-71,Pikachu,71,Common,Arceus,2026-07-11T18:05:05.583Z,USD,2026-07-11T18:05:08.252Z,EUR,278943.0,,88094.0,88094.0,,,2.15,22.74,6.28,,35.0,,
pl4-71,Pikachu,71,Common,Arceus,2026-07-12T18:05:06.885Z,USD,2026-07-12T18:05:18.426Z,EUR,278943.0,,88094.0,88094.0,,,2.15,22.74,6.28,,35.0,,
pl4-71,Pikachu,71,Common,Arceus,2026-07-13T18:05:05.785Z,USD,2026-07-13T18:05:07.999Z,EUR,278943.0,,88094.0,88094.0,,,0.46,22.74,6.31,,35.0,,
pl4-71,Pikachu,71,Common,Arceus,2026-07-14T18:05:05.489Z,USD,2026-07-14T18:05:08.458Z,EUR,278943.0,,88094.0,88094.0,,,0.46,22.74,6.44,,35.0,,
pl4-71,Pikachu,71,Common,Arceus,2026-07-15T18:05:05.592Z,USD,2026-07-15T18:05:08.182Z,EUR,278943.0,,88094.0,88094.0,,,0.46,22.74,6.44,,35.0,,
pl4-71,Pikachu,71,Common,Arceus,2026-07-16T18:05:05.628Z,USD,2026-07-16T18:05:08.165Z,EUR,278943.0,,88094.0,88094.0,,,0.46,22.74,6.33,,35.0,,
pl4-71,Pikachu,71,Common,Arceus,2026-07-17T18:05:06.900Z,USD,2026-07-17T18:05:09.271Z,EUR,278943.0,,88094.0,88094.0,,,0.46,22.74,6.33,,35.0,,
pl4-71,Pikachu,71,Common,Arceus,2026-07-18T08:02:56.561Z,USD,2026-07-18T08:02:59.387Z,EUR,278943.0,,88094.0,88094.0,,,0.46,22.74,6.44,,35.0,,
pl4-71,Pikachu,71,Common,Arceus,2026-07-19T08:03:01.977Z,USD,2026-07-19T08:03:04.658Z,EUR,278943.0,,88094.0,88094.0,,,0.46,22.74,6.43,,35.0,,
pl4-71,Pikachu,71,Common,Arceus,2026-07-20T08:03:01.853Z,USD,2026-07-20T08:03:04.265Z,EUR,278943.0,,88094.0,88094.0,,,2.56,119.69,6.43,,35.0,,
pl4-71,Pikachu,71,Common,Arceus,2026-07-21T08:03:01.715Z,USD,2026-07-21T08:03:04.252Z,EUR,278943.0,,88094.0,88094.0,,,2.56,119.69,6.55,,35.0,,
pl4-71,Pikachu,71,Common,Arceus,2026-07-22T08:03:03.565Z,USD,2026-07-22T08:03:06.558Z,EUR,278943.0,,88094.0,88094.0,,,2.56,119.69,6.55,,35.0,,
pl4-71,Pikachu,71,Common,Arceus,2026-07-23T08:03:01.505Z,USD,2026-07-23T08:03:03.918Z,EUR,278943.0,,88094.0,88094.0,,,2.56,119.69,6.55,,35.0,,
pl4-71,Pikachu,71,Common,Arceus,2026-07-24T08:03:01.917Z,USD,2026-07-24T08:03:04.300Z,EUR,278943.0,,88094.0,88094.0,,,2.56,119.69,6.55,,35.0,,
pl4-71,Pikachu,71,Common,Arceus,2026-07-25T08:03:01.881Z,USD,2026-07-25T08:03:04.624Z,EUR,278943.0,,88094.0,88094.0,,,2.56,119.69,6.55,,35.0,,
pl4-71,Pikachu,71,Common,Arceus,2026-07-26T08:03:21.519Z,USD,2026-07-26T08:03:04.571Z,EUR,278943.0,,88094.0,88094.0,,,9.84,119.69,6.55,,35.0,,
pl4-71,Pikachu,71,Common,Arceus,2026-07-27T08:03:05.448Z,USD,2026-07-27T08:03:04.705Z,EUR,278943.0,,88094.0,88094.0,,,9.84,14.31,6.55,,35.0,,
pop2-16,Pikachu,16,Common,POP Series 2,2026-07-08T18:05:06.628Z,USD,2026-07-08T18:05:10.691Z,EUR,277447.0,,88081.0,,,,56.99,9.69,48.37,,,,
pop2-16,Pikachu,16,Common,POP Series 2,2026-07-09T18:05:05.761Z,USD,2026-07-09T18:05:09.065Z,EUR,277447.0,,88081.0,,,,6.84,9.69,48.37,,,,
pop2-16,Pikachu,16,Common,POP Series 2,2026-07-10T18:05:05.578Z,USD,2026-07-10T18:05:08.528Z,EUR,277447.0,,88081.0,,,,45.6,9.69,48.37,,,,
pop2-16,Pikachu,16,Common,POP Series 2,2026-07-11T18:05:05.102Z,USD,2026-07-11T18:05:08.177Z,EUR,277447.0,,88081.0,,,,45.6,9.69,48.37,,,,
pop2-16,Pikachu,16,Common,POP Series 2,2026-07-12T18:05:06.301Z,USD,2026-07-12T18:05:18.426Z,EUR,277447.0,,88081.0,,,,45.6,9.69,48.37,,,,
pop2-16,Pikachu,16,Common,POP Series 2,2026-07-13T18:05:05.293Z,USD,2026-07-13T18:05:07.999Z,EUR,277447.0,,88081.0,,,,19.38,9.69,48.37,,,,
pop2-16,Pikachu,16,Common,POP Series 2,2026-07-14T18:05:05.076Z,USD,2026-07-14T18:05:07.978Z,EUR,277447.0,,88081.0,,,,19.38,9.69,48.37,,,,
pop2-16,Pikachu,16,Common,POP Series 2,2026-07-15T18:05:05.160Z,USD,2026-07-15T18:05:08.182Z,EUR,277447.0,,88081.0,,,,19.38,9.69,48.37,,,,
pop2-16,Pikachu,16,Common,POP Series 2,2026-07-16T18:05:05.147Z,USD,2026-07-16T18:05:08.165Z,EUR,277447.0,,88081.0,,,,19.38,9.69,48.37,,,,
pop2-16,Pikachu,16,Common,POP Series 2,2026-07-17T18:05:06.546Z,USD,2026-07-17T18:05:09.271Z,EUR,277447.0,,88081.0,,,,19.38,9.69,48.37,,,,
pop2-16,Pikachu,16,Common,POP Series 2,2026-07-18T08:02:56.264Z,USD,2026-07-18T08:02:59.776Z,EUR,277447.0,,88081.0,,,,19.38,9.69,48.37,,,,
pop2-16,Pikachu,16,Common,POP Series 2,2026-07-19T08:03:01.662Z,USD,2026-07-19T08:03:04.658Z,EUR,277447.0,,88081.0,,,,19.38,9.69,48.37,,,,
pop2-16,Pikachu,16,Common,POP Series 2,2026-07-20T08:03:01.550Z,USD,2026-07-20T08:03:04.811Z,EUR,277447.0,,88081.0,,,,17.1,9.69,48.37,,,,
pop2-16,Pikachu,16,Common,POP Series 2,2026-07-21T08:03:01.391Z,USD,2026-07-21T08:03:04.252Z,EUR,277447.0,,88081.0,,,,17.1,9.69,48.37,,,,
pop2-16,Pikachu,16,Common,POP Series 2,2026-07-22T08:03:03.259Z,USD,2026-07-22T08:03:06.471Z,EUR,277447.0,,88081.0,,,,17.1,9.69,48.37,,,,
pop2-16,Pikachu,16,Common,POP Series 2,2026-07-23T08:03:01.234Z,USD,2026-07-23T08:03:03.735Z,EUR,277447.0,,88081.0,,,,17.1,9.69,49.1,,,,
pop2-16,Pikachu,16,Common,POP Series 2,2026-07-24T08:03:01.629Z,USD,2026-07-24T08:03:04.550Z,EUR,277447.0,,88081.0,,,,17.1,9.69,50.3,,,,
pop2-16,Pikachu,16,Common,POP Series 2,2026-07-25T08:03:01.573Z,USD,2026-07-25T08:03:03.827Z,EUR,277447.0,,88081.0,,,,17.1,9.69,50.3,,,,
pop2-16,Pikachu,16,Common,POP Series 2,2026-07-26T08:03:03.831Z,USD,2026-07-26T08:03:04.571Z,EUR,277447.0,,88081.0,,,,376.2,9.69,50.3,,,,
pop2-16,Pikachu,16,Common,POP Series 2,2026-07-27T08:03:03.069Z,USD,2026-07-27T08:03:04.705Z,EUR,277447.0,,88081.0,,,,33.06,9.69,50.3,,,,
pop4-13,Pikachu,13,Common,POP Series 4,2026-07-08T18:05:06.644Z,USD,2026-07-08T18:05:10.078Z,EUR,277478.0,88083.0,88083.0,,,,22.8,22.8,31.9,62.16,,,
pop4-13,Pikachu,13,Common,POP Series 4,2026-07-09T18:05:05.797Z,USD,2026-07-09T18:05:09.065Z,EUR,277478.0,88083.0,88083.0,,,,39.9,22.8,31.9,62.16,,,
pop4-13,Pikachu,13,Common,POP Series 4,2026-07-10T18:05:05.605Z,USD,2026-07-10T18:05:08.528Z,EUR,277478.0,88083.0,88083.0,,,,142.5,22.8,31.9,62.16,,,
pop4-13,Pikachu,13,Common,POP Series 4,2026-07-11T18:05:05.119Z,USD,2026-07-11T18:05:08.252Z,EUR,277478.0,88083.0,88083.0,,,,142.5,22.8,31.9,62.16,,,
pop4-13,Pikachu,13,Common,POP Series 4,2026-07-12T18:05:06.336Z,USD,2026-07-12T18:05:18.426Z,EUR,277478.0,88083.0,88083.0,,,,142.5,22.8,31.9,62.16,,,
pop4-13,Pikachu,13,Common,POP Series 4,2026-07-13T18:05:05.319Z,USD,2026-07-13T18:05:07.999Z,EUR,277478.0,88083.0,88083.0,,,,142.5,22.8,31.9,62.16,,,
pop4-13,Pikachu,13,Common,POP Series 4,2026-07-14T18:05:05.099Z,USD,2026-07-14T18:05:08.211Z,EUR,277478.0,88083.0,88083.0,,,,142.5,22.8,31.9,62.16,,,
pop4-13,Pikachu,13,Common,POP Series 4,2026-07-15T18:05:05.193Z,USD,2026-07-15T18:05:08.182Z,EUR,277478.0,88083.0,88083.0,,,,142.5,22.8,32.3,62.16,,,
pop4-13,Pikachu,13,Common,POP Series 4,2026-07-16T18:05:05.162Z,USD,2026-07-16T18:05:08.165Z,EUR,277478.0,88083.0,88083.0,,,,142.5,22.8,32.3,62.16,,,
pop4-13,Pikachu,13,Common,POP Series 4,2026-07-17T18:05:06.593Z,USD,2026-07-17T18:05:09.271Z,EUR,277478.0,88083.0,88083.0,,,,142.5,22.8,32.3,62.16,,,
pop4-13,Pikachu,13,Common,POP Series 4,2026-07-18T08:02:56.291Z,USD,2026-07-18T08:02:59.776Z,EUR,277478.0,88083.0,88083.0,,,,142.5,22.8,32.3,62.16,,,
pop4-13,Pikachu,13,Common,POP Series 4,2026-07-19T08:03:01.694Z,USD,2026-07-19T08:03:04.658Z,EUR,277478.0,88083.0,88083.0,,,,142.5,22.8,32.3,62.16,,,
pop4-13,Pikachu,13,Common,POP Series 4,2026-07-20T08:03:01.584Z,USD,2026-07-20T08:03:04.811Z,EUR,277478.0,88083.0,88083.0,,,,102.59,22.8,32.3,62.16,,,
pop4-13,Pikachu,13,Common,POP Series 4,2026-07-21T08:03:01.427Z,USD,2026-07-21T08:03:04.252Z,EUR,277478.0,88083.0,88083.0,,,,102.59,22.8,32.3,62.16,,,
pop4-13,Pikachu,13,Common,POP Series 4,2026-07-22T08:03:03.281Z,USD,2026-07-22T08:03:06.471Z,EUR,277478.0,88083.0,88083.0,,,,102.59,22.8,32.3,62.16,,,
pop4-13,Pikachu,13,Common,POP Series 4,2026-07-23T08:03:01.252Z,USD,2026-07-23T08:03:03.735Z,EUR,277478.0,88083.0,88083.0,,,,102.59,22.8,32.3,62.16,,,
pop4-13,Pikachu,13,Common,POP Series 4,2026-07-24T08:03:01.657Z,USD,2026-07-24T08:03:04.300Z,EUR,277478.0,88083.0,88083.0,,,,102.59,22.8,32.3,62.16,,,
pop4-13,Pikachu,13,Common,POP Series 4,2026-07-25T08:03:01.594Z,USD,2026-07-25T08:03:04.397Z,EUR,277478.0,88083.0,88083.0,,,,102.59,22.8,32.3,62.16,,,
pop4-13,Pikachu,13,Common,POP Series 4,2026-07-26T08:03:04.187Z,USD,2026-07-26T08:03:04.438Z,EUR,277478.0,88083.0,88083.0,,,,102.59,22.8,32.3,62.16,,,
pop4-13,Pikachu,13,Common,POP Series 4,2026-07-27T08:03:03.243Z,USD,2026-07-27T08:03:04.458Z,EUR,277478.0,88083.0,88083.0,,,,25.08,22.8,32.3,62.16,,,
pop5-12,Pikachu,12,Common,POP Series 5,2026-07-08T18:05:06.662Z,USD,2026-07-08T18:05:10.691Z,EUR,277494.0,,88085.0,,,,52.43,359.1,62.38,,,,
pop5-12,Pikachu,12,Common,POP Series 5,2026-07-09T18:05:05.817Z,USD,2026-07-09T18:05:09.065Z,EUR,277494.0,,88085.0,,,,52.43,359.1,62.38,,,,
pop5-12,Pikachu,12,Common,POP Series 5,2026-07-10T18:05:05.621Z,USD,2026-07-10T18:05:08.528Z,EUR,277494.0,,88085.0,,,,52.43,359.1,62.38,,,,
pop5-12,Pikachu,12,Common,POP Series 5,2026-07-11T18:05:05.132Z,USD,2026-07-11T18:05:08.177Z,EUR,277494.0,,88085.0,,,,52.43,359.1,62.38,,,,
pop5-12,Pikachu,12,Common,POP Series 5,2026-07-12T18:05:06.357Z,USD,2026-07-12T18:05:18.426Z,EUR,277494.0,,88085.0,,,,52.43,359.1,62.38,,,,
pop5-12,Pikachu,12,Common,POP Series 5,2026-07-13T18:05:05.331Z,USD,2026-07-13T18:05:07.999Z,EUR,277494.0,,88085.0,,,,52.43,359.1,62.38,,,,
pop5-12,Pikachu,12,Common,POP Series 5,2026-07-14T18:05:05.144Z,USD,2026-07-14T18:05:08.458Z,EUR,277494.0,,88085.0,,,,52.43,359.1,62.38,,,,
pop5-12,Pikachu,12,Common,POP Series 5,2026-07-15T18:05:05.243Z,USD,2026-07-15T18:05:08.182Z,EUR,277494.0,,88085.0,,,,52.43,359.1,62.38,,,,
pop5-12,Pikachu,12,Common,POP Series 5,2026-07-16T18:05:05.170Z,USD,2026-07-16T18:05:08.298Z,EUR,277494.0,,88085.0,,,,52.43,359.1,64.63,,,,
pop5-12,Pikachu,12,Common,POP Series 5,2026-07-17T18:05:06.608Z,USD,2026-07-17T18:05:09.271Z,EUR,277494.0,88085.0,88085.0,,,,52.43,359.1,64.63,434.85,,,
pop5-12,Pikachu,12,Common,POP Series 5,2026-07-18T08:02:56.306Z,USD,2026-07-18T08:02:59.361Z,EUR,277494.0,88085.0,88085.0,,,,52.43,359.1,64.63,434.85,,,
pop5-12,Pikachu,12,Common,POP Series 5,2026-07-19T08:03:01.701Z,USD,2026-07-19T08:03:04.658Z,EUR,277494.0,88085.0,88085.0,,,,52.43,359.1,64.63,434.85,,,
pop5-12,Pikachu,12,Common,POP Series 5,2026-07-20T08:03:01.600Z,USD,2026-07-20T08:03:04.265Z,EUR,277494.0,88085.0,88085.0,,,,96.9,359.1,64.63,434.85,,,
pop5-12,Pikachu,12,Common,POP Series 5,2026-07-21T08:03:01.441Z,USD,2026-07-21T08:03:04.252Z,EUR,277494.0,88085.0,88085.0,,,,96.9,359.1,63.75,434.85,,,
pop5-12,Pikachu,12,Common,POP Series 5,2026-07-22T08:03:03.296Z,USD,2026-07-22T08:03:06.471Z,EUR,277494.0,88085.0,88085.0,,,,96.9,359.1,63.75,434.85,,,
pop5-12,Pikachu,12,Common,POP Series 5,2026-07-23T08:03:01.262Z,USD,2026-07-23T08:03:03.735Z,EUR,277494.0,88085.0,88085.0,,,,96.9,359.1,62.87,434.85,,,
pop5-12,Pikachu,12,Common,POP Series 5,2026-07-24T08:03:01.672Z,USD,2026-07-24T08:03:04.550Z,EUR,277494.0,88085.0,88085.0,,,,96.9,359.1,62.87,434.85,,,
pop5-12,Pikachu,12,Common,POP Series 5,2026-07-25T08:03:01.607Z,USD,2026-07-25T08:03:04.397Z,EUR,277494.0,88085.0,88085.0,,,,96.9,359.1,62.87,434.85,,,
pop5-12,Pikachu,12,Common,POP Series 5,2026-07-26T08:03:05.492Z,USD,2026-07-26T08:03:04.732Z,EUR,277494.0,88085.0,88085.0,,,,96.9,359.1,62.87,434.85,,,
pop5-12,Pikachu,12,Common,POP Series 5,2026-07-27T08:03:03.288Z,USD,2026-07-27T08:03:04.705Z,EUR,277494.0,88085.0,88085.0,,,,34.2,359.1,62.87,434.85,,,
pop5-13,Pikachu δ,13,Common,POP Series 5,,,2026-07-08T18:05:10.078Z,EUR,277495.0,,,,,,17.1,,,,,,
pop5-13,Pikachu δ,13,Common,POP Series 5,,,2026-07-09T18:05:09.065Z,EUR,277495.0,,,,,,17.1,,,,,,
pop5-13,Pikachu δ,13,Common,POP Series 5,,,2026-07-10T18:05:08.528Z,EUR,277495.0,,,,,,17.1,,,,,,
pop5-13,Pikachu δ,13,Common,POP Series 5,,,2026-07-11T18:05:08.177Z,EUR,277495.0,,,,,,17.1,,,,,,
pop5-13,Pikachu δ,13,Common,POP Series 5,,,2026-07-12T18:05:18.426Z,EUR,277495.0,,,,,,17.1,,,,,,
pop5-13,Pikachu δ,13,Common,POP Series 5,,,2026-07-13T18:05:07.999Z,EUR,277495.0,,,,,,17.1,,,,,,
pop5-13,Pikachu δ,13,Common,POP Series 5,,,2026-07-14T18:05:08.211Z,EUR,277495.0,,,,,,17.1,,,,,,
pop5-13,Pikachu δ,13,Common,POP Series 5,,,2026-07-15T18:05:08.182Z,EUR,277495.0,,,,,,17.1,,,,,,
pop5-13,Pikachu δ,13,Common,POP Series 5,,,2026-07-16T18:05:08.253Z,EUR,277495.0,,,,,,17.1,,,,,,
pop5-13,Pikachu δ,13,Common,POP Series 5,,,2026-07-17T18:05:09.271Z,EUR,277495.0,,,,,,17.1,,,,,,
pop5-13,Pikachu δ,13,Common,POP Series 5,,,2026-07-18T08:02:59.776Z,EUR,277495.0,,,,,,17.1,,,,,,
pop5-13,Pikachu δ,13,Common,POP Series 5,,,2026-07-19T08:03:04.658Z,EUR,277495.0,,,,,,17.1,,,,,,
pop5-13,Pikachu δ,13,Common,POP Series 5,,,2026-07-20T08:03:04.265Z,EUR,277495.0,,,,,,62.7,,,,,,
pop5-13,Pikachu δ,13,Common,POP Series 5,,,2026-07-21T08:03:04.252Z,EUR,277495.0,,,,,,62.7,,,,,,
pop5-13,Pikachu δ,13,Common,POP Series 5,,,2026-07-22T08:03:06.471Z,EUR,277495.0,,,,,,62.7,,,,,,
pop5-13,Pikachu δ,13,Common,POP Series 5,,,2026-07-23T08:03:03.735Z,EUR,277495.0,,,,,,62.7,,,,,,
pop5-13,Pikachu δ,13,Common,POP Series 5,,,2026-07-24T08:03:04.550Z,EUR,277495.0,,,,,,62.7,,,,,,
pop5-13,Pikachu δ,13,Common,POP Series 5,,,2026-07-25T08:03:03.827Z,EUR,277495.0,,,,,,62.7,,,,,,
pop5-13,Pikachu δ,13,Common,POP Series 5,,,2026-07-26T08:03:04.571Z,EUR,277495.0,,,,,,19.38,,,,,,
pop5-13,Pikachu δ,13,Common,POP Series 5,,,2026-07-27T08:03:04.458Z,EUR,277495.0,,,,,,22.8,,,,,,
pop6-9,Pikachu,9,Common,POP Series 6,2026-07-08T18:05:06.682Z,USD,2026-07-08T18:05:10.691Z,EUR,277894.0,88087.0,88087.0,,,,10.83,11.34,83.13,135.0,,,
pop6-9,Pikachu,9,Common,POP Series 6,2026-07-09T18:05:05.857Z,USD,2026-07-09T18:05:09.065Z,EUR,277894.0,88087.0,88087.0,,,,10.83,11.34,83.13,135.0,,,
pop6-9,Pikachu,9,Common,POP Series 6,2026-07-10T18:05:05.632Z,USD,2026-07-10T18:05:08.528Z,EUR,277894.0,88087.0,88087.0,,,,10.83,11.34,83.13,135.0,,,
pop6-9,Pikachu,9,Common,POP Series 6,2026-07-11T18:05:05.143Z,USD,2026-07-11T18:05:08.177Z,EUR,277894.0,88087.0,88087.0,,,,10.83,11.34,83.13,135.0,,,
pop6-9,Pikachu,9,Common,POP Series 6,2026-07-12T18:05:06.493Z,USD,2026-07-12T18:05:18.426Z,EUR,277894.0,88087.0,88087.0,,,,10.83,11.34,83.13,135.0,,,
pop6-9,Pikachu,9,Common,POP Series 6,2026-07-13T18:05:05.446Z,USD,2026-07-13T18:05:07.901Z,EUR,277894.0,88087.0,88087.0,,,,21.09,11.34,83.13,135.0,,,
pop6-9,Pikachu,9,Common,POP Series 6,2026-07-14T18:05:05.159Z,USD,2026-07-14T18:05:08.458Z,EUR,277894.0,88087.0,88087.0,,,,21.09,11.34,83.13,135.0,,,
pop6-9,Pikachu,9,Common,POP Series 6,2026-07-15T18:05:05.305Z,USD,2026-07-15T18:05:08.182Z,EUR,277894.0,88087.0,88087.0,,,,21.09,11.34,83.13,135.0,,,
pop6-9,Pikachu,9,Common,POP Series 6,2026-07-16T18:05:05.198Z,USD,2026-07-16T18:05:08.338Z,EUR,277894.0,88087.0,88087.0,,,,21.09,11.34,83.13,135.0,,,
pop6-9,Pikachu,9,Common,POP Series 6,2026-07-17T18:05:06.628Z,USD,2026-07-17T18:05:09.271Z,EUR,277894.0,88087.0,88087.0,,,,21.09,11.34,83.13,135.0,,,
pop6-9,Pikachu,9,Common,POP Series 6,2026-07-18T08:02:56.505Z,USD,2026-07-18T08:02:59.776Z,EUR,277894.0,88087.0,88087.0,,,,21.09,11.34,83.13,135.0,,,
pop6-9,Pikachu,9,Common,POP Series 6,2026-07-19T08:03:01.908Z,USD,2026-07-19T08:03:04.658Z,EUR,277894.0,88087.0,88087.0,,,,21.09,11.34,83.13,135.0,,,
pop6-9,Pikachu,9,Common,POP Series 6,2026-07-20T08:03:01.807Z,USD,2026-07-20T08:03:04.265Z,EUR,277894.0,88087.0,88087.0,,,,9.12,11.34,83.13,135.0,,,
pop6-9,Pikachu,9,Common,POP Series 6,2026-07-21T08:03:01.648Z,USD,2026-07-21T08:03:04.457Z,EUR,277894.0,88087.0,88087.0,,,,9.12,11.34,95.12,135.0,,,
pop6-9,Pikachu,9,Common,POP Series 6,2026-07-22T08:03:03.505Z,USD,2026-07-22T08:03:06.471Z,EUR,277894.0,88087.0,88087.0,,,,9.12,11.34,95.12,135.0,,,
pop6-9,Pikachu,9,Common,POP Series 6,2026-07-23T08:03:01.466Z,USD,2026-07-23T08:03:03.918Z,EUR,277894.0,88087.0,88087.0,,,,9.12,11.34,95.12,135.0,,,
pop6-9,Pikachu,9,Common,POP Series 6,2026-07-24T08:03:01.876Z,USD,2026-07-24T08:03:04.550Z,EUR,277894.0,88087.0,88087.0,,,,9.12,11.34,95.12,135.0,,,
pop6-9,Pikachu,9,Common,POP Series 6,2026-07-25T08:03:01.820Z,USD,2026-07-25T08:03:04.302Z,EUR,277894.0,88087.0,88087.0,,,,9.12,11.34,95.12,135.0,,,
pop6-9,Pikachu,9,Common,POP Series 6,2026-07-26T08:03:08.799Z,USD,2026-07-26T08:03:04.438Z,EUR,277894.0,88087.0,88087.0,,,,12.37,11.34,95.12,135.0,,,
pop6-9,Pikachu,9,Common,POP Series 6,2026-07-27T08:03:04.513Z,USD,2026-07-27T08:03:04.458Z,EUR,277894.0,88087.0,88087.0,,,,12.37,11.34,95.12,135.0,,,
pop9-15,Pikachu,15,Common,POP Series 9,2026-07-08T18:05:06.979Z,USD,2026-07-08T18:05:10.691Z,EUR,278566.0,,88092.0,,,,13.68,11.4,19.56,,,,
pop9-15,Pikachu,15,Common,POP Series 9,2026-07-09T18:05:06.158Z,USD,2026-07-09T18:05:09.065Z,EUR,278566.0,,88092.0,,,,13.68,11.4,19.56,,,,
pop9-15,Pikachu,15,Common,POP Series 9,2026-07-10T18:05:05.890Z,USD,2026-07-10T18:05:08.528Z,EUR,278566.0,,88092.0,,,,13.68,11.4,19.56,,,,
pop9-15,Pikachu,15,Common,POP Series 9,2026-07-11T18:05:05.559Z,USD,2026-07-11T18:05:08.252Z,EUR,278566.0,,88092.0,,,,13.68,11.4,19.38,,,,
pop9-15,Pikachu,15,Common,POP Series 9,2026-07-12T18:05:06.874Z,USD,2026-07-12T18:05:18.426Z,EUR,278566.0,,88092.0,,,,13.68,11.4,19.48,,,,
pop9-15,Pikachu,15,Common,POP Series 9,2026-07-13T18:05:05.769Z,USD,2026-07-13T18:05:07.999Z,EUR,278566.0,,88092.0,,,,11.4,11.4,19.48,,,,
pop9-15,Pikachu,15,Common,POP Series 9,2026-07-14T18:05:05.431Z,USD,2026-07-14T18:05:07.978Z,EUR,278566.0,,88092.0,,,,11.4,11.4,19.44,,,,
pop9-15,Pikachu,15,Common,POP Series 9,2026-07-15T18:05:05.582Z,USD,2026-07-15T18:05:08.182Z,EUR,278566.0,,88092.0,,,,11.4,11.4,19.44,,,,
pop9-15,Pikachu,15,Common,POP Series 9,2026-07-16T18:05:05.621Z,USD,2026-07-16T18:05:08.253Z,EUR,278566.0,,88092.0,,,,11.4,11.4,19.44,,,,
pop9-15,Pikachu,15,Common,POP Series 9,2026-07-17T18:05:06.883Z,USD,2026-07-17T18:05:09.271Z,EUR,278566.0,,88092.0,,,,11.4,11.4,19.44,,,,
pop9-15,Pikachu,15,Common,POP Series 9,2026-07-18T08:02:56.547Z,USD,2026-07-18T08:02:59.776Z,EUR,278566.0,,88092.0,,,,11.4,11.4,19.44,,,,
pop9-15,Pikachu,15,Common,POP Series 9,2026-07-19T08:03:01.950Z,USD,2026-07-19T08:03:04.558Z,EUR,278566.0,,88092.0,,,,11.4,11.4,19.44,,,,
pop9-15,Pikachu,15,Common,POP Series 9,2026-07-20T08:03:01.842Z,USD,2026-07-20T08:03:04.811Z,EUR,278566.0,,88092.0,,,,6.26,11.4,19.44,,,,
pop9-15,Pikachu,15,Common,POP Series 9,2026-07-21T08:03:01.701Z,USD,2026-07-21T08:03:04.252Z,EUR,278566.0,,88092.0,,,,6.26,11.4,19.44,,,,
pop9-15,Pikachu,15,Common,POP Series 9,2026-07-22T08:03:03.551Z,USD,2026-07-22T08:03:06.471Z,EUR,278566.0,,88092.0,,,,6.26,11.4,19.37,,,,
pop9-15,Pikachu,15,Common,POP Series 9,2026-07-23T08:03:01.491Z,USD,2026-07-23T08:03:03.735Z,EUR,278566.0,,88092.0,,,,6.26,11.4,19.65,,,,
pop9-15,Pikachu,15,Common,POP Series 9,2026-07-24T08:03:01.907Z,USD,2026-07-24T08:03:04.550Z,EUR,278566.0,,88092.0,,,,6.26,11.4,19.52,,,,
pop9-15,Pikachu,15,Common,POP Series 9,2026-07-25T08:03:01.864Z,USD,2026-07-25T08:03:04.397Z,EUR,278566.0,,88092.0,,,,6.26,11.4,19.52,,,,
pop9-15,Pikachu,15,Common,POP Series 9,2026-07-26T08:03:21.481Z,USD,2026-07-26T08:03:04.571Z,EUR,278566.0,,88092.0,,,,171.0,11.4,19.66,,,,
pop9-15,Pikachu,15,Common,POP Series 9,2026-07-27T08:03:04.638Z,USD,2026-07-27T08:03:04.458Z,EUR,278566.0,,88092.0,,,,14.81,11.4,19.66,,,,
ru1-7,Pikachu,7,Promo,Pokémon Rumble,,,2026-07-08T18:05:10.691Z,EUR,278848.0,,,,,,1995.0,45.59,,,,,
ru1-7,Pikachu,7,Promo,Pokémon Rumble,,,2026-07-09T18:05:09.065Z,EUR,278848.0,,,,,,1995.0,45.59,,,,,
ru1-7,Pikachu,7,Promo,Pokémon Rumble,,,2026-07-10T18:05:08.528Z,EUR,278848.0,,,,,,1995.0,45.59,,,,,
ru1-7,Pikachu,7,Promo,Pokémon Rumble,,,2026-07-11T18:05:08.252Z,EUR,278848.0,,,,,,1995.0,45.59,,,,,
ru1-7,Pikachu,7,Promo,Pokémon Rumble,,,2026-07-12T18:05:18.426Z,EUR,278848.0,,,,,,1995.0,45.59,,,,,
ru1-7,Pikachu,7,Promo,Pokémon Rumble,,,2026-07-13T18:05:07.999Z,EUR,278848.0,,,,,,1995.0,45.59,,,,,
ru1-7,Pikachu,7,Promo,Pokémon Rumble,,,2026-07-14T18:05:08.458Z,EUR,278848.0,,,,,,1995.0,45.59,,,,,
ru1-7,Pikachu,7,Promo,Pokémon Rumble,,,2026-07-15T18:05:08.182Z,EUR,278848.0,,,,,,1995.0,45.59,,,,,
ru1-7,Pikachu,7,Promo,Pokémon Rumble,,,2026-07-16T18:05:08.338Z,EUR,278848.0,,,,,,1995.0,45.59,,,,,
ru1-7,Pikachu,7,Promo,Pokémon Rumble,,,2026-07-17T18:05:09.271Z,EUR,278848.0,,,,,,1995.0,45.59,,,,,
ru1-7,Pikachu,7,Promo,Pokémon Rumble,,,2026-07-18T08:02:59.776Z,EUR,278848.0,,,,,,1995.0,45.59,,,,,
ru1-7,Pikachu,7,Promo,Pokémon Rumble,,,2026-07-19T08:03:04.658Z,EUR,278848.0,,,,,,1995.0,45.59,,,,,
ru1-7,Pikachu,7,Promo,Pokémon Rumble,,,2026-07-20T08:03:04.265Z,EUR,278848.0,,,,,,1709.99,45.59,,,,,
ru1-7,Pikachu,7,Promo,Pokémon Rumble,,,2026-07-21T08:03:04.252Z,EUR,278848.0,,,,,,1709.99,45.59,,,,,
ru1-7,Pikachu,7,Promo,Pokémon Rumble,,,2026-07-22T08:03:06.558Z,EUR,278848.0,,,,,,1709.99,45.59,,,,,
ru1-7,Pikachu,7,Promo,Pokémon Rumble,,,2026-07-23T08:03:03.918Z,EUR,278848.0,,,,,,1709.99,45.59,,,,,
ru1-7,Pikachu,7,Promo,Pokémon Rumble,,,2026-07-24T08:03:04.550Z,EUR,278848.0,,,,,,1709.99,45.59,,,,,
ru1-7,Pikachu,7,Promo,Pokémon Rumble,,,2026-07-25T08:03:04.397Z,EUR,278848.0,,,,,,1709.99,45.59,,,,,
ru1-7,Pikachu,7,Promo,Pokémon Rumble,,,2026-07-26T08:03:04.571Z,EUR,278848.0,,,,,,1709.99,45.59,,,,,
ru1-7,Pikachu,7,Promo,Pokémon Rumble,,,2026-07-27T08:03:04.705Z,EUR,278848.0,,,,,,1709.99,45.59,,,,,
sm10-54,Pikachu,54,Common,Unbroken Bonds,2026-07-08T18:05:07.263Z,USD,2026-07-08T18:05:10.691Z,EUR,372345.0,,189153.0,189153.0,,,2.85,28.5,1.86,,5.37,,
sm10-54,Pikachu,54,Common,Unbroken Bonds,2026-07-09T18:05:06.488Z,USD,2026-07-09T18:05:09.065Z,EUR,372345.0,,189153.0,189153.0,,,4.17,28.5,1.86,,5.31,,
sm10-54,Pikachu,54,Common,Unbroken Bonds,2026-07-10T18:05:06.115Z,USD,2026-07-10T18:05:08.528Z,EUR,372345.0,,189153.0,189153.0,,,2.28,9.94,1.9,,5.53,,
sm10-54,Pikachu,54,Common,Unbroken Bonds,2026-07-11T18:05:05.760Z,USD,2026-07-11T18:05:08.177Z,EUR,372345.0,,189153.0,189153.0,,,2.28,9.94,1.9,,5.5,,
sm10-54,Pikachu,54,Common,Unbroken Bonds,2026-07-12T18:05:07.085Z,USD,2026-07-12T18:05:18.426Z,EUR,372345.0,,189153.0,189153.0,,,2.28,9.94,1.9,,5.63,,
sm10-54,Pikachu,54,Common,Unbroken Bonds,2026-07-13T18:05:06.044Z,USD,2026-07-13T18:05:07.999Z,EUR,372345.0,,189153.0,189153.0,,,2.31,7.98,1.93,,5.63,,
sm10-54,Pikachu,54,Common,Unbroken Bonds,2026-07-14T18:05:05.815Z,USD,2026-07-14T18:05:08.458Z,EUR,372345.0,,189153.0,189153.0,,,2.31,7.98,1.82,,5.63,,
sm10-54,Pikachu,54,Common,Unbroken Bonds,2026-07-15T18:05:05.767Z,USD,2026-07-15T18:05:08.182Z,EUR,372345.0,,189153.0,189153.0,,,2.31,7.98,1.77,,5.63,,
sm10-54,Pikachu,54,Common,Unbroken Bonds,2026-07-16T18:05:05.807Z,USD,2026-07-16T18:05:08.165Z,EUR,372345.0,,189153.0,189153.0,,,2.31,7.98,1.76,,5.71,,
sm10-54,Pikachu,54,Common,Unbroken Bonds,2026-07-17T18:05:07.195Z,USD,2026-07-17T18:05:09.396Z,EUR,372345.0,,189153.0,189153.0,,,2.31,7.98,1.72,,5.84,,
sm10-54,Pikachu,54,Common,Unbroken Bonds,2026-07-18T08:02:56.833Z,USD,2026-07-18T08:02:59.776Z,EUR,372345.0,,189153.0,189153.0,,,2.31,7.98,1.69,,5.84,,
sm10-54,Pikachu,54,Common,Unbroken Bonds,2026-07-19T08:03:02.200Z,USD,2026-07-19T08:03:04.558Z,EUR,372345.0,,189153.0,189153.0,,,2.31,7.98,1.6,,5.79,,
sm10-54,Pikachu,54,Common,Unbroken Bonds,2026-07-20T08:03:02.053Z,USD,2026-07-20T08:03:04.811Z,EUR,372345.0,,189153.0,189153.0,,,1.4,16.53,1.52,,5.91,,
sm10-54,Pikachu,54,Common,Unbroken Bonds,2026-07-21T08:03:02.103Z,USD,2026-07-21T08:03:04.252Z,EUR,372345.0,,189153.0,189153.0,,,1.4,16.53,1.49,,5.91,,
sm10-54,Pikachu,54,Common,Unbroken Bonds,2026-07-22T08:03:03.914Z,USD,2026-07-22T08:03:06.627Z,EUR,372345.0,,189153.0,189153.0,,,1.4,16.53,1.52,,5.91,,
sm10-54,Pikachu,54,Common,Unbroken Bonds,2026-07-23T08:03:01.773Z,USD,2026-07-23T08:03:03.918Z,EUR,372345.0,,189153.0,189153.0,,,1.4,16.53,1.48,,5.91,,
sm10-54,Pikachu,54,Common,Unbroken Bonds,2026-07-24T08:03:02.141Z,USD,2026-07-24T08:03:04.300Z,EUR,372345.0,,189153.0,189153.0,,,1.4,16.53,1.39,,5.91,,
sm10-54,Pikachu,54,Common,Unbroken Bonds,2026-07-25T08:03:02.123Z,USD,2026-07-25T08:03:04.397Z,EUR,372345.0,,189153.0,189153.0,,,1.4,16.53,1.38,,6.06,,
sm10-54,Pikachu,54,Common,Unbroken Bonds,2026-07-26T08:03:28.934Z,USD,2026-07-26T08:03:04.571Z,EUR,372345.0,,189153.0,189153.0,,,4.09,13.68,1.33,,6.06,,
sm10-54,Pikachu,54,Common,Unbroken Bonds,2026-07-27T08:03:27.727Z,USD,2026-07-27T08:03:04.705Z,EUR,372345.0,,189153.0,189153.0,,,4.09,13.68,1.35,,6.06,,
sm11-55,Pikachu,55,Common,Unified Minds,2026-07-08T18:05:07.267Z,USD,2026-07-08T18:05:10.691Z,EUR,388097.0,,194981.0,194981.0,,,1.35,15.96,1.64,,5.25,,
sm11-55,Pikachu,55,Common,Unified Minds,2026-07-09T18:05:06.493Z,USD,2026-07-09T18:05:09.065Z,EUR,388097.0,,194981.0,194981.0,,,1.81,15.96,1.66,,5.25,,
sm11-55,Pikachu,55,Common,Unified Minds,2026-07-10T18:05:06.118Z,USD,2026-07-10T18:05:08.528Z,EUR,388097.0,,194981.0,194981.0,,,2.17,15.96,1.79,,5.25,,
sm11-55,Pikachu,55,Common,Unified Minds,2026-07-11T18:05:05.763Z,USD,2026-07-11T18:05:08.177Z,EUR,388097.0,,194981.0,194981.0,,,2.17,15.96,1.84,,5.25,,
sm11-55,Pikachu,55,Common,Unified Minds,2026-07-12T18:05:07.088Z,USD,2026-07-12T18:05:18.426Z,EUR,388097.0,,194981.0,194981.0,,,2.17,15.96,1.85,,5.27,,
sm11-55,Pikachu,55,Common,Unified Minds,2026-07-13T18:05:06.050Z,USD,2026-07-13T18:05:07.901Z,EUR,388097.0,,194981.0,194981.0,,,1.82,15.96,1.87,,5.27,,
sm11-55,Pikachu,55,Common,Unified Minds,2026-07-14T18:05:05.822Z,USD,2026-07-14T18:05:08.458Z,EUR,388097.0,,194981.0,194981.0,,,1.82,15.96,1.97,,5.24,,
sm11-55,Pikachu,55,Common,Unified Minds,2026-07-15T18:05:05.772Z,USD,2026-07-15T18:05:08.182Z,EUR,388097.0,,194981.0,194981.0,,,1.82,15.96,1.94,,5.24,,
sm11-55,Pikachu,55,Common,Unified Minds,2026-07-16T18:05:05.812Z,USD,2026-07-16T18:05:08.165Z,EUR,388097.0,,194981.0,194981.0,,,1.82,15.96,1.94,,5.27,,
sm11-55,Pikachu,55,Common,Unified Minds,2026-07-17T18:05:07.200Z,USD,2026-07-17T18:05:09.396Z,EUR,388097.0,,194981.0,194981.0,,,1.82,15.96,1.95,,5.29,,
sm11-55,Pikachu,55,Common,Unified Minds,2026-07-18T08:02:56.836Z,USD,2026-07-18T08:02:59.387Z,EUR,388097.0,,194981.0,194981.0,,,1.82,15.96,1.96,,5.29,,
sm11-55,Pikachu,55,Common,Unified Minds,2026-07-19T08:03:02.204Z,USD,2026-07-19T08:03:04.558Z,EUR,388097.0,,194981.0,194981.0,,,1.82,15.96,1.97,,5.29,,
sm11-55,Pikachu,55,Common,Unified Minds,2026-07-20T08:03:02.058Z,USD,2026-07-20T08:03:04.265Z,EUR,388097.0,,194981.0,194981.0,,,1.28,3.42,1.96,,5.29,,
sm11-55,Pikachu,55,Common,Unified Minds,2026-07-21T08:03:02.109Z,USD,2026-07-21T08:03:04.252Z,EUR,388097.0,,194981.0,194981.0,,,1.28,3.42,1.79,,5.29,,
sm11-55,Pikachu,55,Common,Unified Minds,2026-07-22T08:03:03.924Z,USD,2026-07-22T08:03:06.627Z,EUR,388097.0,,194981.0,194981.0,,,1.28,3.42,1.79,,5.29,,
sm11-55,Pikachu,55,Common,Unified Minds,2026-07-23T08:03:01.776Z,USD,2026-07-23T08:03:03.918Z,EUR,388097.0,,194981.0,194981.0,,,1.28,3.42,1.78,,5.29,,
sm11-55,Pikachu,55,Common,Unified Minds,2026-07-24T08:03:02.145Z,USD,2026-07-24T08:03:04.300Z,EUR,388097.0,,194981.0,194981.0,,,1.28,3.42,1.87,,5.29,,
sm11-55,Pikachu,55,Common,Unified Minds,2026-07-25T08:03:02.127Z,USD,2026-07-25T08:03:04.261Z,EUR,388097.0,,194981.0,194981.0,,,1.28,3.42,1.8,,5.29,,
sm11-55,Pikachu,55,Common,Unified Minds,2026-07-26T08:03:29.322Z,USD,2026-07-26T08:03:04.377Z,EUR,388097.0,,194981.0,194981.0,,,2.51,5.07,1.63,,5.29,,
sm11-55,Pikachu,55,Common,Unified Minds,2026-07-27T08:03:28.219Z,USD,2026-07-27T08:03:04.705Z,EUR,388097.0,,194981.0,194981.0,,,2.51,5.07,1.69,,5.07,,
sm11-56,Pikachu,56,Common,Unified Minds,2026-07-08T18:05:07.267Z,USD,2026-07-08T18:05:10.078Z,EUR,388097.0,,194982.0,194982.0,,,1.35,15.96,5.8,,17.81,,
sm11-56,Pikachu,56,Common,Unified Minds,2026-07-09T18:05:06.493Z,USD,2026-07-09T18:05:09.065Z,EUR,388097.0,,194982.0,194982.0,,,1.81,15.96,5.86,,18.03,,
sm11-56,Pikachu,56,Common,Unified Minds,2026-07-10T18:05:06.118Z,USD,2026-07-10T18:05:08.528Z,EUR,388097.0,,194982.0,194982.0,,,2.17,15.96,5.82,,18.06,,
sm11-56,Pikachu,56,Common,Unified Minds,2026-07-11T18:05:05.763Z,USD,2026-07-11T18:05:08.177Z,EUR,388097.0,,194982.0,194982.0,,,2.17,15.96,5.99,,18.06,,
sm11-56,Pikachu,56,Common,Unified Minds,2026-07-12T18:05:07.088Z,USD,2026-07-12T18:05:18.426Z,EUR,388097.0,,194982.0,194982.0,,,2.17,15.96,5.99,,18.06,,
sm11-56,Pikachu,56,Common,Unified Minds,2026-07-13T18:05:06.050Z,USD,2026-07-13T18:05:07.846Z,EUR,388097.0,,194982.0,194982.0,,,1.82,15.96,5.86,,18.06,,
sm11-56,Pikachu,56,Common,Unified Minds,2026-07-14T18:05:05.822Z,USD,2026-07-14T18:05:08.211Z,EUR,388097.0,,194982.0,194982.0,,,1.82,15.96,5.85,,18.22,,
sm11-56,Pikachu,56,Common,Unified Minds,2026-07-15T18:05:05.772Z,USD,2026-07-15T18:05:08.182Z,EUR,388097.0,,194982.0,194982.0,,,1.82,15.96,5.84,,18.22,,
sm11-56,Pikachu,56,Common,Unified Minds,2026-07-16T18:05:05.812Z,USD,2026-07-16T18:05:08.165Z,EUR,388097.0,,194982.0,194982.0,,,1.82,15.96,5.84,,18.22,,
sm11-56,Pikachu,56,Common,Unified Minds,2026-07-17T18:05:07.200Z,USD,2026-07-17T18:05:09.271Z,EUR,388097.0,,194982.0,194982.0,,,1.82,15.96,5.69,,18.43,,
sm11-56,Pikachu,56,Common,Unified Minds,2026-07-18T08:02:56.836Z,USD,2026-07-18T08:02:59.361Z,EUR,388097.0,,194982.0,194982.0,,,1.82,15.96,5.99,,18.43,,
sm11-56,Pikachu,56,Common,Unified Minds,2026-07-19T08:03:02.204Z,USD,2026-07-19T08:03:04.558Z,EUR,388097.0,,194982.0,194982.0,,,1.82,15.96,5.86,,18.43,,
sm11-56,Pikachu,56,Common,Unified Minds,2026-07-20T08:03:02.058Z,USD,2026-07-20T08:03:04.265Z,EUR,388097.0,,194982.0,194982.0,,,1.28,3.42,6.02,,18.63,,
sm11-56,Pikachu,56,Common,Unified Minds,2026-07-21T08:03:02.109Z,USD,2026-07-21T08:03:04.252Z,EUR,388097.0,,194982.0,194982.0,,,1.28,3.42,6.01,,18.63,,
sm11-56,Pikachu,56,Common,Unified Minds,2026-07-22T08:03:03.924Z,USD,2026-07-22T08:03:06.627Z,EUR,388097.0,,194982.0,194982.0,,,1.28,3.42,5.99,,18.63,,
sm11-56,Pikachu,56,Common,Unified Minds,2026-07-23T08:03:01.776Z,USD,2026-07-23T08:03:03.918Z,EUR,388097.0,,194982.0,194982.0,,,1.28,3.42,6.01,,18.63,,
sm11-56,Pikachu,56,Common,Unified Minds,2026-07-24T08:03:02.145Z,USD,2026-07-24T08:03:04.300Z,EUR,388097.0,,194982.0,194982.0,,,1.28,3.42,6.1,,18.63,,
sm11-56,Pikachu,56,Common,Unified Minds,2026-07-25T08:03:02.127Z,USD,2026-07-25T08:03:04.397Z,EUR,388097.0,,194982.0,194982.0,,,1.28,3.42,6.02,,18.63,,
sm11-56,Pikachu,56,Common,Unified Minds,2026-07-26T08:03:29.322Z,USD,2026-07-26T08:03:04.571Z,EUR,388097.0,,194982.0,194982.0,,,2.51,5.07,5.97,,18.65,,
sm11-56,Pikachu,56,Common,Unified Minds,2026-07-27T08:03:28.219Z,USD,2026-07-27T08:03:04.705Z,EUR,388097.0,,194982.0,194982.0,,,2.51,5.07,5.97,,18.28,,
sm115-19,Pikachu,19,Common,Hidden Fates,2026-07-08T18:05:07.271Z,USD,2026-07-08T18:05:11.087Z,EUR,394592.0,,197663.0,197663.0,,,0.63,7.98,1.09,,8.98,,
sm115-19,Pikachu,19,Common,Hidden Fates,2026-07-09T18:05:06.496Z,USD,2026-07-09T18:05:09.065Z,EUR,394592.0,,197663.0,197663.0,,,2.54,7.98,1.08,,8.98,,
sm115-19,Pikachu,19,Common,Hidden Fates,2026-07-10T18:05:06.120Z,USD,2026-07-10T18:05:08.528Z,EUR,394592.0,,197663.0,197663.0,,,0.86,5.4,1.07,,8.98,,
sm115-19,Pikachu,19,Common,Hidden Fates,2026-07-11T18:05:05.765Z,USD,2026-07-11T18:05:08.177Z,EUR,394592.0,,197663.0,197663.0,,,0.86,5.4,1.03,,8.96,,
sm115-19,Pikachu,19,Common,Hidden Fates,2026-07-12T18:05:07.090Z,USD,2026-07-12T18:05:18.426Z,EUR,394592.0,,197663.0,197663.0,,,0.86,5.4,1.0,,8.87,,
sm115-19,Pikachu,19,Common,Hidden Fates,2026-07-13T18:05:06.057Z,USD,2026-07-13T18:05:07.999Z,EUR,394592.0,,197663.0,197663.0,,,0.99,4.56,0.99,,8.87,,
sm115-19,Pikachu,19,Common,Hidden Fates,2026-07-14T18:05:05.828Z,USD,2026-07-14T18:05:08.086Z,EUR,394592.0,,197663.0,197663.0,,,0.99,4.56,1.01,,9.04,,
sm115-19,Pikachu,19,Common,Hidden Fates,2026-07-15T18:05:05.775Z,USD,2026-07-15T18:05:08.182Z,EUR,394592.0,,197663.0,197663.0,,,0.99,4.56,1.08,,8.99,,
sm115-19,Pikachu,19,Common,Hidden Fates,2026-07-16T18:05:05.814Z,USD,2026-07-16T18:05:08.165Z,EUR,394592.0,,197663.0,197663.0,,,0.99,4.56,1.09,,8.99,,
sm115-19,Pikachu,19,Common,Hidden Fates,2026-07-17T18:05:07.203Z,USD,2026-07-17T18:05:09.271Z,EUR,394592.0,,197663.0,197663.0,,,0.99,4.56,1.09,,8.99,,
sm115-19,Pikachu,19,Common,Hidden Fates,2026-07-18T08:02:56.850Z,USD,2026-07-18T08:02:59.776Z,EUR,394592.0,,197663.0,197663.0,,,0.99,4.56,1.08,,8.99,,
sm115-19,Pikachu,19,Common,Hidden Fates,2026-07-19T08:03:02.207Z,USD,2026-07-19T08:03:04.558Z,EUR,394592.0,,197663.0,197663.0,,,0.99,4.56,1.07,,8.99,,
sm115-19,Pikachu,19,Common,Hidden Fates,2026-07-20T08:03:02.061Z,USD,2026-07-20T08:03:04.265Z,EUR,394592.0,,197663.0,197663.0,,,1.06,11.29,1.05,,9.04,,
sm115-19,Pikachu,19,Common,Hidden Fates,2026-07-21T08:03:02.113Z,USD,2026-07-21T08:03:04.252Z,EUR,394592.0,,197663.0,197663.0,,,1.06,11.29,1.04,,9.04,,
sm115-19,Pikachu,19,Common,Hidden Fates,2026-07-22T08:03:03.927Z,USD,2026-07-22T08:03:06.627Z,EUR,394592.0,,197663.0,197663.0,,,1.06,11.29,0.98,,8.92,,
sm115-19,Pikachu,19,Common,Hidden Fates,2026-07-23T08:03:01.779Z,USD,2026-07-23T08:03:03.918Z,EUR,394592.0,,197663.0,197663.0,,,1.06,11.29,0.92,,8.87,,
sm115-19,Pikachu,19,Common,Hidden Fates,2026-07-24T08:03:02.148Z,USD,2026-07-24T08:03:04.550Z,EUR,394592.0,,197663.0,197663.0,,,1.06,11.29,0.89,,8.87,,
sm115-19,Pikachu,19,Common,Hidden Fates,2026-07-25T08:03:02.130Z,USD,2026-07-25T08:03:04.397Z,EUR,394592.0,,197663.0,197663.0,,,1.06,11.29,0.95,,8.87,,
sm115-19,Pikachu,19,Common,Hidden Fates,2026-07-26T08:03:29.444Z,USD,2026-07-26T08:03:04.571Z,EUR,394592.0,,197663.0,197663.0,,,0.57,5.7,1.08,,8.87,,
sm115-19,Pikachu,19,Common,Hidden Fates,2026-07-27T08:03:28.425Z,USD,2026-07-27T08:03:04.705Z,EUR,394592.0,,197663.0,197663.0,,,0.88,7.28,1.17,,8.64,,
sm12-241,Pikachu,241,Secret Rare,Cosmic Eclipse,2026-07-08T18:05:07.278Z,USD,2026-07-08T18:05:11.087Z,EUR,398534.0,201352.0,,,,,107.73,39.9,,225.86,,,
sm12-241,Pikachu,241,Secret Rare,Cosmic Eclipse,2026-07-09T18:05:06.503Z,USD,2026-07-09T18:05:09.065Z,EUR,398534.0,201352.0,,,,,159.6,39.9,,225.86,,,
sm12-241,Pikachu,241,Secret Rare,Cosmic Eclipse,2026-07-10T18:05:06.126Z,USD,2026-07-10T18:05:08.528Z,EUR,398534.0,201352.0,,,,,70.69,39.9,,225.86,,,
sm12-241,Pikachu,241,Secret Rare,Cosmic Eclipse,2026-07-11T18:05:05.771Z,USD,2026-07-11T18:05:08.177Z,EUR,398534.0,201352.0,,,,,70.69,39.9,,225.86,,,
sm12-241,Pikachu,241,Secret Rare,Cosmic Eclipse,2026-07-12T18:05:07.097Z,USD,2026-07-12T18:05:08.999Z,EUR,398534.0,201352.0,,,,,70.69,39.9,,226.3,,,
sm12-241,Pikachu,241,Secret Rare,Cosmic Eclipse,2026-07-13T18:05:06.065Z,USD,2026-07-13T18:05:07.846Z,EUR,398534.0,201352.0,,,,,57.0,39.9,,226.3,,,
sm12-241,Pikachu,241,Secret Rare,Cosmic Eclipse,2026-07-14T18:05:05.834Z,USD,2026-07-14T18:05:08.458Z,EUR,398534.0,201352.0,,,,,57.0,39.9,,226.3,,,
sm12-241,Pikachu,241,Secret Rare,Cosmic Eclipse,2026-07-15T18:05:05.780Z,USD,2026-07-15T18:05:08.182Z,EUR,398534.0,201352.0,,,,,57.0,39.9,,226.3,,,
sm12-241,Pikachu,241,Secret Rare,Cosmic Eclipse,2026-07-16T18:05:05.819Z,USD,2026-07-16T18:05:08.727Z,EUR,398534.0,201352.0,,,,,57.0,39.9,,226.3,,,
sm12-241,Pikachu,241,Secret Rare,Cosmic Eclipse,2026-07-17T18:05:07.207Z,USD,2026-07-17T18:05:09.271Z,EUR,398534.0,201352.0,,,,,57.0,39.9,,225.51,,,
sm12-241,Pikachu,241,Secret Rare,Cosmic Eclipse,2026-07-18T08:02:56.855Z,USD,2026-07-18T08:02:59.776Z,EUR,398534.0,201352.0,,,,,57.0,39.9,,224.87,,,
sm12-241,Pikachu,241,Secret Rare,Cosmic Eclipse,2026-07-19T08:03:02.211Z,USD,2026-07-19T08:03:04.658Z,EUR,398534.0,201352.0,,,,,57.0,39.9,,224.87,,,
sm12-241,Pikachu,241,Secret Rare,Cosmic Eclipse,2026-07-20T08:03:02.067Z,USD,2026-07-20T08:03:04.386Z,EUR,398534.0,201352.0,,,,,148.19,39.9,,224.87,,,
sm12-241,Pikachu,241,Secret Rare,Cosmic Eclipse,2026-07-21T08:03:02.125Z,USD,2026-07-21T08:03:04.252Z,EUR,398534.0,201352.0,,,,,148.19,39.9,,224.68,,,
sm12-241,Pikachu,241,Secret Rare,Cosmic Eclipse,2026-07-22T08:03:03.932Z,USD,2026-07-22T08:03:06.558Z,EUR,398534.0,201352.0,,,,,148.19,39.9,,224.68,,,
sm12-241,Pikachu,241,Secret Rare,Cosmic Eclipse,2026-07-23T08:03:01.784Z,USD,2026-07-23T08:03:03.735Z,EUR,398534.0,201352.0,,,,,148.19,39.9,,223.14,,,
sm12-241,Pikachu,241,Secret Rare,Cosmic Eclipse,2026-07-24T08:03:02.154Z,USD,2026-07-24T08:03:04.300Z,EUR,398534.0,201352.0,,,,,148.19,39.9,,223.14,,,
sm12-241,Pikachu,241,Secret Rare,Cosmic Eclipse,2026-07-25T08:03:02.137Z,USD,2026-07-25T08:03:03.827Z,EUR,398534.0,201352.0,,,,,148.19,39.9,,223.14,,,
sm12-241,Pikachu,241,Secret Rare,Cosmic Eclipse,2026-07-26T08:03:29.806Z,USD,2026-07-26T08:03:04.571Z,EUR,398534.0,201352.0,,,,,244.53,39.9,,221.54,,,
sm12-241,Pikachu,241,Secret Rare,Cosmic Eclipse,2026-07-27T08:03:28.703Z,USD,2026-07-27T08:03:04.705Z,EUR,398534.0,201352.0,,,,,244.53,39.9,,222.18,,,
sm12-66,Pikachu,66,Common,Cosmic Eclipse,2026-07-08T18:05:07.278Z,USD,2026-07-08T18:05:11.087Z,EUR,398534.0,,201241.0,201241.0,,,107.73,39.9,1.72,,8.77,,
sm12-66,Pikachu,66,Common,Cosmic Eclipse,2026-07-09T18:05:06.503Z,USD,2026-07-09T18:05:09.065Z,EUR,398534.0,,201241.0,201241.0,,,159.6,39.9,1.73,,8.77,,
sm12-66,Pikachu,66,Common,Cosmic Eclipse,2026-07-10T18:05:06.126Z,USD,2026-07-10T18:05:08.528Z,EUR,398534.0,,201241.0,201241.0,,,70.69,39.9,1.84,,9.14,,
sm12-66,Pikachu,66,Common,Cosmic Eclipse,2026-07-11T18:05:05.771Z,USD,2026-07-11T18:05:08.252Z,EUR,398534.0,,201241.0,201241.0,,,70.69,39.9,1.79,,9.14,,
sm12-66,Pikachu,66,Common,Cosmic Eclipse,2026-07-12T18:05:07.097Z,USD,2026-07-12T18:05:18.426Z,EUR,398534.0,,201241.0,201241.0,,,70.69,39.9,1.74,,9.23,,
sm12-66,Pikachu,66,Common,Cosmic Eclipse,2026-07-13T18:05:06.065Z,USD,2026-07-13T18:05:07.846Z,EUR,398534.0,,201241.0,201241.0,,,57.0,39.9,1.77,,8.83,,
sm12-66,Pikachu,66,Common,Cosmic Eclipse,2026-07-14T18:05:05.834Z,USD,2026-07-14T18:05:08.458Z,EUR,398534.0,,201241.0,201241.0,,,57.0,39.9,1.89,,8.41,,
sm12-66,Pikachu,66,Common,Cosmic Eclipse,2026-07-15T18:05:05.780Z,USD,2026-07-15T18:05:08.182Z,EUR,398534.0,,201241.0,201241.0,,,57.0,39.9,1.9,,8.5,,
sm12-66,Pikachu,66,Common,Cosmic Eclipse,2026-07-16T18:05:05.819Z,USD,2026-07-16T18:05:08.165Z,EUR,398534.0,,201241.0,201241.0,,,57.0,39.9,1.82,,8.83,,
sm12-66,Pikachu,66,Common,Cosmic Eclipse,2026-07-17T18:05:07.207Z,USD,2026-07-17T18:05:09.396Z,EUR,398534.0,,201241.0,201241.0,,,57.0,39.9,1.84,,8.87,,
sm12-66,Pikachu,66,Common,Cosmic Eclipse,2026-07-18T08:02:56.855Z,USD,2026-07-18T08:02:59.776Z,EUR,398534.0,,201241.0,201241.0,,,57.0,39.9,1.91,,8.93,,
sm12-66,Pikachu,66,Common,Cosmic Eclipse,2026-07-19T08:03:02.211Z,USD,2026-07-19T08:03:04.558Z,EUR,398534.0,,201241.0,201241.0,,,57.0,39.9,1.87,,8.93,,
sm12-66,Pikachu,66,Common,Cosmic Eclipse,2026-07-20T08:03:02.067Z,USD,2026-07-20T08:03:04.265Z,EUR,398534.0,,201241.0,201241.0,,,148.19,39.9,1.84,,8.93,,
sm12-66,Pikachu,66,Common,Cosmic Eclipse,2026-07-21T08:03:02.125Z,USD,2026-07-21T08:03:04.252Z,EUR,398534.0,,201241.0,201241.0,,,148.19,39.9,1.83,,9.03,,
sm12-66,Pikachu,66,Common,Cosmic Eclipse,2026-07-22T08:03:03.932Z,USD,2026-07-22T08:03:06.627Z,EUR,398534.0,,201241.0,201241.0,,,148.19,39.9,1.88,,9.16,,
sm12-66,Pikachu,66,Common,Cosmic Eclipse,2026-07-23T08:03:01.784Z,USD,2026-07-23T08:03:03.918Z,EUR,398534.0,,201241.0,201241.0,,,148.19,39.9,1.83,,9.1,,
sm12-66,Pikachu,66,Common,Cosmic Eclipse,2026-07-24T08:03:02.154Z,USD,2026-07-24T08:03:04.300Z,EUR,398534.0,,201241.0,201241.0,,,148.19,39.9,1.92,,9.12,,
sm12-66,Pikachu,66,Common,Cosmic Eclipse,2026-07-25T08:03:02.137Z,USD,2026-07-25T08:03:04.397Z,EUR,398534.0,,201241.0,201241.0,,,148.19,39.9,2.03,,9.12,,
sm12-66,Pikachu,66,Common,Cosmic Eclipse,2026-07-26T08:03:29.806Z,USD,2026-07-26T08:03:04.571Z,EUR,398534.0,,201241.0,201241.0,,,244.53,39.9,2.0,,9.26,,
sm12-66,Pikachu,66,Common,Cosmic Eclipse,2026-07-27T08:03:28.703Z,USD,2026-07-27T08:03:04.705Z,EUR,398534.0,,201241.0,201241.0,,,244.53,39.9,1.86,,9.42,,
sm3-40,Pikachu,40,Common,Burning Shadows,2026-07-08T18:05:07.153Z,USD,2026-07-08T18:05:10.691Z,EUR,299444.0,,138522.0,138522.0,,,0.58,4.45,0.94,,5.61,,
sm3-40,Pikachu,40,Common,Burning Shadows,2026-07-09T18:05:06.455Z,USD,2026-07-09T18:05:09.065Z,EUR,299444.0,,138522.0,138522.0,,,0.39,2.85,0.96,,5.61,,
sm3-40,Pikachu,40,Common,Burning Shadows,2026-07-10T18:05:06.069Z,USD,2026-07-10T18:05:08.528Z,EUR,299444.0,,138522.0,138522.0,,,0.23,1.08,0.89,,5.7,,
sm3-40,Pikachu,40,Common,Burning Shadows,2026-07-11T18:05:05.730Z,USD,2026-07-11T18:05:08.177Z,EUR,299444.0,,138522.0,138522.0,,,0.23,1.08,0.91,,5.55,,
sm3-40,Pikachu,40,Common,Burning Shadows,2026-07-12T18:05:07.033Z,USD,2026-07-12T18:05:18.426Z,EUR,299444.0,,138522.0,138522.0,,,0.23,1.08,0.94,,5.52,,
sm3-40,Pikachu,40,Common,Burning Shadows,2026-07-13T18:05:05.997Z,USD,2026-07-13T18:05:07.999Z,EUR,299444.0,,138522.0,138522.0,,,1.17,1.71,0.93,,5.77,,
sm3-40,Pikachu,40,Common,Burning Shadows,2026-07-14T18:05:05.758Z,USD,2026-07-14T18:05:08.211Z,EUR,299444.0,,138522.0,138522.0,,,1.17,1.71,0.96,,5.74,,
sm3-40,Pikachu,40,Common,Burning Shadows,2026-07-15T18:05:05.733Z,USD,2026-07-15T18:05:08.182Z,EUR,299444.0,,138522.0,138522.0,,,1.17,1.71,0.97,,5.78,,
sm3-40,Pikachu,40,Common,Burning Shadows,2026-07-16T18:05:05.771Z,USD,2026-07-16T18:05:08.165Z,EUR,299444.0,,138522.0,138522.0,,,1.17,1.71,0.99,,5.76,,
sm3-40,Pikachu,40,Common,Burning Shadows,2026-07-17T18:05:07.141Z,USD,2026-07-17T18:05:09.396Z,EUR,299444.0,,138522.0,138522.0,,,1.17,1.71,0.99,,5.76,,
sm3-40,Pikachu,40,Common,Burning Shadows,2026-07-18T08:02:56.788Z,USD,2026-07-18T08:02:59.776Z,EUR,299444.0,,138522.0,138522.0,,,1.17,1.71,0.99,,5.76,,
sm3-40,Pikachu,40,Common,Burning Shadows,2026-07-19T08:03:02.164Z,USD,2026-07-19T08:03:04.658Z,EUR,299444.0,,138522.0,138522.0,,,1.17,1.71,1.01,,5.76,,
sm3-40,Pikachu,40,Common,Burning Shadows,2026-07-20T08:03:02.022Z,USD,2026-07-20T08:03:04.265Z,EUR,299444.0,,138522.0,138522.0,,,0.63,3.41,0.98,,5.58,,
sm3-40,Pikachu,40,Common,Burning Shadows,2026-07-21T08:03:02.008Z,USD,2026-07-21T08:03:04.252Z,EUR,299444.0,,138522.0,138522.0,,,0.63,3.41,1.12,,5.69,,
sm3-40,Pikachu,40,Common,Burning Shadows,2026-07-22T08:03:03.879Z,USD,2026-07-22T08:03:06.558Z,EUR,299444.0,,138522.0,138522.0,,,0.63,3.41,1.12,,5.69,,
sm3-40,Pikachu,40,Common,Burning Shadows,2026-07-23T08:03:01.716Z,USD,2026-07-23T08:03:03.918Z,EUR,299444.0,,138522.0,138522.0,,,0.63,3.41,1.1,,5.75,,
sm3-40,Pikachu,40,Common,Burning Shadows,2026-07-24T08:03:02.107Z,USD,2026-07-24T08:03:04.550Z,EUR,299444.0,,138522.0,138522.0,,,0.63,3.41,1.17,,5.78,,
sm3-40,Pikachu,40,Common,Burning Shadows,2026-07-25T08:03:02.081Z,USD,2026-07-25T08:03:04.397Z,EUR,299444.0,,138522.0,138522.0,,,0.63,3.41,1.17,,5.83,,
sm3-40,Pikachu,40,Common,Burning Shadows,2026-07-26T08:03:27.998Z,USD,2026-07-26T08:03:04.571Z,EUR,299444.0,,138522.0,138522.0,,,2.15,5.98,1.11,,5.96,,
sm3-40,Pikachu,40,Common,Burning Shadows,2026-07-27T08:03:22.992Z,USD,2026-07-27T08:03:04.705Z,EUR,299444.0,,138522.0,138522.0,,,2.15,5.98,1.03,,6.0,,
sm3.5-28,Pikachu,28,Common,Shining Legends,2026-07-08T18:05:07.156Z,USD,2026-07-08T18:05:11.087Z,EUR,302166.0,,146682.0,146682.0,,,0.96,9.69,1.69,,10.85,,
sm3.5-28,Pikachu,28,Common,Shining Legends,2026-07-09T18:05:06.458Z,USD,2026-07-09T18:05:09.065Z,EUR,302166.0,,146682.0,146682.0,,,7.87,9.69,1.67,,11.12,,
sm3.5-28,Pikachu,28,Common,Shining Legends,2026-07-10T18:05:06.070Z,USD,2026-07-10T18:05:08.528Z,EUR,302166.0,,146682.0,146682.0,,,4.71,3.42,1.65,,11.59,,
sm3.5-28,Pikachu,28,Common,Shining Legends,2026-07-11T18:05:05.732Z,USD,2026-07-11T18:05:08.177Z,EUR,302166.0,,146682.0,146682.0,,,4.71,3.42,1.71,,11.74,,
sm3.5-28,Pikachu,28,Common,Shining Legends,2026-07-12T18:05:07.036Z,USD,2026-07-12T18:05:18.426Z,EUR,302166.0,,146682.0,146682.0,,,4.71,3.42,1.8,,11.74,,
sm3.5-28,Pikachu,28,Common,Shining Legends,2026-07-13T18:05:05.999Z,USD,2026-07-13T18:05:07.999Z,EUR,302166.0,,146682.0,146682.0,,,1.77,13.17,1.81,,12.08,,
sm3.5-28,Pikachu,28,Common,Shining Legends,2026-07-14T18:05:05.762Z,USD,2026-07-14T18:05:07.978Z,EUR,302166.0,,146682.0,146682.0,,,1.77,13.17,1.87,,12.27,,
sm3.5-28,Pikachu,28,Common,Shining Legends,2026-07-15T18:05:05.735Z,USD,2026-07-15T18:05:08.182Z,EUR,302166.0,,146682.0,146682.0,,,1.77,13.17,1.82,,12.08,,
sm3.5-28,Pikachu,28,Common,Shining Legends,2026-07-16T18:05:05.774Z,USD,2026-07-16T18:05:08.165Z,EUR,302166.0,,146682.0,146682.0,,,1.77,13.17,1.79,,12.08,,
sm3.5-28,Pikachu,28,Common,Shining Legends,2026-07-17T18:05:07.143Z,USD,2026-07-17T18:05:09.271Z,EUR,302166.0,,146682.0,146682.0,,,1.77,13.17,1.85,,12.08,,
sm3.5-28,Pikachu,28,Common,Shining Legends,2026-07-18T08:02:56.791Z,USD,2026-07-18T08:02:59.776Z,EUR,302166.0,,146682.0,146682.0,,,1.77,13.17,1.88,,12.08,,
sm3.5-28,Pikachu,28,Common,Shining Legends,2026-07-19T08:03:02.167Z,USD,2026-07-19T08:03:04.558Z,EUR,302166.0,,146682.0,146682.0,,,1.77,13.17,1.89,,12.08,,
sm3.5-28,Pikachu,28,Common,Shining Legends,2026-07-20T08:03:02.026Z,USD,2026-07-20T08:03:04.265Z,EUR,302166.0,,146682.0,146682.0,,,2.21,2.85,1.89,,12.08,,
sm3.5-28,Pikachu,28,Common,Shining Legends,2026-07-21T08:03:02.013Z,USD,2026-07-21T08:03:04.252Z,EUR,302166.0,,146682.0,146682.0,,,2.21,2.85,1.87,,12.08,,
sm3.5-28,Pikachu,28,Common,Shining Legends,2026-07-22T08:03:03.883Z,USD,2026-07-22T08:03:06.471Z,EUR,302166.0,,146682.0,146682.0,,,2.21,2.85,1.91,,12.08,,
sm3.5-28,Pikachu,28,Common,Shining Legends,2026-07-23T08:03:01.718Z,USD,2026-07-23T08:03:03.918Z,EUR,302166.0,,146682.0,146682.0,,,2.21,2.85,2.11,,12.07,,
sm3.5-28,Pikachu,28,Common,Shining Legends,2026-07-24T08:03:02.109Z,USD,2026-07-24T08:03:04.550Z,EUR,302166.0,,146682.0,146682.0,,,2.21,2.85,2.23,,12.39,,
sm3.5-28,Pikachu,28,Common,Shining Legends,2026-07-25T08:03:02.084Z,USD,2026-07-25T08:03:04.397Z,EUR,302166.0,,146682.0,146682.0,,,2.21,2.85,2.29,,12.33,,
sm3.5-28,Pikachu,28,Common,Shining Legends,2026-07-26T08:03:28.041Z,USD,2026-07-26T08:03:04.571Z,EUR,302166.0,,146682.0,146682.0,,,0.89,3.99,2.29,,12.39,,
sm3.5-28,Pikachu,28,Common,Shining Legends,2026-07-27T08:03:23.142Z,USD,2026-07-27T08:03:04.705Z,EUR,302166.0,,146682.0,146682.0,,,0.89,3.99,2.25,,12.49,,
sm4-30,Pikachu,30,Common,Crimson Invasion,2026-07-08T18:05:07.158Z,USD,2026-07-08T18:05:10.691Z,EUR,311880.0,,149053.0,149053.0,,,0.75,5.7,3.03,,14.5,,
sm4-30,Pikachu,30,Common,Crimson Invasion,2026-07-09T18:05:06.460Z,USD,2026-07-09T18:05:09.065Z,EUR,311880.0,,149053.0,149053.0,,,2.13,5.7,2.86,,14.5,,
sm4-30,Pikachu,30,Common,Crimson Invasion,2026-07-10T18:05:06.073Z,USD,2026-07-10T18:05:08.528Z,EUR,311880.0,,149053.0,149053.0,,,1.23,5.18,2.81,,14.5,,
sm4-30,Pikachu,30,Common,Crimson Invasion,2026-07-11T18:05:05.735Z,USD,2026-07-11T18:05:08.177Z,EUR,311880.0,,149053.0,149053.0,,,1.23,5.18,2.8,,14.5,,
sm4-30,Pikachu,30,Common,Crimson Invasion,2026-07-12T18:05:07.038Z,USD,2026-07-12T18:05:18.426Z,EUR,311880.0,,149053.0,149053.0,,,1.23,5.18,2.93,,14.5,,
sm4-30,Pikachu,30,Common,Crimson Invasion,2026-07-13T18:05:06.000Z,USD,2026-07-13T18:05:07.999Z,EUR,311880.0,,149053.0,149053.0,,,0.8,5.18,3.0,,14.5,,
sm4-30,Pikachu,30,Common,Crimson Invasion,2026-07-14T18:05:05.766Z,USD,2026-07-14T18:05:08.211Z,EUR,311880.0,,149053.0,149053.0,,,0.8,5.18,2.91,,14.5,,
sm4-30,Pikachu,30,Common,Crimson Invasion,2026-07-15T18:05:05.738Z,USD,2026-07-15T18:05:08.182Z,EUR,311880.0,,149053.0,149053.0,,,0.8,5.18,2.88,,14.5,,
sm4-30,Pikachu,30,Common,Crimson Invasion,2026-07-16T18:05:05.779Z,USD,2026-07-16T18:05:08.338Z,EUR,311880.0,,149053.0,149053.0,,,0.8,5.18,2.82,,14.5,,
sm4-30,Pikachu,30,Common,Crimson Invasion,2026-07-17T18:05:07.145Z,USD,2026-07-17T18:05:09.271Z,EUR,311880.0,,149053.0,149053.0,,,0.8,5.18,2.89,,14.5,,
sm4-30,Pikachu,30,Common,Crimson Invasion,2026-07-18T08:02:56.795Z,USD,2026-07-18T08:02:59.776Z,EUR,311880.0,,149053.0,149053.0,,,0.8,5.18,3.01,,14.5,,
sm4-30,Pikachu,30,Common,Crimson Invasion,2026-07-19T08:03:02.169Z,USD,2026-07-19T08:03:04.558Z,EUR,311880.0,,149053.0,149053.0,,,0.8,5.18,3.15,,14.68,,
sm4-30,Pikachu,30,Common,Crimson Invasion,2026-07-20T08:03:02.028Z,USD,2026-07-20T08:03:04.265Z,EUR,311880.0,,149053.0,149053.0,,,1.36,9.12,3.3,,14.46,,
sm4-30,Pikachu,30,Common,Crimson Invasion,2026-07-21T08:03:02.027Z,USD,2026-07-21T08:03:04.252Z,EUR,311880.0,,149053.0,149053.0,,,1.36,9.12,3.21,,14.22,,
sm4-30,Pikachu,30,Common,Crimson Invasion,2026-07-22T08:03:03.886Z,USD,2026-07-22T08:03:06.558Z,EUR,311880.0,,149053.0,149053.0,,,1.36,9.12,3.06,,14.22,,
sm4-30,Pikachu,30,Common,Crimson Invasion,2026-07-23T08:03:01.720Z,USD,2026-07-23T08:03:03.918Z,EUR,311880.0,,149053.0,149053.0,,,1.36,9.12,2.98,,14.22,,
sm4-30,Pikachu,30,Common,Crimson Invasion,2026-07-24T08:03:02.111Z,USD,2026-07-24T08:03:04.300Z,EUR,311880.0,,149053.0,149053.0,,,1.36,9.12,2.87,,14.22,,
sm4-30,Pikachu,30,Common,Crimson Invasion,2026-07-25T08:03:02.086Z,USD,2026-07-25T08:03:04.397Z,EUR,311880.0,,149053.0,149053.0,,,1.36,9.12,2.78,,14.23,,
sm4-30,Pikachu,30,Common,Crimson Invasion,2026-07-26T08:03:28.060Z,USD,2026-07-26T08:03:04.571Z,EUR,311880.0,,149053.0,149053.0,,,1.35,10.25,2.97,,14.23,,
sm4-30,Pikachu,30,Common,Crimson Invasion,2026-07-27T08:03:23.321Z,USD,2026-07-27T08:03:04.705Z,EUR,311880.0,,149053.0,149053.0,,,1.54,5.13,3.11,,14.51,,
sm9-162,Pikachu & Zekrom GX,162,Ultra Rare,Team Up,2026-07-08T18:05:07.256Z,USD,2026-07-08T18:05:10.078Z,EUR,369087.0,183805.0,,,,,91.09,36.48,,147.74,,,
sm9-162,Pikachu & Zekrom GX,162,Ultra Rare,Team Up,2026-07-09T18:05:06.479Z,USD,2026-07-09T18:05:09.065Z,EUR,369087.0,183805.0,,,,,188.1,36.48,,147.74,,,
sm9-162,Pikachu & Zekrom GX,162,Ultra Rare,Team Up,2026-07-10T18:05:06.110Z,USD,2026-07-10T18:05:08.528Z,EUR,369087.0,183805.0,,,,,188.1,36.48,,147.74,,,
sm9-162,Pikachu & Zekrom GX,162,Ultra Rare,Team Up,2026-07-11T18:05:05.754Z,USD,2026-07-11T18:05:08.252Z,EUR,369087.0,183805.0,,,,,188.1,36.48,,147.74,,,
sm9-162,Pikachu & Zekrom GX,162,Ultra Rare,Team Up,2026-07-12T18:05:07.069Z,USD,2026-07-12T18:05:08.999Z,EUR,369087.0,183805.0,,,,,188.1,36.48,,147.74,,,
sm9-162,Pikachu & Zekrom GX,162,Ultra Rare,Team Up,2026-07-13T18:05:06.025Z,USD,2026-07-13T18:05:07.999Z,EUR,369087.0,183805.0,,,,,188.1,36.48,,147.74,,,
sm9-162,Pikachu & Zekrom GX,162,Ultra Rare,Team Up,2026-07-14T18:05:05.803Z,USD,2026-07-14T18:05:07.978Z,EUR,369087.0,183805.0,,,,,188.1,36.48,,147.74,,,
sm9-162,Pikachu & Zekrom GX,162,Ultra Rare,Team Up,2026-07-15T18:05:05.760Z,USD,2026-07-15T18:05:08.182Z,EUR,369087.0,183805.0,,,,,188.1,36.48,,147.9,,,
sm9-162,Pikachu & Zekrom GX,162,Ultra Rare,Team Up,2026-07-16T18:05:05.800Z,USD,2026-07-16T18:05:08.727Z,EUR,369087.0,183805.0,,,,,188.1,36.48,,149.38,,,
sm9-162,Pikachu & Zekrom GX,162,Ultra Rare,Team Up,2026-07-17T18:05:07.188Z,USD,2026-07-17T18:05:09.271Z,EUR,369087.0,183805.0,,,,,188.1,36.48,,149.38,,,
sm9-162,Pikachu & Zekrom GX,162,Ultra Rare,Team Up,2026-07-18T08:02:56.826Z,USD,2026-07-18T08:02:59.776Z,EUR,369087.0,183805.0,,,,,188.1,36.48,,149.38,,,
sm9-162,Pikachu & Zekrom GX,162,Ultra Rare,Team Up,2026-07-19T08:03:02.194Z,USD,2026-07-19T08:03:04.558Z,EUR,369087.0,183805.0,,,,,188.1,36.48,,149.38,,,
sm9-162,Pikachu & Zekrom GX,162,Ultra Rare,Team Up,2026-07-20T08:03:02.048Z,USD,2026-07-20T08:03:04.386Z,EUR,369087.0,183805.0,,,,,113.99,36.48,,149.38,,,
sm9-162,Pikachu & Zekrom GX,162,Ultra Rare,Team Up,2026-07-21T08:03:02.094Z,USD,2026-07-21T08:03:04.252Z,EUR,369087.0,183805.0,,,,,113.99,36.48,,149.38,,,
sm9-162,Pikachu & Zekrom GX,162,Ultra Rare,Team Up,2026-07-22T08:03:03.910Z,USD,2026-07-22T08:03:06.558Z,EUR,369087.0,183805.0,,,,,113.99,36.48,,149.38,,,
sm9-162,Pikachu & Zekrom GX,162,Ultra Rare,Team Up,2026-07-23T08:03:01.755Z,USD,2026-07-23T08:03:03.918Z,EUR,369087.0,183805.0,,,,,113.99,36.48,,149.38,,,
sm9-162,Pikachu & Zekrom GX,162,Ultra Rare,Team Up,2026-07-24T08:03:02.132Z,USD,2026-07-24T08:03:04.300Z,EUR,369087.0,183805.0,,,,,113.99,36.48,,153.18,,,
sm9-162,Pikachu & Zekrom GX,162,Ultra Rare,Team Up,2026-07-25T08:03:02.117Z,USD,2026-07-25T08:03:04.624Z,EUR,369087.0,183805.0,,,,,113.99,36.48,,153.18,,,
sm9-162,Pikachu & Zekrom GX,162,Ultra Rare,Team Up,2026-07-26T08:03:28.595Z,USD,2026-07-26T08:03:04.571Z,EUR,369087.0,183805.0,,,,,193.8,36.48,,153.18,,,
sm9-162,Pikachu & Zekrom GX,162,Ultra Rare,Team Up,2026-07-27T08:03:27.426Z,USD,2026-07-27T08:03:04.705Z,EUR,369087.0,183805.0,,,,,193.8,36.48,,153.18,,,
sm9-184,Pikachu & Zekrom GX,184,Secret Rare,Team Up,2026-07-08T18:05:07.256Z,USD,2026-07-08T18:05:10.078Z,EUR,369109.0,183806.0,,,,,148.2,85.5,,233.23,,,
sm9-184,Pikachu & Zekrom GX,184,Secret Rare,Team Up,2026-07-09T18:05:06.479Z,USD,2026-07-09T18:05:09.065Z,EUR,369109.0,183806.0,,,,,148.2,85.5,,233.23,,,
sm9-184,Pikachu & Zekrom GX,184,Secret Rare,Team Up,2026-07-10T18:05:06.110Z,USD,2026-07-10T18:05:08.528Z,EUR,369109.0,183806.0,,,,,148.2,85.5,,231.55,,,
sm9-184,Pikachu & Zekrom GX,184,Secret Rare,Team Up,2026-07-11T18:05:05.754Z,USD,2026-07-11T18:05:08.252Z,EUR,369109.0,183806.0,,,,,148.2,85.5,,231.55,,,
sm9-184,Pikachu & Zekrom GX,184,Secret Rare,Team Up,2026-07-12T18:05:07.069Z,USD,2026-07-12T18:05:08.999Z,EUR,369109.0,183806.0,,,,,148.2,85.5,,231.55,,,
sm9-184,Pikachu & Zekrom GX,184,Secret Rare,Team Up,2026-07-13T18:05:06.025Z,USD,2026-07-13T18:05:07.846Z,EUR,369109.0,183806.0,,,,,148.2,85.5,,233.23,,,
sm9-184,Pikachu & Zekrom GX,184,Secret Rare,Team Up,2026-07-14T18:05:05.803Z,USD,2026-07-14T18:05:08.458Z,EUR,369109.0,183806.0,,,,,148.2,85.5,,233.23,,,
sm9-184,Pikachu & Zekrom GX,184,Secret Rare,Team Up,2026-07-15T18:05:05.760Z,USD,2026-07-15T18:05:08.182Z,EUR,369109.0,183806.0,,,,,148.2,85.5,,233.23,,,
sm9-184,Pikachu & Zekrom GX,184,Secret Rare,Team Up,2026-07-16T18:05:05.800Z,USD,2026-07-16T18:05:08.253Z,EUR,369109.0,183806.0,,,,,148.2,85.5,,233.23,,,
sm9-184,Pikachu & Zekrom GX,184,Secret Rare,Team Up,2026-07-17T18:05:07.188Z,USD,2026-07-17T18:05:09.271Z,EUR,369109.0,183806.0,,,,,148.2,85.5,,233.23,,,
sm9-184,Pikachu & Zekrom GX,184,Secret Rare,Team Up,2026-07-18T08:02:56.826Z,USD,2026-07-18T08:02:59.387Z,EUR,369109.0,183806.0,,,,,148.2,85.5,,233.23,,,
sm9-184,Pikachu & Zekrom GX,184,Secret Rare,Team Up,2026-07-19T08:03:02.194Z,USD,2026-07-19T08:03:04.658Z,EUR,369109.0,183806.0,,,,,148.2,85.5,,233.23,,,
sm9-184,Pikachu & Zekrom GX,184,Secret Rare,Team Up,2026-07-20T08:03:02.048Z,USD,2026-07-20T08:03:04.386Z,EUR,369109.0,183806.0,,,,,114.0,85.5,,233.23,,,
sm9-184,Pikachu & Zekrom GX,184,Secret Rare,Team Up,2026-07-21T08:03:02.094Z,USD,2026-07-21T08:03:04.252Z,EUR,369109.0,183806.0,,,,,114.0,85.5,,233.23,,,
sm9-184,Pikachu & Zekrom GX,184,Secret Rare,Team Up,2026-07-22T08:03:03.910Z,USD,2026-07-22T08:03:06.558Z,EUR,369109.0,183806.0,,,,,114.0,85.5,,233.23,,,
sm9-184,Pikachu & Zekrom GX,184,Secret Rare,Team Up,2026-07-23T08:03:01.755Z,USD,2026-07-23T08:03:03.918Z,EUR,369109.0,183806.0,,,,,114.0,85.5,,236.55,,,
sm9-184,Pikachu & Zekrom GX,184,Secret Rare,Team Up,2026-07-24T08:03:02.132Z,USD,2026-07-24T08:03:04.300Z,EUR,369109.0,183806.0,,,,,114.0,85.5,,236.55,,,
sm9-184,Pikachu & Zekrom GX,184,Secret Rare,Team Up,2026-07-25T08:03:02.117Z,USD,2026-07-25T08:03:04.397Z,EUR,369109.0,183806.0,,,,,114.0,85.5,,236.55,,,
sm9-184,Pikachu & Zekrom GX,184,Secret Rare,Team Up,2026-07-26T08:03:28.595Z,USD,2026-07-26T08:03:04.571Z,EUR,369109.0,183806.0,,,,,262.19,85.5,,236.55,,,
sm9-184,Pikachu & Zekrom GX,184,Secret Rare,Team Up,2026-07-27T08:03:27.426Z,USD,2026-07-27T08:03:04.458Z,EUR,369109.0,183806.0,,,,,170.99,85.5,,236.55,,,
sm9-33,Pikachu & Zekrom GX,33,Ultra Rare,Team Up,2026-07-08T18:05:07.256Z,USD,2026-07-08T18:05:10.078Z,EUR,366888.0,183804.0,,,,,54.72,5.51,,76.22,,,
sm9-33,Pikachu & Zekrom GX,33,Ultra Rare,Team Up,2026-07-09T18:05:06.479Z,USD,2026-07-09T18:05:09.065Z,EUR,366888.0,183804.0,,,,,79.04,5.51,,76.22,,,
sm9-33,Pikachu & Zekrom GX,33,Ultra Rare,Team Up,2026-07-10T18:05:06.110Z,USD,2026-07-10T18:05:08.528Z,EUR,366888.0,183804.0,,,,,79.04,5.51,,76.52,,,
sm9-33,Pikachu & Zekrom GX,33,Ultra Rare,Team Up,2026-07-11T18:05:05.754Z,USD,2026-07-11T18:05:08.177Z,EUR,366888.0,183804.0,,,,,79.04,5.51,,75.32,,,
sm9-33,Pikachu & Zekrom GX,33,Ultra Rare,Team Up,2026-07-12T18:05:07.069Z,USD,2026-07-12T18:05:18.426Z,EUR,366888.0,183804.0,,,,,79.04,5.51,,75.32,,,
sm9-33,Pikachu & Zekrom GX,33,Ultra Rare,Team Up,2026-07-13T18:05:06.025Z,USD,2026-07-13T18:05:07.999Z,EUR,366888.0,183804.0,,,,,125.4,5.51,,73.54,,,
sm9-33,Pikachu & Zekrom GX,33,Ultra Rare,Team Up,2026-07-14T18:05:05.803Z,USD,2026-07-14T18:05:08.211Z,EUR,366888.0,183804.0,,,,,125.4,5.51,,70.58,,,
sm9-33,Pikachu & Zekrom GX,33,Ultra Rare,Team Up,2026-07-15T18:05:05.760Z,USD,2026-07-15T18:05:08.182Z,EUR,366888.0,183804.0,,,,,125.4,5.51,,69.49,,,
sm9-33,Pikachu & Zekrom GX,33,Ultra Rare,Team Up,2026-07-16T18:05:05.800Z,USD,2026-07-16T18:05:08.338Z,EUR,366888.0,183804.0,,,,,125.4,5.51,,68.49,,,
sm9-33,Pikachu & Zekrom GX,33,Ultra Rare,Team Up,2026-07-17T18:05:07.188Z,USD,2026-07-17T18:05:09.271Z,EUR,366888.0,183804.0,,,,,125.4,5.51,,66.2,,,
sm9-33,Pikachu & Zekrom GX,33,Ultra Rare,Team Up,2026-07-18T08:02:56.826Z,USD,2026-07-18T08:02:59.776Z,EUR,366888.0,183804.0,,,,,125.4,5.51,,66.2,,,
sm9-33,Pikachu & Zekrom GX,33,Ultra Rare,Team Up,2026-07-19T08:03:02.194Z,USD,2026-07-19T08:03:04.558Z,EUR,366888.0,183804.0,,,,,125.4,5.51,,66.0,,,
sm9-33,Pikachu & Zekrom GX,33,Ultra Rare,Team Up,2026-07-20T08:03:02.048Z,USD,2026-07-20T08:03:04.811Z,EUR,366888.0,183804.0,,,,,79.8,5.51,,66.0,,,
sm9-33,Pikachu & Zekrom GX,33,Ultra Rare,Team Up,2026-07-21T08:03:02.094Z,USD,2026-07-21T08:03:04.252Z,EUR,366888.0,183804.0,,,,,79.8,5.51,,66.0,,,
sm9-33,Pikachu & Zekrom GX,33,Ultra Rare,Team Up,2026-07-22T08:03:03.910Z,USD,2026-07-22T08:03:06.558Z,EUR,366888.0,183804.0,,,,,79.8,5.51,,65.52,,,
sm9-33,Pikachu & Zekrom GX,33,Ultra Rare,Team Up,2026-07-23T08:03:01.755Z,USD,2026-07-23T08:03:03.918Z,EUR,366888.0,183804.0,,,,,79.8,5.51,,64.29,,,
sm9-33,Pikachu & Zekrom GX,33,Ultra Rare,Team Up,2026-07-24T08:03:02.132Z,USD,2026-07-24T08:03:04.300Z,EUR,366888.0,183804.0,,,,,79.8,5.51,,64.29,,,
sm9-33,Pikachu & Zekrom GX,33,Ultra Rare,Team Up,2026-07-25T08:03:02.117Z,USD,2026-07-25T08:03:04.397Z,EUR,366888.0,183804.0,,,,,79.8,5.51,,63.31,,,
sm9-33,Pikachu & Zekrom GX,33,Ultra Rare,Team Up,2026-07-26T08:03:28.595Z,USD,2026-07-26T08:03:04.571Z,EUR,366888.0,183804.0,,,,,114.0,5.51,,63.31,,,
sm9-33,Pikachu & Zekrom GX,33,Ultra Rare,Team Up,2026-07-27T08:03:27.426Z,USD,2026-07-27T08:03:04.458Z,EUR,366888.0,183804.0,,,,,79.8,5.51,,63.31,,,
smp-SM248,Pikachu & Zekrom GX,SM248,Promo,SM Black Star Promos,2026-07-08T18:05:07.141Z,USD,,,,253397.0,,,,,,,,40.89,,,
smp-SM248,Pikachu & Zekrom GX,SM248,Promo,SM Black Star Promos,2026-07-09T18:05:06.446Z,USD,,,,253397.0,,,,,,,,41.2,,,
smp-SM248,Pikachu & Zekrom GX,SM248,Promo,SM Black Star Promos,2026-07-10T18:05:06.060Z,USD,,,,253397.0,,,,,,,,41.04,,,
smp-SM248,Pikachu & Zekrom GX,SM248,Promo,SM Black Star Promos,2026-07-11T18:05:05.718Z,USD,,,,253397.0,,,,,,,,41.02,,,
smp-SM248,Pikachu & Zekrom GX,SM248,Promo,SM Black Star Promos,2026-07-12T18:05:07.020Z,USD,,,,253397.0,,,,,,,,40.73,,,
smp-SM248,Pikachu & Zekrom GX,SM248,Promo,SM Black Star Promos,2026-07-13T18:05:05.986Z,USD,,,,253397.0,,,,,,,,40.48,,,
smp-SM248,Pikachu & Zekrom GX,SM248,Promo,SM Black Star Promos,2026-07-14T18:05:05.743Z,USD,,,,253397.0,,,,,,,,40.23,,,
smp-SM248,Pikachu & Zekrom GX,SM248,Promo,SM Black Star Promos,2026-07-15T18:05:05.722Z,USD,,,,253397.0,,,,,,,,40.16,,,
smp-SM248,Pikachu & Zekrom GX,SM248,Promo,SM Black Star Promos,2026-07-16T18:05:05.762Z,USD,,,,253397.0,,,,,,,,40.16,,,
smp-SM248,Pikachu & Zekrom GX,SM248,Promo,SM Black Star Promos,2026-07-17T18:05:07.128Z,USD,,,,253397.0,,,,,,,,40.13,,,
smp-SM248,Pikachu & Zekrom GX,SM248,Promo,SM Black Star Promos,2026-07-18T08:02:56.771Z,USD,,,,253397.0,,,,,,,,39.6,,,
smp-SM248,Pikachu & Zekrom GX,SM248,Promo,SM Black Star Promos,2026-07-19T08:03:02.148Z,USD,,,,253397.0,,,,,,,,39.65,,,
smp-SM248,Pikachu & Zekrom GX,SM248,Promo,SM Black Star Promos,2026-07-20T08:03:02.005Z,USD,,,,253397.0,,,,,,,,39.37,,,
smp-SM248,Pikachu & Zekrom GX,SM248,Promo,SM Black Star Promos,2026-07-21T08:03:01.977Z,USD,,,,253397.0,,,,,,,,39.29,,,
smp-SM248,Pikachu & Zekrom GX,SM248,Promo,SM Black Star Promos,2026-07-22T08:03:03.842Z,USD,,,,253397.0,,,,,,,,39.21,,,
smp-SM248,Pikachu & Zekrom GX,SM248,Promo,SM Black Star Promos,2026-07-23T08:03:01.695Z,USD,,,,253397.0,,,,,,,,39.07,,,
smp-SM248,Pikachu & Zekrom GX,SM248,Promo,SM Black Star Promos,2026-07-24T08:03:02.093Z,USD,,,,253397.0,,,,,,,,39.26,,,
smp-SM248,Pikachu & Zekrom GX,SM248,Promo,SM Black Star Promos,2026-07-25T08:03:02.067Z,USD,,,,253397.0,,,,,,,,39.21,,,
smp-SM248,Pikachu & Zekrom GX,SM248,Promo,SM Black Star Promos,2026-07-26T08:03:24.835Z,USD,,,,253397.0,,,,,,,,38.94,,,
smp-SM248,Pikachu & Zekrom GX,SM248,Promo,SM Black Star Promos,2026-07-27T08:03:22.272Z,USD,,,,253397.0,,,,,,,,39.06,,,
sv02-062,Pikachu,062,Common,Paldea Evolved,2026-07-08T18:05:07.439Z,USD,2026-07-08T18:05:11.087Z,EUR,715537.0,,497473.0,497473.0,,,0.06,0.26,0.26,,0.42,,
sv02-062,Pikachu,062,Common,Paldea Evolved,2026-07-09T18:05:06.600Z,USD,2026-07-09T18:05:09.065Z,EUR,715537.0,,497473.0,497473.0,,,0.03,0.26,0.27,,0.42,,
sv02-062,Pikachu,062,Common,Paldea Evolved,2026-07-10T18:05:06.224Z,USD,2026-07-10T18:05:08.528Z,EUR,715537.0,,497473.0,497473.0,,,0.06,0.15,0.27,,0.41,,
sv02-062,Pikachu,062,Common,Paldea Evolved,2026-07-11T18:05:05.859Z,USD,2026-07-11T18:05:08.252Z,EUR,715537.0,,497473.0,497473.0,,,0.06,0.15,0.27,,0.42,,
sv02-062,Pikachu,062,Common,Paldea Evolved,2026-07-12T18:05:07.174Z,USD,2026-07-12T18:05:18.426Z,EUR,715537.0,,497473.0,497473.0,,,0.06,0.15,0.26,,0.43,,
sv02-062,Pikachu,062,Common,Paldea Evolved,2026-07-13T18:05:06.203Z,USD,2026-07-13T18:05:07.846Z,EUR,715537.0,,497473.0,497473.0,,,0.02,0.11,0.22,,0.42,,
sv02-062,Pikachu,062,Common,Paldea Evolved,2026-07-14T18:05:05.927Z,USD,2026-07-14T18:05:08.458Z,EUR,715537.0,,497473.0,497473.0,,,0.02,0.11,0.23,,0.49,,
sv02-062,Pikachu,062,Common,Paldea Evolved,2026-07-15T18:05:05.873Z,USD,2026-07-15T18:05:08.182Z,EUR,715537.0,,497473.0,497473.0,,,0.02,0.11,0.23,,0.49,,
sv02-062,Pikachu,062,Common,Paldea Evolved,2026-07-16T18:05:05.888Z,USD,2026-07-16T18:05:08.165Z,EUR,715537.0,,497473.0,497473.0,,,0.02,0.11,0.23,,0.48,,
sv02-062,Pikachu,062,Common,Paldea Evolved,2026-07-17T18:05:07.282Z,USD,2026-07-17T18:05:09.271Z,EUR,715537.0,,497473.0,497473.0,,,0.02,0.11,0.24,,0.48,,
sv02-062,Pikachu,062,Common,Paldea Evolved,2026-07-18T08:02:56.918Z,USD,2026-07-18T08:02:59.776Z,EUR,715537.0,,497473.0,497473.0,,,0.02,0.11,0.22,,0.44,,
sv02-062,Pikachu,062,Common,Paldea Evolved,2026-07-19T08:03:02.278Z,USD,2026-07-19T08:03:04.558Z,EUR,715537.0,,497473.0,497473.0,,,0.02,0.11,0.22,,0.43,,
sv02-062,Pikachu,062,Common,Paldea Evolved,2026-07-20T08:03:02.137Z,USD,2026-07-20T08:03:04.265Z,EUR,715537.0,,497473.0,497473.0,,,0.02,0.09,0.25,,0.49,,
sv02-062,Pikachu,062,Common,Paldea Evolved,2026-07-21T08:03:02.225Z,USD,2026-07-21T08:03:04.252Z,EUR,715537.0,,497473.0,497473.0,,,0.02,0.09,0.24,,0.49,,
sv02-062,Pikachu,062,Common,Paldea Evolved,2026-07-22T08:03:04.051Z,USD,2026-07-22T08:03:06.558Z,EUR,715537.0,,497473.0,497473.0,,,0.02,0.09,0.23,,0.49,,
sv02-062,Pikachu,062,Common,Paldea Evolved,2026-07-23T08:03:01.865Z,USD,2026-07-23T08:03:03.918Z,EUR,715537.0,,497473.0,497473.0,,,0.02,0.09,0.19,,0.51,,
sv02-062,Pikachu,062,Common,Paldea Evolved,2026-07-24T08:03:02.236Z,USD,2026-07-24T08:03:04.300Z,EUR,715537.0,,497473.0,497473.0,,,0.02,0.09,0.17,,0.44,,
sv02-062,Pikachu,062,Common,Paldea Evolved,2026-07-25T08:03:02.223Z,USD,2026-07-25T08:03:04.397Z,EUR,715537.0,,497473.0,497473.0,,,0.02,0.09,0.24,,0.48,,
sv02-062,Pikachu,062,Common,Paldea Evolved,2026-07-26T08:03:34.719Z,USD,2026-07-26T08:03:04.571Z,EUR,715537.0,,497473.0,497473.0,,,0.05,0.17,0.26,,0.49,,
sv02-062,Pikachu,062,Common,Paldea Evolved,2026-07-27T08:03:36.666Z,USD,2026-07-27T08:03:04.458Z,EUR,715537.0,,497473.0,497473.0,,,0.02,0.31,0.3,,0.52,,
sv02-063,Pikachu ex,063,Double rare,Paldea Evolved,2026-07-08T18:05:07.439Z,USD,2026-07-08T18:05:10.691Z,EUR,715538.0,497474.0,,,,,1.82,,,4.38,,,
sv02-063,Pikachu ex,063,Double rare,Paldea Evolved,2026-07-09T18:05:06.600Z,USD,2026-07-09T18:05:09.065Z,EUR,715538.0,497474.0,,,,,2.2,,,4.39,,,
sv02-063,Pikachu ex,063,Double rare,Paldea Evolved,2026-07-10T18:05:06.224Z,USD,2026-07-10T18:05:08.528Z,EUR,715538.0,497474.0,,,,,2.2,,,4.51,,,
sv02-063,Pikachu ex,063,Double rare,Paldea Evolved,2026-07-11T18:05:05.859Z,USD,2026-07-11T18:05:08.252Z,EUR,715538.0,497474.0,,,,,2.2,,,4.24,,,
sv02-063,Pikachu ex,063,Double rare,Paldea Evolved,2026-07-12T18:05:07.174Z,USD,2026-07-12T18:05:18.426Z,EUR,715538.0,497474.0,,,,,2.2,,,4.23,,,
sv02-063,Pikachu ex,063,Double rare,Paldea Evolved,2026-07-13T18:05:06.203Z,USD,2026-07-13T18:05:07.999Z,EUR,715538.0,497474.0,,,,,2.5,,,4.3,,,
sv02-063,Pikachu ex,063,Double rare,Paldea Evolved,2026-07-14T18:05:05.927Z,USD,2026-07-14T18:05:08.458Z,EUR,715538.0,497474.0,,,,,2.5,,,4.31,,,
sv02-063,Pikachu ex,063,Double rare,Paldea Evolved,2026-07-15T18:05:05.873Z,USD,2026-07-15T18:05:08.182Z,EUR,715538.0,497474.0,,,,,2.5,,,4.14,,,
sv02-063,Pikachu ex,063,Double rare,Paldea Evolved,2026-07-16T18:05:05.888Z,USD,2026-07-16T18:05:08.165Z,EUR,715538.0,497474.0,,,,,2.5,,,4.2,,,
sv02-063,Pikachu ex,063,Double rare,Paldea Evolved,2026-07-17T18:05:07.282Z,USD,2026-07-17T18:05:09.396Z,EUR,715538.0,497474.0,,,,,2.5,,,4.14,,,
sv02-063,Pikachu ex,063,Double rare,Paldea Evolved,2026-07-18T08:02:56.918Z,USD,2026-07-18T08:02:59.776Z,EUR,715538.0,497474.0,,,,,2.5,,,4.13,,,
sv02-063,Pikachu ex,063,Double rare,Paldea Evolved,2026-07-19T08:03:02.278Z,USD,2026-07-19T08:03:04.558Z,EUR,715538.0,497474.0,,,,,2.5,,,4.01,,,
sv02-063,Pikachu ex,063,Double rare,Paldea Evolved,2026-07-20T08:03:02.137Z,USD,2026-07-20T08:03:04.265Z,EUR,715538.0,497474.0,,,,,2.13,,,4.0,,,
sv02-063,Pikachu ex,063,Double rare,Paldea Evolved,2026-07-21T08:03:02.225Z,USD,2026-07-21T08:03:04.252Z,EUR,715538.0,497474.0,,,,,2.13,,,4.02,,,
sv02-063,Pikachu ex,063,Double rare,Paldea Evolved,2026-07-22T08:03:04.051Z,USD,2026-07-22T08:03:06.558Z,EUR,715538.0,497474.0,,,,,2.13,,,4.08,,,
sv02-063,Pikachu ex,063,Double rare,Paldea Evolved,2026-07-23T08:03:01.865Z,USD,2026-07-23T08:03:03.918Z,EUR,715538.0,497474.0,,,,,2.13,,,4.03,,,
sv02-063,Pikachu ex,063,Double rare,Paldea Evolved,2026-07-24T08:03:02.236Z,USD,2026-07-24T08:03:04.300Z,EUR,715538.0,497474.0,,,,,2.13,,,3.95,,,
sv02-063,Pikachu ex,063,Double rare,Paldea Evolved,2026-07-25T08:03:02.223Z,USD,2026-07-25T08:03:04.624Z,EUR,715538.0,497474.0,,,,,2.13,,,4.0,,,
sv02-063,Pikachu ex,063,Double rare,Paldea Evolved,2026-07-26T08:03:34.719Z,USD,2026-07-26T08:03:04.571Z,EUR,715538.0,497474.0,,,,,2.51,,,4.0,,,
sv02-063,Pikachu ex,063,Double rare,Paldea Evolved,2026-07-27T08:03:36.666Z,USD,2026-07-27T08:03:04.458Z,EUR,715538.0,497474.0,,,,,2.21,,,4.04,,,
sv03.5-025,Pikachu,025,Common,151,2026-07-08T18:05:07.453Z,USD,2026-07-08T18:05:11.087Z,EUR,733620.0,,517033.0,517033.0,,,0.13,0.64,0.24,,0.81,,
sv03.5-025,Pikachu,025,Common,151,2026-07-09T18:05:06.607Z,USD,2026-07-09T18:05:09.065Z,EUR,733620.0,,517033.0,517033.0,,,0.18,0.51,0.24,,0.78,,
sv03.5-025,Pikachu,025,Common,151,2026-07-10T18:05:06.231Z,USD,2026-07-10T18:05:08.528Z,EUR,733620.0,,517033.0,517033.0,,,0.15,0.47,0.25,,0.8,,
sv03.5-025,Pikachu,025,Common,151,2026-07-11T18:05:05.878Z,USD,2026-07-11T18:05:08.252Z,EUR,733620.0,,517033.0,517033.0,,,0.15,0.47,0.23,,0.78,,
sv03.5-025,Pikachu,025,Common,151,2026-07-12T18:05:07.183Z,USD,2026-07-12T18:05:18.426Z,EUR,733620.0,,517033.0,517033.0,,,0.15,0.47,0.21,,0.86,,
sv03.5-025,Pikachu,025,Common,151,2026-07-13T18:05:06.210Z,USD,2026-07-13T18:05:07.999Z,EUR,733620.0,,517033.0,517033.0,,,0.14,1.37,0.22,,0.84,,
sv03.5-025,Pikachu,025,Common,151,2026-07-14T18:05:05.934Z,USD,2026-07-14T18:05:08.086Z,EUR,733620.0,,517033.0,517033.0,,,0.14,1.37,0.22,,0.8,,
sv03.5-025,Pikachu,025,Common,151,2026-07-15T18:05:05.880Z,USD,2026-07-15T18:05:08.182Z,EUR,733620.0,,517033.0,517033.0,,,0.14,1.37,0.21,,0.81,,
sv03.5-025,Pikachu,025,Common,151,2026-07-16T18:05:05.895Z,USD,2026-07-16T18:05:08.338Z,EUR,733620.0,,517033.0,517033.0,,,0.14,1.37,0.27,,0.8,,
sv03.5-025,Pikachu,025,Common,151,2026-07-17T18:05:07.290Z,USD,2026-07-17T18:05:09.271Z,EUR,733620.0,,517033.0,517033.0,,,0.14,1.37,0.31,,0.84,,
sv03.5-025,Pikachu,025,Common,151,2026-07-18T08:02:56.924Z,USD,2026-07-18T08:02:59.776Z,EUR,733620.0,,517033.0,517033.0,,,0.14,1.37,0.22,,0.73,,
sv03.5-025,Pikachu,025,Common,151,2026-07-19T08:03:02.285Z,USD,2026-07-19T08:03:04.658Z,EUR,733620.0,,517033.0,517033.0,,,0.14,1.37,0.22,,0.64,,
sv03.5-025,Pikachu,025,Common,151,2026-07-20T08:03:02.144Z,USD,2026-07-20T08:03:04.265Z,EUR,733620.0,,517033.0,517033.0,,,0.07,0.34,0.22,,0.77,,
sv03.5-025,Pikachu,025,Common,151,2026-07-21T08:03:02.235Z,USD,2026-07-21T08:03:04.252Z,EUR,733620.0,,517033.0,517033.0,,,0.07,0.34,0.27,,0.76,,
sv03.5-025,Pikachu,025,Common,151,2026-07-22T08:03:04.059Z,USD,2026-07-22T08:03:06.627Z,EUR,733620.0,,517033.0,517033.0,,,0.07,0.34,0.26,,0.68,,
sv03.5-025,Pikachu,025,Common,151,2026-07-23T08:03:01.874Z,USD,2026-07-23T08:03:03.735Z,EUR,733620.0,,517033.0,517033.0,,,0.07,0.34,0.26,,0.64,,
sv03.5-025,Pikachu,025,Common,151,2026-07-24T08:03:02.244Z,USD,2026-07-24T08:03:04.550Z,EUR,733620.0,,517033.0,517033.0,,,0.07,0.34,0.31,,0.74,,
sv03.5-025,Pikachu,025,Common,151,2026-07-25T08:03:02.243Z,USD,2026-07-25T08:03:04.397Z,EUR,733620.0,,517033.0,517033.0,,,0.07,0.34,0.29,,0.74,,
sv03.5-025,Pikachu,025,Common,151,2026-07-26T08:03:35.610Z,USD,2026-07-26T08:03:04.571Z,EUR,733620.0,,517033.0,517033.0,,,0.09,0.7,0.29,,0.9,,
sv03.5-025,Pikachu,025,Common,151,2026-07-27T08:03:39.285Z,USD,2026-07-27T08:03:04.705Z,EUR,733620.0,,517033.0,517033.0,,,0.08,0.42,0.3,,0.9,,
sv03.5-173,Pikachu,173,Illustration rare,151,2026-07-08T18:05:07.453Z,USD,2026-07-08T18:05:11.087Z,EUR,733768.0,513721.0,,,,,94.28,,,93.97,,,
sv03.5-173,Pikachu,173,Illustration rare,151,2026-07-09T18:05:06.607Z,USD,2026-07-09T18:05:09.065Z,EUR,733768.0,513721.0,,,,,89.64,,,94.39,,,
sv03.5-173,Pikachu,173,Illustration rare,151,2026-07-10T18:05:06.231Z,USD,2026-07-10T18:05:08.528Z,EUR,733768.0,513721.0,,,,,83.71,,,95.27,,,
sv03.5-173,Pikachu,173,Illustration rare,151,2026-07-11T18:05:05.878Z,USD,2026-07-11T18:05:08.252Z,EUR,733768.0,513721.0,,,,,83.71,,,95.13,,,
sv03.5-173,Pikachu,173,Illustration rare,151,2026-07-12T18:05:07.183Z,USD,2026-07-12T18:05:09.193Z,EUR,733768.0,513721.0,,,,,83.71,,,95.13,,,
sv03.5-173,Pikachu,173,Illustration rare,151,2026-07-13T18:05:06.210Z,USD,2026-07-13T18:05:07.846Z,EUR,733768.0,513721.0,,,,,82.08,,,95.36,,,
sv03.5-173,Pikachu,173,Illustration rare,151,2026-07-14T18:05:05.934Z,USD,2026-07-14T18:05:07.978Z,EUR,733768.0,513721.0,,,,,82.08,,,95.48,,,
sv03.5-173,Pikachu,173,Illustration rare,151,2026-07-15T18:05:05.880Z,USD,2026-07-15T18:05:08.182Z,EUR,733768.0,513721.0,,,,,82.08,,,95.64,,,
sv03.5-173,Pikachu,173,Illustration rare,151,2026-07-16T18:05:05.895Z,USD,2026-07-16T18:05:08.727Z,EUR,733768.0,513721.0,,,,,82.08,,,95.86,,,
sv03.5-173,Pikachu,173,Illustration rare,151,2026-07-17T18:05:07.290Z,USD,2026-07-17T18:05:09.271Z,EUR,733768.0,513721.0,,,,,82.08,,,96.8,,,
sv03.5-173,Pikachu,173,Illustration rare,151,2026-07-18T08:02:56.924Z,USD,2026-07-18T08:02:59.776Z,EUR,733768.0,513721.0,,,,,82.08,,,96.48,,,
sv03.5-173,Pikachu,173,Illustration rare,151,2026-07-19T08:03:02.285Z,USD,2026-07-19T08:03:04.558Z,EUR,733768.0,513721.0,,,,,82.08,,,97.34,,,
sv03.5-173,Pikachu,173,Illustration rare,151,2026-07-20T08:03:02.144Z,USD,2026-07-20T08:03:04.386Z,EUR,733768.0,513721.0,,,,,101.46,,,97.78,,,
sv03.5-173,Pikachu,173,Illustration rare,151,2026-07-21T08:03:02.235Z,USD,2026-07-21T08:03:04.252Z,EUR,733768.0,513721.0,,,,,101.46,,,98.53,,,
sv03.5-173,Pikachu,173,Illustration rare,151,2026-07-22T08:03:04.059Z,USD,2026-07-22T08:03:06.627Z,EUR,733768.0,513721.0,,,,,101.46,,,98.93,,,
sv03.5-173,Pikachu,173,Illustration rare,151,2026-07-23T08:03:01.874Z,USD,2026-07-23T08:03:03.918Z,EUR,733768.0,513721.0,,,,,101.46,,,99.92,,,
sv03.5-173,Pikachu,173,Illustration rare,151,2026-07-24T08:03:02.244Z,USD,2026-07-24T08:03:04.213Z,EUR,733768.0,513721.0,,,,,101.46,,,99.73,,,
sv03.5-173,Pikachu,173,Illustration rare,151,2026-07-25T08:03:02.243Z,USD,2026-07-25T08:03:04.624Z,EUR,733768.0,513721.0,,,,,101.46,,,99.25,,,
sv03.5-173,Pikachu,173,Illustration rare,151,2026-07-26T08:03:35.610Z,USD,2026-07-26T08:03:04.571Z,EUR,733768.0,513721.0,,,,,89.73,,,99.28,,,
sv03.5-173,Pikachu,173,Illustration rare,151,2026-07-27T08:03:39.285Z,USD,2026-07-27T08:03:04.458Z,EUR,733768.0,513721.0,,,,,89.73,,,99.31,,,
sv04.5-018,Pikachu,018,Common,Paldean Fates,2026-07-08T18:05:07.479Z,USD,2026-07-08T18:05:10.078Z,EUR,751545.0,,534163.0,534163.0,,,0.05,0.23,0.22,,0.4,,
sv04.5-018,Pikachu,018,Common,Paldean Fates,2026-07-09T18:05:06.613Z,USD,2026-07-09T18:05:09.065Z,EUR,751545.0,,534163.0,534163.0,,,0.05,0.47,0.26,,0.37,,
sv04.5-018,Pikachu,018,Common,Paldean Fates,2026-07-10T18:05:06.237Z,USD,2026-07-10T18:05:08.528Z,EUR,751545.0,,534163.0,534163.0,,,0.03,0.13,0.29,,0.35,,
sv04.5-018,Pikachu,018,Common,Paldean Fates,2026-07-11T18:05:05.885Z,USD,2026-07-11T18:05:08.177Z,EUR,751545.0,,534163.0,534163.0,,,0.03,0.13,0.27,,0.37,,
sv04.5-018,Pikachu,018,Common,Paldean Fates,2026-07-12T18:05:07.191Z,USD,2026-07-12T18:05:18.426Z,EUR,751545.0,,534163.0,534163.0,,,0.03,0.13,0.27,,0.36,,
sv04.5-018,Pikachu,018,Common,Paldean Fates,2026-07-13T18:05:06.217Z,USD,2026-07-13T18:05:07.999Z,EUR,751545.0,,534163.0,534163.0,,,0.17,0.28,0.2,,0.39,,
sv04.5-018,Pikachu,018,Common,Paldean Fates,2026-07-14T18:05:05.941Z,USD,2026-07-14T18:05:08.211Z,EUR,751545.0,,534163.0,534163.0,,,0.17,0.28,0.18,,0.39,,
sv04.5-018,Pikachu,018,Common,Paldean Fates,2026-07-15T18:05:05.901Z,USD,2026-07-15T18:05:08.182Z,EUR,751545.0,,534163.0,534163.0,,,0.17,0.28,0.21,,0.39,,
sv04.5-018,Pikachu,018,Common,Paldean Fates,2026-07-16T18:05:05.901Z,USD,2026-07-16T18:05:08.165Z,EUR,751545.0,,534163.0,534163.0,,,0.17,0.28,0.21,,0.37,,
sv04.5-018,Pikachu,018,Common,Paldean Fates,2026-07-17T18:05:07.298Z,USD,2026-07-17T18:05:09.271Z,EUR,751545.0,,534163.0,534163.0,,,0.17,0.28,0.21,,0.35,,
sv04.5-018,Pikachu,018,Common,Paldean Fates,2026-07-18T08:02:56.930Z,USD,2026-07-18T08:02:59.776Z,EUR,751545.0,,534163.0,534163.0,,,0.17,0.28,0.2,,0.32,,
sv04.5-018,Pikachu,018,Common,Paldean Fates,2026-07-19T08:03:02.291Z,USD,2026-07-19T08:03:04.558Z,EUR,751545.0,,534163.0,534163.0,,,0.17,0.28,0.2,,0.3,,
sv04.5-018,Pikachu,018,Common,Paldean Fates,2026-07-20T08:03:02.154Z,USD,2026-07-20T08:03:04.811Z,EUR,751545.0,,534163.0,534163.0,,,0.1,0.11,0.25,,0.29,,
sv04.5-018,Pikachu,018,Common,Paldean Fates,2026-07-21T08:03:02.244Z,USD,2026-07-21T08:03:04.252Z,EUR,751545.0,,534163.0,534163.0,,,0.1,0.11,0.31,,0.28,,
sv04.5-018,Pikachu,018,Common,Paldean Fates,2026-07-22T08:03:04.072Z,USD,2026-07-22T08:03:06.627Z,EUR,751545.0,,534163.0,534163.0,,,0.1,0.11,0.28,,0.31,,
sv04.5-018,Pikachu,018,Common,Paldean Fates,2026-07-23T08:03:01.881Z,USD,2026-07-23T08:03:03.918Z,EUR,751545.0,,534163.0,534163.0,,,0.1,0.11,0.22,,0.35,,
sv04.5-018,Pikachu,018,Common,Paldean Fates,2026-07-24T08:03:02.250Z,USD,2026-07-24T08:03:04.550Z,EUR,751545.0,,534163.0,534163.0,,,0.1,0.11,0.21,,0.35,,
sv04.5-018,Pikachu,018,Common,Paldean Fates,2026-07-25T08:03:02.252Z,USD,2026-07-25T08:03:04.397Z,EUR,751545.0,,534163.0,534163.0,,,0.1,0.11,0.21,,0.35,,
sv04.5-018,Pikachu,018,Common,Paldean Fates,2026-07-26T08:03:36.598Z,USD,2026-07-26T08:03:04.438Z,EUR,751545.0,,534163.0,534163.0,,,0.05,0.34,0.27,,0.37,,
sv04.5-018,Pikachu,018,Common,Paldean Fates,2026-07-27T08:03:39.749Z,USD,2026-07-27T08:03:04.705Z,EUR,751545.0,,534163.0,534163.0,,,0.11,0.24,0.28,,0.35,,
sv04.5-131,Pikachu,131,Shiny rare,Paldean Fates,2026-07-08T18:05:07.479Z,USD,2026-07-08T18:05:11.087Z,EUR,751670.0,534522.0,,,,,80.94,,,87.77,,,
sv04.5-131,Pikachu,131,Shiny rare,Paldean Fates,2026-07-09T18:05:06.613Z,USD,2026-07-09T18:05:09.065Z,EUR,751670.0,534522.0,,,,,71.25,,,87.77,,,
sv04.5-131,Pikachu,131,Shiny rare,Paldean Fates,2026-07-10T18:05:06.237Z,USD,2026-07-10T18:05:08.528Z,EUR,751670.0,534522.0,,,,,969.0,,,87.07,,,
sv04.5-131,Pikachu,131,Shiny rare,Paldean Fates,2026-07-11T18:05:05.885Z,USD,2026-07-11T18:05:08.252Z,EUR,751670.0,534522.0,,,,,969.0,,,86.81,,,
sv04.5-131,Pikachu,131,Shiny rare,Paldean Fates,2026-07-12T18:05:07.191Z,USD,2026-07-12T18:05:09.193Z,EUR,751670.0,534522.0,,,,,969.0,,,86.81,,,
sv04.5-131,Pikachu,131,Shiny rare,Paldean Fates,2026-07-13T18:05:06.217Z,USD,2026-07-13T18:05:07.999Z,EUR,751670.0,534522.0,,,,,79.78,,,86.81,,,
sv04.5-131,Pikachu,131,Shiny rare,Paldean Fates,2026-07-14T18:05:05.941Z,USD,2026-07-14T18:05:07.978Z,EUR,751670.0,534522.0,,,,,79.78,,,86.86,,,
sv04.5-131,Pikachu,131,Shiny rare,Paldean Fates,2026-07-15T18:05:05.901Z,USD,2026-07-15T18:05:08.182Z,EUR,751670.0,534522.0,,,,,79.78,,,86.86,,,
sv04.5-131,Pikachu,131,Shiny rare,Paldean Fates,2026-07-16T18:05:05.901Z,USD,2026-07-16T18:05:08.727Z,EUR,751670.0,534522.0,,,,,79.78,,,86.86,,,
sv04.5-131,Pikachu,131,Shiny rare,Paldean Fates,2026-07-17T18:05:07.298Z,USD,2026-07-17T18:05:09.396Z,EUR,751670.0,534522.0,,,,,79.78,,,86.86,,,
sv04.5-131,Pikachu,131,Shiny rare,Paldean Fates,2026-07-18T08:02:56.930Z,USD,2026-07-18T08:02:59.776Z,EUR,751670.0,534522.0,,,,,79.78,,,86.46,,,
sv04.5-131,Pikachu,131,Shiny rare,Paldean Fates,2026-07-19T08:03:02.291Z,USD,2026-07-19T08:03:04.320Z,EUR,751670.0,534522.0,,,,,79.78,,,85.58,,,
sv04.5-131,Pikachu,131,Shiny rare,Paldean Fates,2026-07-20T08:03:02.154Z,USD,2026-07-20T08:03:04.386Z,EUR,751670.0,534522.0,,,,,82.78,,,85.58,,,
sv04.5-131,Pikachu,131,Shiny rare,Paldean Fates,2026-07-21T08:03:02.244Z,USD,2026-07-21T08:03:04.252Z,EUR,751670.0,534522.0,,,,,82.78,,,85.65,,,
sv04.5-131,Pikachu,131,Shiny rare,Paldean Fates,2026-07-22T08:03:04.072Z,USD,2026-07-22T08:03:06.558Z,EUR,751670.0,534522.0,,,,,82.78,,,84.8,,,
sv04.5-131,Pikachu,131,Shiny rare,Paldean Fates,2026-07-23T08:03:01.881Z,USD,2026-07-23T08:03:03.918Z,EUR,751670.0,534522.0,,,,,82.78,,,84.8,,,
sv04.5-131,Pikachu,131,Shiny rare,Paldean Fates,2026-07-24T08:03:02.250Z,USD,2026-07-24T08:03:04.300Z,EUR,751670.0,534522.0,,,,,82.78,,,84.68,,,
sv04.5-131,Pikachu,131,Shiny rare,Paldean Fates,2026-07-25T08:03:02.252Z,USD,2026-07-25T08:03:04.397Z,EUR,751670.0,534522.0,,,,,82.78,,,84.68,,,
sv04.5-131,Pikachu,131,Shiny rare,Paldean Fates,2026-07-26T08:03:36.598Z,USD,2026-07-26T08:03:04.571Z,EUR,751670.0,534522.0,,,,,114.0,,,84.68,,,
sv04.5-131,Pikachu,131,Shiny rare,Paldean Fates,2026-07-27T08:03:39.749Z,USD,2026-07-27T08:03:04.705Z,EUR,751670.0,534522.0,,,,,114.0,,,85.1,,,
sv05-051,Pikachu,051,Common,Temporal Forces,2026-07-08T18:05:07.487Z,USD,2026-07-08T18:05:10.691Z,EUR,760681.0,,542795.0,542795.0,,,0.06,0.22,0.27,,0.64,,
sv05-051,Pikachu,051,Common,Temporal Forces,2026-07-09T18:05:06.616Z,USD,2026-07-09T18:05:09.065Z,EUR,760681.0,,542795.0,542795.0,,,0.02,0.56,0.28,,0.63,,
sv05-051,Pikachu,051,Common,Temporal Forces,2026-07-10T18:05:06.241Z,USD,2026-07-10T18:05:08.528Z,EUR,760681.0,,542795.0,542795.0,,,0.18,0.41,0.29,,0.66,,
sv05-051,Pikachu,051,Common,Temporal Forces,2026-07-11T18:05:05.887Z,USD,2026-07-11T18:05:08.177Z,EUR,760681.0,,542795.0,542795.0,,,0.18,0.41,0.36,,0.65,,
sv05-051,Pikachu,051,Common,Temporal Forces,2026-07-12T18:05:07.195Z,USD,2026-07-12T18:05:18.426Z,EUR,760681.0,,542795.0,542795.0,,,0.18,0.41,0.38,,0.65,,
sv05-051,Pikachu,051,Common,Temporal Forces,2026-07-13T18:05:06.221Z,USD,2026-07-13T18:05:07.999Z,EUR,760681.0,,542795.0,542795.0,,,0.03,0.17,0.35,,0.65,,
sv05-051,Pikachu,051,Common,Temporal Forces,2026-07-14T18:05:05.944Z,USD,2026-07-14T18:05:08.211Z,EUR,760681.0,,542795.0,542795.0,,,0.03,0.17,0.29,,0.64,,
sv05-051,Pikachu,051,Common,Temporal Forces,2026-07-15T18:05:05.915Z,USD,2026-07-15T18:05:08.182Z,EUR,760681.0,,542795.0,542795.0,,,0.03,0.17,0.27,,0.61,,
sv05-051,Pikachu,051,Common,Temporal Forces,2026-07-16T18:05:05.920Z,USD,2026-07-16T18:05:08.338Z,EUR,760681.0,,542795.0,542795.0,,,0.03,0.17,0.29,,0.62,,
sv05-051,Pikachu,051,Common,Temporal Forces,2026-07-17T18:05:07.302Z,USD,2026-07-17T18:05:09.271Z,EUR,760681.0,,542795.0,542795.0,,,0.03,0.17,0.28,,0.64,,
sv05-051,Pikachu,051,Common,Temporal Forces,2026-07-18T08:02:56.933Z,USD,2026-07-18T08:02:59.776Z,EUR,760681.0,,542795.0,542795.0,,,0.03,0.17,0.28,,0.62,,
sv05-051,Pikachu,051,Common,Temporal Forces,2026-07-19T08:03:02.294Z,USD,2026-07-19T08:03:04.558Z,EUR,760681.0,,542795.0,542795.0,,,0.03,0.17,0.3,,0.62,,
sv05-051,Pikachu,051,Common,Temporal Forces,2026-07-20T08:03:02.158Z,USD,2026-07-20T08:03:04.265Z,EUR,760681.0,,542795.0,542795.0,,,0.27,0.06,0.34,,0.64,,
sv05-051,Pikachu,051,Common,Temporal Forces,2026-07-21T08:03:02.252Z,USD,2026-07-21T08:03:04.252Z,EUR,760681.0,,542795.0,542795.0,,,0.27,0.06,0.33,,0.65,,
sv05-051,Pikachu,051,Common,Temporal Forces,2026-07-22T08:03:04.076Z,USD,2026-07-22T08:03:06.627Z,EUR,760681.0,,542795.0,542795.0,,,0.27,0.06,0.32,,0.64,,
sv05-051,Pikachu,051,Common,Temporal Forces,2026-07-23T08:03:01.885Z,USD,2026-07-23T08:03:03.918Z,EUR,760681.0,,542795.0,542795.0,,,0.27,0.06,0.33,,0.63,,
sv05-051,Pikachu,051,Common,Temporal Forces,2026-07-24T08:03:02.253Z,USD,2026-07-24T08:03:04.300Z,EUR,760681.0,,542795.0,542795.0,,,0.27,0.06,0.31,,0.64,,
sv05-051,Pikachu,051,Common,Temporal Forces,2026-07-25T08:03:02.255Z,USD,2026-07-25T08:03:04.397Z,EUR,760681.0,,542795.0,542795.0,,,0.27,0.06,0.32,,0.64,,
sv05-051,Pikachu,051,Common,Temporal Forces,2026-07-26T08:03:36.768Z,USD,2026-07-26T08:03:04.571Z,EUR,760681.0,,542795.0,542795.0,,,0.14,0.22,0.3,,0.62,,
sv05-051,Pikachu,051,Common,Temporal Forces,2026-07-27T08:03:39.937Z,USD,2026-07-27T08:03:04.705Z,EUR,760681.0,,542795.0,542795.0,,,0.05,1.13,0.3,,0.63,,
sv08-057,Pikachu ex,057,Double rare,Surging Sparks,2026-07-08T18:05:07.514Z,USD,2026-07-08T18:05:10.691Z,EUR,794329.0,590025.0,,,,,3.55,,,4.23,,,
sv08-057,Pikachu ex,057,Double rare,Surging Sparks,2026-07-09T18:05:06.627Z,USD,2026-07-09T18:05:09.065Z,EUR,794329.0,590025.0,,,,,4.67,,,4.07,,,
sv08-057,Pikachu ex,057,Double rare,Surging Sparks,2026-07-10T18:05:06.260Z,USD,2026-07-10T18:05:08.528Z,EUR,794329.0,590025.0,,,,,4.23,,,3.94,,,
sv08-057,Pikachu ex,057,Double rare,Surging Sparks,2026-07-11T18:05:05.919Z,USD,2026-07-11T18:05:08.177Z,EUR,794329.0,590025.0,,,,,4.23,,,3.79,,,
sv08-057,Pikachu ex,057,Double rare,Surging Sparks,2026-07-12T18:05:07.229Z,USD,2026-07-12T18:05:18.426Z,EUR,794329.0,590025.0,,,,,4.23,,,4.18,,,
sv08-057,Pikachu ex,057,Double rare,Surging Sparks,2026-07-13T18:05:06.238Z,USD,2026-07-13T18:05:07.999Z,EUR,794329.0,590025.0,,,,,4.39,,,3.92,,,
sv08-057,Pikachu ex,057,Double rare,Surging Sparks,2026-07-14T18:05:05.954Z,USD,2026-07-14T18:05:08.458Z,EUR,794329.0,590025.0,,,,,4.39,,,4.72,,,
sv08-057,Pikachu ex,057,Double rare,Surging Sparks,2026-07-15T18:05:05.955Z,USD,2026-07-15T18:05:08.182Z,EUR,794329.0,590025.0,,,,,4.39,,,4.48,,,
sv08-057,Pikachu ex,057,Double rare,Surging Sparks,2026-07-16T18:05:05.946Z,USD,2026-07-16T18:05:08.165Z,EUR,794329.0,590025.0,,,,,4.39,,,3.96,,,
sv08-057,Pikachu ex,057,Double rare,Surging Sparks,2026-07-17T18:05:07.318Z,USD,2026-07-17T18:05:09.271Z,EUR,794329.0,590025.0,,,,,4.39,,,3.85,,,
sv08-057,Pikachu ex,057,Double rare,Surging Sparks,2026-07-18T08:02:56.946Z,USD,2026-07-18T08:02:59.361Z,EUR,794329.0,590025.0,,,,,4.39,,,3.9,,,
sv08-057,Pikachu ex,057,Double rare,Surging Sparks,2026-07-19T08:03:02.318Z,USD,2026-07-19T08:03:04.558Z,EUR,794329.0,590025.0,,,,,4.39,,,3.61,,,
sv08-057,Pikachu ex,057,Double rare,Surging Sparks,2026-07-20T08:03:02.173Z,USD,2026-07-20T08:03:04.265Z,EUR,794329.0,590025.0,,,,,4.41,,,4.08,,,
sv08-057,Pikachu ex,057,Double rare,Surging Sparks,2026-07-21T08:03:02.266Z,USD,2026-07-21T08:03:04.252Z,EUR,794329.0,590025.0,,,,,4.41,,,3.84,,,
sv08-057,Pikachu ex,057,Double rare,Surging Sparks,2026-07-22T08:03:04.092Z,USD,2026-07-22T08:03:06.627Z,EUR,794329.0,590025.0,,,,,4.41,,,3.8,,,
sv08-057,Pikachu ex,057,Double rare,Surging Sparks,2026-07-23T08:03:01.900Z,USD,2026-07-23T08:03:03.918Z,EUR,794329.0,590025.0,,,,,4.41,,,3.86,,,
sv08-057,Pikachu ex,057,Double rare,Surging Sparks,2026-07-24T08:03:02.275Z,USD,2026-07-24T08:03:04.300Z,EUR,794329.0,590025.0,,,,,4.41,,,3.92,,,
sv08-057,Pikachu ex,057,Double rare,Surging Sparks,2026-07-25T08:03:02.268Z,USD,2026-07-25T08:03:04.261Z,EUR,794329.0,590025.0,,,,,4.41,,,3.9,,,
sv08-057,Pikachu ex,057,Double rare,Surging Sparks,2026-07-26T08:03:37.422Z,USD,2026-07-26T08:03:04.571Z,EUR,794329.0,590025.0,,,,,6.03,,,4.02,,,
sv08-057,Pikachu ex,057,Double rare,Surging Sparks,2026-07-27T08:03:40.552Z,USD,2026-07-27T08:03:04.705Z,EUR,794329.0,590025.0,,,,,4.9,,,4.12,,,
sv08-219,Pikachu ex,219,Ultra Rare,Surging Sparks,2026-07-08T18:05:07.514Z,USD,2026-07-08T18:05:10.078Z,EUR,794592.0,590026.0,,,,,23.83,,,31.22,,,
sv08-219,Pikachu ex,219,Ultra Rare,Surging Sparks,2026-07-09T18:05:06.627Z,USD,2026-07-09T18:05:09.065Z,EUR,794592.0,590026.0,,,,,20.79,,,30.96,,,
sv08-219,Pikachu ex,219,Ultra Rare,Surging Sparks,2026-07-10T18:05:06.260Z,USD,2026-07-10T18:05:08.528Z,EUR,794592.0,590026.0,,,,,64.23,,,30.94,,,
sv08-219,Pikachu ex,219,Ultra Rare,Surging Sparks,2026-07-11T18:05:05.919Z,USD,2026-07-11T18:05:08.177Z,EUR,794592.0,590026.0,,,,,64.23,,,30.87,,,
sv08-219,Pikachu ex,219,Ultra Rare,Surging Sparks,2026-07-12T18:05:07.229Z,USD,2026-07-12T18:05:08.999Z,EUR,794592.0,590026.0,,,,,64.23,,,30.5,,,
sv08-219,Pikachu ex,219,Ultra Rare,Surging Sparks,2026-07-13T18:05:06.238Z,USD,2026-07-13T18:05:07.846Z,EUR,794592.0,590026.0,,,,,29.63,,,30.66,,,
sv08-219,Pikachu ex,219,Ultra Rare,Surging Sparks,2026-07-14T18:05:05.954Z,USD,2026-07-14T18:05:08.458Z,EUR,794592.0,590026.0,,,,,29.63,,,30.56,,,
sv08-219,Pikachu ex,219,Ultra Rare,Surging Sparks,2026-07-15T18:05:05.955Z,USD,2026-07-15T18:05:08.182Z,EUR,794592.0,590026.0,,,,,29.63,,,30.41,,,
sv08-219,Pikachu ex,219,Ultra Rare,Surging Sparks,2026-07-16T18:05:05.946Z,USD,2026-07-16T18:05:08.727Z,EUR,794592.0,590026.0,,,,,29.63,,,30.48,,,
sv08-219,Pikachu ex,219,Ultra Rare,Surging Sparks,2026-07-17T18:05:07.318Z,USD,2026-07-17T18:05:09.271Z,EUR,794592.0,590026.0,,,,,29.63,,,30.73,,,
sv08-219,Pikachu ex,219,Ultra Rare,Surging Sparks,2026-07-18T08:02:56.946Z,USD,2026-07-18T08:02:59.361Z,EUR,794592.0,590026.0,,,,,29.63,,,31.04,,,
sv08-219,Pikachu ex,219,Ultra Rare,Surging Sparks,2026-07-19T08:03:02.318Z,USD,2026-07-19T08:03:04.558Z,EUR,794592.0,590026.0,,,,,29.63,,,30.7,,,
sv08-219,Pikachu ex,219,Ultra Rare,Surging Sparks,2026-07-20T08:03:02.173Z,USD,2026-07-20T08:03:04.811Z,EUR,794592.0,590026.0,,,,,30.81,,,30.88,,,
sv08-219,Pikachu ex,219,Ultra Rare,Surging Sparks,2026-07-21T08:03:02.266Z,USD,2026-07-21T08:03:04.252Z,EUR,794592.0,590026.0,,,,,30.81,,,30.99,,,
sv08-219,Pikachu ex,219,Ultra Rare,Surging Sparks,2026-07-22T08:03:04.092Z,USD,2026-07-22T08:03:06.627Z,EUR,794592.0,590026.0,,,,,30.81,,,31.26,,,
sv08-219,Pikachu ex,219,Ultra Rare,Surging Sparks,2026-07-23T08:03:01.900Z,USD,2026-07-23T08:03:03.918Z,EUR,794592.0,590026.0,,,,,30.81,,,31.35,,,
sv08-219,Pikachu ex,219,Ultra Rare,Surging Sparks,2026-07-24T08:03:02.275Z,USD,2026-07-24T08:03:04.300Z,EUR,794592.0,590026.0,,,,,30.81,,,31.27,,,
sv08-219,Pikachu ex,219,Ultra Rare,Surging Sparks,2026-07-25T08:03:02.268Z,USD,2026-07-25T08:03:04.302Z,EUR,794592.0,590026.0,,,,,30.81,,,31.57,,,
sv08-219,Pikachu ex,219,Ultra Rare,Surging Sparks,2026-07-26T08:03:37.422Z,USD,2026-07-26T08:03:04.571Z,EUR,794592.0,590026.0,,,,,29.24,,,31.56,,,
sv08-219,Pikachu ex,219,Ultra Rare,Surging Sparks,2026-07-27T08:03:40.552Z,USD,2026-07-27T08:03:04.705Z,EUR,794592.0,590026.0,,,,,24.0,,,31.69,,,
sv08-238,Pikachu ex,238,Special illustration rare,Surging Sparks,2026-07-08T18:05:07.514Z,USD,2026-07-08T18:05:10.691Z,EUR,794611.0,590027.0,,,,,273.6,,,362.3,,,
sv08-238,Pikachu ex,238,Special illustration rare,Surging Sparks,2026-07-09T18:05:06.627Z,USD,2026-07-09T18:05:09.065Z,EUR,794611.0,590027.0,,,,,385.32,,,362.3,,,
sv08-238,Pikachu ex,238,Special illustration rare,Surging Sparks,2026-07-10T18:05:06.260Z,USD,2026-07-10T18:05:08.528Z,EUR,794611.0,590027.0,,,,,260.3,,,362.3,,,
sv08-238,Pikachu ex,238,Special illustration rare,Surging Sparks,2026-07-11T18:05:05.919Z,USD,2026-07-11T18:05:08.177Z,EUR,794611.0,590027.0,,,,,260.3,,,362.3,,,
sv08-238,Pikachu ex,238,Special illustration rare,Surging Sparks,2026-07-12T18:05:07.229Z,USD,2026-07-12T18:05:08.999Z,EUR,794611.0,590027.0,,,,,260.3,,,359.1,,,
sv08-238,Pikachu ex,238,Special illustration rare,Surging Sparks,2026-07-13T18:05:06.238Z,USD,2026-07-13T18:05:07.846Z,EUR,794611.0,590027.0,,,,,339.15,,,359.1,,,
sv08-238,Pikachu ex,238,Special illustration rare,Surging Sparks,2026-07-14T18:05:05.954Z,USD,2026-07-14T18:05:08.458Z,EUR,794611.0,590027.0,,,,,339.15,,,359.1,,,
sv08-238,Pikachu ex,238,Special illustration rare,Surging Sparks,2026-07-15T18:05:05.955Z,USD,2026-07-15T18:05:08.182Z,EUR,794611.0,590027.0,,,,,339.15,,,355.34,,,
sv08-238,Pikachu ex,238,Special illustration rare,Surging Sparks,2026-07-16T18:05:05.946Z,USD,2026-07-16T18:05:08.727Z,EUR,794611.0,590027.0,,,,,339.15,,,357.04,,,
sv08-238,Pikachu ex,238,Special illustration rare,Surging Sparks,2026-07-17T18:05:07.318Z,USD,2026-07-17T18:05:09.271Z,EUR,794611.0,590027.0,,,,,339.15,,,354.26,,,
sv08-238,Pikachu ex,238,Special illustration rare,Surging Sparks,2026-07-18T08:02:56.946Z,USD,2026-07-18T08:02:59.776Z,EUR,794611.0,590027.0,,,,,339.15,,,353.04,,,
sv08-238,Pikachu ex,238,Special illustration rare,Surging Sparks,2026-07-19T08:03:02.318Z,USD,2026-07-19T08:03:04.558Z,EUR,794611.0,590027.0,,,,,339.15,,,353.04,,,
sv08-238,Pikachu ex,238,Special illustration rare,Surging Sparks,2026-07-20T08:03:02.173Z,USD,2026-07-20T08:03:04.265Z,EUR,794611.0,590027.0,,,,,349.98,,,350.17,,,
sv08-238,Pikachu ex,238,Special illustration rare,Surging Sparks,2026-07-21T08:03:02.266Z,USD,2026-07-21T08:03:04.252Z,EUR,794611.0,590027.0,,,,,349.98,,,350.17,,,
sv08-238,Pikachu ex,238,Special illustration rare,Surging Sparks,2026-07-22T08:03:04.092Z,USD,2026-07-22T08:03:06.627Z,EUR,794611.0,590027.0,,,,,349.98,,,336.73,,,
sv08-238,Pikachu ex,238,Special illustration rare,Surging Sparks,2026-07-23T08:03:01.900Z,USD,2026-07-23T08:03:03.918Z,EUR,794611.0,590027.0,,,,,349.98,,,334.19,,,
sv08-238,Pikachu ex,238,Special illustration rare,Surging Sparks,2026-07-24T08:03:02.275Z,USD,2026-07-24T08:03:04.300Z,EUR,794611.0,590027.0,,,,,349.98,,,328.97,,,
sv08-238,Pikachu ex,238,Special illustration rare,Surging Sparks,2026-07-25T08:03:02.268Z,USD,2026-07-25T08:03:04.302Z,EUR,794611.0,590027.0,,,,,349.98,,,326.37,,,
sv08-238,Pikachu ex,238,Special illustration rare,Surging Sparks,2026-07-26T08:03:37.422Z,USD,2026-07-26T08:03:04.571Z,EUR,794611.0,590027.0,,,,,239.4,,,325.97,,,
sv08-238,Pikachu ex,238,Special illustration rare,Surging Sparks,2026-07-27T08:03:40.552Z,USD,2026-07-27T08:03:04.458Z,EUR,794611.0,590027.0,,,,,239.4,,,325.97,,,
sv08-247,Pikachu ex,247,Hyper rare,Surging Sparks,2026-07-08T18:05:07.514Z,USD,2026-07-08T18:05:10.078Z,EUR,794621.0,593169.0,,,,,59.99,,,92.67,,,
sv08-247,Pikachu ex,247,Hyper rare,Surging Sparks,2026-07-09T18:05:06.627Z,USD,2026-07-09T18:05:09.065Z,EUR,794621.0,593169.0,,,,,65.55,,,94.35,,,
sv08-247,Pikachu ex,247,Hyper rare,Surging Sparks,2026-07-10T18:05:06.260Z,USD,2026-07-10T18:05:08.528Z,EUR,794621.0,593169.0,,,,,65.53,,,94.12,,,
sv08-247,Pikachu ex,247,Hyper rare,Surging Sparks,2026-07-11T18:05:05.919Z,USD,2026-07-11T18:05:08.177Z,EUR,794621.0,593169.0,,,,,65.53,,,95.99,,,
sv08-247,Pikachu ex,247,Hyper rare,Surging Sparks,2026-07-12T18:05:07.229Z,USD,2026-07-12T18:05:08.999Z,EUR,794621.0,593169.0,,,,,65.53,,,93.98,,,
sv08-247,Pikachu ex,247,Hyper rare,Surging Sparks,2026-07-13T18:05:06.238Z,USD,2026-07-13T18:05:07.846Z,EUR,794621.0,593169.0,,,,,59.66,,,93.98,,,
sv08-247,Pikachu ex,247,Hyper rare,Surging Sparks,2026-07-14T18:05:05.954Z,USD,2026-07-14T18:05:08.458Z,EUR,794621.0,593169.0,,,,,59.66,,,93.98,,,
sv08-247,Pikachu ex,247,Hyper rare,Surging Sparks,2026-07-15T18:05:05.955Z,USD,2026-07-15T18:05:08.182Z,EUR,794621.0,593169.0,,,,,59.66,,,93.89,,,
sv08-247,Pikachu ex,247,Hyper rare,Surging Sparks,2026-07-16T18:05:05.946Z,USD,2026-07-16T18:05:08.727Z,EUR,794621.0,593169.0,,,,,59.66,,,93.77,,,
sv08-247,Pikachu ex,247,Hyper rare,Surging Sparks,2026-07-17T18:05:07.318Z,USD,2026-07-17T18:05:09.271Z,EUR,794621.0,593169.0,,,,,59.66,,,93.69,,,
sv08-247,Pikachu ex,247,Hyper rare,Surging Sparks,2026-07-18T08:02:56.946Z,USD,2026-07-18T08:02:59.776Z,EUR,794621.0,593169.0,,,,,59.66,,,93.69,,,
sv08-247,Pikachu ex,247,Hyper rare,Surging Sparks,2026-07-19T08:03:02.318Z,USD,2026-07-19T08:03:04.558Z,EUR,794621.0,593169.0,,,,,59.66,,,93.25,,,
sv08-247,Pikachu ex,247,Hyper rare,Surging Sparks,2026-07-20T08:03:02.173Z,USD,2026-07-20T08:03:04.811Z,EUR,794621.0,593169.0,,,,,71.25,,,93.25,,,
sv08-247,Pikachu ex,247,Hyper rare,Surging Sparks,2026-07-21T08:03:02.266Z,USD,2026-07-21T08:03:04.252Z,EUR,794621.0,593169.0,,,,,71.25,,,93.37,,,
sv08-247,Pikachu ex,247,Hyper rare,Surging Sparks,2026-07-22T08:03:04.092Z,USD,2026-07-22T08:03:06.627Z,EUR,794621.0,593169.0,,,,,71.25,,,92.73,,,
sv08-247,Pikachu ex,247,Hyper rare,Surging Sparks,2026-07-23T08:03:01.900Z,USD,2026-07-23T08:03:03.918Z,EUR,794621.0,593169.0,,,,,71.25,,,92.73,,,
sv08-247,Pikachu ex,247,Hyper rare,Surging Sparks,2026-07-24T08:03:02.275Z,USD,2026-07-24T08:03:04.300Z,EUR,794621.0,593169.0,,,,,71.25,,,92.73,,,
sv08-247,Pikachu ex,247,Hyper rare,Surging Sparks,2026-07-25T08:03:02.268Z,USD,2026-07-25T08:03:04.624Z,EUR,794621.0,593169.0,,,,,71.25,,,95.59,,,
sv08-247,Pikachu ex,247,Hyper rare,Surging Sparks,2026-07-26T08:03:37.422Z,USD,2026-07-26T08:03:04.532Z,EUR,794621.0,593169.0,,,,,95.76,,,95.58,,,
sv08-247,Pikachu ex,247,Hyper rare,Surging Sparks,2026-07-27T08:03:40.552Z,USD,2026-07-27T08:03:04.458Z,EUR,794621.0,593169.0,,,,,102.6,,,95.58,,,
sv08.5-028,Pikachu ex,028,Double rare,Prismatic Evolutions,2026-07-08T18:05:07.519Z,USD,2026-07-08T18:05:11.087Z,EUR,805417.0,610383.0,,,,,3.34,,,2.52,,,
sv08.5-028,Pikachu ex,028,Double rare,Prismatic Evolutions,2026-07-09T18:05:06.633Z,USD,2026-07-09T18:05:09.065Z,EUR,805417.0,610383.0,,,,,3.55,,,2.56,,,
sv08.5-028,Pikachu ex,028,Double rare,Prismatic Evolutions,2026-07-10T18:05:06.266Z,USD,2026-07-10T18:05:08.528Z,EUR,805417.0,610383.0,,,,,2.88,,,2.47,,,
sv08.5-028,Pikachu ex,028,Double rare,Prismatic Evolutions,2026-07-11T18:05:05.922Z,USD,2026-07-11T18:05:08.177Z,EUR,805417.0,610383.0,,,,,2.88,,,2.49,,,
sv08.5-028,Pikachu ex,028,Double rare,Prismatic Evolutions,2026-07-12T18:05:07.234Z,USD,2026-07-12T18:05:18.426Z,EUR,805417.0,610383.0,,,,,2.88,,,2.7,,,
sv08.5-028,Pikachu ex,028,Double rare,Prismatic Evolutions,2026-07-13T18:05:06.256Z,USD,2026-07-13T18:05:07.999Z,EUR,805417.0,610383.0,,,,,3.1,,,2.76,,,
sv08.5-028,Pikachu ex,028,Double rare,Prismatic Evolutions,2026-07-14T18:05:05.957Z,USD,2026-07-14T18:05:08.458Z,EUR,805417.0,610383.0,,,,,3.1,,,2.67,,,
sv08.5-028,Pikachu ex,028,Double rare,Prismatic Evolutions,2026-07-15T18:05:05.958Z,USD,2026-07-15T18:05:08.182Z,EUR,805417.0,610383.0,,,,,3.1,,,2.43,,,
sv08.5-028,Pikachu ex,028,Double rare,Prismatic Evolutions,2026-07-16T18:05:05.949Z,USD,2026-07-16T18:05:08.631Z,EUR,805417.0,610383.0,,,,,3.1,,,2.52,,,
sv08.5-028,Pikachu ex,028,Double rare,Prismatic Evolutions,2026-07-17T18:05:07.322Z,USD,2026-07-17T18:05:09.271Z,EUR,805417.0,610383.0,,,,,3.1,,,2.55,,,
sv08.5-028,Pikachu ex,028,Double rare,Prismatic Evolutions,2026-07-18T08:02:56.949Z,USD,2026-07-18T08:02:59.387Z,EUR,805417.0,610383.0,,,,,3.1,,,2.4,,,
sv08.5-028,Pikachu ex,028,Double rare,Prismatic Evolutions,2026-07-19T08:03:02.321Z,USD,2026-07-19T08:03:04.558Z,EUR,805417.0,610383.0,,,,,3.1,,,2.23,,,
sv08.5-028,Pikachu ex,028,Double rare,Prismatic Evolutions,2026-07-20T08:03:02.177Z,USD,2026-07-20T08:03:04.265Z,EUR,805417.0,610383.0,,,,,3.03,,,2.2,,,
sv08.5-028,Pikachu ex,028,Double rare,Prismatic Evolutions,2026-07-21T08:03:02.269Z,USD,2026-07-21T08:03:04.252Z,EUR,805417.0,610383.0,,,,,3.03,,,2.19,,,
sv08.5-028,Pikachu ex,028,Double rare,Prismatic Evolutions,2026-07-22T08:03:04.097Z,USD,2026-07-22T08:03:06.471Z,EUR,805417.0,610383.0,,,,,3.03,,,2.24,,,
sv08.5-028,Pikachu ex,028,Double rare,Prismatic Evolutions,2026-07-23T08:03:01.906Z,USD,2026-07-23T08:03:03.918Z,EUR,805417.0,610383.0,,,,,3.03,,,2.41,,,
sv08.5-028,Pikachu ex,028,Double rare,Prismatic Evolutions,2026-07-24T08:03:02.279Z,USD,2026-07-24T08:03:04.550Z,EUR,805417.0,610383.0,,,,,3.03,,,2.7,,,
sv08.5-028,Pikachu ex,028,Double rare,Prismatic Evolutions,2026-07-25T08:03:02.273Z,USD,2026-07-25T08:03:04.397Z,EUR,805417.0,610383.0,,,,,3.03,,,2.84,,,
sv08.5-028,Pikachu ex,028,Double rare,Prismatic Evolutions,2026-07-26T08:03:37.622Z,USD,2026-07-26T08:03:04.571Z,EUR,805417.0,610383.0,,,,,2.92,,,2.78,,,
sv08.5-028,Pikachu ex,028,Double rare,Prismatic Evolutions,2026-07-27T08:03:40.787Z,USD,2026-07-27T08:03:04.705Z,EUR,805417.0,610383.0,,,,,1.82,,,2.72,,,
sv08.5-179,Pikachu ex,179,Hyper rare,Prismatic Evolutions,2026-07-08T18:05:07.519Z,USD,2026-07-08T18:05:11.087Z,EUR,805573.0,610534.0,,,,,68.4,,,73.47,,,
sv08.5-179,Pikachu ex,179,Hyper rare,Prismatic Evolutions,2026-07-09T18:05:06.633Z,USD,2026-07-09T18:05:09.065Z,EUR,805573.0,610534.0,,,,,274.06,,,75.21,,,
sv08.5-179,Pikachu ex,179,Hyper rare,Prismatic Evolutions,2026-07-10T18:05:06.266Z,USD,2026-07-10T18:05:08.528Z,EUR,805573.0,610534.0,,,,,35.27,,,75.21,,,
sv08.5-179,Pikachu ex,179,Hyper rare,Prismatic Evolutions,2026-07-11T18:05:05.922Z,USD,2026-07-11T18:05:08.177Z,EUR,805573.0,610534.0,,,,,35.27,,,75.75,,,
sv08.5-179,Pikachu ex,179,Hyper rare,Prismatic Evolutions,2026-07-12T18:05:07.234Z,USD,2026-07-12T18:05:08.999Z,EUR,805573.0,610534.0,,,,,35.27,,,75.75,,,
sv08.5-179,Pikachu ex,179,Hyper rare,Prismatic Evolutions,2026-07-13T18:05:06.256Z,USD,2026-07-13T18:05:07.846Z,EUR,805573.0,610534.0,,,,,51.3,,,75.75,,,
sv08.5-179,Pikachu ex,179,Hyper rare,Prismatic Evolutions,2026-07-14T18:05:05.957Z,USD,2026-07-14T18:05:07.978Z,EUR,805573.0,610534.0,,,,,51.3,,,75.63,,,
sv08.5-179,Pikachu ex,179,Hyper rare,Prismatic Evolutions,2026-07-15T18:05:05.958Z,USD,2026-07-15T18:05:08.182Z,EUR,805573.0,610534.0,,,,,51.3,,,75.19,,,
sv08.5-179,Pikachu ex,179,Hyper rare,Prismatic Evolutions,2026-07-16T18:05:05.949Z,USD,2026-07-16T18:05:08.253Z,EUR,805573.0,610534.0,,,,,51.3,,,74.2,,,
sv08.5-179,Pikachu ex,179,Hyper rare,Prismatic Evolutions,2026-07-17T18:05:07.322Z,USD,2026-07-17T18:05:09.690Z,EUR,805573.0,610534.0,,,,,51.3,,,74.2,,,
sv08.5-179,Pikachu ex,179,Hyper rare,Prismatic Evolutions,2026-07-18T08:02:56.949Z,USD,2026-07-18T08:02:59.387Z,EUR,805573.0,610534.0,,,,,51.3,,,73.86,,,
sv08.5-179,Pikachu ex,179,Hyper rare,Prismatic Evolutions,2026-07-19T08:03:02.321Z,USD,2026-07-19T08:03:04.558Z,EUR,805573.0,610534.0,,,,,51.3,,,73.5,,,
sv08.5-179,Pikachu ex,179,Hyper rare,Prismatic Evolutions,2026-07-20T08:03:02.177Z,USD,2026-07-20T08:03:04.386Z,EUR,805573.0,610534.0,,,,,114.0,,,73.39,,,
sv08.5-179,Pikachu ex,179,Hyper rare,Prismatic Evolutions,2026-07-21T08:03:02.269Z,USD,2026-07-21T08:03:04.252Z,EUR,805573.0,610534.0,,,,,114.0,,,71.49,,,
sv08.5-179,Pikachu ex,179,Hyper rare,Prismatic Evolutions,2026-07-22T08:03:04.097Z,USD,2026-07-22T08:03:06.558Z,EUR,805573.0,610534.0,,,,,114.0,,,71.2,,,
sv08.5-179,Pikachu ex,179,Hyper rare,Prismatic Evolutions,2026-07-23T08:03:01.906Z,USD,2026-07-23T08:03:03.918Z,EUR,805573.0,610534.0,,,,,114.0,,,66.68,,,
sv08.5-179,Pikachu ex,179,Hyper rare,Prismatic Evolutions,2026-07-24T08:03:02.279Z,USD,2026-07-24T08:03:04.213Z,EUR,805573.0,610534.0,,,,,114.0,,,64.36,,,
sv08.5-179,Pikachu ex,179,Hyper rare,Prismatic Evolutions,2026-07-25T08:03:02.273Z,USD,2026-07-25T08:03:04.302Z,EUR,805573.0,610534.0,,,,,114.0,,,63.99,,,
sv08.5-179,Pikachu ex,179,Hyper rare,Prismatic Evolutions,2026-07-26T08:03:37.622Z,USD,2026-07-26T08:03:04.571Z,EUR,805573.0,610534.0,,,,,80.1,,,63.77,,,
sv08.5-179,Pikachu ex,179,Hyper rare,Prismatic Evolutions,2026-07-27T08:03:40.787Z,USD,2026-07-27T08:03:04.705Z,EUR,805573.0,610534.0,,,,,80.1,,,63.55,,,
svp-027,Pikachu,027,Promo,SVP Black Star Promos,,,2026-07-08T18:05:10.691Z,EUR,703195.0,,,,,,28.89,,,,,,
svp-027,Pikachu,027,Promo,SVP Black Star Promos,,,2026-07-09T18:05:09.065Z,EUR,703195.0,,,,,,57.19,,,,,,
svp-027,Pikachu,027,Promo,SVP Black Star Promos,,,2026-07-10T18:05:08.528Z,EUR,703195.0,,,,,,27.93,,,,,,
svp-027,Pikachu,027,Promo,SVP Black Star Promos,,,2026-07-11T18:05:08.252Z,EUR,703195.0,,,,,,27.93,,,,,,
svp-027,Pikachu,027,Promo,SVP Black Star Promos,,,2026-07-12T18:05:18.426Z,EUR,703195.0,,,,,,27.93,,,,,,
svp-027,Pikachu,027,Promo,SVP Black Star Promos,,,2026-07-13T18:05:07.999Z,EUR,703195.0,,,,,,30.02,,,,,,
svp-027,Pikachu,027,Promo,SVP Black Star Promos,,,2026-07-14T18:05:08.458Z,EUR,703195.0,,,,,,30.02,,,,,,
svp-027,Pikachu,027,Promo,SVP Black Star Promos,,,2026-07-15T18:05:08.182Z,EUR,703195.0,,,,,,30.02,,,,,,
svp-027,Pikachu,027,Promo,SVP Black Star Promos,,,2026-07-16T18:05:08.631Z,EUR,703195.0,,,,,,30.02,,,,,,
svp-027,Pikachu,027,Promo,SVP Black Star Promos,,,2026-07-17T18:05:09.396Z,EUR,703195.0,,,,,,30.02,,,,,,
svp-027,Pikachu,027,Promo,SVP Black Star Promos,,,2026-07-18T08:02:59.361Z,EUR,703195.0,,,,,,30.02,,,,,,
svp-027,Pikachu,027,Promo,SVP Black Star Promos,,,2026-07-19T08:03:04.658Z,EUR,703195.0,,,,,,30.02,,,,,,
svp-027,Pikachu,027,Promo,SVP Black Star Promos,,,2026-07-20T08:03:04.265Z,EUR,703195.0,,,,,,21.49,,,,,,
svp-027,Pikachu,027,Promo,SVP Black Star Promos,,,2026-07-21T08:03:04.252Z,EUR,703195.0,,,,,,21.49,,,,,,
svp-027,Pikachu,027,Promo,SVP Black Star Promos,,,2026-07-22T08:03:06.558Z,EUR,703195.0,,,,,,21.49,,,,,,
svp-027,Pikachu,027,Promo,SVP Black Star Promos,,,2026-07-23T08:03:03.918Z,EUR,703195.0,,,,,,21.49,,,,,,
svp-027,Pikachu,027,Promo,SVP Black Star Promos,,,2026-07-24T08:03:04.300Z,EUR,703195.0,,,,,,21.49,,,,,,
svp-027,Pikachu,027,Promo,SVP Black Star Promos,,,2026-07-25T08:03:03.827Z,EUR,703195.0,,,,,,21.49,,,,,,
svp-027,Pikachu,027,Promo,SVP Black Star Promos,,,2026-07-26T08:03:04.571Z,EUR,703195.0,,,,,,29.2,,,,,,
svp-027,Pikachu,027,Promo,SVP Black Star Promos,,,2026-07-27T08:03:04.705Z,EUR,703195.0,,,,,,22.78,,,,,,
svp-085,Pikachu with Grey Felt Hat,085,Promo,SVP Black Star Promos,,,2026-07-08T18:05:10.691Z,EUR,735302.0,,,,,,641.25,,,,,,
svp-085,Pikachu with Grey Felt Hat,085,Promo,SVP Black Star Promos,,,2026-07-09T18:05:09.065Z,EUR,735302.0,,,,,,915.9,,,,,,
svp-085,Pikachu with Grey Felt Hat,085,Promo,SVP Black Star Promos,,,2026-07-10T18:05:08.528Z,EUR,735302.0,,,,,,711.91,,,,,,
svp-085,Pikachu with Grey Felt Hat,085,Promo,SVP Black Star Promos,,,2026-07-11T18:05:07.832Z,EUR,735302.0,,,,,,711.91,,,,,,
svp-085,Pikachu with Grey Felt Hat,085,Promo,SVP Black Star Promos,,,2026-07-12T18:05:08.999Z,EUR,735302.0,,,,,,711.91,,,,,,
svp-085,Pikachu with Grey Felt Hat,085,Promo,SVP Black Star Promos,,,2026-07-13T18:05:07.846Z,EUR,735302.0,,,,,,11.4,,,,,,
svp-085,Pikachu with Grey Felt Hat,085,Promo,SVP Black Star Promos,,,2026-07-14T18:05:08.458Z,EUR,735302.0,,,,,,11.4,,,,,,
svp-085,Pikachu with Grey Felt Hat,085,Promo,SVP Black Star Promos,,,2026-07-15T18:05:08.182Z,EUR,735302.0,,,,,,11.4,,,,,,
svp-085,Pikachu with Grey Felt Hat,085,Promo,SVP Black Star Promos,,,2026-07-16T18:05:08.165Z,EUR,735302.0,,,,,,11.4,,,,,,
svp-085,Pikachu with Grey Felt Hat,085,Promo,SVP Black Star Promos,,,2026-07-17T18:05:09.396Z,EUR,735302.0,,,,,,11.4,,,,,,
svp-085,Pikachu with Grey Felt Hat,085,Promo,SVP Black Star Promos,,,2026-07-18T08:02:59.776Z,EUR,735302.0,,,,,,11.4,,,,,,
svp-085,Pikachu with Grey Felt Hat,085,Promo,SVP Black Star Promos,,,2026-07-19T08:03:04.658Z,EUR,735302.0,,,,,,11.4,,,,,,
svp-085,Pikachu with Grey Felt Hat,085,Promo,SVP Black Star Promos,,,2026-07-20T08:03:04.490Z,EUR,735302.0,,,,,,1221.2,,,,,,
svp-085,Pikachu with Grey Felt Hat,085,Promo,SVP Black Star Promos,,,2026-07-21T08:03:04.252Z,EUR,735302.0,,,,,,1221.2,,,,,,
svp-085,Pikachu with Grey Felt Hat,085,Promo,SVP Black Star Promos,,,2026-07-22T08:03:06.558Z,EUR,735302.0,,,,,,1221.2,,,,,,
svp-085,Pikachu with Grey Felt Hat,085,Promo,SVP Black Star Promos,,,2026-07-23T08:03:03.918Z,EUR,735302.0,,,,,,1221.2,,,,,,
svp-085,Pikachu with Grey Felt Hat,085,Promo,SVP Black Star Promos,,,2026-07-24T08:03:04.144Z,EUR,735302.0,,,,,,1221.2,,,,,,
svp-085,Pikachu with Grey Felt Hat,085,Promo,SVP Black Star Promos,,,2026-07-25T08:03:04.397Z,EUR,735302.0,,,,,,1221.2,,,,,,
svp-085,Pikachu with Grey Felt Hat,085,Promo,SVP Black Star Promos,,,2026-07-26T08:03:04.571Z,EUR,735302.0,,,,,,1774.12,,,,,,
svp-085,Pikachu with Grey Felt Hat,085,Promo,SVP Black Star Promos,,,2026-07-27T08:03:04.705Z,EUR,735302.0,,,,,,1774.12,,,,,,
svp-088,Pikachu,088,Promo,SVP Black Star Promos,,,2026-07-08T18:05:10.686Z,EUR,751813.0,,,,,,28.15,,,,,,
svp-088,Pikachu,088,Promo,SVP Black Star Promos,,,2026-07-09T18:05:09.065Z,EUR,751813.0,,,,,,31.57,,,,,,
svp-088,Pikachu,088,Promo,SVP Black Star Promos,,,2026-07-10T18:05:08.528Z,EUR,751813.0,,,,,,92.66,,,,,,
svp-088,Pikachu,088,Promo,SVP Black Star Promos,,,2026-07-11T18:05:08.252Z,EUR,751813.0,,,,,,92.66,,,,,,
svp-088,Pikachu,088,Promo,SVP Black Star Promos,,,2026-07-12T18:05:08.999Z,EUR,751813.0,,,,,,92.66,,,,,,
svp-088,Pikachu,088,Promo,SVP Black Star Promos,,,2026-07-13T18:05:07.901Z,EUR,751813.0,,,,,,47.88,,,,,,
svp-088,Pikachu,088,Promo,SVP Black Star Promos,,,2026-07-14T18:05:08.458Z,EUR,751813.0,,,,,,47.88,,,,,,
svp-088,Pikachu,088,Promo,SVP Black Star Promos,,,2026-07-15T18:05:08.182Z,EUR,751813.0,,,,,,47.88,,,,,,
svp-088,Pikachu,088,Promo,SVP Black Star Promos,,,2026-07-16T18:05:08.253Z,EUR,751813.0,,,,,,47.88,,,,,,
svp-088,Pikachu,088,Promo,SVP Black Star Promos,,,2026-07-17T18:05:09.271Z,EUR,751813.0,,,,,,47.88,,,,,,
svp-088,Pikachu,088,Promo,SVP Black Star Promos,,,2026-07-18T08:02:59.776Z,EUR,751813.0,,,,,,47.88,,,,,,
svp-088,Pikachu,088,Promo,SVP Black Star Promos,,,2026-07-19T08:03:04.658Z,EUR,751813.0,,,,,,47.88,,,,,,
svp-088,Pikachu,088,Promo,SVP Black Star Promos,,,2026-07-20T08:03:04.386Z,EUR,751813.0,,,,,,27.33,,,,,,
svp-088,Pikachu,088,Promo,SVP Black Star Promos,,,2026-07-21T08:03:04.252Z,EUR,751813.0,,,,,,27.33,,,,,,
svp-088,Pikachu,088,Promo,SVP Black Star Promos,,,2026-07-22T08:03:06.627Z,EUR,751813.0,,,,,,27.33,,,,,,
svp-088,Pikachu,088,Promo,SVP Black Star Promos,,,2026-07-23T08:03:03.918Z,EUR,751813.0,,,,,,27.33,,,,,,
svp-088,Pikachu,088,Promo,SVP Black Star Promos,,,2026-07-24T08:03:04.300Z,EUR,751813.0,,,,,,27.33,,,,,,
svp-088,Pikachu,088,Promo,SVP Black Star Promos,,,2026-07-25T08:03:04.397Z,EUR,751813.0,,,,,,27.33,,,,,,
svp-088,Pikachu,088,Promo,SVP Black Star Promos,,,2026-07-26T08:03:04.571Z,EUR,751813.0,,,,,,33.58,,,,,,
svp-088,Pikachu,088,Promo,SVP Black Star Promos,,,2026-07-27T08:03:04.458Z,EUR,751813.0,,,,,,34.55,,,,,,
svp-101,Pikachu,101,Promo,SVP Black Star Promos,,,2026-07-08T18:05:10.078Z,EUR,740411.0,,,,,,42.75,,,,,,
svp-101,Pikachu,101,Promo,SVP Black Star Promos,,,2026-07-09T18:05:09.065Z,EUR,740411.0,,,,,,25.08,,,,,,
svp-101,Pikachu,101,Promo,SVP Black Star Promos,,,2026-07-10T18:05:08.528Z,EUR,740411.0,,,,,,36.48,,,,,,
svp-101,Pikachu,101,Promo,SVP Black Star Promos,,,2026-07-11T18:05:08.252Z,EUR,740411.0,,,,,,36.48,,,,,,
svp-101,Pikachu,101,Promo,SVP Black Star Promos,,,2026-07-12T18:05:08.999Z,EUR,740411.0,,,,,,36.48,,,,,,
svp-101,Pikachu,101,Promo,SVP Black Star Promos,,,2026-07-13T18:05:07.846Z,EUR,740411.0,,,,,,45.6,,,,,,
svp-101,Pikachu,101,Promo,SVP Black Star Promos,,,2026-07-14T18:05:07.978Z,EUR,740411.0,,,,,,45.6,,,,,,
svp-101,Pikachu,101,Promo,SVP Black Star Promos,,,2026-07-15T18:05:08.182Z,EUR,740411.0,,,,,,45.6,,,,,,
svp-101,Pikachu,101,Promo,SVP Black Star Promos,,,2026-07-16T18:05:08.253Z,EUR,740411.0,,,,,,45.6,,,,,,
svp-101,Pikachu,101,Promo,SVP Black Star Promos,,,2026-07-17T18:05:09.271Z,EUR,740411.0,,,,,,45.6,,,,,,
svp-101,Pikachu,101,Promo,SVP Black Star Promos,,,2026-07-18T08:02:59.776Z,EUR,740411.0,,,,,,45.6,,,,,,
svp-101,Pikachu,101,Promo,SVP Black Star Promos,,,2026-07-19T08:03:04.320Z,EUR,740411.0,,,,,,45.6,,,,,,
svp-101,Pikachu,101,Promo,SVP Black Star Promos,,,2026-07-20T08:03:04.386Z,EUR,740411.0,,,,,,47.88,,,,,,
svp-101,Pikachu,101,Promo,SVP Black Star Promos,,,2026-07-21T08:03:04.252Z,EUR,740411.0,,,,,,47.88,,,,,,
svp-101,Pikachu,101,Promo,SVP Black Star Promos,,,2026-07-22T08:03:06.627Z,EUR,740411.0,,,,,,47.88,,,,,,
svp-101,Pikachu,101,Promo,SVP Black Star Promos,,,2026-07-23T08:03:03.918Z,EUR,740411.0,,,,,,47.88,,,,,,
svp-101,Pikachu,101,Promo,SVP Black Star Promos,,,2026-07-24T08:03:04.300Z,EUR,740411.0,,,,,,47.88,,,,,,
svp-101,Pikachu,101,Promo,SVP Black Star Promos,,,2026-07-25T08:03:04.397Z,EUR,740411.0,,,,,,47.88,,,,,,
svp-101,Pikachu,101,Promo,SVP Black Star Promos,,,2026-07-26T08:03:04.377Z,EUR,740411.0,,,,,,49.77,,,,,,
svp-101,Pikachu,101,Promo,SVP Black Star Promos,,,2026-07-27T08:03:04.705Z,EUR,740411.0,,,,,,49.77,,,,,,
svp-190,Pikachu,190,Promo,SVP Black Star Promos,,,2026-07-08T18:05:11.087Z,EUR,784938.0,,,,,,74.04,,,,,,
svp-190,Pikachu,190,Promo,SVP Black Star Promos,,,2026-07-09T18:05:09.065Z,EUR,784938.0,,,,,,74.04,,,,,,
svp-190,Pikachu,190,Promo,SVP Black Star Promos,,,2026-07-10T18:05:08.528Z,EUR,784938.0,,,,,,74.04,,,,,,
svp-190,Pikachu,190,Promo,SVP Black Star Promos,,,2026-07-11T18:05:08.252Z,EUR,784938.0,,,,,,74.04,,,,,,
svp-190,Pikachu,190,Promo,SVP Black Star Promos,,,2026-07-12T18:05:08.999Z,EUR,784938.0,,,,,,74.04,,,,,,
svp-190,Pikachu,190,Promo,SVP Black Star Promos,,,2026-07-13T18:05:07.846Z,EUR,784938.0,,,,,,74.04,,,,,,
svp-190,Pikachu,190,Promo,SVP Black Star Promos,,,2026-07-14T18:05:08.458Z,EUR,784938.0,,,,,,74.04,,,,,,
svp-190,Pikachu,190,Promo,SVP Black Star Promos,,,2026-07-15T18:05:08.182Z,EUR,784938.0,,,,,,74.04,,,,,,
svp-190,Pikachu,190,Promo,SVP Black Star Promos,,,2026-07-16T18:05:08.253Z,EUR,784938.0,,,,,,74.04,,,,,,
svp-190,Pikachu,190,Promo,SVP Black Star Promos,,,2026-07-17T18:05:09.271Z,EUR,784938.0,,,,,,74.04,,,,,,
svp-190,Pikachu,190,Promo,SVP Black Star Promos,,,2026-07-18T08:02:59.776Z,EUR,784938.0,,,,,,74.04,,,,,,
svp-190,Pikachu,190,Promo,SVP Black Star Promos,,,2026-07-19T08:03:04.320Z,EUR,784938.0,,,,,,74.04,,,,,,
svp-190,Pikachu,190,Promo,SVP Black Star Promos,,,2026-07-20T08:03:04.811Z,EUR,784938.0,,,,,,74.04,,,,,,
svp-190,Pikachu,190,Promo,SVP Black Star Promos,,,2026-07-21T08:03:04.252Z,EUR,784938.0,,,,,,74.04,,,,,,
svp-190,Pikachu,190,Promo,SVP Black Star Promos,,,2026-07-22T08:03:06.627Z,EUR,784938.0,,,,,,74.04,,,,,,
svp-190,Pikachu,190,Promo,SVP Black Star Promos,,,2026-07-23T08:03:03.918Z,EUR,784938.0,,,,,,74.04,,,,,,
svp-190,Pikachu,190,Promo,SVP Black Star Promos,,,2026-07-24T08:03:04.300Z,EUR,784938.0,,,,,,74.04,,,,,,
svp-190,Pikachu,190,Promo,SVP Black Star Promos,,,2026-07-25T08:03:03.827Z,EUR,784938.0,,,,,,74.04,,,,,,
svp-190,Pikachu,190,Promo,SVP Black Star Promos,,,2026-07-26T08:03:04.571Z,EUR,784938.0,,,,,,74.04,,,,,,
svp-190,Pikachu,190,Promo,SVP Black Star Promos,,,2026-07-27T08:03:04.458Z,EUR,784938.0,,,,,,74.04,,,,,,
svp-214,Pikachu,214,Promo,SVP Black Star Promos,,,2026-07-08T18:05:10.078Z,EUR,810398.0,,,,,,30.21,,,,,,
svp-214,Pikachu,214,Promo,SVP Black Star Promos,,,2026-07-09T18:05:09.065Z,EUR,810398.0,,,,,,34.2,,,,,,
svp-214,Pikachu,214,Promo,SVP Black Star Promos,,,2026-07-10T18:05:08.528Z,EUR,810398.0,,,,,,45.6,,,,,,
svp-214,Pikachu,214,Promo,SVP Black Star Promos,,,2026-07-11T18:05:08.252Z,EUR,810398.0,,,,,,45.6,,,,,,
svp-214,Pikachu,214,Promo,SVP Black Star Promos,,,2026-07-12T18:05:08.999Z,EUR,810398.0,,,,,,45.6,,,,,,
svp-214,Pikachu,214,Promo,SVP Black Star Promos,,,2026-07-13T18:05:07.846Z,EUR,810398.0,,,,,,26.22,,,,,,
svp-214,Pikachu,214,Promo,SVP Black Star Promos,,,2026-07-14T18:05:08.458Z,EUR,810398.0,,,,,,26.22,,,,,,
svp-214,Pikachu,214,Promo,SVP Black Star Promos,,,2026-07-15T18:05:08.182Z,EUR,810398.0,,,,,,26.22,,,,,,
svp-214,Pikachu,214,Promo,SVP Black Star Promos,,,2026-07-16T18:05:08.727Z,EUR,810398.0,,,,,,26.22,,,,,,
svp-214,Pikachu,214,Promo,SVP Black Star Promos,,,2026-07-17T18:05:09.271Z,EUR,810398.0,,,,,,26.22,,,,,,
svp-214,Pikachu,214,Promo,SVP Black Star Promos,,,2026-07-18T08:02:59.776Z,EUR,810398.0,,,,,,26.22,,,,,,
svp-214,Pikachu,214,Promo,SVP Black Star Promos,,,2026-07-19T08:03:04.558Z,EUR,810398.0,,,,,,26.22,,,,,,
svp-214,Pikachu,214,Promo,SVP Black Star Promos,,,2026-07-20T08:03:04.811Z,EUR,810398.0,,,,,,19.38,,,,,,
svp-214,Pikachu,214,Promo,SVP Black Star Promos,,,2026-07-21T08:03:04.252Z,EUR,810398.0,,,,,,19.38,,,,,,
svp-214,Pikachu,214,Promo,SVP Black Star Promos,,,2026-07-22T08:03:06.627Z,EUR,810398.0,,,,,,19.38,,,,,,
svp-214,Pikachu,214,Promo,SVP Black Star Promos,,,2026-07-23T08:03:03.918Z,EUR,810398.0,,,,,,19.38,,,,,,
svp-214,Pikachu,214,Promo,SVP Black Star Promos,,,2026-07-24T08:03:04.300Z,EUR,810398.0,,,,,,19.38,,,,,,
svp-214,Pikachu,214,Promo,SVP Black Star Promos,,,2026-07-25T08:03:04.624Z,EUR,810398.0,,,,,,19.38,,,,,,
svp-214,Pikachu,214,Promo,SVP Black Star Promos,,,2026-07-26T08:03:04.571Z,EUR,810398.0,,,,,,26.22,,,,,,
svp-214,Pikachu,214,Promo,SVP Black Star Promos,,,2026-07-27T08:03:04.458Z,EUR,810398.0,,,,,,23.94,,,,,,
swsh1-65,Pikachu,65,Common,Sword & Shield,2026-07-08T18:05:07.285Z,USD,2026-07-08T18:05:10.691Z,EUR,436459.0,,208362.0,208362.0,,,1.94,6.84,0.64,,2.84,,
swsh1-65,Pikachu,65,Common,Sword & Shield,2026-07-09T18:05:06.515Z,USD,2026-07-09T18:05:09.065Z,EUR,436459.0,,208362.0,208362.0,,,1.42,6.84,0.61,,2.86,,
swsh1-65,Pikachu,65,Common,Sword & Shield,2026-07-10T18:05:06.135Z,USD,2026-07-10T18:05:08.528Z,EUR,436459.0,,208362.0,208362.0,,,1.14,6.84,0.69,,3.04,,
swsh1-65,Pikachu,65,Common,Sword & Shield,2026-07-11T18:05:05.778Z,USD,2026-07-11T18:05:08.252Z,EUR,436459.0,,208362.0,208362.0,,,1.14,6.84,0.68,,3.1,,
swsh1-65,Pikachu,65,Common,Sword & Shield,2026-07-12T18:05:07.104Z,USD,2026-07-12T18:05:18.426Z,EUR,436459.0,,208362.0,208362.0,,,1.14,6.84,0.67,,3.12,,
swsh1-65,Pikachu,65,Common,Sword & Shield,2026-07-13T18:05:06.078Z,USD,2026-07-13T18:05:07.846Z,EUR,436459.0,,208362.0,208362.0,,,2.84,3.7,0.67,,3.28,,
swsh1-65,Pikachu,65,Common,Sword & Shield,2026-07-14T18:05:05.844Z,USD,2026-07-14T18:05:08.458Z,EUR,436459.0,,208362.0,208362.0,,,2.84,3.7,0.75,,3.02,,
swsh1-65,Pikachu,65,Common,Sword & Shield,2026-07-15T18:05:05.796Z,USD,2026-07-15T18:05:08.182Z,EUR,436459.0,,208362.0,208362.0,,,2.84,3.7,0.67,,3.07,,
swsh1-65,Pikachu,65,Common,Sword & Shield,2026-07-16T18:05:05.827Z,USD,2026-07-16T18:05:08.165Z,EUR,436459.0,,208362.0,208362.0,,,2.84,3.7,0.69,,2.96,,
swsh1-65,Pikachu,65,Common,Sword & Shield,2026-07-17T18:05:07.214Z,USD,2026-07-17T18:05:09.271Z,EUR,436459.0,,208362.0,208362.0,,,2.84,3.7,0.69,,2.9,,
swsh1-65,Pikachu,65,Common,Sword & Shield,2026-07-18T08:02:56.862Z,USD,2026-07-18T08:02:59.776Z,EUR,436459.0,,208362.0,208362.0,,,2.84,3.7,0.71,,2.9,,
swsh1-65,Pikachu,65,Common,Sword & Shield,2026-07-19T08:03:02.220Z,USD,2026-07-19T08:03:04.558Z,EUR,436459.0,,208362.0,208362.0,,,2.84,3.7,0.64,,2.9,,
swsh1-65,Pikachu,65,Common,Sword & Shield,2026-07-20T08:03:02.075Z,USD,2026-07-20T08:03:04.265Z,EUR,436459.0,,208362.0,208362.0,,,0.86,4.45,0.7,,2.9,,
swsh1-65,Pikachu,65,Common,Sword & Shield,2026-07-21T08:03:02.138Z,USD,2026-07-21T08:03:04.252Z,EUR,436459.0,,208362.0,208362.0,,,0.86,4.45,0.72,,2.9,,
swsh1-65,Pikachu,65,Common,Sword & Shield,2026-07-22T08:03:03.943Z,USD,2026-07-22T08:03:06.627Z,EUR,436459.0,,208362.0,208362.0,,,0.86,4.45,0.7,,2.9,,
swsh1-65,Pikachu,65,Common,Sword & Shield,2026-07-23T08:03:01.790Z,USD,2026-07-23T08:03:03.918Z,EUR,436459.0,,208362.0,208362.0,,,0.86,4.45,0.73,,2.87,,
swsh1-65,Pikachu,65,Common,Sword & Shield,2026-07-24T08:03:02.161Z,USD,2026-07-24T08:03:04.300Z,EUR,436459.0,,208362.0,208362.0,,,0.86,4.45,0.73,,2.93,,
swsh1-65,Pikachu,65,Common,Sword & Shield,2026-07-25T08:03:02.145Z,USD,2026-07-25T08:03:04.397Z,EUR,436459.0,,208362.0,208362.0,,,0.86,4.45,0.7,,2.91,,
swsh1-65,Pikachu,65,Common,Sword & Shield,2026-07-26T08:03:30.433Z,USD,2026-07-26T08:03:04.571Z,EUR,436459.0,,208362.0,208362.0,,,1.85,4.45,0.72,,2.89,,
swsh1-65,Pikachu,65,Common,Sword & Shield,2026-07-27T08:03:29.167Z,USD,2026-07-27T08:03:04.458Z,EUR,436459.0,,208362.0,208362.0,,,1.85,4.45,0.71,,2.89,,
swsh10.5-027,Pikachu,027,Common,Pokémon GO,2026-07-08T18:05:07.408Z,USD,2026-07-08T18:05:10.078Z,EUR,665260.0,,276946.0,276946.0,,,0.19,0.75,0.37,,0.85,,
swsh10.5-027,Pikachu,027,Common,Pokémon GO,2026-07-09T18:05:06.576Z,USD,2026-07-09T18:05:09.065Z,EUR,665260.0,,276946.0,276946.0,,,0.06,0.41,0.34,,0.84,,
swsh10.5-027,Pikachu,027,Common,Pokémon GO,2026-07-10T18:05:06.200Z,USD,2026-07-10T18:05:08.528Z,EUR,665260.0,,276946.0,276946.0,,,0.03,0.17,0.34,,0.83,,
swsh10.5-027,Pikachu,027,Common,Pokémon GO,2026-07-11T18:05:05.839Z,USD,2026-07-11T18:05:08.252Z,EUR,665260.0,,276946.0,276946.0,,,0.03,0.17,0.39,,0.91,,
swsh10.5-027,Pikachu,027,Common,Pokémon GO,2026-07-12T18:05:07.153Z,USD,2026-07-12T18:05:18.426Z,EUR,665260.0,,276946.0,276946.0,,,0.03,0.17,0.36,,0.91,,
swsh10.5-027,Pikachu,027,Common,Pokémon GO,2026-07-13T18:05:06.178Z,USD,2026-07-13T18:05:07.999Z,EUR,665260.0,,276946.0,276946.0,,,0.33,0.57,0.4,,0.84,,
swsh10.5-027,Pikachu,027,Common,Pokémon GO,2026-07-14T18:05:05.910Z,USD,2026-07-14T18:05:08.458Z,EUR,665260.0,,276946.0,276946.0,,,0.33,0.57,0.39,,0.94,,
swsh10.5-027,Pikachu,027,Common,Pokémon GO,2026-07-15T18:05:05.851Z,USD,2026-07-15T18:05:08.182Z,EUR,665260.0,,276946.0,276946.0,,,0.33,0.57,0.42,,0.94,,
swsh10.5-027,Pikachu,027,Common,Pokémon GO,2026-07-16T18:05:05.867Z,USD,2026-07-16T18:05:08.631Z,EUR,665260.0,,276946.0,276946.0,,,0.33,0.57,0.35,,0.91,,
swsh10.5-027,Pikachu,027,Common,Pokémon GO,2026-07-17T18:05:07.262Z,USD,2026-07-17T18:05:09.271Z,EUR,665260.0,,276946.0,276946.0,,,0.33,0.57,0.34,,0.92,,
swsh10.5-027,Pikachu,027,Common,Pokémon GO,2026-07-18T08:02:56.900Z,USD,2026-07-18T08:02:59.361Z,EUR,665260.0,,276946.0,276946.0,,,0.33,0.57,0.34,,0.94,,
swsh10.5-027,Pikachu,027,Common,Pokémon GO,2026-07-19T08:03:02.259Z,USD,2026-07-19T08:03:04.658Z,EUR,665260.0,,276946.0,276946.0,,,0.33,0.57,0.31,,0.96,,
swsh10.5-027,Pikachu,027,Common,Pokémon GO,2026-07-20T08:03:02.118Z,USD,2026-07-20T08:03:04.265Z,EUR,665260.0,,276946.0,276946.0,,,0.1,0.28,0.33,,0.98,,
swsh10.5-027,Pikachu,027,Common,Pokémon GO,2026-07-21T08:03:02.185Z,USD,2026-07-21T08:03:04.252Z,EUR,665260.0,,276946.0,276946.0,,,0.1,0.28,0.34,,0.96,,
swsh10.5-027,Pikachu,027,Common,Pokémon GO,2026-07-22T08:03:04.007Z,USD,2026-07-22T08:03:06.471Z,EUR,665260.0,,276946.0,276946.0,,,0.1,0.28,0.42,,0.94,,
swsh10.5-027,Pikachu,027,Common,Pokémon GO,2026-07-23T08:03:01.840Z,USD,2026-07-23T08:03:03.918Z,EUR,665260.0,,276946.0,276946.0,,,0.1,0.28,0.43,,0.93,,
swsh10.5-027,Pikachu,027,Common,Pokémon GO,2026-07-24T08:03:02.218Z,USD,2026-07-24T08:03:04.550Z,EUR,665260.0,,276946.0,276946.0,,,0.1,0.28,0.4,,0.9,,
swsh10.5-027,Pikachu,027,Common,Pokémon GO,2026-07-25T08:03:02.200Z,USD,2026-07-25T08:03:03.827Z,EUR,665260.0,,276946.0,276946.0,,,0.1,0.28,0.39,,0.81,,
swsh10.5-027,Pikachu,027,Common,Pokémon GO,2026-07-26T08:03:33.488Z,USD,2026-07-26T08:03:04.571Z,EUR,665260.0,,276946.0,276946.0,,,0.07,0.56,0.37,,0.92,,
swsh10.5-027,Pikachu,027,Common,Pokémon GO,2026-07-27T08:03:32.921Z,USD,2026-07-27T08:03:04.705Z,EUR,665260.0,,276946.0,276946.0,,,0.06,0.68,0.38,,0.93,,
swsh10.5-028,Pikachu,028,Holo Rare,Pokémon GO,2026-07-08T18:05:07.408Z,USD,2026-07-08T18:05:10.691Z,EUR,665261.0,274461.0,,274461.0,,,0.63,2.27,,1.7,2.21,,
swsh10.5-028,Pikachu,028,Holo Rare,Pokémon GO,2026-07-09T18:05:06.576Z,USD,2026-07-09T18:05:09.065Z,EUR,665261.0,274461.0,,274461.0,,,0.5,1.0,,1.56,2.34,,
swsh10.5-028,Pikachu,028,Holo Rare,Pokémon GO,2026-07-10T18:05:06.200Z,USD,2026-07-10T18:05:08.528Z,EUR,665261.0,274461.0,,274461.0,,,0.47,2.5,,1.49,2.4,,
swsh10.5-028,Pikachu,028,Holo Rare,Pokémon GO,2026-07-11T18:05:05.839Z,USD,2026-07-11T18:05:08.177Z,EUR,665261.0,274461.0,,274461.0,,,0.47,2.5,,1.66,2.5,,
swsh10.5-028,Pikachu,028,Holo Rare,Pokémon GO,2026-07-12T18:05:07.153Z,USD,2026-07-12T18:05:18.426Z,EUR,665261.0,274461.0,,274461.0,,,0.47,2.5,,1.66,2.55,,
swsh10.5-028,Pikachu,028,Holo Rare,Pokémon GO,2026-07-13T18:05:06.178Z,USD,2026-07-13T18:05:07.901Z,EUR,665261.0,274461.0,,274461.0,,,1.35,0.91,,1.7,2.52,,
swsh10.5-028,Pikachu,028,Holo Rare,Pokémon GO,2026-07-14T18:05:05.910Z,USD,2026-07-14T18:05:08.458Z,EUR,665261.0,274461.0,,274461.0,,,1.35,0.91,,1.89,2.69,,
swsh10.5-028,Pikachu,028,Holo Rare,Pokémon GO,2026-07-15T18:05:05.851Z,USD,2026-07-15T18:05:08.182Z,EUR,665261.0,274461.0,,274461.0,,,1.35,0.91,,1.92,2.7,,
swsh10.5-028,Pikachu,028,Holo Rare,Pokémon GO,2026-07-16T18:05:05.867Z,USD,2026-07-16T18:05:08.165Z,EUR,665261.0,274461.0,,274461.0,,,1.35,0.91,,1.73,2.7,,
swsh10.5-028,Pikachu,028,Holo Rare,Pokémon GO,2026-07-17T18:05:07.262Z,USD,2026-07-17T18:05:09.396Z,EUR,665261.0,274461.0,,274461.0,,,1.35,0.91,,1.57,2.64,,
swsh10.5-028,Pikachu,028,Holo Rare,Pokémon GO,2026-07-18T08:02:56.900Z,USD,2026-07-18T08:02:59.387Z,EUR,665261.0,274461.0,,274461.0,,,1.35,0.91,,1.69,2.63,,
swsh10.5-028,Pikachu,028,Holo Rare,Pokémon GO,2026-07-19T08:03:02.259Z,USD,2026-07-19T08:03:04.558Z,EUR,665261.0,274461.0,,274461.0,,,1.35,0.91,,1.84,2.63,,
swsh10.5-028,Pikachu,028,Holo Rare,Pokémon GO,2026-07-20T08:03:02.118Z,USD,2026-07-20T08:03:04.265Z,EUR,665261.0,274461.0,,274461.0,,,1.01,0.74,,1.84,2.56,,
swsh10.5-028,Pikachu,028,Holo Rare,Pokémon GO,2026-07-21T08:03:02.185Z,USD,2026-07-21T08:03:04.252Z,EUR,665261.0,274461.0,,274461.0,,,1.01,0.74,,1.86,2.51,,
swsh10.5-028,Pikachu,028,Holo Rare,Pokémon GO,2026-07-22T08:03:04.007Z,USD,2026-07-22T08:03:06.627Z,EUR,665261.0,274461.0,,274461.0,,,1.01,0.74,,1.8,2.54,,
swsh10.5-028,Pikachu,028,Holo Rare,Pokémon GO,2026-07-23T08:03:01.840Z,USD,2026-07-23T08:03:03.918Z,EUR,665261.0,274461.0,,274461.0,,,1.01,0.74,,1.85,2.57,,
swsh10.5-028,Pikachu,028,Holo Rare,Pokémon GO,2026-07-24T08:03:02.218Z,USD,2026-07-24T08:03:04.550Z,EUR,665261.0,274461.0,,274461.0,,,1.01,0.74,,1.7,2.56,,
swsh10.5-028,Pikachu,028,Holo Rare,Pokémon GO,2026-07-25T08:03:02.200Z,USD,2026-07-25T08:03:04.261Z,EUR,665261.0,274461.0,,274461.0,,,1.01,0.74,,1.61,2.52,,
swsh10.5-028,Pikachu,028,Holo Rare,Pokémon GO,2026-07-26T08:03:33.488Z,USD,2026-07-26T08:03:04.571Z,EUR,665261.0,274461.0,,274461.0,,,1.22,1.69,,1.82,2.54,,
swsh10.5-028,Pikachu,028,Holo Rare,Pokémon GO,2026-07-27T08:03:32.921Z,USD,2026-07-27T08:03:04.705Z,EUR,665261.0,274461.0,,274461.0,,,0.46,2.47,,1.72,2.36,,
swsh11-052,Pikachu,052,Common,Lost Origin,2026-07-08T18:05:07.411Z,USD,2026-07-08T18:05:10.691Z,EUR,674062.0,,283926.0,283926.0,,,0.38,11.39,1.39,,6.79,,
swsh11-052,Pikachu,052,Common,Lost Origin,2026-07-09T18:05:06.581Z,USD,2026-07-09T18:05:09.065Z,EUR,674062.0,,283926.0,283926.0,,,0.21,11.39,1.52,,6.66,,
swsh11-052,Pikachu,052,Common,Lost Origin,2026-07-10T18:05:06.203Z,USD,2026-07-10T18:05:08.528Z,EUR,674062.0,,283926.0,283926.0,,,0.16,11.91,1.55,,6.64,,
swsh11-052,Pikachu,052,Common,Lost Origin,2026-07-11T18:05:05.843Z,USD,2026-07-11T18:05:08.177Z,EUR,674062.0,,283926.0,283926.0,,,0.16,11.91,1.48,,6.42,,
swsh11-052,Pikachu,052,Common,Lost Origin,2026-07-12T18:05:07.157Z,USD,2026-07-12T18:05:18.426Z,EUR,674062.0,,283926.0,283926.0,,,0.16,11.91,1.57,,6.5,,
swsh11-052,Pikachu,052,Common,Lost Origin,2026-07-13T18:05:06.182Z,USD,2026-07-13T18:05:07.999Z,EUR,674062.0,,283926.0,283926.0,,,0.74,0.9,1.47,,6.82,,
swsh11-052,Pikachu,052,Common,Lost Origin,2026-07-14T18:05:05.913Z,USD,2026-07-14T18:05:07.978Z,EUR,674062.0,,283926.0,283926.0,,,0.74,0.9,1.28,,6.82,,
swsh11-052,Pikachu,052,Common,Lost Origin,2026-07-15T18:05:05.856Z,USD,2026-07-15T18:05:08.182Z,EUR,674062.0,,283926.0,283926.0,,,0.74,0.9,1.41,,6.62,,
swsh11-052,Pikachu,052,Common,Lost Origin,2026-07-16T18:05:05.872Z,USD,2026-07-16T18:05:08.321Z,EUR,674062.0,,283926.0,283926.0,,,0.74,0.9,1.33,,6.67,,
swsh11-052,Pikachu,052,Common,Lost Origin,2026-07-17T18:05:07.265Z,USD,2026-07-17T18:05:09.396Z,EUR,674062.0,,283926.0,283926.0,,,0.74,0.9,1.28,,6.54,,
swsh11-052,Pikachu,052,Common,Lost Origin,2026-07-18T08:02:56.902Z,USD,2026-07-18T08:02:59.776Z,EUR,674062.0,,283926.0,283926.0,,,0.74,0.9,1.12,,6.73,,
swsh11-052,Pikachu,052,Common,Lost Origin,2026-07-19T08:03:02.263Z,USD,2026-07-19T08:03:04.558Z,EUR,674062.0,,283926.0,283926.0,,,0.74,0.9,1.34,,6.5,,
swsh11-052,Pikachu,052,Common,Lost Origin,2026-07-20T08:03:02.121Z,USD,2026-07-20T08:03:04.811Z,EUR,674062.0,,283926.0,283926.0,,,0.08,2.28,1.44,,6.57,,
swsh11-052,Pikachu,052,Common,Lost Origin,2026-07-21T08:03:02.199Z,USD,2026-07-21T08:03:04.252Z,EUR,674062.0,,283926.0,283926.0,,,0.08,2.28,1.3,,6.57,,
swsh11-052,Pikachu,052,Common,Lost Origin,2026-07-22T08:03:04.025Z,USD,2026-07-22T08:03:06.627Z,EUR,674062.0,,283926.0,283926.0,,,0.08,2.28,1.37,,6.7,,
swsh11-052,Pikachu,052,Common,Lost Origin,2026-07-23T08:03:01.847Z,USD,2026-07-23T08:03:03.918Z,EUR,674062.0,,283926.0,283926.0,,,0.08,2.28,1.38,,6.63,,
swsh11-052,Pikachu,052,Common,Lost Origin,2026-07-24T08:03:02.221Z,USD,2026-07-24T08:03:04.300Z,EUR,674062.0,,283926.0,283926.0,,,0.08,2.28,1.35,,6.63,,
swsh11-052,Pikachu,052,Common,Lost Origin,2026-07-25T08:03:02.204Z,USD,2026-07-25T08:03:04.397Z,EUR,674062.0,,283926.0,283926.0,,,0.08,2.28,1.69,,6.63,,
swsh11-052,Pikachu,052,Common,Lost Origin,2026-07-26T08:03:33.733Z,USD,2026-07-26T08:03:04.571Z,EUR,674062.0,,283926.0,283926.0,,,0.18,7.98,1.57,,6.91,,
swsh11-052,Pikachu,052,Common,Lost Origin,2026-07-27T08:03:33.056Z,USD,2026-07-27T08:03:04.705Z,EUR,674062.0,,283926.0,283926.0,,,0.09,7.98,1.65,,6.96,,
swsh11.5tg-TG05,Pikachu,TG05,Rare,Lost Origin Trainer Gallery,,,2026-07-08T18:05:10.078Z,EUR,674225.0,,,,,,37.6,,,,,,
swsh11.5tg-TG05,Pikachu,TG05,Rare,Lost Origin Trainer Gallery,,,2026-07-09T18:05:09.065Z,EUR,674225.0,,,,,,42.31,,,,,,
swsh11.5tg-TG05,Pikachu,TG05,Rare,Lost Origin Trainer Gallery,,,2026-07-10T18:05:08.528Z,EUR,674225.0,,,,,,43.54,,,,,,
swsh11.5tg-TG05,Pikachu,TG05,Rare,Lost Origin Trainer Gallery,,,2026-07-11T18:05:08.177Z,EUR,674225.0,,,,,,43.54,,,,,,
swsh11.5tg-TG05,Pikachu,TG05,Rare,Lost Origin Trainer Gallery,,,2026-07-12T18:05:09.193Z,EUR,674225.0,,,,,,43.54,,,,,,
swsh11.5tg-TG05,Pikachu,TG05,Rare,Lost Origin Trainer Gallery,,,2026-07-13T18:05:07.999Z,EUR,674225.0,,,,,,55.86,,,,,,
swsh11.5tg-TG05,Pikachu,TG05,Rare,Lost Origin Trainer Gallery,,,2026-07-14T18:05:08.458Z,EUR,674225.0,,,,,,55.86,,,,,,
swsh11.5tg-TG05,Pikachu,TG05,Rare,Lost Origin Trainer Gallery,,,2026-07-15T18:05:08.182Z,EUR,674225.0,,,,,,55.86,,,,,,
swsh11.5tg-TG05,Pikachu,TG05,Rare,Lost Origin Trainer Gallery,,,2026-07-16T18:05:08.727Z,EUR,674225.0,,,,,,55.86,,,,,,
swsh11.5tg-TG05,Pikachu,TG05,Rare,Lost Origin Trainer Gallery,,,2026-07-17T18:05:09.271Z,EUR,674225.0,,,,,,55.86,,,,,,
swsh11.5tg-TG05,Pikachu,TG05,Rare,Lost Origin Trainer Gallery,,,2026-07-18T08:02:59.776Z,EUR,674225.0,,,,,,55.86,,,,,,
swsh11.5tg-TG05,Pikachu,TG05,Rare,Lost Origin Trainer Gallery,,,2026-07-19T08:03:04.658Z,EUR,674225.0,,,,,,55.86,,,,,,
swsh11.5tg-TG05,Pikachu,TG05,Rare,Lost Origin Trainer Gallery,,,2026-07-20T08:03:04.265Z,EUR,674225.0,,,,,,42.18,,,,,,
swsh11.5tg-TG05,Pikachu,TG05,Rare,Lost Origin Trainer Gallery,,,2026-07-21T08:03:04.252Z,EUR,674225.0,,,,,,42.18,,,,,,
swsh11.5tg-TG05,Pikachu,TG05,Rare,Lost Origin Trainer Gallery,,,2026-07-22T08:03:06.471Z,EUR,674225.0,,,,,,42.18,,,,,,
swsh11.5tg-TG05,Pikachu,TG05,Rare,Lost Origin Trainer Gallery,,,2026-07-23T08:03:03.918Z,EUR,674225.0,,,,,,42.18,,,,,,
swsh11.5tg-TG05,Pikachu,TG05,Rare,Lost Origin Trainer Gallery,,,2026-07-24T08:03:04.300Z,EUR,674225.0,,,,,,42.18,,,,,,
swsh11.5tg-TG05,Pikachu,TG05,Rare,Lost Origin Trainer Gallery,,,2026-07-25T08:03:04.397Z,EUR,674225.0,,,,,,42.18,,,,,,
swsh11.5tg-TG05,Pikachu,TG05,Rare,Lost Origin Trainer Gallery,,,2026-07-26T08:03:04.571Z,EUR,674225.0,,,,,,40.91,,,,,,
swsh11.5tg-TG05,Pikachu,TG05,Rare,Lost Origin Trainer Gallery,,,2026-07-27T08:03:04.547Z,EUR,674225.0,,,,,,33.49,,,,,,
swsh11.5tg-TG16,Pikachu V,TG16,Ultra Rare,Lost Origin Trainer Gallery,,,2026-07-08T18:05:10.691Z,EUR,674234.0,,,,,,178.73,,,,,,
swsh11.5tg-TG16,Pikachu V,TG16,Ultra Rare,Lost Origin Trainer Gallery,,,2026-07-09T18:05:09.065Z,EUR,674234.0,,,,,,176.7,,,,,,
swsh11.5tg-TG16,Pikachu V,TG16,Ultra Rare,Lost Origin Trainer Gallery,,,2026-07-10T18:05:08.528Z,EUR,674234.0,,,,,,171.0,,,,,,
swsh11.5tg-TG16,Pikachu V,TG16,Ultra Rare,Lost Origin Trainer Gallery,,,2026-07-11T18:05:08.177Z,EUR,674234.0,,,,,,171.0,,,,,,
swsh11.5tg-TG16,Pikachu V,TG16,Ultra Rare,Lost Origin Trainer Gallery,,,2026-07-12T18:05:09.193Z,EUR,674234.0,,,,,,171.0,,,,,,
swsh11.5tg-TG16,Pikachu V,TG16,Ultra Rare,Lost Origin Trainer Gallery,,,2026-07-13T18:05:07.846Z,EUR,674234.0,,,,,,171.0,,,,,,
swsh11.5tg-TG16,Pikachu V,TG16,Ultra Rare,Lost Origin Trainer Gallery,,,2026-07-14T18:05:08.458Z,EUR,674234.0,,,,,,171.0,,,,,,
swsh11.5tg-TG16,Pikachu V,TG16,Ultra Rare,Lost Origin Trainer Gallery,,,2026-07-15T18:05:08.182Z,EUR,674234.0,,,,,,171.0,,,,,,
swsh11.5tg-TG16,Pikachu V,TG16,Ultra Rare,Lost Origin Trainer Gallery,,,2026-07-16T18:05:08.253Z,EUR,674234.0,,,,,,171.0,,,,,,
swsh11.5tg-TG16,Pikachu V,TG16,Ultra Rare,Lost Origin Trainer Gallery,,,2026-07-17T18:05:09.271Z,EUR,674234.0,,,,,,171.0,,,,,,
swsh11.5tg-TG16,Pikachu V,TG16,Ultra Rare,Lost Origin Trainer Gallery,,,2026-07-18T08:02:59.776Z,EUR,674234.0,,,,,,171.0,,,,,,
swsh11.5tg-TG16,Pikachu V,TG16,Ultra Rare,Lost Origin Trainer Gallery,,,2026-07-19T08:03:04.658Z,EUR,674234.0,,,,,,171.0,,,,,,
swsh11.5tg-TG16,Pikachu V,TG16,Ultra Rare,Lost Origin Trainer Gallery,,,2026-07-20T08:03:04.265Z,EUR,674234.0,,,,,,68.27,,,,,,
swsh11.5tg-TG16,Pikachu V,TG16,Ultra Rare,Lost Origin Trainer Gallery,,,2026-07-21T08:03:04.252Z,EUR,674234.0,,,,,,68.27,,,,,,
swsh11.5tg-TG16,Pikachu V,TG16,Ultra Rare,Lost Origin Trainer Gallery,,,2026-07-22T08:03:06.471Z,EUR,674234.0,,,,,,68.27,,,,,,
swsh11.5tg-TG16,Pikachu V,TG16,Ultra Rare,Lost Origin Trainer Gallery,,,2026-07-23T08:03:03.918Z,EUR,674234.0,,,,,,68.27,,,,,,
swsh11.5tg-TG16,Pikachu V,TG16,Ultra Rare,Lost Origin Trainer Gallery,,,2026-07-24T08:03:04.144Z,EUR,674234.0,,,,,,68.27,,,,,,
swsh11.5tg-TG16,Pikachu V,TG16,Ultra Rare,Lost Origin Trainer Gallery,,,2026-07-25T08:03:04.261Z,EUR,674234.0,,,,,,68.27,,,,,,
swsh11.5tg-TG16,Pikachu V,TG16,Ultra Rare,Lost Origin Trainer Gallery,,,2026-07-26T08:03:04.532Z,EUR,674234.0,,,,,,114.0,,,,,,
swsh11.5tg-TG16,Pikachu V,TG16,Ultra Rare,Lost Origin Trainer Gallery,,,2026-07-27T08:03:04.547Z,EUR,674234.0,,,,,,126.54,,,,,,
swsh11.5tg-TG17,Pikachu VMAX,TG17,Ultra Rare,Lost Origin Trainer Gallery,,,2026-07-08T18:05:10.078Z,EUR,674235.0,,,,,,113.92,,,,,,
swsh11.5tg-TG17,Pikachu VMAX,TG17,Ultra Rare,Lost Origin Trainer Gallery,,,2026-07-09T18:05:09.065Z,EUR,674235.0,,,,,,113.53,,,,,,
swsh11.5tg-TG17,Pikachu VMAX,TG17,Ultra Rare,Lost Origin Trainer Gallery,,,2026-07-10T18:05:08.528Z,EUR,674235.0,,,,,,62.7,,,,,,
swsh11.5tg-TG17,Pikachu VMAX,TG17,Ultra Rare,Lost Origin Trainer Gallery,,,2026-07-11T18:05:08.177Z,EUR,674235.0,,,,,,62.7,,,,,,
swsh11.5tg-TG17,Pikachu VMAX,TG17,Ultra Rare,Lost Origin Trainer Gallery,,,2026-07-12T18:05:09.193Z,EUR,674235.0,,,,,,62.7,,,,,,
swsh11.5tg-TG17,Pikachu VMAX,TG17,Ultra Rare,Lost Origin Trainer Gallery,,,2026-07-13T18:05:07.846Z,EUR,674235.0,,,,,,62.7,,,,,,
swsh11.5tg-TG17,Pikachu VMAX,TG17,Ultra Rare,Lost Origin Trainer Gallery,,,2026-07-14T18:05:08.458Z,EUR,674235.0,,,,,,62.7,,,,,,
swsh11.5tg-TG17,Pikachu VMAX,TG17,Ultra Rare,Lost Origin Trainer Gallery,,,2026-07-15T18:05:08.182Z,EUR,674235.0,,,,,,62.7,,,,,,
swsh11.5tg-TG17,Pikachu VMAX,TG17,Ultra Rare,Lost Origin Trainer Gallery,,,2026-07-16T18:05:08.253Z,EUR,674235.0,,,,,,62.7,,,,,,
swsh11.5tg-TG17,Pikachu VMAX,TG17,Ultra Rare,Lost Origin Trainer Gallery,,,2026-07-17T18:05:09.271Z,EUR,674235.0,,,,,,62.7,,,,,,
swsh11.5tg-TG17,Pikachu VMAX,TG17,Ultra Rare,Lost Origin Trainer Gallery,,,2026-07-18T08:02:59.776Z,EUR,674235.0,,,,,,62.7,,,,,,
swsh11.5tg-TG17,Pikachu VMAX,TG17,Ultra Rare,Lost Origin Trainer Gallery,,,2026-07-19T08:03:04.320Z,EUR,674235.0,,,,,,62.7,,,,,,
swsh11.5tg-TG17,Pikachu VMAX,TG17,Ultra Rare,Lost Origin Trainer Gallery,,,2026-07-20T08:03:04.386Z,EUR,674235.0,,,,,,87.77,,,,,,
swsh11.5tg-TG17,Pikachu VMAX,TG17,Ultra Rare,Lost Origin Trainer Gallery,,,2026-07-21T08:03:04.252Z,EUR,674235.0,,,,,,87.77,,,,,,
swsh11.5tg-TG17,Pikachu VMAX,TG17,Ultra Rare,Lost Origin Trainer Gallery,,,2026-07-22T08:03:06.471Z,EUR,674235.0,,,,,,87.77,,,,,,
swsh11.5tg-TG17,Pikachu VMAX,TG17,Ultra Rare,Lost Origin Trainer Gallery,,,2026-07-23T08:03:03.918Z,EUR,674235.0,,,,,,87.77,,,,,,
swsh11.5tg-TG17,Pikachu VMAX,TG17,Ultra Rare,Lost Origin Trainer Gallery,,,2026-07-24T08:03:04.300Z,EUR,674235.0,,,,,,87.77,,,,,,
swsh11.5tg-TG17,Pikachu VMAX,TG17,Ultra Rare,Lost Origin Trainer Gallery,,,2026-07-25T08:03:04.397Z,EUR,674235.0,,,,,,87.77,,,,,,
swsh11.5tg-TG17,Pikachu VMAX,TG17,Ultra Rare,Lost Origin Trainer Gallery,,,2026-07-26T08:03:04.532Z,EUR,674235.0,,,,,,82.08,,,,,,
swsh11.5tg-TG17,Pikachu VMAX,TG17,Ultra Rare,Lost Origin Trainer Gallery,,,2026-07-27T08:03:04.547Z,EUR,674235.0,,,,,,82.08,,,,,,
swsh11.5tg-TG29,Pikachu VMAX,TG29,Secret Rare,Lost Origin Trainer Gallery,,,2026-07-08T18:05:10.078Z,EUR,674244.0,,,,,,17.93,,,,,,
swsh11.5tg-TG29,Pikachu VMAX,TG29,Secret Rare,Lost Origin Trainer Gallery,,,2026-07-09T18:05:09.065Z,EUR,674244.0,,,,,,20.01,,,,,,
swsh11.5tg-TG29,Pikachu VMAX,TG29,Secret Rare,Lost Origin Trainer Gallery,,,2026-07-10T18:05:08.528Z,EUR,674244.0,,,,,,19.92,,,,,,
swsh11.5tg-TG29,Pikachu VMAX,TG29,Secret Rare,Lost Origin Trainer Gallery,,,2026-07-11T18:05:08.177Z,EUR,674244.0,,,,,,19.92,,,,,,
swsh11.5tg-TG29,Pikachu VMAX,TG29,Secret Rare,Lost Origin Trainer Gallery,,,2026-07-12T18:05:08.999Z,EUR,674244.0,,,,,,19.92,,,,,,
swsh11.5tg-TG29,Pikachu VMAX,TG29,Secret Rare,Lost Origin Trainer Gallery,,,2026-07-13T18:05:07.999Z,EUR,674244.0,,,,,,15.95,,,,,,
swsh11.5tg-TG29,Pikachu VMAX,TG29,Secret Rare,Lost Origin Trainer Gallery,,,2026-07-14T18:05:08.458Z,EUR,674244.0,,,,,,15.95,,,,,,
swsh11.5tg-TG29,Pikachu VMAX,TG29,Secret Rare,Lost Origin Trainer Gallery,,,2026-07-15T18:05:08.182Z,EUR,674244.0,,,,,,15.95,,,,,,
swsh11.5tg-TG29,Pikachu VMAX,TG29,Secret Rare,Lost Origin Trainer Gallery,,,2026-07-16T18:05:08.253Z,EUR,674244.0,,,,,,15.95,,,,,,
swsh11.5tg-TG29,Pikachu VMAX,TG29,Secret Rare,Lost Origin Trainer Gallery,,,2026-07-17T18:05:10.089Z,EUR,674244.0,,,,,,15.95,,,,,,
swsh11.5tg-TG29,Pikachu VMAX,TG29,Secret Rare,Lost Origin Trainer Gallery,,,2026-07-18T08:02:59.776Z,EUR,674244.0,,,,,,15.95,,,,,,
swsh11.5tg-TG29,Pikachu VMAX,TG29,Secret Rare,Lost Origin Trainer Gallery,,,2026-07-19T08:03:04.658Z,EUR,674244.0,,,,,,15.95,,,,,,
swsh11.5tg-TG29,Pikachu VMAX,TG29,Secret Rare,Lost Origin Trainer Gallery,,,2026-07-20T08:03:04.386Z,EUR,674244.0,,,,,,28.5,,,,,,
swsh11.5tg-TG29,Pikachu VMAX,TG29,Secret Rare,Lost Origin Trainer Gallery,,,2026-07-21T08:03:04.252Z,EUR,674244.0,,,,,,28.5,,,,,,
swsh11.5tg-TG29,Pikachu VMAX,TG29,Secret Rare,Lost Origin Trainer Gallery,,,2026-07-22T08:03:06.471Z,EUR,674244.0,,,,,,28.5,,,,,,
swsh11.5tg-TG29,Pikachu VMAX,TG29,Secret Rare,Lost Origin Trainer Gallery,,,2026-07-23T08:03:03.918Z,EUR,674244.0,,,,,,28.5,,,,,,
swsh11.5tg-TG29,Pikachu VMAX,TG29,Secret Rare,Lost Origin Trainer Gallery,,,2026-07-24T08:03:04.581Z,EUR,674244.0,,,,,,28.5,,,,,,
swsh11.5tg-TG29,Pikachu VMAX,TG29,Secret Rare,Lost Origin Trainer Gallery,,,2026-07-25T08:03:04.261Z,EUR,674244.0,,,,,,28.5,,,,,,
swsh11.5tg-TG29,Pikachu VMAX,TG29,Secret Rare,Lost Origin Trainer Gallery,,,2026-07-26T08:03:04.532Z,EUR,674244.0,,,,,,17.1,,,,,,
swsh11.5tg-TG29,Pikachu VMAX,TG29,Secret Rare,Lost Origin Trainer Gallery,,,2026-07-27T08:03:04.547Z,EUR,674244.0,,,,,,21.35,,,,,,
swsh12-049,Pikachu,049,Common,Silver Tempest,2026-07-08T18:05:07.417Z,USD,2026-07-08T18:05:10.691Z,EUR,682096.0,,451703.0,451703.0,,,0.14,1.08,0.4,,1.29,,
swsh12-049,Pikachu,049,Common,Silver Tempest,2026-07-09T18:05:06.590Z,USD,2026-07-09T18:05:09.065Z,EUR,682096.0,,451703.0,451703.0,,,0.05,0.3,0.47,,1.27,,
swsh12-049,Pikachu,049,Common,Silver Tempest,2026-07-10T18:05:06.206Z,USD,2026-07-10T18:05:08.528Z,EUR,682096.0,,451703.0,451703.0,,,0.05,0.63,0.48,,1.38,,
swsh12-049,Pikachu,049,Common,Silver Tempest,2026-07-11T18:05:05.846Z,USD,2026-07-11T18:05:08.177Z,EUR,682096.0,,451703.0,451703.0,,,0.05,0.63,0.36,,1.4,,
swsh12-049,Pikachu,049,Common,Silver Tempest,2026-07-12T18:05:07.161Z,USD,2026-07-12T18:05:18.426Z,EUR,682096.0,,451703.0,451703.0,,,0.05,0.63,0.33,,1.4,,
swsh12-049,Pikachu,049,Common,Silver Tempest,2026-07-13T18:05:06.186Z,USD,2026-07-13T18:05:07.999Z,EUR,682096.0,,451703.0,451703.0,,,0.03,0.67,0.35,,1.42,,
swsh12-049,Pikachu,049,Common,Silver Tempest,2026-07-14T18:05:05.917Z,USD,2026-07-14T18:05:07.978Z,EUR,682096.0,,451703.0,451703.0,,,0.03,0.67,0.56,,1.51,,
swsh12-049,Pikachu,049,Common,Silver Tempest,2026-07-15T18:05:05.860Z,USD,2026-07-15T18:05:08.182Z,EUR,682096.0,,451703.0,451703.0,,,0.03,0.67,0.71,,1.37,,
swsh12-049,Pikachu,049,Common,Silver Tempest,2026-07-16T18:05:05.875Z,USD,2026-07-16T18:05:08.338Z,EUR,682096.0,,451703.0,451703.0,,,0.03,0.67,0.7,,1.46,,
swsh12-049,Pikachu,049,Common,Silver Tempest,2026-07-17T18:05:07.269Z,USD,2026-07-17T18:05:09.271Z,EUR,682096.0,,451703.0,451703.0,,,0.03,0.67,0.46,,1.49,,
swsh12-049,Pikachu,049,Common,Silver Tempest,2026-07-18T08:02:56.906Z,USD,2026-07-18T08:02:59.776Z,EUR,682096.0,,451703.0,451703.0,,,0.03,0.67,0.47,,1.4,,
swsh12-049,Pikachu,049,Common,Silver Tempest,2026-07-19T08:03:02.267Z,USD,2026-07-19T08:03:04.558Z,EUR,682096.0,,451703.0,451703.0,,,0.03,0.67,0.4,,1.39,,
swsh12-049,Pikachu,049,Common,Silver Tempest,2026-07-20T08:03:02.124Z,USD,2026-07-20T08:03:04.265Z,EUR,682096.0,,451703.0,451703.0,,,0.09,0.56,0.51,,1.42,,
swsh12-049,Pikachu,049,Common,Silver Tempest,2026-07-21T08:03:02.210Z,USD,2026-07-21T08:03:04.252Z,EUR,682096.0,,451703.0,451703.0,,,0.09,0.56,0.54,,1.39,,
swsh12-049,Pikachu,049,Common,Silver Tempest,2026-07-22T08:03:04.029Z,USD,2026-07-22T08:03:06.627Z,EUR,682096.0,,451703.0,451703.0,,,0.09,0.56,0.51,,1.35,,
swsh12-049,Pikachu,049,Common,Silver Tempest,2026-07-23T08:03:01.852Z,USD,2026-07-23T08:03:03.918Z,EUR,682096.0,,451703.0,451703.0,,,0.09,0.56,0.48,,1.37,,
swsh12-049,Pikachu,049,Common,Silver Tempest,2026-07-24T08:03:02.226Z,USD,2026-07-24T08:03:04.300Z,EUR,682096.0,,451703.0,451703.0,,,0.09,0.56,0.43,,1.37,,
swsh12-049,Pikachu,049,Common,Silver Tempest,2026-07-25T08:03:02.210Z,USD,2026-07-25T08:03:04.261Z,EUR,682096.0,,451703.0,451703.0,,,0.09,0.56,0.53,,1.31,,
swsh12-049,Pikachu,049,Common,Silver Tempest,2026-07-26T08:03:34.225Z,USD,2026-07-26T08:03:04.571Z,EUR,682096.0,,451703.0,451703.0,,,0.17,0.6,0.52,,1.3,,
swsh12-049,Pikachu,049,Common,Silver Tempest,2026-07-27T08:03:33.208Z,USD,2026-07-27T08:03:04.458Z,EUR,682096.0,,451703.0,451703.0,,,0.19,0.72,0.5,,1.45,,
swsh12.5-160,Pikachu,160,Secret Rare,Crown Zenith,2026-07-08T18:05:07.421Z,USD,2026-07-08T18:05:10.691Z,EUR,691879.0,478103.0,,,,,66.22,,,51.44,,,
swsh12.5-160,Pikachu,160,Secret Rare,Crown Zenith,2026-07-09T18:05:06.592Z,USD,2026-07-09T18:05:09.065Z,EUR,691879.0,478103.0,,,,,87.19,,,51.38,,,
swsh12.5-160,Pikachu,160,Secret Rare,Crown Zenith,2026-07-10T18:05:06.218Z,USD,2026-07-10T18:05:08.528Z,EUR,691879.0,478103.0,,,,,69.88,,,50.92,,,
swsh12.5-160,Pikachu,160,Secret Rare,Crown Zenith,2026-07-11T18:05:05.851Z,USD,2026-07-11T18:05:07.832Z,EUR,691879.0,478103.0,,,,,69.88,,,51.62,,,
swsh12.5-160,Pikachu,160,Secret Rare,Crown Zenith,2026-07-12T18:05:07.165Z,USD,2026-07-12T18:05:09.193Z,EUR,691879.0,478103.0,,,,,69.88,,,51.92,,,
swsh12.5-160,Pikachu,160,Secret Rare,Crown Zenith,2026-07-13T18:05:06.189Z,USD,2026-07-13T18:05:07.901Z,EUR,691879.0,478103.0,,,,,65.93,,,51.7,,,
swsh12.5-160,Pikachu,160,Secret Rare,Crown Zenith,2026-07-14T18:05:05.920Z,USD,2026-07-14T18:05:07.978Z,EUR,691879.0,478103.0,,,,,65.93,,,51.29,,,
swsh12.5-160,Pikachu,160,Secret Rare,Crown Zenith,2026-07-15T18:05:05.863Z,USD,2026-07-15T18:05:08.182Z,EUR,691879.0,478103.0,,,,,65.93,,,50.66,,,
swsh12.5-160,Pikachu,160,Secret Rare,Crown Zenith,2026-07-16T18:05:05.879Z,USD,2026-07-16T18:05:08.727Z,EUR,691879.0,478103.0,,,,,65.93,,,50.21,,,
swsh12.5-160,Pikachu,160,Secret Rare,Crown Zenith,2026-07-17T18:05:07.273Z,USD,2026-07-17T18:05:09.271Z,EUR,691879.0,478103.0,,,,,65.93,,,49.05,,,
swsh12.5-160,Pikachu,160,Secret Rare,Crown Zenith,2026-07-18T08:02:56.911Z,USD,2026-07-18T08:02:59.387Z,EUR,691879.0,478103.0,,,,,65.93,,,46.59,,,
swsh12.5-160,Pikachu,160,Secret Rare,Crown Zenith,2026-07-19T08:03:02.269Z,USD,2026-07-19T08:03:04.558Z,EUR,691879.0,478103.0,,,,,65.93,,,45.95,,,
swsh12.5-160,Pikachu,160,Secret Rare,Crown Zenith,2026-07-20T08:03:02.127Z,USD,2026-07-20T08:03:04.386Z,EUR,691879.0,478103.0,,,,,61.1,,,45.35,,,
swsh12.5-160,Pikachu,160,Secret Rare,Crown Zenith,2026-07-21T08:03:02.214Z,USD,2026-07-21T08:03:04.252Z,EUR,691879.0,478103.0,,,,,61.1,,,45.27,,,
swsh12.5-160,Pikachu,160,Secret Rare,Crown Zenith,2026-07-22T08:03:04.042Z,USD,2026-07-22T08:03:06.558Z,EUR,691879.0,478103.0,,,,,61.1,,,44.64,,,
swsh12.5-160,Pikachu,160,Secret Rare,Crown Zenith,2026-07-23T08:03:01.857Z,USD,2026-07-23T08:03:03.918Z,EUR,691879.0,478103.0,,,,,61.1,,,43.65,,,
swsh12.5-160,Pikachu,160,Secret Rare,Crown Zenith,2026-07-24T08:03:02.229Z,USD,2026-07-24T08:03:04.300Z,EUR,691879.0,478103.0,,,,,61.1,,,43.37,,,
swsh12.5-160,Pikachu,160,Secret Rare,Crown Zenith,2026-07-25T08:03:02.215Z,USD,2026-07-25T08:03:04.302Z,EUR,691879.0,478103.0,,,,,61.1,,,44.12,,,
swsh12.5-160,Pikachu,160,Secret Rare,Crown Zenith,2026-07-26T08:03:34.380Z,USD,2026-07-26T08:03:04.571Z,EUR,691879.0,478103.0,,,,,47.12,,,44.5,,,
swsh12.5-160,Pikachu,160,Secret Rare,Crown Zenith,2026-07-27T08:03:33.379Z,USD,2026-07-27T08:03:04.705Z,EUR,691879.0,478103.0,,,,,58.65,,,45.34,,,
swsh12.5gg-GG30,Pikachu,GG30,Rare,Crown Zenith Galarian Gallery,,,2026-07-08T18:05:10.691Z,EUR,691909.0,,,,,,65.95,,,,,,
swsh12.5gg-GG30,Pikachu,GG30,Rare,Crown Zenith Galarian Gallery,,,2026-07-09T18:05:09.065Z,EUR,691909.0,,,,,,62.49,,,,,,
swsh12.5gg-GG30,Pikachu,GG30,Rare,Crown Zenith Galarian Gallery,,,2026-07-10T18:05:08.528Z,EUR,691909.0,,,,,,63.66,,,,,,
swsh12.5gg-GG30,Pikachu,GG30,Rare,Crown Zenith Galarian Gallery,,,2026-07-11T18:05:08.177Z,EUR,691909.0,,,,,,63.66,,,,,,
swsh12.5gg-GG30,Pikachu,GG30,Rare,Crown Zenith Galarian Gallery,,,2026-07-12T18:05:09.193Z,EUR,691909.0,,,,,,63.66,,,,,,
swsh12.5gg-GG30,Pikachu,GG30,Rare,Crown Zenith Galarian Gallery,,,2026-07-13T18:05:07.999Z,EUR,691909.0,,,,,,67.82,,,,,,
swsh12.5gg-GG30,Pikachu,GG30,Rare,Crown Zenith Galarian Gallery,,,2026-07-14T18:05:08.458Z,EUR,691909.0,,,,,,67.82,,,,,,
swsh12.5gg-GG30,Pikachu,GG30,Rare,Crown Zenith Galarian Gallery,,,2026-07-15T18:05:08.182Z,EUR,691909.0,,,,,,67.82,,,,,,
swsh12.5gg-GG30,Pikachu,GG30,Rare,Crown Zenith Galarian Gallery,,,2026-07-16T18:05:08.727Z,EUR,691909.0,,,,,,67.82,,,,,,
swsh12.5gg-GG30,Pikachu,GG30,Rare,Crown Zenith Galarian Gallery,,,2026-07-17T18:05:09.271Z,EUR,691909.0,,,,,,67.82,,,,,,
swsh12.5gg-GG30,Pikachu,GG30,Rare,Crown Zenith Galarian Gallery,,,2026-07-18T08:02:59.776Z,EUR,691909.0,,,,,,67.82,,,,,,
swsh12.5gg-GG30,Pikachu,GG30,Rare,Crown Zenith Galarian Gallery,,,2026-07-19T08:03:04.658Z,EUR,691909.0,,,,,,67.82,,,,,,
swsh12.5gg-GG30,Pikachu,GG30,Rare,Crown Zenith Galarian Gallery,,,2026-07-20T08:03:04.265Z,EUR,691909.0,,,,,,56.89,,,,,,
swsh12.5gg-GG30,Pikachu,GG30,Rare,Crown Zenith Galarian Gallery,,,2026-07-21T08:03:04.252Z,EUR,691909.0,,,,,,56.89,,,,,,
swsh12.5gg-GG30,Pikachu,GG30,Rare,Crown Zenith Galarian Gallery,,,2026-07-22T08:03:06.627Z,EUR,691909.0,,,,,,56.89,,,,,,
swsh12.5gg-GG30,Pikachu,GG30,Rare,Crown Zenith Galarian Gallery,,,2026-07-23T08:03:03.918Z,EUR,691909.0,,,,,,56.89,,,,,,
swsh12.5gg-GG30,Pikachu,GG30,Rare,Crown Zenith Galarian Gallery,,,2026-07-24T08:03:04.300Z,EUR,691909.0,,,,,,56.89,,,,,,
swsh12.5gg-GG30,Pikachu,GG30,Rare,Crown Zenith Galarian Gallery,,,2026-07-25T08:03:04.624Z,EUR,691909.0,,,,,,56.89,,,,,,
swsh12.5gg-GG30,Pikachu,GG30,Rare,Crown Zenith Galarian Gallery,,,2026-07-26T08:03:04.532Z,EUR,691909.0,,,,,,56.24,,,,,,
swsh12.5gg-GG30,Pikachu,GG30,Rare,Crown Zenith Galarian Gallery,,,2026-07-27T08:03:04.689Z,EUR,691909.0,,,,,,51.3,,,,,,
swsh4-170,Pikachu V,170,Ultra Rare,Vivid Voltage,2026-07-08T18:05:07.326Z,USD,2026-07-08T18:05:10.691Z,EUR,512560.0,226431.0,,,,,34.2,79.8,,44.09,,,
swsh4-170,Pikachu V,170,Ultra Rare,Vivid Voltage,2026-07-09T18:05:06.539Z,USD,2026-07-09T18:05:09.065Z,EUR,512560.0,226431.0,,,,,31.42,79.8,,44.23,,,
swsh4-170,Pikachu V,170,Ultra Rare,Vivid Voltage,2026-07-10T18:05:06.157Z,USD,2026-07-10T18:05:08.528Z,EUR,512560.0,226431.0,,,,,31.42,79.8,,44.48,,,
swsh4-170,Pikachu V,170,Ultra Rare,Vivid Voltage,2026-07-11T18:05:05.793Z,USD,2026-07-11T18:05:08.252Z,EUR,512560.0,226431.0,,,,,31.42,79.8,,44.48,,,
swsh4-170,Pikachu V,170,Ultra Rare,Vivid Voltage,2026-07-12T18:05:07.119Z,USD,2026-07-12T18:05:08.999Z,EUR,512560.0,226431.0,,,,,31.42,79.8,,44.48,,,
swsh4-170,Pikachu V,170,Ultra Rare,Vivid Voltage,2026-07-13T18:05:06.115Z,USD,2026-07-13T18:05:07.846Z,EUR,512560.0,226431.0,,,,,45.6,79.8,,44.48,,,
swsh4-170,Pikachu V,170,Ultra Rare,Vivid Voltage,2026-07-14T18:05:05.861Z,USD,2026-07-14T18:05:07.978Z,EUR,512560.0,226431.0,,,,,45.6,79.8,,45.67,,,
swsh4-170,Pikachu V,170,Ultra Rare,Vivid Voltage,2026-07-15T18:05:05.812Z,USD,2026-07-15T18:05:08.182Z,EUR,512560.0,226431.0,,,,,45.6,79.8,,46.67,,,
swsh4-170,Pikachu V,170,Ultra Rare,Vivid Voltage,2026-07-16T18:05:05.841Z,USD,2026-07-16T18:05:08.253Z,EUR,512560.0,226431.0,,,,,45.6,79.8,,47.44,,,
swsh4-170,Pikachu V,170,Ultra Rare,Vivid Voltage,2026-07-17T18:05:07.229Z,USD,2026-07-17T18:05:09.396Z,EUR,512560.0,226431.0,,,,,45.6,79.8,,47.24,,,
swsh4-170,Pikachu V,170,Ultra Rare,Vivid Voltage,2026-07-18T08:02:56.874Z,USD,2026-07-18T08:02:59.776Z,EUR,512560.0,226431.0,,,,,45.6,79.8,,47.28,,,
swsh4-170,Pikachu V,170,Ultra Rare,Vivid Voltage,2026-07-19T08:03:02.232Z,USD,2026-07-19T08:03:04.658Z,EUR,512560.0,226431.0,,,,,45.6,79.8,,47.73,,,
swsh4-170,Pikachu V,170,Ultra Rare,Vivid Voltage,2026-07-20T08:03:02.090Z,USD,2026-07-20T08:03:04.490Z,EUR,512560.0,226431.0,,,,,44.45,79.8,,47.01,,,
swsh4-170,Pikachu V,170,Ultra Rare,Vivid Voltage,2026-07-21T08:03:02.154Z,USD,2026-07-21T08:03:04.252Z,EUR,512560.0,226431.0,,,,,44.45,79.8,,47.01,,,
swsh4-170,Pikachu V,170,Ultra Rare,Vivid Voltage,2026-07-22T08:03:03.954Z,USD,2026-07-22T08:03:06.627Z,EUR,512560.0,226431.0,,,,,44.45,79.8,,47.01,,,
swsh4-170,Pikachu V,170,Ultra Rare,Vivid Voltage,2026-07-23T08:03:01.804Z,USD,2026-07-23T08:03:03.918Z,EUR,512560.0,226431.0,,,,,44.45,79.8,,46.91,,,
swsh4-170,Pikachu V,170,Ultra Rare,Vivid Voltage,2026-07-24T08:03:02.172Z,USD,2026-07-24T08:03:04.300Z,EUR,512560.0,226431.0,,,,,44.45,79.8,,46.91,,,
swsh4-170,Pikachu V,170,Ultra Rare,Vivid Voltage,2026-07-25T08:03:02.163Z,USD,2026-07-25T08:03:04.624Z,EUR,512560.0,226431.0,,,,,44.45,79.8,,46.91,,,
swsh4-170,Pikachu V,170,Ultra Rare,Vivid Voltage,2026-07-26T08:03:31.471Z,USD,2026-07-26T08:03:04.571Z,EUR,512560.0,226431.0,,,,,54.72,79.8,,46.91,,,
swsh4-170,Pikachu V,170,Ultra Rare,Vivid Voltage,2026-07-27T08:03:29.743Z,USD,2026-07-27T08:03:04.705Z,EUR,512560.0,226431.0,,,,,54.72,79.8,,46.91,,,
swsh4-188,Pikachu VMAX,188,Secret Rare,Vivid Voltage,2026-07-08T18:05:07.326Z,USD,2026-07-08T18:05:10.078Z,EUR,512650.0,226434.0,,,,,127.68,302.1,,200.19,,,
swsh4-188,Pikachu VMAX,188,Secret Rare,Vivid Voltage,2026-07-09T18:05:06.539Z,USD,2026-07-09T18:05:09.065Z,EUR,512650.0,226434.0,,,,,57.0,302.1,,200.19,,,
swsh4-188,Pikachu VMAX,188,Secret Rare,Vivid Voltage,2026-07-10T18:05:06.157Z,USD,2026-07-10T18:05:08.528Z,EUR,512650.0,226434.0,,,,,57.0,302.1,,200.19,,,
swsh4-188,Pikachu VMAX,188,Secret Rare,Vivid Voltage,2026-07-11T18:05:05.793Z,USD,2026-07-11T18:05:08.177Z,EUR,512650.0,226434.0,,,,,57.0,302.1,,200.19,,,
swsh4-188,Pikachu VMAX,188,Secret Rare,Vivid Voltage,2026-07-12T18:05:07.119Z,USD,2026-07-12T18:05:08.999Z,EUR,512650.0,226434.0,,,,,57.0,302.1,,200.19,,,
swsh4-188,Pikachu VMAX,188,Secret Rare,Vivid Voltage,2026-07-13T18:05:06.115Z,USD,2026-07-13T18:05:07.846Z,EUR,512650.0,226434.0,,,,,122.55,302.1,,200.19,,,
swsh4-188,Pikachu VMAX,188,Secret Rare,Vivid Voltage,2026-07-14T18:05:05.861Z,USD,2026-07-14T18:05:08.458Z,EUR,512650.0,226434.0,,,,,122.55,302.1,,200.19,,,
swsh4-188,Pikachu VMAX,188,Secret Rare,Vivid Voltage,2026-07-15T18:05:05.812Z,USD,2026-07-15T18:05:08.182Z,EUR,512650.0,226434.0,,,,,122.55,302.1,,198.04,,,
swsh4-188,Pikachu VMAX,188,Secret Rare,Vivid Voltage,2026-07-16T18:05:05.841Z,USD,2026-07-16T18:05:08.727Z,EUR,512650.0,226434.0,,,,,122.55,302.1,,200.19,,,
swsh4-188,Pikachu VMAX,188,Secret Rare,Vivid Voltage,2026-07-17T18:05:07.229Z,USD,2026-07-17T18:05:09.271Z,EUR,512650.0,226434.0,,,,,122.55,302.1,,200.19,,,
swsh4-188,Pikachu VMAX,188,Secret Rare,Vivid Voltage,2026-07-18T08:02:56.874Z,USD,2026-07-18T08:02:59.387Z,EUR,512650.0,226434.0,,,,,122.55,302.1,,200.19,,,
swsh4-188,Pikachu VMAX,188,Secret Rare,Vivid Voltage,2026-07-19T08:03:02.232Z,USD,2026-07-19T08:03:04.658Z,EUR,512650.0,226434.0,,,,,122.55,302.1,,200.19,,,
swsh4-188,Pikachu VMAX,188,Secret Rare,Vivid Voltage,2026-07-20T08:03:02.090Z,USD,2026-07-20T08:03:04.811Z,EUR,512650.0,226434.0,,,,,142.5,302.1,,199.56,,,
swsh4-188,Pikachu VMAX,188,Secret Rare,Vivid Voltage,2026-07-21T08:03:02.154Z,USD,2026-07-21T08:03:04.252Z,EUR,512650.0,226434.0,,,,,142.5,302.1,,199.56,,,
swsh4-188,Pikachu VMAX,188,Secret Rare,Vivid Voltage,2026-07-22T08:03:03.954Z,USD,2026-07-22T08:03:06.627Z,EUR,512650.0,226434.0,,,,,142.5,302.1,,200.25,,,
swsh4-188,Pikachu VMAX,188,Secret Rare,Vivid Voltage,2026-07-23T08:03:01.804Z,USD,2026-07-23T08:03:03.918Z,EUR,512650.0,226434.0,,,,,142.5,302.1,,200.92,,,
swsh4-188,Pikachu VMAX,188,Secret Rare,Vivid Voltage,2026-07-24T08:03:02.172Z,USD,2026-07-24T08:03:04.300Z,EUR,512650.0,226434.0,,,,,142.5,302.1,,199.95,,,
swsh4-188,Pikachu VMAX,188,Secret Rare,Vivid Voltage,2026-07-25T08:03:02.163Z,USD,2026-07-25T08:03:04.624Z,EUR,512650.0,226434.0,,,,,142.5,302.1,,199.95,,,
swsh4-188,Pikachu VMAX,188,Secret Rare,Vivid Voltage,2026-07-26T08:03:31.471Z,USD,2026-07-26T08:03:04.571Z,EUR,512650.0,226434.0,,,,,119.94,302.1,,199.95,,,
swsh4-188,Pikachu VMAX,188,Secret Rare,Vivid Voltage,2026-07-27T08:03:29.743Z,USD,2026-07-27T08:03:04.458Z,EUR,512650.0,226434.0,,,,,119.94,302.1,,199.95,,,
swsh4-43,Pikachu V,43,Holo Rare V,Vivid Voltage,2026-07-08T18:05:07.326Z,USD,2026-07-08T18:05:11.087Z,EUR,511635.0,226430.0,,,,,2.88,3.21,,2.49,,,
swsh4-43,Pikachu V,43,Holo Rare V,Vivid Voltage,2026-07-09T18:05:06.539Z,USD,2026-07-09T18:05:09.065Z,EUR,511635.0,226430.0,,,,,2.47,3.21,,2.52,,,
swsh4-43,Pikachu V,43,Holo Rare V,Vivid Voltage,2026-07-10T18:05:06.157Z,USD,2026-07-10T18:05:08.528Z,EUR,511635.0,226430.0,,,,,3.29,3.21,,2.66,,,
swsh4-43,Pikachu V,43,Holo Rare V,Vivid Voltage,2026-07-11T18:05:05.793Z,USD,2026-07-11T18:05:08.177Z,EUR,511635.0,226430.0,,,,,3.29,3.21,,2.6,,,
swsh4-43,Pikachu V,43,Holo Rare V,Vivid Voltage,2026-07-12T18:05:07.119Z,USD,2026-07-12T18:05:18.426Z,EUR,511635.0,226430.0,,,,,3.29,3.21,,2.56,,,
swsh4-43,Pikachu V,43,Holo Rare V,Vivid Voltage,2026-07-13T18:05:06.115Z,USD,2026-07-13T18:05:07.999Z,EUR,511635.0,226430.0,,,,,7.97,3.21,,2.51,,,
swsh4-43,Pikachu V,43,Holo Rare V,Vivid Voltage,2026-07-14T18:05:05.861Z,USD,2026-07-14T18:05:07.978Z,EUR,511635.0,226430.0,,,,,7.97,3.21,,2.61,,,
swsh4-43,Pikachu V,43,Holo Rare V,Vivid Voltage,2026-07-15T18:05:05.812Z,USD,2026-07-15T18:05:08.182Z,EUR,511635.0,226430.0,,,,,7.97,3.21,,2.62,,,
swsh4-43,Pikachu V,43,Holo Rare V,Vivid Voltage,2026-07-16T18:05:05.841Z,USD,2026-07-16T18:05:08.631Z,EUR,511635.0,226430.0,,,,,7.97,3.21,,2.54,,,
swsh4-43,Pikachu V,43,Holo Rare V,Vivid Voltage,2026-07-17T18:05:07.229Z,USD,2026-07-17T18:05:09.271Z,EUR,511635.0,226430.0,,,,,7.97,3.21,,2.4,,,
swsh4-43,Pikachu V,43,Holo Rare V,Vivid Voltage,2026-07-18T08:02:56.874Z,USD,2026-07-18T08:02:59.776Z,EUR,511635.0,226430.0,,,,,7.97,3.21,,2.38,,,
swsh4-43,Pikachu V,43,Holo Rare V,Vivid Voltage,2026-07-19T08:03:02.232Z,USD,2026-07-19T08:03:04.558Z,EUR,511635.0,226430.0,,,,,7.97,3.21,,2.37,,,
swsh4-43,Pikachu V,43,Holo Rare V,Vivid Voltage,2026-07-20T08:03:02.090Z,USD,2026-07-20T08:03:04.265Z,EUR,511635.0,226430.0,,,,,3.35,3.21,,2.42,,,
swsh4-43,Pikachu V,43,Holo Rare V,Vivid Voltage,2026-07-21T08:03:02.154Z,USD,2026-07-21T08:03:04.252Z,EUR,511635.0,226430.0,,,,,3.35,3.21,,2.34,,,
swsh4-43,Pikachu V,43,Holo Rare V,Vivid Voltage,2026-07-22T08:03:03.954Z,USD,2026-07-22T08:03:06.558Z,EUR,511635.0,226430.0,,,,,3.35,3.21,,2.27,,,
swsh4-43,Pikachu V,43,Holo Rare V,Vivid Voltage,2026-07-23T08:03:01.804Z,USD,2026-07-23T08:03:03.918Z,EUR,511635.0,226430.0,,,,,3.35,3.21,,2.31,,,
swsh4-43,Pikachu V,43,Holo Rare V,Vivid Voltage,2026-07-24T08:03:02.172Z,USD,2026-07-24T08:03:04.550Z,EUR,511635.0,226430.0,,,,,3.35,3.21,,2.6,,,
swsh4-43,Pikachu V,43,Holo Rare V,Vivid Voltage,2026-07-25T08:03:02.163Z,USD,2026-07-25T08:03:04.397Z,EUR,511635.0,226430.0,,,,,3.35,3.21,,2.68,,,
swsh4-43,Pikachu V,43,Holo Rare V,Vivid Voltage,2026-07-26T08:03:31.471Z,USD,2026-07-26T08:03:04.571Z,EUR,511635.0,226430.0,,,,,2.45,3.21,,2.68,,,
swsh4-43,Pikachu V,43,Holo Rare V,Vivid Voltage,2026-07-27T08:03:29.743Z,USD,2026-07-27T08:03:04.705Z,EUR,511635.0,226430.0,,,,,2.28,3.21,,2.67,,,
swsh4-44,Pikachu VMAX,44,Holo Rare VMAX,Vivid Voltage,2026-07-08T18:05:07.326Z,USD,2026-07-08T18:05:10.691Z,EUR,511640.0,226432.0,,,,,16.81,27.92,,12.04,,,
swsh4-44,Pikachu VMAX,44,Holo Rare VMAX,Vivid Voltage,2026-07-09T18:05:06.539Z,USD,2026-07-09T18:05:09.298Z,EUR,511640.0,226432.0,,,,,9.98,27.92,,11.03,,,
swsh4-44,Pikachu VMAX,44,Holo Rare VMAX,Vivid Voltage,2026-07-10T18:05:06.157Z,USD,2026-07-10T18:05:08.528Z,EUR,511640.0,226432.0,,,,,17.1,27.92,,11.36,,,
swsh4-44,Pikachu VMAX,44,Holo Rare VMAX,Vivid Voltage,2026-07-11T18:05:05.793Z,USD,2026-07-11T18:05:08.177Z,EUR,511640.0,226432.0,,,,,17.1,27.92,,11.28,,,
swsh4-44,Pikachu VMAX,44,Holo Rare VMAX,Vivid Voltage,2026-07-12T18:05:07.119Z,USD,2026-07-12T18:05:18.426Z,EUR,511640.0,226432.0,,,,,17.1,27.92,,11.4,,,
swsh4-44,Pikachu VMAX,44,Holo Rare VMAX,Vivid Voltage,2026-07-13T18:05:06.115Z,USD,2026-07-13T18:05:07.999Z,EUR,511640.0,226432.0,,,,,9.12,27.92,,11.73,,,
swsh4-44,Pikachu VMAX,44,Holo Rare VMAX,Vivid Voltage,2026-07-14T18:05:05.861Z,USD,2026-07-14T18:05:07.978Z,EUR,511640.0,226432.0,,,,,9.12,27.92,,11.7,,,
swsh4-44,Pikachu VMAX,44,Holo Rare VMAX,Vivid Voltage,2026-07-15T18:05:05.812Z,USD,2026-07-15T18:05:08.182Z,EUR,511640.0,226432.0,,,,,9.12,27.92,,11.54,,,
swsh4-44,Pikachu VMAX,44,Holo Rare VMAX,Vivid Voltage,2026-07-16T18:05:05.841Z,USD,2026-07-16T18:05:08.165Z,EUR,511640.0,226432.0,,,,,9.12,27.92,,11.98,,,
swsh4-44,Pikachu VMAX,44,Holo Rare VMAX,Vivid Voltage,2026-07-17T18:05:07.229Z,USD,2026-07-17T18:05:09.396Z,EUR,511640.0,226432.0,,,,,9.12,27.92,,11.77,,,
swsh4-44,Pikachu VMAX,44,Holo Rare VMAX,Vivid Voltage,2026-07-18T08:02:56.874Z,USD,2026-07-18T08:02:59.776Z,EUR,511640.0,226432.0,,,,,9.12,27.92,,11.84,,,
swsh4-44,Pikachu VMAX,44,Holo Rare VMAX,Vivid Voltage,2026-07-19T08:03:02.232Z,USD,2026-07-19T08:03:04.558Z,EUR,511640.0,226432.0,,,,,9.12,27.92,,12.67,,,
swsh4-44,Pikachu VMAX,44,Holo Rare VMAX,Vivid Voltage,2026-07-20T08:03:02.090Z,USD,2026-07-20T08:03:04.265Z,EUR,511640.0,226432.0,,,,,9.12,27.92,,12.41,,,
swsh4-44,Pikachu VMAX,44,Holo Rare VMAX,Vivid Voltage,2026-07-21T08:03:02.154Z,USD,2026-07-21T08:03:04.252Z,EUR,511640.0,226432.0,,,,,9.12,27.92,,12.71,,,
swsh4-44,Pikachu VMAX,44,Holo Rare VMAX,Vivid Voltage,2026-07-22T08:03:03.954Z,USD,2026-07-22T08:03:06.558Z,EUR,511640.0,226432.0,,,,,9.12,27.92,,12.78,,,
swsh4-44,Pikachu VMAX,44,Holo Rare VMAX,Vivid Voltage,2026-07-23T08:03:01.804Z,USD,2026-07-23T08:03:03.918Z,EUR,511640.0,226432.0,,,,,9.12,27.92,,12.58,,,
swsh4-44,Pikachu VMAX,44,Holo Rare VMAX,Vivid Voltage,2026-07-24T08:03:02.172Z,USD,2026-07-24T08:03:04.300Z,EUR,511640.0,226432.0,,,,,9.12,27.92,,12.15,,,
swsh4-44,Pikachu VMAX,44,Holo Rare VMAX,Vivid Voltage,2026-07-25T08:03:02.163Z,USD,2026-07-25T08:03:04.397Z,EUR,511640.0,226432.0,,,,,9.12,27.92,,12.14,,,
swsh4-44,Pikachu VMAX,44,Holo Rare VMAX,Vivid Voltage,2026-07-26T08:03:31.471Z,USD,2026-07-26T08:03:04.571Z,EUR,511640.0,226432.0,,,,,8.55,27.92,,11.93,,,
swsh4-44,Pikachu VMAX,44,Holo Rare VMAX,Vivid Voltage,2026-07-27T08:03:29.743Z,USD,2026-07-27T08:03:04.705Z,EUR,511640.0,226432.0,,,,,10.26,27.92,,11.86,,,
swsh7-49,Pikachu,49,Common,Evolving Skies,2026-07-08T18:05:07.345Z,USD,2026-07-08T18:05:10.691Z,EUR,574073.0,,246881.0,246881.0,,,0.14,0.71,0.34,,0.91,,
swsh7-49,Pikachu,49,Common,Evolving Skies,2026-07-09T18:05:06.557Z,USD,2026-07-09T18:05:09.065Z,EUR,574073.0,,246881.0,246881.0,,,0.02,0.47,0.33,,0.92,,
swsh7-49,Pikachu,49,Common,Evolving Skies,2026-07-10T18:05:06.187Z,USD,2026-07-10T18:05:08.528Z,EUR,574073.0,,246881.0,246881.0,,,0.31,0.17,0.35,,0.92,,
swsh7-49,Pikachu,49,Common,Evolving Skies,2026-07-11T18:05:05.814Z,USD,2026-07-11T18:05:08.177Z,EUR,574073.0,,246881.0,246881.0,,,0.31,0.17,0.36,,0.93,,
swsh7-49,Pikachu,49,Common,Evolving Skies,2026-07-12T18:05:07.133Z,USD,2026-07-12T18:05:18.426Z,EUR,574073.0,,246881.0,246881.0,,,0.31,0.17,0.35,,0.93,,
swsh7-49,Pikachu,49,Common,Evolving Skies,2026-07-13T18:05:06.156Z,USD,2026-07-13T18:05:07.999Z,EUR,574073.0,,246881.0,246881.0,,,0.34,0.4,0.36,,1.03,,
swsh7-49,Pikachu,49,Common,Evolving Skies,2026-07-14T18:05:05.874Z,USD,2026-07-14T18:05:07.978Z,EUR,574073.0,,246881.0,246881.0,,,0.34,0.4,0.33,,0.95,,
swsh7-49,Pikachu,49,Common,Evolving Skies,2026-07-15T18:05:05.831Z,USD,2026-07-15T18:05:08.182Z,EUR,574073.0,,246881.0,246881.0,,,0.34,0.4,0.33,,0.95,,
swsh7-49,Pikachu,49,Common,Evolving Skies,2026-07-16T18:05:05.852Z,USD,2026-07-16T18:05:08.338Z,EUR,574073.0,,246881.0,246881.0,,,0.34,0.4,0.35,,0.94,,
swsh7-49,Pikachu,49,Common,Evolving Skies,2026-07-17T18:05:07.242Z,USD,2026-07-17T18:05:09.271Z,EUR,574073.0,,246881.0,246881.0,,,0.34,0.4,0.34,,0.95,,
swsh7-49,Pikachu,49,Common,Evolving Skies,2026-07-18T08:02:56.886Z,USD,2026-07-18T08:02:59.776Z,EUR,574073.0,,246881.0,246881.0,,,0.34,0.4,0.3,,0.95,,
swsh7-49,Pikachu,49,Common,Evolving Skies,2026-07-19T08:03:02.244Z,USD,2026-07-19T08:03:04.558Z,EUR,574073.0,,246881.0,246881.0,,,0.34,0.4,0.28,,0.98,,
swsh7-49,Pikachu,49,Common,Evolving Skies,2026-07-20T08:03:02.103Z,USD,2026-07-20T08:03:04.265Z,EUR,574073.0,,246881.0,246881.0,,,0.05,0.23,0.32,,0.96,,
swsh7-49,Pikachu,49,Common,Evolving Skies,2026-07-21T08:03:02.168Z,USD,2026-07-21T08:03:04.252Z,EUR,574073.0,,246881.0,246881.0,,,0.05,0.23,0.38,,0.95,,
swsh7-49,Pikachu,49,Common,Evolving Skies,2026-07-22T08:03:03.970Z,USD,2026-07-22T08:03:06.627Z,EUR,574073.0,,246881.0,246881.0,,,0.05,0.23,0.4,,0.94,,
swsh7-49,Pikachu,49,Common,Evolving Skies,2026-07-23T08:03:01.819Z,USD,2026-07-23T08:03:03.918Z,EUR,574073.0,,246881.0,246881.0,,,0.05,0.23,0.36,,1.02,,
swsh7-49,Pikachu,49,Common,Evolving Skies,2026-07-24T08:03:02.185Z,USD,2026-07-24T08:03:04.550Z,EUR,574073.0,,246881.0,246881.0,,,0.05,0.23,0.34,,1.02,,
swsh7-49,Pikachu,49,Common,Evolving Skies,2026-07-25T08:03:02.179Z,USD,2026-07-25T08:03:04.397Z,EUR,574073.0,,246881.0,246881.0,,,0.05,0.23,0.37,,0.99,,
swsh7-49,Pikachu,49,Common,Evolving Skies,2026-07-26T08:03:32.507Z,USD,2026-07-26T08:03:04.571Z,EUR,574073.0,,246881.0,246881.0,,,0.18,0.64,0.39,,1.0,,
swsh7-49,Pikachu,49,Common,Evolving Skies,2026-07-27T08:03:31.149Z,USD,2026-07-27T08:03:04.705Z,EUR,574073.0,,246881.0,246881.0,,,0.18,0.64,0.4,,0.95,,
swsh8-86,Pikachu V,86,Holo Rare V,Fusion Strike,2026-07-08T18:05:07.350Z,USD,2026-07-08T18:05:10.691Z,EUR,582411.0,253241.0,,,,,2.71,,,3.23,,,
swsh8-86,Pikachu V,86,Holo Rare V,Fusion Strike,2026-07-09T18:05:06.564Z,USD,2026-07-09T18:05:09.065Z,EUR,582411.0,253241.0,,,,,3.63,,,3.41,,,
swsh8-86,Pikachu V,86,Holo Rare V,Fusion Strike,2026-07-10T18:05:06.191Z,USD,2026-07-10T18:05:08.528Z,EUR,582411.0,253241.0,,,,,1.71,,,4.01,,,
swsh8-86,Pikachu V,86,Holo Rare V,Fusion Strike,2026-07-11T18:05:05.825Z,USD,2026-07-11T18:05:08.252Z,EUR,582411.0,253241.0,,,,,1.71,,,3.85,,,
swsh8-86,Pikachu V,86,Holo Rare V,Fusion Strike,2026-07-12T18:05:07.141Z,USD,2026-07-12T18:05:08.999Z,EUR,582411.0,253241.0,,,,,1.71,,,3.85,,,
swsh8-86,Pikachu V,86,Holo Rare V,Fusion Strike,2026-07-13T18:05:06.166Z,USD,2026-07-13T18:05:07.846Z,EUR,582411.0,253241.0,,,,,2.28,,,3.89,,,
swsh8-86,Pikachu V,86,Holo Rare V,Fusion Strike,2026-07-14T18:05:05.879Z,USD,2026-07-14T18:05:08.458Z,EUR,582411.0,253241.0,,,,,2.28,,,3.89,,,
swsh8-86,Pikachu V,86,Holo Rare V,Fusion Strike,2026-07-15T18:05:05.840Z,USD,2026-07-15T18:05:08.182Z,EUR,582411.0,253241.0,,,,,2.28,,,3.78,,,
swsh8-86,Pikachu V,86,Holo Rare V,Fusion Strike,2026-07-16T18:05:05.859Z,USD,2026-07-16T18:05:08.165Z,EUR,582411.0,253241.0,,,,,2.28,,,3.76,,,
swsh8-86,Pikachu V,86,Holo Rare V,Fusion Strike,2026-07-17T18:05:07.248Z,USD,2026-07-17T18:05:09.396Z,EUR,582411.0,253241.0,,,,,2.28,,,3.71,,,
swsh8-86,Pikachu V,86,Holo Rare V,Fusion Strike,2026-07-18T08:02:56.891Z,USD,2026-07-18T08:02:59.387Z,EUR,582411.0,253241.0,,,,,2.28,,,3.69,,,
swsh8-86,Pikachu V,86,Holo Rare V,Fusion Strike,2026-07-19T08:03:02.251Z,USD,2026-07-19T08:03:04.558Z,EUR,582411.0,253241.0,,,,,2.28,,,3.72,,,
swsh8-86,Pikachu V,86,Holo Rare V,Fusion Strike,2026-07-20T08:03:02.109Z,USD,2026-07-20T08:03:04.490Z,EUR,582411.0,253241.0,,,,,3.53,,,3.77,,,
swsh8-86,Pikachu V,86,Holo Rare V,Fusion Strike,2026-07-21T08:03:02.173Z,USD,2026-07-21T08:03:04.252Z,EUR,582411.0,253241.0,,,,,3.53,,,3.66,,,
swsh8-86,Pikachu V,86,Holo Rare V,Fusion Strike,2026-07-22T08:03:03.987Z,USD,2026-07-22T08:03:06.471Z,EUR,582411.0,253241.0,,,,,3.53,,,3.73,,,
swsh8-86,Pikachu V,86,Holo Rare V,Fusion Strike,2026-07-23T08:03:01.827Z,USD,2026-07-23T08:03:03.918Z,EUR,582411.0,253241.0,,,,,3.53,,,3.68,,,
swsh8-86,Pikachu V,86,Holo Rare V,Fusion Strike,2026-07-24T08:03:02.200Z,USD,2026-07-24T08:03:04.300Z,EUR,582411.0,253241.0,,,,,3.53,,,3.42,,,
swsh8-86,Pikachu V,86,Holo Rare V,Fusion Strike,2026-07-25T08:03:02.186Z,USD,2026-07-25T08:03:04.397Z,EUR,582411.0,253241.0,,,,,3.53,,,3.6,,,
swsh8-86,Pikachu V,86,Holo Rare V,Fusion Strike,2026-07-26T08:03:32.844Z,USD,2026-07-26T08:03:04.377Z,EUR,582411.0,253241.0,,,,,3.33,,,3.56,,,
swsh8-86,Pikachu V,86,Holo Rare V,Fusion Strike,2026-07-27T08:03:31.608Z,USD,2026-07-27T08:03:04.705Z,EUR,582411.0,253241.0,,,,,3.41,,,3.76,,,
swsh9-157,Pikachu V,157,Ultra Rare,Brilliant Stars,2026-07-08T18:05:07.354Z,USD,2026-07-08T18:05:11.087Z,EUR,608703.0,263876.0,,,,,19.38,,,25.96,,,
swsh9-157,Pikachu V,157,Ultra Rare,Brilliant Stars,2026-07-09T18:05:06.568Z,USD,2026-07-09T18:05:09.065Z,EUR,608703.0,263876.0,,,,,20.25,,,25.89,,,
swsh9-157,Pikachu V,157,Ultra Rare,Brilliant Stars,2026-07-10T18:05:06.194Z,USD,2026-07-10T18:05:08.528Z,EUR,608703.0,263876.0,,,,,28.37,,,26.05,,,
swsh9-157,Pikachu V,157,Ultra Rare,Brilliant Stars,2026-07-11T18:05:05.829Z,USD,2026-07-11T18:05:08.252Z,EUR,608703.0,263876.0,,,,,28.37,,,25.86,,,
swsh9-157,Pikachu V,157,Ultra Rare,Brilliant Stars,2026-07-12T18:05:07.146Z,USD,2026-07-12T18:05:09.193Z,EUR,608703.0,263876.0,,,,,28.37,,,25.86,,,
swsh9-157,Pikachu V,157,Ultra Rare,Brilliant Stars,2026-07-13T18:05:06.171Z,USD,2026-07-13T18:05:07.901Z,EUR,608703.0,263876.0,,,,,25.01,,,25.95,,,
swsh9-157,Pikachu V,157,Ultra Rare,Brilliant Stars,2026-07-14T18:05:05.882Z,USD,2026-07-14T18:05:08.458Z,EUR,608703.0,263876.0,,,,,25.01,,,25.78,,,
swsh9-157,Pikachu V,157,Ultra Rare,Brilliant Stars,2026-07-15T18:05:05.844Z,USD,2026-07-15T18:05:08.182Z,EUR,608703.0,263876.0,,,,,25.01,,,25.88,,,
swsh9-157,Pikachu V,157,Ultra Rare,Brilliant Stars,2026-07-16T18:05:05.862Z,USD,2026-07-16T18:05:08.727Z,EUR,608703.0,263876.0,,,,,25.01,,,25.92,,,
swsh9-157,Pikachu V,157,Ultra Rare,Brilliant Stars,2026-07-17T18:05:07.253Z,USD,2026-07-17T18:05:09.271Z,EUR,608703.0,263876.0,,,,,25.01,,,25.61,,,
swsh9-157,Pikachu V,157,Ultra Rare,Brilliant Stars,2026-07-18T08:02:56.894Z,USD,2026-07-18T08:02:59.776Z,EUR,608703.0,263876.0,,,,,25.01,,,25.61,,,
swsh9-157,Pikachu V,157,Ultra Rare,Brilliant Stars,2026-07-19T08:03:02.254Z,USD,2026-07-19T08:03:04.558Z,EUR,608703.0,263876.0,,,,,25.01,,,25.59,,,
swsh9-157,Pikachu V,157,Ultra Rare,Brilliant Stars,2026-07-20T08:03:02.113Z,USD,2026-07-20T08:03:04.386Z,EUR,608703.0,263876.0,,,,,23.93,,,25.55,,,
swsh9-157,Pikachu V,157,Ultra Rare,Brilliant Stars,2026-07-21T08:03:02.176Z,USD,2026-07-21T08:03:04.252Z,EUR,608703.0,263876.0,,,,,23.93,,,24.82,,,
swsh9-157,Pikachu V,157,Ultra Rare,Brilliant Stars,2026-07-22T08:03:04.002Z,USD,2026-07-22T08:03:06.558Z,EUR,608703.0,263876.0,,,,,23.93,,,24.82,,,
swsh9-157,Pikachu V,157,Ultra Rare,Brilliant Stars,2026-07-23T08:03:01.831Z,USD,2026-07-23T08:03:03.918Z,EUR,608703.0,263876.0,,,,,23.93,,,25.24,,,
swsh9-157,Pikachu V,157,Ultra Rare,Brilliant Stars,2026-07-24T08:03:02.212Z,USD,2026-07-24T08:03:04.359Z,EUR,608703.0,263876.0,,,,,23.93,,,24.84,,,
swsh9-157,Pikachu V,157,Ultra Rare,Brilliant Stars,2026-07-25T08:03:02.190Z,USD,2026-07-25T08:03:04.397Z,EUR,608703.0,263876.0,,,,,23.93,,,24.8,,,
swsh9-157,Pikachu V,157,Ultra Rare,Brilliant Stars,2026-07-26T08:03:33.108Z,USD,2026-07-26T08:03:04.438Z,EUR,608703.0,263876.0,,,,,17.1,,,24.8,,,
swsh9-157,Pikachu V,157,Ultra Rare,Brilliant Stars,2026-07-27T08:03:32.092Z,USD,2026-07-27T08:03:04.458Z,EUR,608703.0,263876.0,,,,,24.11,,,24.8,,,
swshp-SWSH020,Pikachu,SWSH020,Promo,SWSH Black Star Promos,,,2026-07-08T18:05:10.691Z,EUR,461594.0,,,,,,74.04,38.7,,,,,
swshp-SWSH020,Pikachu,SWSH020,Promo,SWSH Black Star Promos,,,2026-07-09T18:05:09.065Z,EUR,461594.0,,,,,,55.29,38.7,,,,,
swshp-SWSH020,Pikachu,SWSH020,Promo,SWSH Black Star Promos,,,2026-07-10T18:05:08.528Z,EUR,461594.0,,,,,,510.15,38.7,,,,,
swshp-SWSH020,Pikachu,SWSH020,Promo,SWSH Black Star Promos,,,2026-07-11T18:05:08.252Z,EUR,461594.0,,,,,,510.15,38.7,,,,,
swshp-SWSH020,Pikachu,SWSH020,Promo,SWSH Black Star Promos,,,2026-07-12T18:05:08.999Z,EUR,461594.0,,,,,,510.15,38.7,,,,,
swshp-SWSH020,Pikachu,SWSH020,Promo,SWSH Black Star Promos,,,2026-07-13T18:05:07.999Z,EUR,461594.0,,,,,,159.6,38.7,,,,,
swshp-SWSH020,Pikachu,SWSH020,Promo,SWSH Black Star Promos,,,2026-07-14T18:05:08.086Z,EUR,461594.0,,,,,,159.6,38.7,,,,,
swshp-SWSH020,Pikachu,SWSH020,Promo,SWSH Black Star Promos,,,2026-07-15T18:05:08.182Z,EUR,461594.0,,,,,,159.6,38.7,,,,,
swshp-SWSH020,Pikachu,SWSH020,Promo,SWSH Black Star Promos,,,2026-07-16T18:05:08.727Z,EUR,461594.0,,,,,,159.6,38.7,,,,,
swshp-SWSH020,Pikachu,SWSH020,Promo,SWSH Black Star Promos,,,2026-07-17T18:05:09.271Z,EUR,461594.0,,,,,,159.6,38.7,,,,,
swshp-SWSH020,Pikachu,SWSH020,Promo,SWSH Black Star Promos,,,2026-07-18T08:02:59.776Z,EUR,461594.0,,,,,,159.6,38.7,,,,,
swshp-SWSH020,Pikachu,SWSH020,Promo,SWSH Black Star Promos,,,2026-07-19T08:03:04.658Z,EUR,461594.0,,,,,,159.6,38.7,,,,,
swshp-SWSH020,Pikachu,SWSH020,Promo,SWSH Black Star Promos,,,2026-07-20T08:03:04.386Z,EUR,461594.0,,,,,,66.58,38.7,,,,,
swshp-SWSH020,Pikachu,SWSH020,Promo,SWSH Black Star Promos,,,2026-07-21T08:03:04.252Z,EUR,461594.0,,,,,,66.58,38.7,,,,,
swshp-SWSH020,Pikachu,SWSH020,Promo,SWSH Black Star Promos,,,2026-07-22T08:03:06.471Z,EUR,461594.0,,,,,,66.58,38.7,,,,,
swshp-SWSH020,Pikachu,SWSH020,Promo,SWSH Black Star Promos,,,2026-07-23T08:03:03.918Z,EUR,461594.0,,,,,,66.58,38.7,,,,,
swshp-SWSH020,Pikachu,SWSH020,Promo,SWSH Black Star Promos,,,2026-07-24T08:03:04.300Z,EUR,461594.0,,,,,,66.58,38.7,,,,,
swshp-SWSH020,Pikachu,SWSH020,Promo,SWSH Black Star Promos,,,2026-07-25T08:03:04.261Z,EUR,461594.0,,,,,,66.58,38.7,,,,,
swshp-SWSH020,Pikachu,SWSH020,Promo,SWSH Black Star Promos,,,2026-07-26T08:03:04.571Z,EUR,461594.0,,,,,,120.83,38.7,,,,,
swshp-SWSH020,Pikachu,SWSH020,Promo,SWSH Black Star Promos,,,2026-07-27T08:03:04.547Z,EUR,461594.0,,,,,,120.83,38.7,,,,,
swshp-SWSH039,Pikachu,SWSH039,Promo,SWSH Black Star Promos,,,2026-07-08T18:05:10.691Z,EUR,461594.0,,,,,,74.04,38.7,,,,,
swshp-SWSH039,Pikachu,SWSH039,Promo,SWSH Black Star Promos,,,2026-07-09T18:05:09.065Z,EUR,461594.0,,,,,,55.29,38.7,,,,,
swshp-SWSH039,Pikachu,SWSH039,Promo,SWSH Black Star Promos,,,2026-07-10T18:05:08.528Z,EUR,461594.0,,,,,,510.15,38.7,,,,,
swshp-SWSH039,Pikachu,SWSH039,Promo,SWSH Black Star Promos,,,2026-07-11T18:05:08.177Z,EUR,461594.0,,,,,,510.15,38.7,,,,,
swshp-SWSH039,Pikachu,SWSH039,Promo,SWSH Black Star Promos,,,2026-07-12T18:05:08.999Z,EUR,461594.0,,,,,,510.15,38.7,,,,,
swshp-SWSH039,Pikachu,SWSH039,Promo,SWSH Black Star Promos,,,2026-07-13T18:05:07.999Z,EUR,461594.0,,,,,,159.6,38.7,,,,,
swshp-SWSH039,Pikachu,SWSH039,Promo,SWSH Black Star Promos,,,2026-07-14T18:05:07.978Z,EUR,461594.0,,,,,,159.6,38.7,,,,,
swshp-SWSH039,Pikachu,SWSH039,Promo,SWSH Black Star Promos,,,2026-07-15T18:05:08.182Z,EUR,461594.0,,,,,,159.6,38.7,,,,,
swshp-SWSH039,Pikachu,SWSH039,Promo,SWSH Black Star Promos,,,2026-07-16T18:05:08.727Z,EUR,461594.0,,,,,,159.6,38.7,,,,,
swshp-SWSH039,Pikachu,SWSH039,Promo,SWSH Black Star Promos,,,2026-07-17T18:05:09.271Z,EUR,461594.0,,,,,,159.6,38.7,,,,,
swshp-SWSH039,Pikachu,SWSH039,Promo,SWSH Black Star Promos,,,2026-07-18T08:02:59.776Z,EUR,461594.0,,,,,,159.6,38.7,,,,,
swshp-SWSH039,Pikachu,SWSH039,Promo,SWSH Black Star Promos,,,2026-07-19T08:03:04.658Z,EUR,461594.0,,,,,,159.6,38.7,,,,,
swshp-SWSH039,Pikachu,SWSH039,Promo,SWSH Black Star Promos,,,2026-07-20T08:03:04.265Z,EUR,461594.0,,,,,,66.58,38.7,,,,,
swshp-SWSH039,Pikachu,SWSH039,Promo,SWSH Black Star Promos,,,2026-07-21T08:03:04.252Z,EUR,461594.0,,,,,,66.58,38.7,,,,,
swshp-SWSH039,Pikachu,SWSH039,Promo,SWSH Black Star Promos,,,2026-07-22T08:03:06.471Z,EUR,461594.0,,,,,,66.58,38.7,,,,,
swshp-SWSH039,Pikachu,SWSH039,Promo,SWSH Black Star Promos,,,2026-07-23T08:03:03.918Z,EUR,461594.0,,,,,,66.58,38.7,,,,,
swshp-SWSH039,Pikachu,SWSH039,Promo,SWSH Black Star Promos,,,2026-07-24T08:03:04.300Z,EUR,461594.0,,,,,,66.58,38.7,,,,,
swshp-SWSH039,Pikachu,SWSH039,Promo,SWSH Black Star Promos,,,2026-07-25T08:03:04.261Z,EUR,461594.0,,,,,,66.58,38.7,,,,,
swshp-SWSH039,Pikachu,SWSH039,Promo,SWSH Black Star Promos,,,2026-07-26T08:03:04.571Z,EUR,461594.0,,,,,,120.83,38.7,,,,,
swshp-SWSH039,Pikachu,SWSH039,Promo,SWSH Black Star Promos,,,2026-07-27T08:03:04.705Z,EUR,461594.0,,,,,,120.83,38.7,,,,,
swshp-SWSH061,Pikachu V,SWSH061,Promo,SWSH Black Star Promos,2026-07-08T18:05:07.281Z,USD,2026-07-08T18:05:10.691Z,EUR,496545.0,232434.0,,,,,9.11,6.83,,2.12,,,
swshp-SWSH061,Pikachu V,SWSH061,Promo,SWSH Black Star Promos,2026-07-09T18:05:06.510Z,USD,2026-07-09T18:05:09.065Z,EUR,496545.0,232434.0,,,,,9.11,6.83,,2.03,,,
swshp-SWSH061,Pikachu V,SWSH061,Promo,SWSH Black Star Promos,2026-07-10T18:05:06.131Z,USD,2026-07-10T18:05:08.528Z,EUR,496545.0,232434.0,,,,,9.11,6.83,,2.12,,,
swshp-SWSH061,Pikachu V,SWSH061,Promo,SWSH Black Star Promos,2026-07-11T18:05:05.775Z,USD,2026-07-11T18:05:08.177Z,EUR,496545.0,232434.0,,,,,9.11,6.83,,2.04,,,
swshp-SWSH061,Pikachu V,SWSH061,Promo,SWSH Black Star Promos,2026-07-12T18:05:07.100Z,USD,2026-07-12T18:05:08.999Z,EUR,496545.0,232434.0,,,,,9.11,6.83,,2.05,,,
swshp-SWSH061,Pikachu V,SWSH061,Promo,SWSH Black Star Promos,2026-07-13T18:05:06.069Z,USD,2026-07-13T18:05:07.846Z,EUR,496545.0,232434.0,,,,,7.35,6.83,,1.95,,,
swshp-SWSH061,Pikachu V,SWSH061,Promo,SWSH Black Star Promos,2026-07-14T18:05:05.838Z,USD,2026-07-14T18:05:07.978Z,EUR,496545.0,232434.0,,,,,7.35,6.83,,2.1,,,
swshp-SWSH061,Pikachu V,SWSH061,Promo,SWSH Black Star Promos,2026-07-15T18:05:05.784Z,USD,2026-07-15T18:05:08.182Z,EUR,496545.0,232434.0,,,,,7.35,6.83,,2.16,,,
swshp-SWSH061,Pikachu V,SWSH061,Promo,SWSH Black Star Promos,2026-07-16T18:05:05.824Z,USD,2026-07-16T18:05:08.727Z,EUR,496545.0,232434.0,,,,,7.35,6.83,,2.12,,,
swshp-SWSH061,Pikachu V,SWSH061,Promo,SWSH Black Star Promos,2026-07-17T18:05:07.210Z,USD,2026-07-17T18:05:10.089Z,EUR,496545.0,232434.0,,,,,7.35,6.83,,2.15,,,
swshp-SWSH061,Pikachu V,SWSH061,Promo,SWSH Black Star Promos,2026-07-18T08:02:56.859Z,USD,2026-07-18T08:02:59.776Z,EUR,496545.0,232434.0,,,,,7.35,6.83,,2.16,,,
swshp-SWSH061,Pikachu V,SWSH061,Promo,SWSH Black Star Promos,2026-07-19T08:03:02.217Z,USD,2026-07-19T08:03:04.658Z,EUR,496545.0,232434.0,,,,,7.35,6.83,,2.13,,,
swshp-SWSH061,Pikachu V,SWSH061,Promo,SWSH Black Star Promos,2026-07-20T08:03:02.071Z,USD,2026-07-20T08:03:04.265Z,EUR,496545.0,232434.0,,,,,5.7,6.83,,2.12,,,
swshp-SWSH061,Pikachu V,SWSH061,Promo,SWSH Black Star Promos,2026-07-21T08:03:02.131Z,USD,2026-07-21T08:03:04.252Z,EUR,496545.0,232434.0,,,,,5.7,6.83,,1.98,,,
swshp-SWSH061,Pikachu V,SWSH061,Promo,SWSH Black Star Promos,2026-07-22T08:03:03.937Z,USD,2026-07-22T08:03:06.471Z,EUR,496545.0,232434.0,,,,,5.7,6.83,,1.95,,,
swshp-SWSH061,Pikachu V,SWSH061,Promo,SWSH Black Star Promos,2026-07-23T08:03:01.787Z,USD,2026-07-23T08:03:03.735Z,EUR,496545.0,232434.0,,,,,5.7,6.83,,2.09,,,
swshp-SWSH061,Pikachu V,SWSH061,Promo,SWSH Black Star Promos,2026-07-24T08:03:02.157Z,USD,2026-07-24T08:03:04.300Z,EUR,496545.0,232434.0,,,,,5.7,6.83,,2.19,,,
swshp-SWSH061,Pikachu V,SWSH061,Promo,SWSH Black Star Promos,2026-07-25T08:03:02.141Z,USD,2026-07-25T08:03:04.261Z,EUR,496545.0,232434.0,,,,,5.7,6.83,,2.47,,,
swshp-SWSH061,Pikachu V,SWSH061,Promo,SWSH Black Star Promos,2026-07-26T08:03:30.015Z,USD,2026-07-26T08:03:04.571Z,EUR,496545.0,232434.0,,,,,9.35,6.83,,2.38,,,
swshp-SWSH061,Pikachu V,SWSH061,Promo,SWSH Black Star Promos,2026-07-27T08:03:29.008Z,USD,2026-07-27T08:03:04.547Z,EUR,496545.0,232434.0,,,,,9.35,6.83,,2.34,,,
swshp-SWSH062,Pikachu VMAX,SWSH062,Promo,SWSH Black Star Promos,,,2026-07-08T18:05:10.691Z,EUR,576730.0,,,,,,11.91,,,,,,
swshp-SWSH062,Pikachu VMAX,SWSH062,Promo,SWSH Black Star Promos,,,2026-07-09T18:05:09.065Z,EUR,576730.0,,,,,,18.09,,,,,,
swshp-SWSH062,Pikachu VMAX,SWSH062,Promo,SWSH Black Star Promos,,,2026-07-10T18:05:08.528Z,EUR,576730.0,,,,,,22.78,,,,,,
swshp-SWSH062,Pikachu VMAX,SWSH062,Promo,SWSH Black Star Promos,,,2026-07-11T18:05:08.177Z,EUR,576730.0,,,,,,22.78,,,,,,
swshp-SWSH062,Pikachu VMAX,SWSH062,Promo,SWSH Black Star Promos,,,2026-07-12T18:05:09.193Z,EUR,576730.0,,,,,,22.78,,,,,,
swshp-SWSH062,Pikachu VMAX,SWSH062,Promo,SWSH Black Star Promos,,,2026-07-13T18:05:07.846Z,EUR,576730.0,,,,,,24.91,,,,,,
swshp-SWSH062,Pikachu VMAX,SWSH062,Promo,SWSH Black Star Promos,,,2026-07-14T18:05:07.978Z,EUR,576730.0,,,,,,24.91,,,,,,
swshp-SWSH062,Pikachu VMAX,SWSH062,Promo,SWSH Black Star Promos,,,2026-07-15T18:05:08.182Z,EUR,576730.0,,,,,,24.91,,,,,,
swshp-SWSH062,Pikachu VMAX,SWSH062,Promo,SWSH Black Star Promos,,,2026-07-16T18:05:08.727Z,EUR,576730.0,,,,,,24.91,,,,,,
swshp-SWSH062,Pikachu VMAX,SWSH062,Promo,SWSH Black Star Promos,,,2026-07-17T18:05:09.271Z,EUR,576730.0,,,,,,24.91,,,,,,
swshp-SWSH062,Pikachu VMAX,SWSH062,Promo,SWSH Black Star Promos,,,2026-07-18T08:02:59.776Z,EUR,576730.0,,,,,,24.91,,,,,,
swshp-SWSH062,Pikachu VMAX,SWSH062,Promo,SWSH Black Star Promos,,,2026-07-19T08:03:04.658Z,EUR,576730.0,,,,,,24.91,,,,,,
swshp-SWSH062,Pikachu VMAX,SWSH062,Promo,SWSH Black Star Promos,,,2026-07-20T08:03:04.265Z,EUR,576730.0,,,,,,20.88,,,,,,
swshp-SWSH062,Pikachu VMAX,SWSH062,Promo,SWSH Black Star Promos,,,2026-07-21T08:03:04.252Z,EUR,576730.0,,,,,,20.88,,,,,,
swshp-SWSH062,Pikachu VMAX,SWSH062,Promo,SWSH Black Star Promos,,,2026-07-22T08:03:06.471Z,EUR,576730.0,,,,,,20.88,,,,,,
swshp-SWSH062,Pikachu VMAX,SWSH062,Promo,SWSH Black Star Promos,,,2026-07-23T08:03:03.735Z,EUR,576730.0,,,,,,20.88,,,,,,
swshp-SWSH062,Pikachu VMAX,SWSH062,Promo,SWSH Black Star Promos,,,2026-07-24T08:03:04.300Z,EUR,576730.0,,,,,,20.88,,,,,,
swshp-SWSH062,Pikachu VMAX,SWSH062,Promo,SWSH Black Star Promos,,,2026-07-25T08:03:04.261Z,EUR,576730.0,,,,,,20.88,,,,,,
swshp-SWSH062,Pikachu VMAX,SWSH062,Promo,SWSH Black Star Promos,,,2026-07-26T08:03:04.571Z,EUR,576730.0,,,,,,15.95,,,,,,
swshp-SWSH062,Pikachu VMAX,SWSH062,Promo,SWSH Black Star Promos,,,2026-07-27T08:03:04.705Z,EUR,576730.0,,,,,,19.95,,,,,,
swshp-SWSH063,Pikachu V,SWSH063,Promo,SWSH Black Star Promos,,,2026-07-08T18:05:10.078Z,EUR,461594.0,,,,,,74.04,38.7,,,,,
swshp-SWSH063,Pikachu V,SWSH063,Promo,SWSH Black Star Promos,,,2026-07-09T18:05:09.065Z,EUR,461594.0,,,,,,55.29,38.7,,,,,
swshp-SWSH063,Pikachu V,SWSH063,Promo,SWSH Black Star Promos,,,2026-07-10T18:05:08.528Z,EUR,461594.0,,,,,,510.15,38.7,,,,,
swshp-SWSH063,Pikachu V,SWSH063,Promo,SWSH Black Star Promos,,,2026-07-11T18:05:08.177Z,EUR,461594.0,,,,,,510.15,38.7,,,,,
swshp-SWSH063,Pikachu V,SWSH063,Promo,SWSH Black Star Promos,,,2026-07-12T18:05:09.193Z,EUR,461594.0,,,,,,510.15,38.7,,,,,
swshp-SWSH063,Pikachu V,SWSH063,Promo,SWSH Black Star Promos,,,2026-07-13T18:05:07.846Z,EUR,461594.0,,,,,,159.6,38.7,,,,,
swshp-SWSH063,Pikachu V,SWSH063,Promo,SWSH Black Star Promos,,,2026-07-14T18:05:08.086Z,EUR,461594.0,,,,,,159.6,38.7,,,,,
swshp-SWSH063,Pikachu V,SWSH063,Promo,SWSH Black Star Promos,,,2026-07-15T18:05:08.182Z,EUR,461594.0,,,,,,159.6,38.7,,,,,
swshp-SWSH063,Pikachu V,SWSH063,Promo,SWSH Black Star Promos,,,2026-07-16T18:05:08.727Z,EUR,461594.0,,,,,,159.6,38.7,,,,,
swshp-SWSH063,Pikachu V,SWSH063,Promo,SWSH Black Star Promos,,,2026-07-17T18:05:09.271Z,EUR,461594.0,,,,,,159.6,38.7,,,,,
swshp-SWSH063,Pikachu V,SWSH063,Promo,SWSH Black Star Promos,,,2026-07-18T08:02:59.776Z,EUR,461594.0,,,,,,159.6,38.7,,,,,
swshp-SWSH063,Pikachu V,SWSH063,Promo,SWSH Black Star Promos,,,2026-07-19T08:03:04.658Z,EUR,461594.0,,,,,,159.6,38.7,,,,,
swshp-SWSH063,Pikachu V,SWSH063,Promo,SWSH Black Star Promos,,,2026-07-20T08:03:04.265Z,EUR,461594.0,,,,,,66.58,38.7,,,,,
swshp-SWSH063,Pikachu V,SWSH063,Promo,SWSH Black Star Promos,,,2026-07-21T08:03:04.252Z,EUR,461594.0,,,,,,66.58,38.7,,,,,
swshp-SWSH063,Pikachu V,SWSH063,Promo,SWSH Black Star Promos,,,2026-07-22T08:03:06.471Z,EUR,461594.0,,,,,,66.58,38.7,,,,,
swshp-SWSH063,Pikachu V,SWSH063,Promo,SWSH Black Star Promos,,,2026-07-23T08:03:03.918Z,EUR,461594.0,,,,,,66.58,38.7,,,,,
swshp-SWSH063,Pikachu V,SWSH063,Promo,SWSH Black Star Promos,,,2026-07-24T08:03:04.300Z,EUR,461594.0,,,,,,66.58,38.7,,,,,
swshp-SWSH063,Pikachu V,SWSH063,Promo,SWSH Black Star Promos,,,2026-07-25T08:03:04.624Z,EUR,461594.0,,,,,,66.58,38.7,,,,,
swshp-SWSH063,Pikachu V,SWSH063,Promo,SWSH Black Star Promos,,,2026-07-26T08:03:04.532Z,EUR,461594.0,,,,,,120.83,38.7,,,,,
swshp-SWSH063,Pikachu V,SWSH063,Promo,SWSH Black Star Promos,,,2026-07-27T08:03:04.705Z,EUR,461594.0,,,,,,120.83,38.7,,,,,
swshp-SWSH074,Special Delivery Pikachu,SWSH074,Promo,SWSH Black Star Promos,,,2026-07-08T18:05:10.691Z,EUR,516369.0,,,,,,633.33,336.3,,,,,
swshp-SWSH074,Special Delivery Pikachu,SWSH074,Promo,SWSH Black Star Promos,,,2026-07-09T18:05:09.065Z,EUR,516369.0,,,,,,633.33,336.3,,,,,
swshp-SWSH074,Special Delivery Pikachu,SWSH074,Promo,SWSH Black Star Promos,,,2026-07-10T18:05:08.528Z,EUR,516369.0,,,,,,3534.0,336.3,,,,,
swshp-SWSH074,Special Delivery Pikachu,SWSH074,Promo,SWSH Black Star Promos,,,2026-07-11T18:05:08.177Z,EUR,516369.0,,,,,,3534.0,336.3,,,,,
swshp-SWSH074,Special Delivery Pikachu,SWSH074,Promo,SWSH Black Star Promos,,,2026-07-12T18:05:09.193Z,EUR,516369.0,,,,,,3534.0,336.3,,,,,
swshp-SWSH074,Special Delivery Pikachu,SWSH074,Promo,SWSH Black Star Promos,,,2026-07-13T18:05:07.901Z,EUR,516369.0,,,,,,3534.0,336.3,,,,,
swshp-SWSH074,Special Delivery Pikachu,SWSH074,Promo,SWSH Black Star Promos,,,2026-07-14T18:05:08.458Z,EUR,516369.0,,,,,,3534.0,336.3,,,,,
swshp-SWSH074,Special Delivery Pikachu,SWSH074,Promo,SWSH Black Star Promos,,,2026-07-15T18:05:08.182Z,EUR,516369.0,,,,,,3534.0,336.3,,,,,
swshp-SWSH074,Special Delivery Pikachu,SWSH074,Promo,SWSH Black Star Promos,,,2026-07-16T18:05:08.727Z,EUR,516369.0,,,,,,3534.0,336.3,,,,,
swshp-SWSH074,Special Delivery Pikachu,SWSH074,Promo,SWSH Black Star Promos,,,2026-07-17T18:05:09.271Z,EUR,516369.0,,,,,,3534.0,336.3,,,,,
swshp-SWSH074,Special Delivery Pikachu,SWSH074,Promo,SWSH Black Star Promos,,,2026-07-18T08:02:59.776Z,EUR,516369.0,,,,,,3534.0,336.3,,,,,
swshp-SWSH074,Special Delivery Pikachu,SWSH074,Promo,SWSH Black Star Promos,,,2026-07-19T08:03:04.658Z,EUR,516369.0,,,,,,3534.0,336.3,,,,,
swshp-SWSH074,Special Delivery Pikachu,SWSH074,Promo,SWSH Black Star Promos,,,2026-07-20T08:03:04.265Z,EUR,516369.0,,,,,,682.86,336.3,,,,,
swshp-SWSH074,Special Delivery Pikachu,SWSH074,Promo,SWSH Black Star Promos,,,2026-07-21T08:03:04.252Z,EUR,516369.0,,,,,,682.86,336.3,,,,,
swshp-SWSH074,Special Delivery Pikachu,SWSH074,Promo,SWSH Black Star Promos,,,2026-07-22T08:03:06.471Z,EUR,516369.0,,,,,,682.86,336.3,,,,,
swshp-SWSH074,Special Delivery Pikachu,SWSH074,Promo,SWSH Black Star Promos,,,2026-07-23T08:03:03.918Z,EUR,516369.0,,,,,,682.86,336.3,,,,,
swshp-SWSH074,Special Delivery Pikachu,SWSH074,Promo,SWSH Black Star Promos,,,2026-07-24T08:03:04.300Z,EUR,516369.0,,,,,,682.86,336.3,,,,,
swshp-SWSH074,Special Delivery Pikachu,SWSH074,Promo,SWSH Black Star Promos,,,2026-07-25T08:03:04.261Z,EUR,516369.0,,,,,,682.86,336.3,,,,,
swshp-SWSH074,Special Delivery Pikachu,SWSH074,Promo,SWSH Black Star Promos,,,2026-07-26T08:03:04.571Z,EUR,516369.0,,,,,,638.4,336.3,,,,,
swshp-SWSH074,Special Delivery Pikachu,SWSH074,Promo,SWSH Black Star Promos,,,2026-07-27T08:03:04.705Z,EUR,516369.0,,,,,,638.4,336.3,,,,,
swshp-SWSH139,Pikachu V-UNION,SWSH139,Promo,SWSH Black Star Promos,,,2026-07-08T18:05:10.691Z,EUR,576738.0,,,,,,9.17,,,,,,
swshp-SWSH139,Pikachu V-UNION,SWSH139,Promo,SWSH Black Star Promos,,,2026-07-09T18:05:09.065Z,EUR,576738.0,,,,,,8.34,,,,,,
swshp-SWSH139,Pikachu V-UNION,SWSH139,Promo,SWSH Black Star Promos,,,2026-07-10T18:05:08.528Z,EUR,576738.0,,,,,,11.4,,,,,,
swshp-SWSH139,Pikachu V-UNION,SWSH139,Promo,SWSH Black Star Promos,,,2026-07-11T18:05:08.177Z,EUR,576738.0,,,,,,11.4,,,,,,
swshp-SWSH139,Pikachu V-UNION,SWSH139,Promo,SWSH Black Star Promos,,,2026-07-12T18:05:09.193Z,EUR,576738.0,,,,,,11.4,,,,,,
swshp-SWSH139,Pikachu V-UNION,SWSH139,Promo,SWSH Black Star Promos,,,2026-07-13T18:05:07.999Z,EUR,576738.0,,,,,,6.71,,,,,,
swshp-SWSH139,Pikachu V-UNION,SWSH139,Promo,SWSH Black Star Promos,,,2026-07-14T18:05:08.458Z,EUR,576738.0,,,,,,6.71,,,,,,
swshp-SWSH139,Pikachu V-UNION,SWSH139,Promo,SWSH Black Star Promos,,,2026-07-15T18:05:08.182Z,EUR,576738.0,,,,,,6.71,,,,,,
swshp-SWSH139,Pikachu V-UNION,SWSH139,Promo,SWSH Black Star Promos,,,2026-07-16T18:05:08.253Z,EUR,576738.0,,,,,,6.71,,,,,,
swshp-SWSH139,Pikachu V-UNION,SWSH139,Promo,SWSH Black Star Promos,,,2026-07-17T18:05:09.271Z,EUR,576738.0,,,,,,6.71,,,,,,
swshp-SWSH139,Pikachu V-UNION,SWSH139,Promo,SWSH Black Star Promos,,,2026-07-18T08:02:59.361Z,EUR,576738.0,,,,,,6.71,,,,,,
swshp-SWSH139,Pikachu V-UNION,SWSH139,Promo,SWSH Black Star Promos,,,2026-07-19T08:03:04.658Z,EUR,576738.0,,,,,,6.71,,,,,,
swshp-SWSH139,Pikachu V-UNION,SWSH139,Promo,SWSH Black Star Promos,,,2026-07-20T08:03:04.265Z,EUR,576738.0,,,,,,11.34,,,,,,
swshp-SWSH139,Pikachu V-UNION,SWSH139,Promo,SWSH Black Star Promos,,,2026-07-21T08:03:04.252Z,EUR,576738.0,,,,,,11.34,,,,,,
swshp-SWSH139,Pikachu V-UNION,SWSH139,Promo,SWSH Black Star Promos,,,2026-07-22T08:03:06.471Z,EUR,576738.0,,,,,,11.34,,,,,,
swshp-SWSH139,Pikachu V-UNION,SWSH139,Promo,SWSH Black Star Promos,,,2026-07-23T08:03:03.918Z,EUR,576738.0,,,,,,11.34,,,,,,
swshp-SWSH139,Pikachu V-UNION,SWSH139,Promo,SWSH Black Star Promos,,,2026-07-24T08:03:04.144Z,EUR,576738.0,,,,,,11.34,,,,,,
swshp-SWSH139,Pikachu V-UNION,SWSH139,Promo,SWSH Black Star Promos,,,2026-07-25T08:03:04.624Z,EUR,576738.0,,,,,,11.34,,,,,,
swshp-SWSH139,Pikachu V-UNION,SWSH139,Promo,SWSH Black Star Promos,,,2026-07-26T08:03:04.571Z,EUR,576738.0,,,,,,7.9,,,,,,
swshp-SWSH139,Pikachu V-UNION,SWSH139,Promo,SWSH Black Star Promos,,,2026-07-27T08:03:04.705Z,EUR,576738.0,,,,,,7.55,,,,,,
swshp-SWSH140,Pikachu V-UNION,SWSH140,Promo,SWSH Black Star Promos,,,2026-07-08T18:05:10.078Z,EUR,576738.0,,,,,,9.17,,,,,,
swshp-SWSH140,Pikachu V-UNION,SWSH140,Promo,SWSH Black Star Promos,,,2026-07-09T18:05:09.065Z,EUR,576738.0,,,,,,8.34,,,,,,
swshp-SWSH140,Pikachu V-UNION,SWSH140,Promo,SWSH Black Star Promos,,,2026-07-10T18:05:08.528Z,EUR,576738.0,,,,,,11.4,,,,,,
swshp-SWSH140,Pikachu V-UNION,SWSH140,Promo,SWSH Black Star Promos,,,2026-07-11T18:05:08.252Z,EUR,576738.0,,,,,,11.4,,,,,,
swshp-SWSH140,Pikachu V-UNION,SWSH140,Promo,SWSH Black Star Promos,,,2026-07-12T18:05:08.999Z,EUR,576738.0,,,,,,11.4,,,,,,
swshp-SWSH140,Pikachu V-UNION,SWSH140,Promo,SWSH Black Star Promos,,,2026-07-13T18:05:07.846Z,EUR,576738.0,,,,,,6.71,,,,,,
swshp-SWSH140,Pikachu V-UNION,SWSH140,Promo,SWSH Black Star Promos,,,2026-07-14T18:05:08.458Z,EUR,576738.0,,,,,,6.71,,,,,,
swshp-SWSH140,Pikachu V-UNION,SWSH140,Promo,SWSH Black Star Promos,,,2026-07-15T18:05:08.182Z,EUR,576738.0,,,,,,6.71,,,,,,
swshp-SWSH140,Pikachu V-UNION,SWSH140,Promo,SWSH Black Star Promos,,,2026-07-16T18:05:08.727Z,EUR,576738.0,,,,,,6.71,,,,,,
swshp-SWSH140,Pikachu V-UNION,SWSH140,Promo,SWSH Black Star Promos,,,2026-07-17T18:05:09.271Z,EUR,576738.0,,,,,,6.71,,,,,,
swshp-SWSH140,Pikachu V-UNION,SWSH140,Promo,SWSH Black Star Promos,,,2026-07-18T08:02:59.776Z,EUR,576738.0,,,,,,6.71,,,,,,
swshp-SWSH140,Pikachu V-UNION,SWSH140,Promo,SWSH Black Star Promos,,,2026-07-19T08:03:04.658Z,EUR,576738.0,,,,,,6.71,,,,,,
swshp-SWSH140,Pikachu V-UNION,SWSH140,Promo,SWSH Black Star Promos,,,2026-07-20T08:03:04.386Z,EUR,576738.0,,,,,,11.34,,,,,,
swshp-SWSH140,Pikachu V-UNION,SWSH140,Promo,SWSH Black Star Promos,,,2026-07-21T08:03:04.252Z,EUR,576738.0,,,,,,11.34,,,,,,
swshp-SWSH140,Pikachu V-UNION,SWSH140,Promo,SWSH Black Star Promos,,,2026-07-22T08:03:06.471Z,EUR,576738.0,,,,,,11.34,,,,,,
swshp-SWSH140,Pikachu V-UNION,SWSH140,Promo,SWSH Black Star Promos,,,2026-07-23T08:03:04.010Z,EUR,576738.0,,,,,,11.34,,,,,,
swshp-SWSH140,Pikachu V-UNION,SWSH140,Promo,SWSH Black Star Promos,,,2026-07-24T08:03:04.300Z,EUR,576738.0,,,,,,11.34,,,,,,
swshp-SWSH140,Pikachu V-UNION,SWSH140,Promo,SWSH Black Star Promos,,,2026-07-25T08:03:04.397Z,EUR,576738.0,,,,,,11.34,,,,,,
swshp-SWSH140,Pikachu V-UNION,SWSH140,Promo,SWSH Black Star Promos,,,2026-07-26T08:03:04.571Z,EUR,576738.0,,,,,,7.9,,,,,,
swshp-SWSH140,Pikachu V-UNION,SWSH140,Promo,SWSH Black Star Promos,,,2026-07-27T08:03:04.705Z,EUR,576738.0,,,,,,7.55,,,,,,
swshp-SWSH141,Pikachu V-UNION,SWSH141,Promo,SWSH Black Star Promos,,,2026-07-08T18:05:10.078Z,EUR,576738.0,,,,,,9.17,,,,,,
swshp-SWSH141,Pikachu V-UNION,SWSH141,Promo,SWSH Black Star Promos,,,2026-07-09T18:05:09.065Z,EUR,576738.0,,,,,,8.34,,,,,,
swshp-SWSH141,Pikachu V-UNION,SWSH141,Promo,SWSH Black Star Promos,,,2026-07-10T18:05:08.528Z,EUR,576738.0,,,,,,11.4,,,,,,
swshp-SWSH141,Pikachu V-UNION,SWSH141,Promo,SWSH Black Star Promos,,,2026-07-11T18:05:08.252Z,EUR,576738.0,,,,,,11.4,,,,,,
swshp-SWSH141,Pikachu V-UNION,SWSH141,Promo,SWSH Black Star Promos,,,2026-07-12T18:05:08.999Z,EUR,576738.0,,,,,,11.4,,,,,,
swshp-SWSH141,Pikachu V-UNION,SWSH141,Promo,SWSH Black Star Promos,,,2026-07-13T18:05:07.846Z,EUR,576738.0,,,,,,6.71,,,,,,
swshp-SWSH141,Pikachu V-UNION,SWSH141,Promo,SWSH Black Star Promos,,,2026-07-14T18:05:08.458Z,EUR,576738.0,,,,,,6.71,,,,,,
swshp-SWSH141,Pikachu V-UNION,SWSH141,Promo,SWSH Black Star Promos,,,2026-07-15T18:05:08.182Z,EUR,576738.0,,,,,,6.71,,,,,,
swshp-SWSH141,Pikachu V-UNION,SWSH141,Promo,SWSH Black Star Promos,,,2026-07-16T18:05:08.727Z,EUR,576738.0,,,,,,6.71,,,,,,
swshp-SWSH141,Pikachu V-UNION,SWSH141,Promo,SWSH Black Star Promos,,,2026-07-17T18:05:09.271Z,EUR,576738.0,,,,,,6.71,,,,,,
swshp-SWSH141,Pikachu V-UNION,SWSH141,Promo,SWSH Black Star Promos,,,2026-07-18T08:02:59.776Z,EUR,576738.0,,,,,,6.71,,,,,,
swshp-SWSH141,Pikachu V-UNION,SWSH141,Promo,SWSH Black Star Promos,,,2026-07-19T08:03:04.320Z,EUR,576738.0,,,,,,6.71,,,,,,
swshp-SWSH141,Pikachu V-UNION,SWSH141,Promo,SWSH Black Star Promos,,,2026-07-20T08:03:04.265Z,EUR,576738.0,,,,,,11.34,,,,,,
swshp-SWSH141,Pikachu V-UNION,SWSH141,Promo,SWSH Black Star Promos,,,2026-07-21T08:03:04.252Z,EUR,576738.0,,,,,,11.34,,,,,,
swshp-SWSH141,Pikachu V-UNION,SWSH141,Promo,SWSH Black Star Promos,,,2026-07-22T08:03:06.471Z,EUR,576738.0,,,,,,11.34,,,,,,
swshp-SWSH141,Pikachu V-UNION,SWSH141,Promo,SWSH Black Star Promos,,,2026-07-23T08:03:04.010Z,EUR,576738.0,,,,,,11.34,,,,,,
swshp-SWSH141,Pikachu V-UNION,SWSH141,Promo,SWSH Black Star Promos,,,2026-07-24T08:03:04.300Z,EUR,576738.0,,,,,,11.34,,,,,,
swshp-SWSH141,Pikachu V-UNION,SWSH141,Promo,SWSH Black Star Promos,,,2026-07-25T08:03:04.261Z,EUR,576738.0,,,,,,11.34,,,,,,
swshp-SWSH141,Pikachu V-UNION,SWSH141,Promo,SWSH Black Star Promos,,,2026-07-26T08:03:04.571Z,EUR,576738.0,,,,,,7.9,,,,,,
swshp-SWSH141,Pikachu V-UNION,SWSH141,Promo,SWSH Black Star Promos,,,2026-07-27T08:03:04.705Z,EUR,576738.0,,,,,,7.55,,,,,,
swshp-SWSH142,Pikachu V-UNION,SWSH142,Promo,SWSH Black Star Promos,,,2026-07-08T18:05:10.078Z,EUR,576738.0,,,,,,9.17,,,,,,
swshp-SWSH142,Pikachu V-UNION,SWSH142,Promo,SWSH Black Star Promos,,,2026-07-09T18:05:09.065Z,EUR,576738.0,,,,,,8.34,,,,,,
swshp-SWSH142,Pikachu V-UNION,SWSH142,Promo,SWSH Black Star Promos,,,2026-07-10T18:05:08.528Z,EUR,576738.0,,,,,,11.4,,,,,,
swshp-SWSH142,Pikachu V-UNION,SWSH142,Promo,SWSH Black Star Promos,,,2026-07-11T18:05:08.252Z,EUR,576738.0,,,,,,11.4,,,,,,
swshp-SWSH142,Pikachu V-UNION,SWSH142,Promo,SWSH Black Star Promos,,,2026-07-12T18:05:08.999Z,EUR,576738.0,,,,,,11.4,,,,,,
swshp-SWSH142,Pikachu V-UNION,SWSH142,Promo,SWSH Black Star Promos,,,2026-07-13T18:05:07.999Z,EUR,576738.0,,,,,,6.71,,,,,,
swshp-SWSH142,Pikachu V-UNION,SWSH142,Promo,SWSH Black Star Promos,,,2026-07-14T18:05:08.458Z,EUR,576738.0,,,,,,6.71,,,,,,
swshp-SWSH142,Pikachu V-UNION,SWSH142,Promo,SWSH Black Star Promos,,,2026-07-15T18:05:08.182Z,EUR,576738.0,,,,,,6.71,,,,,,
swshp-SWSH142,Pikachu V-UNION,SWSH142,Promo,SWSH Black Star Promos,,,2026-07-16T18:05:08.727Z,EUR,576738.0,,,,,,6.71,,,,,,
swshp-SWSH142,Pikachu V-UNION,SWSH142,Promo,SWSH Black Star Promos,,,2026-07-17T18:05:09.271Z,EUR,576738.0,,,,,,6.71,,,,,,
swshp-SWSH142,Pikachu V-UNION,SWSH142,Promo,SWSH Black Star Promos,,,2026-07-18T08:02:59.361Z,EUR,576738.0,,,,,,6.71,,,,,,
swshp-SWSH142,Pikachu V-UNION,SWSH142,Promo,SWSH Black Star Promos,,,2026-07-19T08:03:04.658Z,EUR,576738.0,,,,,,6.71,,,,,,
swshp-SWSH142,Pikachu V-UNION,SWSH142,Promo,SWSH Black Star Promos,,,2026-07-20T08:03:04.811Z,EUR,576738.0,,,,,,11.34,,,,,,
swshp-SWSH142,Pikachu V-UNION,SWSH142,Promo,SWSH Black Star Promos,,,2026-07-21T08:03:04.252Z,EUR,576738.0,,,,,,11.34,,,,,,
swshp-SWSH142,Pikachu V-UNION,SWSH142,Promo,SWSH Black Star Promos,,,2026-07-22T08:03:06.471Z,EUR,576738.0,,,,,,11.34,,,,,,
swshp-SWSH142,Pikachu V-UNION,SWSH142,Promo,SWSH Black Star Promos,,,2026-07-23T08:03:03.918Z,EUR,576738.0,,,,,,11.34,,,,,,
swshp-SWSH142,Pikachu V-UNION,SWSH142,Promo,SWSH Black Star Promos,,,2026-07-24T08:03:04.300Z,EUR,576738.0,,,,,,11.34,,,,,,
swshp-SWSH142,Pikachu V-UNION,SWSH142,Promo,SWSH Black Star Promos,,,2026-07-25T08:03:04.397Z,EUR,576738.0,,,,,,11.34,,,,,,
swshp-SWSH142,Pikachu V-UNION,SWSH142,Promo,SWSH Black Star Promos,,,2026-07-26T08:03:04.571Z,EUR,576738.0,,,,,,7.9,,,,,,
swshp-SWSH142,Pikachu V-UNION,SWSH142,Promo,SWSH Black Star Promos,,,2026-07-27T08:03:04.705Z,EUR,576738.0,,,,,,7.55,,,,,,
swshp-SWSH143,Pikachu V,SWSH143,Promo,SWSH Black Star Promos,,,2026-07-08T18:05:10.691Z,EUR,461594.0,,,,,,74.04,38.7,,,,,
swshp-SWSH143,Pikachu V,SWSH143,Promo,SWSH Black Star Promos,,,2026-07-09T18:05:09.065Z,EUR,461594.0,,,,,,55.29,38.7,,,,,
swshp-SWSH143,Pikachu V,SWSH143,Promo,SWSH Black Star Promos,,,2026-07-10T18:05:08.528Z,EUR,461594.0,,,,,,510.15,38.7,,,,,
swshp-SWSH143,Pikachu V,SWSH143,Promo,SWSH Black Star Promos,,,2026-07-11T18:05:08.252Z,EUR,461594.0,,,,,,510.15,38.7,,,,,
swshp-SWSH143,Pikachu V,SWSH143,Promo,SWSH Black Star Promos,,,2026-07-12T18:05:08.999Z,EUR,461594.0,,,,,,510.15,38.7,,,,,
swshp-SWSH143,Pikachu V,SWSH143,Promo,SWSH Black Star Promos,,,2026-07-13T18:05:07.999Z,EUR,461594.0,,,,,,159.6,38.7,,,,,
swshp-SWSH143,Pikachu V,SWSH143,Promo,SWSH Black Star Promos,,,2026-07-14T18:05:08.458Z,EUR,461594.0,,,,,,159.6,38.7,,,,,
swshp-SWSH143,Pikachu V,SWSH143,Promo,SWSH Black Star Promos,,,2026-07-15T18:05:08.182Z,EUR,461594.0,,,,,,159.6,38.7,,,,,
swshp-SWSH143,Pikachu V,SWSH143,Promo,SWSH Black Star Promos,,,2026-07-16T18:05:08.253Z,EUR,461594.0,,,,,,159.6,38.7,,,,,
swshp-SWSH143,Pikachu V,SWSH143,Promo,SWSH Black Star Promos,,,2026-07-17T18:05:09.271Z,EUR,461594.0,,,,,,159.6,38.7,,,,,
swshp-SWSH143,Pikachu V,SWSH143,Promo,SWSH Black Star Promos,,,2026-07-18T08:02:59.387Z,EUR,461594.0,,,,,,159.6,38.7,,,,,
swshp-SWSH143,Pikachu V,SWSH143,Promo,SWSH Black Star Promos,,,2026-07-19T08:03:04.658Z,EUR,461594.0,,,,,,159.6,38.7,,,,,
swshp-SWSH143,Pikachu V,SWSH143,Promo,SWSH Black Star Promos,,,2026-07-20T08:03:04.811Z,EUR,461594.0,,,,,,66.58,38.7,,,,,
swshp-SWSH143,Pikachu V,SWSH143,Promo,SWSH Black Star Promos,,,2026-07-21T08:03:04.252Z,EUR,461594.0,,,,,,66.58,38.7,,,,,
swshp-SWSH143,Pikachu V,SWSH143,Promo,SWSH Black Star Promos,,,2026-07-22T08:03:06.471Z,EUR,461594.0,,,,,,66.58,38.7,,,,,
swshp-SWSH143,Pikachu V,SWSH143,Promo,SWSH Black Star Promos,,,2026-07-23T08:03:03.918Z,EUR,461594.0,,,,,,66.58,38.7,,,,,
swshp-SWSH143,Pikachu V,SWSH143,Promo,SWSH Black Star Promos,,,2026-07-24T08:03:04.300Z,EUR,461594.0,,,,,,66.58,38.7,,,,,
swshp-SWSH143,Pikachu V,SWSH143,Promo,SWSH Black Star Promos,,,2026-07-25T08:03:04.397Z,EUR,461594.0,,,,,,66.58,38.7,,,,,
swshp-SWSH143,Pikachu V,SWSH143,Promo,SWSH Black Star Promos,,,2026-07-26T08:03:04.571Z,EUR,461594.0,,,,,,120.83,38.7,,,,,
swshp-SWSH143,Pikachu V,SWSH143,Promo,SWSH Black Star Promos,,,2026-07-27T08:03:04.705Z,EUR,461594.0,,,,,,120.83,38.7,,,,,
swshp-SWSH145,Pikachu V,SWSH145,Promo,SWSH Black Star Promos,,,2026-07-08T18:05:10.691Z,EUR,461594.0,,,,,,74.04,38.7,,,,,
swshp-SWSH145,Pikachu V,SWSH145,Promo,SWSH Black Star Promos,,,2026-07-09T18:05:09.065Z,EUR,461594.0,,,,,,55.29,38.7,,,,,
swshp-SWSH145,Pikachu V,SWSH145,Promo,SWSH Black Star Promos,,,2026-07-10T18:05:08.528Z,EUR,461594.0,,,,,,510.15,38.7,,,,,
swshp-SWSH145,Pikachu V,SWSH145,Promo,SWSH Black Star Promos,,,2026-07-11T18:05:08.177Z,EUR,461594.0,,,,,,510.15,38.7,,,,,
swshp-SWSH145,Pikachu V,SWSH145,Promo,SWSH Black Star Promos,,,2026-07-12T18:05:08.999Z,EUR,461594.0,,,,,,510.15,38.7,,,,,
swshp-SWSH145,Pikachu V,SWSH145,Promo,SWSH Black Star Promos,,,2026-07-13T18:05:07.999Z,EUR,461594.0,,,,,,159.6,38.7,,,,,
swshp-SWSH145,Pikachu V,SWSH145,Promo,SWSH Black Star Promos,,,2026-07-14T18:05:08.086Z,EUR,461594.0,,,,,,159.6,38.7,,,,,
swshp-SWSH145,Pikachu V,SWSH145,Promo,SWSH Black Star Promos,,,2026-07-15T18:05:08.182Z,EUR,461594.0,,,,,,159.6,38.7,,,,,
swshp-SWSH145,Pikachu V,SWSH145,Promo,SWSH Black Star Promos,,,2026-07-16T18:05:08.727Z,EUR,461594.0,,,,,,159.6,38.7,,,,,
swshp-SWSH145,Pikachu V,SWSH145,Promo,SWSH Black Star Promos,,,2026-07-17T18:05:09.271Z,EUR,461594.0,,,,,,159.6,38.7,,,,,
swshp-SWSH145,Pikachu V,SWSH145,Promo,SWSH Black Star Promos,,,2026-07-18T08:02:59.776Z,EUR,461594.0,,,,,,159.6,38.7,,,,,
swshp-SWSH145,Pikachu V,SWSH145,Promo,SWSH Black Star Promos,,,2026-07-19T08:03:04.658Z,EUR,461594.0,,,,,,159.6,38.7,,,,,
swshp-SWSH145,Pikachu V,SWSH145,Promo,SWSH Black Star Promos,,,2026-07-20T08:03:04.265Z,EUR,461594.0,,,,,,66.58,38.7,,,,,
swshp-SWSH145,Pikachu V,SWSH145,Promo,SWSH Black Star Promos,,,2026-07-21T08:03:04.252Z,EUR,461594.0,,,,,,66.58,38.7,,,,,
swshp-SWSH145,Pikachu V,SWSH145,Promo,SWSH Black Star Promos,,,2026-07-22T08:03:06.471Z,EUR,461594.0,,,,,,66.58,38.7,,,,,
swshp-SWSH145,Pikachu V,SWSH145,Promo,SWSH Black Star Promos,,,2026-07-23T08:03:03.918Z,EUR,461594.0,,,,,,66.58,38.7,,,,,
swshp-SWSH145,Pikachu V,SWSH145,Promo,SWSH Black Star Promos,,,2026-07-24T08:03:04.300Z,EUR,461594.0,,,,,,66.58,38.7,,,,,
swshp-SWSH145,Pikachu V,SWSH145,Promo,SWSH Black Star Promos,,,2026-07-25T08:03:04.261Z,EUR,461594.0,,,,,,66.58,38.7,,,,,
swshp-SWSH145,Pikachu V,SWSH145,Promo,SWSH Black Star Promos,,,2026-07-26T08:03:04.571Z,EUR,461594.0,,,,,,120.83,38.7,,,,,
swshp-SWSH145,Pikachu V,SWSH145,Promo,SWSH Black Star Promos,,,2026-07-27T08:03:04.705Z,EUR,461594.0,,,,,,120.83,38.7,,,,,
swshp-SWSH153,Pikachu,SWSH153,Promo,SWSH Black Star Promos,,,2026-07-08T18:05:10.078Z,EUR,461594.0,,,,,,74.04,38.7,,,,,
swshp-SWSH153,Pikachu,SWSH153,Promo,SWSH Black Star Promos,,,2026-07-09T18:05:09.065Z,EUR,461594.0,,,,,,55.29,38.7,,,,,
swshp-SWSH153,Pikachu,SWSH153,Promo,SWSH Black Star Promos,,,2026-07-10T18:05:08.528Z,EUR,461594.0,,,,,,510.15,38.7,,,,,
swshp-SWSH153,Pikachu,SWSH153,Promo,SWSH Black Star Promos,,,2026-07-11T18:05:08.252Z,EUR,461594.0,,,,,,510.15,38.7,,,,,
swshp-SWSH153,Pikachu,SWSH153,Promo,SWSH Black Star Promos,,,2026-07-12T18:05:08.999Z,EUR,461594.0,,,,,,510.15,38.7,,,,,
swshp-SWSH153,Pikachu,SWSH153,Promo,SWSH Black Star Promos,,,2026-07-13T18:05:07.999Z,EUR,461594.0,,,,,,159.6,38.7,,,,,
swshp-SWSH153,Pikachu,SWSH153,Promo,SWSH Black Star Promos,,,2026-07-14T18:05:07.978Z,EUR,461594.0,,,,,,159.6,38.7,,,,,
swshp-SWSH153,Pikachu,SWSH153,Promo,SWSH Black Star Promos,,,2026-07-15T18:05:08.182Z,EUR,461594.0,,,,,,159.6,38.7,,,,,
swshp-SWSH153,Pikachu,SWSH153,Promo,SWSH Black Star Promos,,,2026-07-16T18:05:08.253Z,EUR,461594.0,,,,,,159.6,38.7,,,,,
swshp-SWSH153,Pikachu,SWSH153,Promo,SWSH Black Star Promos,,,2026-07-17T18:05:09.271Z,EUR,461594.0,,,,,,159.6,38.7,,,,,
swshp-SWSH153,Pikachu,SWSH153,Promo,SWSH Black Star Promos,,,2026-07-18T08:02:59.387Z,EUR,461594.0,,,,,,159.6,38.7,,,,,
swshp-SWSH153,Pikachu,SWSH153,Promo,SWSH Black Star Promos,,,2026-07-19T08:03:04.320Z,EUR,461594.0,,,,,,159.6,38.7,,,,,
swshp-SWSH153,Pikachu,SWSH153,Promo,SWSH Black Star Promos,,,2026-07-20T08:03:04.265Z,EUR,461594.0,,,,,,66.58,38.7,,,,,
swshp-SWSH153,Pikachu,SWSH153,Promo,SWSH Black Star Promos,,,2026-07-21T08:03:04.252Z,EUR,461594.0,,,,,,66.58,38.7,,,,,
swshp-SWSH153,Pikachu,SWSH153,Promo,SWSH Black Star Promos,,,2026-07-22T08:03:06.471Z,EUR,461594.0,,,,,,66.58,38.7,,,,,
swshp-SWSH153,Pikachu,SWSH153,Promo,SWSH Black Star Promos,,,2026-07-23T08:03:03.918Z,EUR,461594.0,,,,,,66.58,38.7,,,,,
swshp-SWSH153,Pikachu,SWSH153,Promo,SWSH Black Star Promos,,,2026-07-24T08:03:04.300Z,EUR,461594.0,,,,,,66.58,38.7,,,,,
swshp-SWSH153,Pikachu,SWSH153,Promo,SWSH Black Star Promos,,,2026-07-25T08:03:04.397Z,EUR,461594.0,,,,,,66.58,38.7,,,,,
swshp-SWSH153,Pikachu,SWSH153,Promo,SWSH Black Star Promos,,,2026-07-26T08:03:04.571Z,EUR,461594.0,,,,,,120.83,38.7,,,,,
swshp-SWSH153,Pikachu,SWSH153,Promo,SWSH Black Star Promos,,,2026-07-27T08:03:04.705Z,EUR,461594.0,,,,,,120.83,38.7,,,,,
swshp-SWSH198,Pikachu V,SWSH198,Promo,SWSH Black Star Promos,,,2026-07-08T18:05:10.691Z,EUR,461594.0,,,,,,74.04,38.7,,,,,
swshp-SWSH198,Pikachu V,SWSH198,Promo,SWSH Black Star Promos,,,2026-07-09T18:05:09.065Z,EUR,461594.0,,,,,,55.29,38.7,,,,,
swshp-SWSH198,Pikachu V,SWSH198,Promo,SWSH Black Star Promos,,,2026-07-10T18:05:08.528Z,EUR,461594.0,,,,,,510.15,38.7,,,,,
swshp-SWSH198,Pikachu V,SWSH198,Promo,SWSH Black Star Promos,,,2026-07-11T18:05:08.252Z,EUR,461594.0,,,,,,510.15,38.7,,,,,
swshp-SWSH198,Pikachu V,SWSH198,Promo,SWSH Black Star Promos,,,2026-07-12T18:05:08.999Z,EUR,461594.0,,,,,,510.15,38.7,,,,,
swshp-SWSH198,Pikachu V,SWSH198,Promo,SWSH Black Star Promos,,,2026-07-13T18:05:07.999Z,EUR,461594.0,,,,,,159.6,38.7,,,,,
swshp-SWSH198,Pikachu V,SWSH198,Promo,SWSH Black Star Promos,,,2026-07-14T18:05:08.458Z,EUR,461594.0,,,,,,159.6,38.7,,,,,
swshp-SWSH198,Pikachu V,SWSH198,Promo,SWSH Black Star Promos,,,2026-07-15T18:05:08.182Z,EUR,461594.0,,,,,,159.6,38.7,,,,,
swshp-SWSH198,Pikachu V,SWSH198,Promo,SWSH Black Star Promos,,,2026-07-16T18:05:08.253Z,EUR,461594.0,,,,,,159.6,38.7,,,,,
swshp-SWSH198,Pikachu V,SWSH198,Promo,SWSH Black Star Promos,,,2026-07-17T18:05:10.089Z,EUR,461594.0,,,,,,159.6,38.7,,,,,
swshp-SWSH198,Pikachu V,SWSH198,Promo,SWSH Black Star Promos,,,2026-07-18T08:02:59.776Z,EUR,461594.0,,,,,,159.6,38.7,,,,,
swshp-SWSH198,Pikachu V,SWSH198,Promo,SWSH Black Star Promos,,,2026-07-19T08:03:04.320Z,EUR,461594.0,,,,,,159.6,38.7,,,,,
swshp-SWSH198,Pikachu V,SWSH198,Promo,SWSH Black Star Promos,,,2026-07-20T08:03:04.386Z,EUR,461594.0,,,,,,66.58,38.7,,,,,
swshp-SWSH198,Pikachu V,SWSH198,Promo,SWSH Black Star Promos,,,2026-07-21T08:03:04.252Z,EUR,461594.0,,,,,,66.58,38.7,,,,,
swshp-SWSH198,Pikachu V,SWSH198,Promo,SWSH Black Star Promos,,,2026-07-22T08:03:06.471Z,EUR,461594.0,,,,,,66.58,38.7,,,,,
swshp-SWSH198,Pikachu V,SWSH198,Promo,SWSH Black Star Promos,,,2026-07-23T08:03:03.918Z,EUR,461594.0,,,,,,66.58,38.7,,,,,
swshp-SWSH198,Pikachu V,SWSH198,Promo,SWSH Black Star Promos,,,2026-07-24T08:03:04.300Z,EUR,461594.0,,,,,,66.58,38.7,,,,,
swshp-SWSH198,Pikachu V,SWSH198,Promo,SWSH Black Star Promos,,,2026-07-25T08:03:04.261Z,EUR,461594.0,,,,,,66.58,38.7,,,,,
swshp-SWSH198,Pikachu V,SWSH198,Promo,SWSH Black Star Promos,,,2026-07-26T08:03:04.571Z,EUR,461594.0,,,,,,120.83,38.7,,,,,
swshp-SWSH198,Pikachu V,SWSH198,Promo,SWSH Black Star Promos,,,2026-07-27T08:03:04.705Z,EUR,461594.0,,,,,,120.83,38.7,,,,,
swshp-SWSH234,Pikachu,SWSH234,Promo,SWSH Black Star Promos,2026-07-08T18:05:07.281Z,USD,2026-07-08T18:05:10.078Z,EUR,461594.0,277039.0,,,,,74.04,38.7,,7.06,,,
swshp-SWSH234,Pikachu,SWSH234,Promo,SWSH Black Star Promos,2026-07-09T18:05:06.510Z,USD,2026-07-09T18:05:09.065Z,EUR,461594.0,277039.0,,,,,55.29,38.7,,7.17,,,
swshp-SWSH234,Pikachu,SWSH234,Promo,SWSH Black Star Promos,2026-07-10T18:05:06.131Z,USD,2026-07-10T18:05:08.528Z,EUR,461594.0,277039.0,,,,,510.15,38.7,,7.22,,,
swshp-SWSH234,Pikachu,SWSH234,Promo,SWSH Black Star Promos,2026-07-11T18:05:05.775Z,USD,2026-07-11T18:05:08.177Z,EUR,461594.0,277039.0,,,,,510.15,38.7,,7.34,,,
swshp-SWSH234,Pikachu,SWSH234,Promo,SWSH Black Star Promos,2026-07-12T18:05:07.100Z,USD,2026-07-12T18:05:08.999Z,EUR,461594.0,277039.0,,,,,510.15,38.7,,7.2,,,
swshp-SWSH234,Pikachu,SWSH234,Promo,SWSH Black Star Promos,2026-07-13T18:05:06.069Z,USD,2026-07-13T18:05:07.999Z,EUR,461594.0,277039.0,,,,,159.6,38.7,,7.12,,,
swshp-SWSH234,Pikachu,SWSH234,Promo,SWSH Black Star Promos,2026-07-14T18:05:05.838Z,USD,2026-07-14T18:05:08.458Z,EUR,461594.0,277039.0,,,,,159.6,38.7,,6.99,,,
swshp-SWSH234,Pikachu,SWSH234,Promo,SWSH Black Star Promos,2026-07-15T18:05:05.784Z,USD,2026-07-15T18:05:08.182Z,EUR,461594.0,277039.0,,,,,159.6,38.7,,7.02,,,
swshp-SWSH234,Pikachu,SWSH234,Promo,SWSH Black Star Promos,2026-07-16T18:05:05.824Z,USD,2026-07-16T18:05:08.727Z,EUR,461594.0,277039.0,,,,,159.6,38.7,,6.62,,,
swshp-SWSH234,Pikachu,SWSH234,Promo,SWSH Black Star Promos,2026-07-17T18:05:07.210Z,USD,2026-07-17T18:05:10.089Z,EUR,461594.0,277039.0,,,,,159.6,38.7,,6.51,,,
swshp-SWSH234,Pikachu,SWSH234,Promo,SWSH Black Star Promos,2026-07-18T08:02:56.859Z,USD,2026-07-18T08:02:59.387Z,EUR,461594.0,277039.0,,,,,159.6,38.7,,6.21,,,
swshp-SWSH234,Pikachu,SWSH234,Promo,SWSH Black Star Promos,2026-07-19T08:03:02.217Z,USD,2026-07-19T08:03:04.320Z,EUR,461594.0,277039.0,,,,,159.6,38.7,,8.74,,,
swshp-SWSH234,Pikachu,SWSH234,Promo,SWSH Black Star Promos,2026-07-20T08:03:02.071Z,USD,2026-07-20T08:03:04.265Z,EUR,461594.0,277039.0,,,,,66.58,38.7,,8.66,,,
swshp-SWSH234,Pikachu,SWSH234,Promo,SWSH Black Star Promos,2026-07-21T08:03:02.131Z,USD,2026-07-21T08:03:04.252Z,EUR,461594.0,277039.0,,,,,66.58,38.7,,8.44,,,
swshp-SWSH234,Pikachu,SWSH234,Promo,SWSH Black Star Promos,2026-07-22T08:03:03.937Z,USD,2026-07-22T08:03:06.471Z,EUR,461594.0,277039.0,,,,,66.58,38.7,,8.38,,,
swshp-SWSH234,Pikachu,SWSH234,Promo,SWSH Black Star Promos,2026-07-23T08:03:01.787Z,USD,2026-07-23T08:03:03.918Z,EUR,461594.0,277039.0,,,,,66.58,38.7,,8.52,,,
swshp-SWSH234,Pikachu,SWSH234,Promo,SWSH Black Star Promos,2026-07-24T08:03:02.157Z,USD,2026-07-24T08:03:04.300Z,EUR,461594.0,277039.0,,,,,66.58,38.7,,8.8,,,
swshp-SWSH234,Pikachu,SWSH234,Promo,SWSH Black Star Promos,2026-07-25T08:03:02.141Z,USD,2026-07-25T08:03:04.261Z,EUR,461594.0,277039.0,,,,,66.58,38.7,,8.86,,,
swshp-SWSH234,Pikachu,SWSH234,Promo,SWSH Black Star Promos,2026-07-26T08:03:30.015Z,USD,2026-07-26T08:03:04.571Z,EUR,461594.0,277039.0,,,,,120.83,38.7,,8.99,,,
swshp-SWSH234,Pikachu,SWSH234,Promo,SWSH Black Star Promos,2026-07-27T08:03:29.008Z,USD,2026-07-27T08:03:04.547Z,EUR,461594.0,277039.0,,,,,120.83,38.7,,8.54,,,
swshp-SWSH285,Pikachu V,SWSH285,Promo,SWSH Black Star Promos,2026-07-08T18:05:07.281Z,USD,2026-07-08T18:05:10.691Z,EUR,461594.0,478423.0,,,,,74.04,38.7,,5.25,,,
swshp-SWSH285,Pikachu V,SWSH285,Promo,SWSH Black Star Promos,2026-07-09T18:05:06.510Z,USD,2026-07-09T18:05:09.065Z,EUR,461594.0,478423.0,,,,,55.29,38.7,,5.29,,,
swshp-SWSH285,Pikachu V,SWSH285,Promo,SWSH Black Star Promos,2026-07-10T18:05:06.131Z,USD,2026-07-10T18:05:08.528Z,EUR,461594.0,478423.0,,,,,510.15,38.7,,5.3,,,
swshp-SWSH285,Pikachu V,SWSH285,Promo,SWSH Black Star Promos,2026-07-11T18:05:05.775Z,USD,2026-07-11T18:05:08.252Z,EUR,461594.0,478423.0,,,,,510.15,38.7,,5.4,,,
swshp-SWSH285,Pikachu V,SWSH285,Promo,SWSH Black Star Promos,2026-07-12T18:05:07.100Z,USD,2026-07-12T18:05:08.999Z,EUR,461594.0,478423.0,,,,,510.15,38.7,,5.27,,,
swshp-SWSH285,Pikachu V,SWSH285,Promo,SWSH Black Star Promos,2026-07-13T18:05:06.069Z,USD,2026-07-13T18:05:07.846Z,EUR,461594.0,478423.0,,,,,159.6,38.7,,5.2,,,
swshp-SWSH285,Pikachu V,SWSH285,Promo,SWSH Black Star Promos,2026-07-14T18:05:05.838Z,USD,2026-07-14T18:05:08.458Z,EUR,461594.0,478423.0,,,,,159.6,38.7,,5.29,,,
swshp-SWSH285,Pikachu V,SWSH285,Promo,SWSH Black Star Promos,2026-07-15T18:05:05.784Z,USD,2026-07-15T18:05:08.182Z,EUR,461594.0,478423.0,,,,,159.6,38.7,,5.21,,,
swshp-SWSH285,Pikachu V,SWSH285,Promo,SWSH Black Star Promos,2026-07-16T18:05:05.824Z,USD,2026-07-16T18:05:08.727Z,EUR,461594.0,478423.0,,,,,159.6,38.7,,5.42,,,
swshp-SWSH285,Pikachu V,SWSH285,Promo,SWSH Black Star Promos,2026-07-17T18:05:07.210Z,USD,2026-07-17T18:05:09.271Z,EUR,461594.0,478423.0,,,,,159.6,38.7,,5.34,,,
swshp-SWSH285,Pikachu V,SWSH285,Promo,SWSH Black Star Promos,2026-07-18T08:02:56.859Z,USD,2026-07-18T08:02:59.776Z,EUR,461594.0,478423.0,,,,,159.6,38.7,,5.39,,,
swshp-SWSH285,Pikachu V,SWSH285,Promo,SWSH Black Star Promos,2026-07-19T08:03:02.217Z,USD,2026-07-19T08:03:04.320Z,EUR,461594.0,478423.0,,,,,159.6,38.7,,5.33,,,
swshp-SWSH285,Pikachu V,SWSH285,Promo,SWSH Black Star Promos,2026-07-20T08:03:02.071Z,USD,2026-07-20T08:03:04.811Z,EUR,461594.0,478423.0,,,,,66.58,38.7,,5.17,,,
swshp-SWSH285,Pikachu V,SWSH285,Promo,SWSH Black Star Promos,2026-07-21T08:03:02.131Z,USD,2026-07-21T08:03:04.252Z,EUR,461594.0,478423.0,,,,,66.58,38.7,,4.9,,,
swshp-SWSH285,Pikachu V,SWSH285,Promo,SWSH Black Star Promos,2026-07-22T08:03:03.937Z,USD,2026-07-22T08:03:06.471Z,EUR,461594.0,478423.0,,,,,66.58,38.7,,4.79,,,
swshp-SWSH285,Pikachu V,SWSH285,Promo,SWSH Black Star Promos,2026-07-23T08:03:01.787Z,USD,2026-07-23T08:03:03.918Z,EUR,461594.0,478423.0,,,,,66.58,38.7,,4.94,,,
swshp-SWSH285,Pikachu V,SWSH285,Promo,SWSH Black Star Promos,2026-07-24T08:03:02.157Z,USD,2026-07-24T08:03:04.300Z,EUR,461594.0,478423.0,,,,,66.58,38.7,,4.91,,,
swshp-SWSH285,Pikachu V,SWSH285,Promo,SWSH Black Star Promos,2026-07-25T08:03:02.141Z,USD,2026-07-25T08:03:04.397Z,EUR,461594.0,478423.0,,,,,66.58,38.7,,5.14,,,
swshp-SWSH285,Pikachu V,SWSH285,Promo,SWSH Black Star Promos,2026-07-26T08:03:30.015Z,USD,2026-07-26T08:03:04.571Z,EUR,461594.0,478423.0,,,,,120.83,38.7,,5.09,,,
swshp-SWSH285,Pikachu V,SWSH285,Promo,SWSH Black Star Promos,2026-07-27T08:03:29.008Z,USD,2026-07-27T08:03:04.547Z,EUR,461594.0,478423.0,,,,,120.83,38.7,,5.14,,,
swshp-SWSH286,Pikachu VMAX,SWSH286,Promo,SWSH Black Star Promos,2026-07-08T18:05:07.281Z,USD,2026-07-08T18:05:10.691Z,EUR,461594.0,478424.0,,,,,74.04,38.7,,7.58,,,
swshp-SWSH286,Pikachu VMAX,SWSH286,Promo,SWSH Black Star Promos,2026-07-09T18:05:06.510Z,USD,2026-07-09T18:05:09.065Z,EUR,461594.0,478424.0,,,,,55.29,38.7,,7.77,,,
swshp-SWSH286,Pikachu VMAX,SWSH286,Promo,SWSH Black Star Promos,2026-07-10T18:05:06.131Z,USD,2026-07-10T18:05:08.528Z,EUR,461594.0,478424.0,,,,,510.15,38.7,,7.69,,,
swshp-SWSH286,Pikachu VMAX,SWSH286,Promo,SWSH Black Star Promos,2026-07-11T18:05:05.775Z,USD,2026-07-11T18:05:08.252Z,EUR,461594.0,478424.0,,,,,510.15,38.7,,7.86,,,
swshp-SWSH286,Pikachu VMAX,SWSH286,Promo,SWSH Black Star Promos,2026-07-12T18:05:07.100Z,USD,2026-07-12T18:05:08.999Z,EUR,461594.0,478424.0,,,,,510.15,38.7,,7.82,,,
swshp-SWSH286,Pikachu VMAX,SWSH286,Promo,SWSH Black Star Promos,2026-07-13T18:05:06.069Z,USD,2026-07-13T18:05:07.999Z,EUR,461594.0,478424.0,,,,,159.6,38.7,,7.82,,,
swshp-SWSH286,Pikachu VMAX,SWSH286,Promo,SWSH Black Star Promos,2026-07-14T18:05:05.838Z,USD,2026-07-14T18:05:08.458Z,EUR,461594.0,478424.0,,,,,159.6,38.7,,7.56,,,
swshp-SWSH286,Pikachu VMAX,SWSH286,Promo,SWSH Black Star Promos,2026-07-15T18:05:05.784Z,USD,2026-07-15T18:05:08.182Z,EUR,461594.0,478424.0,,,,,159.6,38.7,,7.41,,,
swshp-SWSH286,Pikachu VMAX,SWSH286,Promo,SWSH Black Star Promos,2026-07-16T18:05:05.824Z,USD,2026-07-16T18:05:08.727Z,EUR,461594.0,478424.0,,,,,159.6,38.7,,7.46,,,
swshp-SWSH286,Pikachu VMAX,SWSH286,Promo,SWSH Black Star Promos,2026-07-17T18:05:07.210Z,USD,2026-07-17T18:05:09.271Z,EUR,461594.0,478424.0,,,,,159.6,38.7,,7.25,,,
swshp-SWSH286,Pikachu VMAX,SWSH286,Promo,SWSH Black Star Promos,2026-07-18T08:02:56.859Z,USD,2026-07-18T08:02:59.776Z,EUR,461594.0,478424.0,,,,,159.6,38.7,,7.43,,,
swshp-SWSH286,Pikachu VMAX,SWSH286,Promo,SWSH Black Star Promos,2026-07-19T08:03:02.217Z,USD,2026-07-19T08:03:04.320Z,EUR,461594.0,478424.0,,,,,159.6,38.7,,7.35,,,
swshp-SWSH286,Pikachu VMAX,SWSH286,Promo,SWSH Black Star Promos,2026-07-20T08:03:02.071Z,USD,2026-07-20T08:03:04.265Z,EUR,461594.0,478424.0,,,,,66.58,38.7,,7.59,,,
swshp-SWSH286,Pikachu VMAX,SWSH286,Promo,SWSH Black Star Promos,2026-07-21T08:03:02.131Z,USD,2026-07-21T08:03:04.252Z,EUR,461594.0,478424.0,,,,,66.58,38.7,,7.28,,,
swshp-SWSH286,Pikachu VMAX,SWSH286,Promo,SWSH Black Star Promos,2026-07-22T08:03:03.937Z,USD,2026-07-22T08:03:06.471Z,EUR,461594.0,478424.0,,,,,66.58,38.7,,7.67,,,
swshp-SWSH286,Pikachu VMAX,SWSH286,Promo,SWSH Black Star Promos,2026-07-23T08:03:01.787Z,USD,2026-07-23T08:03:03.918Z,EUR,461594.0,478424.0,,,,,66.58,38.7,,7.58,,,
swshp-SWSH286,Pikachu VMAX,SWSH286,Promo,SWSH Black Star Promos,2026-07-24T08:03:02.157Z,USD,2026-07-24T08:03:04.144Z,EUR,461594.0,478424.0,,,,,66.58,38.7,,7.54,,,
swshp-SWSH286,Pikachu VMAX,SWSH286,Promo,SWSH Black Star Promos,2026-07-25T08:03:02.141Z,USD,2026-07-25T08:03:04.397Z,EUR,461594.0,478424.0,,,,,66.58,38.7,,7.73,,,
swshp-SWSH286,Pikachu VMAX,SWSH286,Promo,SWSH Black Star Promos,2026-07-26T08:03:30.015Z,USD,2026-07-26T08:03:04.571Z,EUR,461594.0,478424.0,,,,,120.83,38.7,,7.65,,,
swshp-SWSH286,Pikachu VMAX,SWSH286,Promo,SWSH Black Star Promos,2026-07-27T08:03:29.008Z,USD,2026-07-27T08:03:04.705Z,EUR,461594.0,478424.0,,,,,120.83,38.7,,7.84,,,
tk-ex-latio-6,Pikachu,6,Common,EX trainer Kit (Latios),2026-07-08T18:05:06.611Z,USD,,,,,88079.0,,,,,,8.4,,,,
tk-ex-latio-6,Pikachu,6,Common,EX trainer Kit (Latios),2026-07-09T18:05:05.635Z,USD,,,,,88079.0,,,,,,8.4,,,,
tk-ex-latio-6,Pikachu,6,Common,EX trainer Kit (Latios),2026-07-10T18:05:05.267Z,USD,,,,,88079.0,,,,,,8.4,,,,
tk-ex-latio-6,Pikachu,6,Common,EX trainer Kit (Latios),2026-07-11T18:05:05.081Z,USD,,,,,88079.0,,,,,,8.48,,,,
tk-ex-latio-6,Pikachu,6,Common,EX trainer Kit (Latios),2026-07-12T18:05:06.273Z,USD,,,,,88079.0,,,,,,8.48,,,,
tk-ex-latio-6,Pikachu,6,Common,EX trainer Kit (Latios),2026-07-13T18:05:05.265Z,USD,,,,,88079.0,,,,,,8.48,,,,
tk-ex-latio-6,Pikachu,6,Common,EX trainer Kit (Latios),2026-07-14T18:05:05.039Z,USD,,,,,88079.0,,,,,,8.38,,,,
tk-ex-latio-6,Pikachu,6,Common,EX trainer Kit (Latios),2026-07-15T18:05:05.144Z,USD,,,,,88079.0,,,,,,8.32,,,,
tk-ex-latio-6,Pikachu,6,Common,EX trainer Kit (Latios),2026-07-16T18:05:05.126Z,USD,,,,,88079.0,,,,,,8.31,,,,
tk-ex-latio-6,Pikachu,6,Common,EX trainer Kit (Latios),2026-07-17T18:05:06.497Z,USD,,,,,88079.0,,,,,,8.31,,,,
tk-ex-latio-6,Pikachu,6,Common,EX trainer Kit (Latios),2026-07-18T08:02:56.240Z,USD,,,,,88079.0,,,,,,8.31,,,,
tk-ex-latio-6,Pikachu,6,Common,EX trainer Kit (Latios),2026-07-19T08:03:01.638Z,USD,,,,,88079.0,,,,,,8.31,,,,
tk-ex-latio-6,Pikachu,6,Common,EX trainer Kit (Latios),2026-07-20T08:03:01.508Z,USD,,,,,88079.0,,,,,,8.06,,,,
tk-ex-latio-6,Pikachu,6,Common,EX trainer Kit (Latios),2026-07-21T08:03:01.354Z,USD,,,,,88079.0,,,,,,8.06,,,,
tk-ex-latio-6,Pikachu,6,Common,EX trainer Kit (Latios),2026-07-22T08:03:03.229Z,USD,,,,,88079.0,,,,,,8.18,,,,
tk-ex-latio-6,Pikachu,6,Common,EX trainer Kit (Latios),2026-07-23T08:03:01.215Z,USD,,,,,88079.0,,,,,,8.18,,,,
tk-ex-latio-6,Pikachu,6,Common,EX trainer Kit (Latios),2026-07-24T08:03:01.614Z,USD,,,,,88079.0,,,,,,7.94,,,,
tk-ex-latio-6,Pikachu,6,Common,EX trainer Kit (Latios),2026-07-25T08:03:01.535Z,USD,,,,,88079.0,,,,,,7.94,,,,
tk-ex-latio-6,Pikachu,6,Common,EX trainer Kit (Latios),2026-07-26T08:03:02.750Z,USD,,,,,88079.0,,,,,,8.14,,,,
tk-ex-latio-6,Pikachu,6,Common,EX trainer Kit (Latios),2026-07-27T08:03:02.972Z,USD,,,,,88079.0,,,,,,8.14,,,,
tk-sm-r-14,Pikachu,14,Promo,SM trainer Kit (Alolan Raichu),2026-07-08T18:05:07.143Z,USD,,,,,152868.0,,,,,,0.85,,,,
tk-sm-r-14,Pikachu,14,Promo,SM trainer Kit (Alolan Raichu),2026-07-09T18:05:06.448Z,USD,,,,,152868.0,,,,,,0.85,,,,
tk-sm-r-14,Pikachu,14,Promo,SM trainer Kit (Alolan Raichu),2026-07-10T18:05:06.062Z,USD,,,,,152868.0,,,,,,0.85,,,,
tk-sm-r-14,Pikachu,14,Promo,SM trainer Kit (Alolan Raichu),2026-07-11T18:05:05.721Z,USD,,,,,152868.0,,,,,,0.85,,,,
tk-sm-r-14,Pikachu,14,Promo,SM trainer Kit (Alolan Raichu),2026-07-12T18:05:07.022Z,USD,,,,,152868.0,,,,,,0.86,,,,
tk-sm-r-14,Pikachu,14,Promo,SM trainer Kit (Alolan Raichu),2026-07-13T18:05:05.989Z,USD,,,,,152868.0,,,,,,0.86,,,,
tk-sm-r-14,Pikachu,14,Promo,SM trainer Kit (Alolan Raichu),2026-07-14T18:05:05.746Z,USD,,,,,152868.0,,,,,,0.85,,,,
tk-sm-r-14,Pikachu,14,Promo,SM trainer Kit (Alolan Raichu),2026-07-15T18:05:05.726Z,USD,,,,,152868.0,,,,,,0.85,,,,
tk-sm-r-14,Pikachu,14,Promo,SM trainer Kit (Alolan Raichu),2026-07-16T18:05:05.765Z,USD,,,,,152868.0,,,,,,0.84,,,,
tk-sm-r-14,Pikachu,14,Promo,SM trainer Kit (Alolan Raichu),2026-07-17T18:05:07.130Z,USD,,,,,152868.0,,,,,,0.88,,,,
tk-sm-r-14,Pikachu,14,Promo,SM trainer Kit (Alolan Raichu),2026-07-18T08:02:56.778Z,USD,,,,,152868.0,,,,,,0.88,,,,
tk-sm-r-14,Pikachu,14,Promo,SM trainer Kit (Alolan Raichu),2026-07-19T08:03:02.157Z,USD,,,,,152868.0,,,,,,0.88,,,,
tk-sm-r-14,Pikachu,14,Promo,SM trainer Kit (Alolan Raichu),2026-07-20T08:03:02.011Z,USD,,,,,152868.0,,,,,,0.88,,,,
tk-sm-r-14,Pikachu,14,Promo,SM trainer Kit (Alolan Raichu),2026-07-21T08:03:01.984Z,USD,,,,,152868.0,,,,,,0.88,,,,
tk-sm-r-14,Pikachu,14,Promo,SM trainer Kit (Alolan Raichu),2026-07-22T08:03:03.863Z,USD,,,,,152868.0,,,,,,0.88,,,,
tk-sm-r-14,Pikachu,14,Promo,SM trainer Kit (Alolan Raichu),2026-07-23T08:03:01.700Z,USD,,,,,152868.0,,,,,,0.89,,,,
tk-sm-r-14,Pikachu,14,Promo,SM trainer Kit (Alolan Raichu),2026-07-24T08:03:02.099Z,USD,,,,,152868.0,,,,,,0.89,,,,
tk-sm-r-14,Pikachu,14,Promo,SM trainer Kit (Alolan Raichu),2026-07-25T08:03:02.073Z,USD,,,,,152868.0,,,,,,0.89,,,,
tk-sm-r-14,Pikachu,14,Promo,SM trainer Kit (Alolan Raichu),2026-07-26T08:03:26.292Z,USD,,,,,152868.0,,,,,,0.89,,,,
tk-sm-r-14,Pikachu,14,Promo,SM trainer Kit (Alolan Raichu),2026-07-27T08:03:22.557Z,USD,,,,,152868.0,,,,,,0.89,,,,
tk-sm-r-29,Pikachu,29,Promo,SM trainer Kit (Alolan Raichu),2026-07-08T18:05:07.143Z,USD,,,,,152869.0,,,,,,1.33,,,,
tk-sm-r-29,Pikachu,29,Promo,SM trainer Kit (Alolan Raichu),2026-07-09T18:05:06.448Z,USD,,,,,152869.0,,,,,,1.31,,,,
tk-sm-r-29,Pikachu,29,Promo,SM trainer Kit (Alolan Raichu),2026-07-10T18:05:06.062Z,USD,,,,,152869.0,,,,,,1.31,,,,
tk-sm-r-29,Pikachu,29,Promo,SM trainer Kit (Alolan Raichu),2026-07-11T18:05:05.721Z,USD,,,,,152869.0,,,,,,1.31,,,,
tk-sm-r-29,Pikachu,29,Promo,SM trainer Kit (Alolan Raichu),2026-07-12T18:05:07.022Z,USD,,,,,152869.0,,,,,,1.31,,,,
tk-sm-r-29,Pikachu,29,Promo,SM trainer Kit (Alolan Raichu),2026-07-13T18:05:05.989Z,USD,,,,,152869.0,,,,,,1.31,,,,
tk-sm-r-29,Pikachu,29,Promo,SM trainer Kit (Alolan Raichu),2026-07-14T18:05:05.746Z,USD,,,,,152869.0,,,,,,1.33,,,,
tk-sm-r-29,Pikachu,29,Promo,SM trainer Kit (Alolan Raichu),2026-07-15T18:05:05.726Z,USD,,,,,152869.0,,,,,,1.33,,,,
tk-sm-r-29,Pikachu,29,Promo,SM trainer Kit (Alolan Raichu),2026-07-16T18:05:05.765Z,USD,,,,,152869.0,,,,,,1.33,,,,
tk-sm-r-29,Pikachu,29,Promo,SM trainer Kit (Alolan Raichu),2026-07-17T18:05:07.130Z,USD,,,,,152869.0,,,,,,1.3,,,,
tk-sm-r-29,Pikachu,29,Promo,SM trainer Kit (Alolan Raichu),2026-07-18T08:02:56.778Z,USD,,,,,152869.0,,,,,,1.3,,,,
tk-sm-r-29,Pikachu,29,Promo,SM trainer Kit (Alolan Raichu),2026-07-19T08:03:02.157Z,USD,,,,,152869.0,,,,,,1.3,,,,
tk-sm-r-29,Pikachu,29,Promo,SM trainer Kit (Alolan Raichu),2026-07-20T08:03:02.011Z,USD,,,,,152869.0,,,,,,1.3,,,,
tk-sm-r-29,Pikachu,29,Promo,SM trainer Kit (Alolan Raichu),2026-07-21T08:03:01.984Z,USD,,,,,152869.0,,,,,,1.32,,,,
tk-sm-r-29,Pikachu,29,Promo,SM trainer Kit (Alolan Raichu),2026-07-22T08:03:03.863Z,USD,,,,,152869.0,,,,,,1.32,,,,
tk-sm-r-29,Pikachu,29,Promo,SM trainer Kit (Alolan Raichu),2026-07-23T08:03:01.700Z,USD,,,,,152869.0,,,,,,1.32,,,,
tk-sm-r-29,Pikachu,29,Promo,SM trainer Kit (Alolan Raichu),2026-07-24T08:03:02.099Z,USD,,,,,152869.0,,,,,,1.32,,,,
tk-sm-r-29,Pikachu,29,Promo,SM trainer Kit (Alolan Raichu),2026-07-25T08:03:02.073Z,USD,,,,,152869.0,,,,,,1.32,,,,
tk-sm-r-29,Pikachu,29,Promo,SM trainer Kit (Alolan Raichu),2026-07-26T08:03:26.292Z,USD,,,,,152869.0,,,,,,1.31,,,,
tk-sm-r-29,Pikachu,29,Promo,SM trainer Kit (Alolan Raichu),2026-07-27T08:03:22.557Z,USD,,,,,152869.0,,,,,,1.31,,,,
tk-xy-p-14,Pikachu Libre,14,Promo,XY trainer Kit (Pikachu Libre),2026-07-08T18:05:07.125Z,USD,,,,,118819.0,,,,,,19.54,,,,
tk-xy-p-14,Pikachu Libre,14,Promo,XY trainer Kit (Pikachu Libre),2026-07-09T18:05:06.425Z,USD,,,,,118819.0,,,,,,19.54,,,,
tk-xy-p-14,Pikachu Libre,14,Promo,XY trainer Kit (Pikachu Libre),2026-07-10T18:05:06.045Z,USD,,,,,118819.0,,,,,,19.54,,,,
tk-xy-p-14,Pikachu Libre,14,Promo,XY trainer Kit (Pikachu Libre),2026-07-11T18:05:05.700Z,USD,,,,,118819.0,,,,,,19.54,,,,
tk-xy-p-14,Pikachu Libre,14,Promo,XY trainer Kit (Pikachu Libre),2026-07-12T18:05:07.002Z,USD,,,,,118819.0,,,,,,19.54,,,,
tk-xy-p-14,Pikachu Libre,14,Promo,XY trainer Kit (Pikachu Libre),2026-07-13T18:05:05.944Z,USD,,,,,118819.0,,,,,,20.45,,,,
tk-xy-p-14,Pikachu Libre,14,Promo,XY trainer Kit (Pikachu Libre),2026-07-14T18:05:05.675Z,USD,,,,,118819.0,,,,,,21.04,,,,
tk-xy-p-14,Pikachu Libre,14,Promo,XY trainer Kit (Pikachu Libre),2026-07-15T18:05:05.693Z,USD,,,,,118819.0,,,,,,21.04,,,,
tk-xy-p-14,Pikachu Libre,14,Promo,XY trainer Kit (Pikachu Libre),2026-07-16T18:05:05.749Z,USD,,,,,118819.0,,,,,,21.04,,,,
tk-xy-p-14,Pikachu Libre,14,Promo,XY trainer Kit (Pikachu Libre),2026-07-17T18:05:07.102Z,USD,,,,,118819.0,,,,,,21.04,,,,
tk-xy-p-14,Pikachu Libre,14,Promo,XY trainer Kit (Pikachu Libre),2026-07-18T08:02:56.753Z,USD,,,,,118819.0,,,,,,21.04,,,,
tk-xy-p-14,Pikachu Libre,14,Promo,XY trainer Kit (Pikachu Libre),2026-07-19T08:03:02.131Z,USD,,,,,118819.0,,,,,,21.27,,,,
tk-xy-p-14,Pikachu Libre,14,Promo,XY trainer Kit (Pikachu Libre),2026-07-20T08:03:01.989Z,USD,,,,,118819.0,,,,,,21.27,,,,
tk-xy-p-14,Pikachu Libre,14,Promo,XY trainer Kit (Pikachu Libre),2026-07-21T08:03:01.958Z,USD,,,,,118819.0,,,,,,21.27,,,,
tk-xy-p-14,Pikachu Libre,14,Promo,XY trainer Kit (Pikachu Libre),2026-07-22T08:03:03.817Z,USD,,,,,118819.0,,,,,,21.27,,,,
tk-xy-p-14,Pikachu Libre,14,Promo,XY trainer Kit (Pikachu Libre),2026-07-23T08:03:01.681Z,USD,,,,,118819.0,,,,,,21.27,,,,
tk-xy-p-14,Pikachu Libre,14,Promo,XY trainer Kit (Pikachu Libre),2026-07-24T08:03:02.080Z,USD,,,,,118819.0,,,,,,21.27,,,,
tk-xy-p-14,Pikachu Libre,14,Promo,XY trainer Kit (Pikachu Libre),2026-07-25T08:03:02.052Z,USD,,,,,118819.0,,,,,,21.27,,,,
tk-xy-p-14,Pikachu Libre,14,Promo,XY trainer Kit (Pikachu Libre),2026-07-26T08:03:23.080Z,USD,,,,,118819.0,,,,,,21.27,,,,
tk-xy-p-14,Pikachu Libre,14,Promo,XY trainer Kit (Pikachu Libre),2026-07-27T08:03:20.726Z,USD,,,,,118819.0,,,,,,21.27,,,,
tk-xy-p-30,Pikachu Libre,30,Promo,XY trainer Kit (Pikachu Libre),2026-07-08T18:05:07.125Z,USD,,,,118820.0,,,,,,,,52.37,,,
tk-xy-p-30,Pikachu Libre,30,Promo,XY trainer Kit (Pikachu Libre),2026-07-09T18:05:06.425Z,USD,,,,118820.0,,,,,,,,52.37,,,
tk-xy-p-30,Pikachu Libre,30,Promo,XY trainer Kit (Pikachu Libre),2026-07-10T18:05:06.045Z,USD,,,,118820.0,,,,,,,,52.37,,,
tk-xy-p-30,Pikachu Libre,30,Promo,XY trainer Kit (Pikachu Libre),2026-07-11T18:05:05.700Z,USD,,,,118820.0,,,,,,,,52.37,,,
tk-xy-p-30,Pikachu Libre,30,Promo,XY trainer Kit (Pikachu Libre),2026-07-12T18:05:07.002Z,USD,,,,118820.0,,,,,,,,52.38,,,
tk-xy-p-30,Pikachu Libre,30,Promo,XY trainer Kit (Pikachu Libre),2026-07-13T18:05:05.944Z,USD,,,,118820.0,,,,,,,,52.38,,,
tk-xy-p-30,Pikachu Libre,30,Promo,XY trainer Kit (Pikachu Libre),2026-07-14T18:05:05.675Z,USD,,,,118820.0,,,,,,,,52.38,,,
tk-xy-p-30,Pikachu Libre,30,Promo,XY trainer Kit (Pikachu Libre),2026-07-15T18:05:05.693Z,USD,,,,118820.0,,,,,,,,52.38,,,
tk-xy-p-30,Pikachu Libre,30,Promo,XY trainer Kit (Pikachu Libre),2026-07-16T18:05:05.749Z,USD,,,,118820.0,,,,,,,,52.84,,,
tk-xy-p-30,Pikachu Libre,30,Promo,XY trainer Kit (Pikachu Libre),2026-07-17T18:05:07.102Z,USD,,,,118820.0,,,,,,,,52.84,,,
tk-xy-p-30,Pikachu Libre,30,Promo,XY trainer Kit (Pikachu Libre),2026-07-18T08:02:56.753Z,USD,,,,118820.0,,,,,,,,52.84,,,
tk-xy-p-30,Pikachu Libre,30,Promo,XY trainer Kit (Pikachu Libre),2026-07-19T08:03:02.131Z,USD,,,,118820.0,,,,,,,,52.84,,,
tk-xy-p-30,Pikachu Libre,30,Promo,XY trainer Kit (Pikachu Libre),2026-07-20T08:03:01.989Z,USD,,,,118820.0,,,,,,,,52.84,,,
tk-xy-p-30,Pikachu Libre,30,Promo,XY trainer Kit (Pikachu Libre),2026-07-21T08:03:01.958Z,USD,,,,118820.0,,,,,,,,52.84,,,
tk-xy-p-30,Pikachu Libre,30,Promo,XY trainer Kit (Pikachu Libre),2026-07-22T08:03:03.817Z,USD,,,,118820.0,,,,,,,,52.84,,,
tk-xy-p-30,Pikachu Libre,30,Promo,XY trainer Kit (Pikachu Libre),2026-07-23T08:03:01.681Z,USD,,,,118820.0,,,,,,,,52.84,,,
tk-xy-p-30,Pikachu Libre,30,Promo,XY trainer Kit (Pikachu Libre),2026-07-24T08:03:02.080Z,USD,,,,118820.0,,,,,,,,52.84,,,
tk-xy-p-30,Pikachu Libre,30,Promo,XY trainer Kit (Pikachu Libre),2026-07-25T08:03:02.052Z,USD,,,,118820.0,,,,,,,,52.6,,,
tk-xy-p-30,Pikachu Libre,30,Promo,XY trainer Kit (Pikachu Libre),2026-07-26T08:03:23.080Z,USD,,,,118820.0,,,,,,,,51.78,,,
tk-xy-p-30,Pikachu Libre,30,Promo,XY trainer Kit (Pikachu Libre),2026-07-27T08:03:20.726Z,USD,,,,118820.0,,,,,,,,52.14,,,
xy1-42,Pikachu,42,Common,XY,2026-07-08T18:05:07.088Z,USD,2026-07-08T18:05:10.691Z,EUR,281379.0,,88106.0,88106.0,,,4.79,15.96,3.04,,12.47,,
xy1-42,Pikachu,42,Common,XY,2026-07-09T18:05:06.351Z,USD,2026-07-09T18:05:09.065Z,EUR,281379.0,,88106.0,88106.0,,,3.99,15.96,3.02,,12.47,,
xy1-42,Pikachu,42,Common,XY,2026-07-10T18:05:05.990Z,USD,2026-07-10T18:05:08.528Z,EUR,281379.0,,88106.0,88106.0,,,4.33,15.96,3.08,,12.47,,
xy1-42,Pikachu,42,Common,XY,2026-07-11T18:05:05.665Z,USD,2026-07-11T18:05:08.177Z,EUR,281379.0,,88106.0,88106.0,,,4.33,15.96,3.12,,12.8,,
xy1-42,Pikachu,42,Common,XY,2026-07-12T18:05:06.956Z,USD,2026-07-12T18:05:18.426Z,EUR,281379.0,,88106.0,88106.0,,,4.33,15.96,3.12,,12.8,,
xy1-42,Pikachu,42,Common,XY,2026-07-13T18:05:05.882Z,USD,2026-07-13T18:05:07.999Z,EUR,281379.0,,88106.0,88106.0,,,10.83,20.52,3.13,,12.8,,
xy1-42,Pikachu,42,Common,XY,2026-07-14T18:05:05.631Z,USD,2026-07-14T18:05:08.458Z,EUR,281379.0,,88106.0,88106.0,,,10.83,20.52,3.06,,12.8,,
xy1-42,Pikachu,42,Common,XY,2026-07-15T18:05:05.659Z,USD,2026-07-15T18:05:08.182Z,EUR,281379.0,,88106.0,88106.0,,,10.83,20.52,3.01,,12.8,,
xy1-42,Pikachu,42,Common,XY,2026-07-16T18:05:05.711Z,USD,2026-07-16T18:05:08.338Z,EUR,281379.0,,88106.0,88106.0,,,10.83,20.52,2.95,,12.8,,
xy1-42,Pikachu,42,Common,XY,2026-07-17T18:05:07.044Z,USD,2026-07-17T18:05:09.271Z,EUR,281379.0,,88106.0,88106.0,,,10.83,20.52,2.89,,12.8,,
xy1-42,Pikachu,42,Common,XY,2026-07-18T08:02:56.694Z,USD,2026-07-18T08:02:59.776Z,EUR,281379.0,,88106.0,88106.0,,,10.83,20.52,2.85,,12.8,,
xy1-42,Pikachu,42,Common,XY,2026-07-19T08:03:02.077Z,USD,2026-07-19T08:03:04.558Z,EUR,281379.0,,88106.0,88106.0,,,10.83,20.52,2.86,,12.8,,
xy1-42,Pikachu,42,Common,XY,2026-07-20T08:03:01.948Z,USD,2026-07-20T08:03:04.265Z,EUR,281379.0,,88106.0,88106.0,,,5.7,20.52,2.97,,12.8,,
xy1-42,Pikachu,42,Common,XY,2026-07-21T08:03:01.897Z,USD,2026-07-21T08:03:04.252Z,EUR,281379.0,,88106.0,88106.0,,,5.7,20.52,2.92,,12.8,,
xy1-42,Pikachu,42,Common,XY,2026-07-22T08:03:03.714Z,USD,2026-07-22T08:03:06.558Z,EUR,281379.0,,88106.0,88106.0,,,5.7,20.52,2.88,,13.08,,
xy1-42,Pikachu,42,Common,XY,2026-07-23T08:03:01.625Z,USD,2026-07-23T08:03:03.918Z,EUR,281379.0,,88106.0,88106.0,,,5.7,20.52,2.95,,13.08,,
xy1-42,Pikachu,42,Common,XY,2026-07-24T08:03:02.043Z,USD,2026-07-24T08:03:04.550Z,EUR,281379.0,,88106.0,88106.0,,,5.7,20.52,2.85,,13.08,,
xy1-42,Pikachu,42,Common,XY,2026-07-25T08:03:02.002Z,USD,2026-07-25T08:03:04.397Z,EUR,281379.0,,88106.0,88106.0,,,5.7,20.52,2.83,,13.08,,
xy1-42,Pikachu,42,Common,XY,2026-07-26T08:03:22.356Z,USD,2026-07-26T08:03:04.571Z,EUR,281379.0,,88106.0,88106.0,,,4.09,20.52,2.86,,13.08,,
xy1-42,Pikachu,42,Common,XY,2026-07-27T08:03:16.411Z,USD,2026-07-27T08:03:04.705Z,EUR,281379.0,,88106.0,88106.0,,,2.47,20.52,2.77,,13.08,,
xy12-110,Flying Pikachu,110,Secret Rare,Evolutions,2026-07-08T18:05:07.133Z,USD,2026-07-08T18:05:10.691Z,EUR,293472.0,,124123.0,,,,11.26,5.7,8.86,,,,
xy12-110,Flying Pikachu,110,Secret Rare,Evolutions,2026-07-09T18:05:06.435Z,USD,2026-07-09T18:05:09.065Z,EUR,293472.0,,124123.0,,,,11.26,5.7,8.81,,,,
xy12-110,Flying Pikachu,110,Secret Rare,Evolutions,2026-07-10T18:05:06.054Z,USD,2026-07-10T18:05:08.528Z,EUR,293472.0,,124123.0,,,,12.4,5.7,8.7,,,,
xy12-110,Flying Pikachu,110,Secret Rare,Evolutions,2026-07-11T18:05:05.711Z,USD,2026-07-11T18:05:08.252Z,EUR,293472.0,,124123.0,,,,12.4,5.7,8.71,,,,
xy12-110,Flying Pikachu,110,Secret Rare,Evolutions,2026-07-12T18:05:07.013Z,USD,2026-07-12T18:05:08.999Z,EUR,293472.0,,124123.0,,,,12.4,5.7,8.14,,,,
xy12-110,Flying Pikachu,110,Secret Rare,Evolutions,2026-07-13T18:05:05.952Z,USD,2026-07-13T18:05:07.846Z,EUR,293472.0,,124123.0,,,,4.84,5.7,8.26,,,,
xy12-110,Flying Pikachu,110,Secret Rare,Evolutions,2026-07-14T18:05:05.690Z,USD,2026-07-14T18:05:08.458Z,EUR,293472.0,,124123.0,,,,4.84,5.7,8.62,,,,
xy12-110,Flying Pikachu,110,Secret Rare,Evolutions,2026-07-15T18:05:05.716Z,USD,2026-07-15T18:05:08.182Z,EUR,293472.0,,124123.0,,,,4.84,5.7,8.37,,,,
xy12-110,Flying Pikachu,110,Secret Rare,Evolutions,2026-07-16T18:05:05.757Z,USD,2026-07-16T18:05:08.253Z,EUR,293472.0,,124123.0,,,,4.84,5.7,8.32,,,,
xy12-110,Flying Pikachu,110,Secret Rare,Evolutions,2026-07-17T18:05:07.120Z,USD,2026-07-17T18:05:09.271Z,EUR,293472.0,,124123.0,,,,4.84,5.7,8.39,,,,
xy12-110,Flying Pikachu,110,Secret Rare,Evolutions,2026-07-18T08:02:56.768Z,USD,2026-07-18T08:02:59.776Z,EUR,293472.0,,124123.0,,,,4.84,5.7,8.37,,,,
xy12-110,Flying Pikachu,110,Secret Rare,Evolutions,2026-07-19T08:03:02.145Z,USD,2026-07-19T08:03:04.320Z,EUR,293472.0,,124123.0,,,,4.84,5.7,8.12,,,,
xy12-110,Flying Pikachu,110,Secret Rare,Evolutions,2026-07-20T08:03:02.002Z,USD,2026-07-20T08:03:04.386Z,EUR,293472.0,,124123.0,,,,9.69,5.7,8.2,,,,
xy12-110,Flying Pikachu,110,Secret Rare,Evolutions,2026-07-21T08:03:01.973Z,USD,2026-07-21T08:03:04.252Z,EUR,293472.0,,124123.0,,,,9.69,5.7,8.01,,,,
xy12-110,Flying Pikachu,110,Secret Rare,Evolutions,2026-07-22T08:03:03.836Z,USD,2026-07-22T08:03:06.471Z,EUR,293472.0,,124123.0,,,,9.69,5.7,8.18,,,,
xy12-110,Flying Pikachu,110,Secret Rare,Evolutions,2026-07-23T08:03:01.689Z,USD,2026-07-23T08:03:03.918Z,EUR,293472.0,,124123.0,,,,9.69,5.7,8.22,,,,
xy12-110,Flying Pikachu,110,Secret Rare,Evolutions,2026-07-24T08:03:02.091Z,USD,2026-07-24T08:03:04.300Z,EUR,293472.0,,124123.0,,,,9.69,5.7,8.47,,,,
xy12-110,Flying Pikachu,110,Secret Rare,Evolutions,2026-07-25T08:03:02.062Z,USD,2026-07-25T08:03:03.827Z,EUR,293472.0,,124123.0,,,,9.69,5.7,8.31,,,,
xy12-110,Flying Pikachu,110,Secret Rare,Evolutions,2026-07-26T08:03:24.658Z,USD,2026-07-26T08:03:04.377Z,EUR,293472.0,,124123.0,,,,10.44,5.7,8.31,,,,
xy12-110,Flying Pikachu,110,Secret Rare,Evolutions,2026-07-27T08:03:22.009Z,USD,2026-07-27T08:03:04.705Z,EUR,293472.0,,124123.0,,,,37.88,5.7,8.57,,,,
xy12-111,Surfing Pikachu,111,Secret Rare,Evolutions,2026-07-08T18:05:07.133Z,USD,2026-07-08T18:05:10.691Z,EUR,293473.0,,124124.0,,,,18.23,9.11,10.63,,,,
xy12-111,Surfing Pikachu,111,Secret Rare,Evolutions,2026-07-09T18:05:06.435Z,USD,2026-07-09T18:05:09.065Z,EUR,293473.0,,124124.0,,,,17.1,9.11,10.67,,,,
xy12-111,Surfing Pikachu,111,Secret Rare,Evolutions,2026-07-10T18:05:06.054Z,USD,2026-07-10T18:05:08.528Z,EUR,293473.0,,124124.0,,,,15.96,9.11,10.57,,,,
xy12-111,Surfing Pikachu,111,Secret Rare,Evolutions,2026-07-11T18:05:05.711Z,USD,2026-07-11T18:05:07.832Z,EUR,293473.0,,124124.0,,,,15.96,9.11,10.8,,,,
xy12-111,Surfing Pikachu,111,Secret Rare,Evolutions,2026-07-12T18:05:07.013Z,USD,2026-07-12T18:05:08.999Z,EUR,293473.0,,124124.0,,,,15.96,9.11,10.76,,,,
xy12-111,Surfing Pikachu,111,Secret Rare,Evolutions,2026-07-13T18:05:05.952Z,USD,2026-07-13T18:05:07.846Z,EUR,293473.0,,124124.0,,,,5.7,9.11,10.68,,,,
xy12-111,Surfing Pikachu,111,Secret Rare,Evolutions,2026-07-14T18:05:05.690Z,USD,2026-07-14T18:05:08.458Z,EUR,293473.0,,124124.0,,,,5.7,9.11,11.32,,,,
xy12-111,Surfing Pikachu,111,Secret Rare,Evolutions,2026-07-15T18:05:05.716Z,USD,2026-07-15T18:05:08.182Z,EUR,293473.0,,124124.0,,,,5.7,9.11,11.02,,,,
xy12-111,Surfing Pikachu,111,Secret Rare,Evolutions,2026-07-16T18:05:05.757Z,USD,2026-07-16T18:05:08.253Z,EUR,293473.0,,124124.0,,,,5.7,9.11,10.95,,,,
xy12-111,Surfing Pikachu,111,Secret Rare,Evolutions,2026-07-17T18:05:07.120Z,USD,2026-07-17T18:05:09.396Z,EUR,293473.0,,124124.0,,,,5.7,9.11,10.86,,,,
xy12-111,Surfing Pikachu,111,Secret Rare,Evolutions,2026-07-18T08:02:56.768Z,USD,2026-07-18T08:02:59.776Z,EUR,293473.0,,124124.0,,,,5.7,9.11,11.02,,,,
xy12-111,Surfing Pikachu,111,Secret Rare,Evolutions,2026-07-19T08:03:02.145Z,USD,2026-07-19T08:03:04.320Z,EUR,293473.0,,124124.0,,,,5.7,9.11,10.91,,,,
xy12-111,Surfing Pikachu,111,Secret Rare,Evolutions,2026-07-20T08:03:02.002Z,USD,2026-07-20T08:03:04.811Z,EUR,293473.0,,124124.0,,,,12.48,9.11,10.72,,,,
xy12-111,Surfing Pikachu,111,Secret Rare,Evolutions,2026-07-21T08:03:01.973Z,USD,2026-07-21T08:03:04.252Z,EUR,293473.0,,124124.0,,,,12.48,9.11,9.91,,,,
xy12-111,Surfing Pikachu,111,Secret Rare,Evolutions,2026-07-22T08:03:03.836Z,USD,2026-07-22T08:03:06.558Z,EUR,293473.0,,124124.0,,,,12.48,9.11,10.0,,,,
xy12-111,Surfing Pikachu,111,Secret Rare,Evolutions,2026-07-23T08:03:01.689Z,USD,2026-07-23T08:03:03.918Z,EUR,293473.0,,124124.0,,,,12.48,9.11,10.96,,,,
xy12-111,Surfing Pikachu,111,Secret Rare,Evolutions,2026-07-24T08:03:02.091Z,USD,2026-07-24T08:03:04.300Z,EUR,293473.0,,124124.0,,,,12.48,9.11,10.78,,,,
xy12-111,Surfing Pikachu,111,Secret Rare,Evolutions,2026-07-25T08:03:02.062Z,USD,2026-07-25T08:03:03.827Z,EUR,293473.0,,124124.0,,,,12.48,9.11,10.67,,,,
xy12-111,Surfing Pikachu,111,Secret Rare,Evolutions,2026-07-26T08:03:24.658Z,USD,2026-07-26T08:03:04.571Z,EUR,293473.0,,124124.0,,,,13.57,9.11,10.63,,,,
xy12-111,Surfing Pikachu,111,Secret Rare,Evolutions,2026-07-27T08:03:22.009Z,USD,2026-07-27T08:03:04.705Z,EUR,293473.0,,124124.0,,,,15.9,9.11,10.89,,,,
xy12-35,Pikachu,35,Common,Evolutions,2026-07-08T18:05:07.133Z,USD,2026-07-08T18:05:10.078Z,EUR,293392.0,,124048.0,124048.0,,,0.91,7.24,0.7,,6.37,,
xy12-35,Pikachu,35,Common,Evolutions,2026-07-09T18:05:06.435Z,USD,2026-07-09T18:05:09.065Z,EUR,293392.0,,124048.0,124048.0,,,0.9,17.1,0.88,,6.37,,
xy12-35,Pikachu,35,Common,Evolutions,2026-07-10T18:05:06.054Z,USD,2026-07-10T18:05:08.528Z,EUR,293392.0,,124048.0,124048.0,,,0.71,0.57,0.88,,6.37,,
xy12-35,Pikachu,35,Common,Evolutions,2026-07-11T18:05:05.711Z,USD,2026-07-11T18:05:08.177Z,EUR,293392.0,,124048.0,124048.0,,,0.71,0.57,0.92,,6.37,,
xy12-35,Pikachu,35,Common,Evolutions,2026-07-12T18:05:07.013Z,USD,2026-07-12T18:05:18.426Z,EUR,293392.0,,124048.0,124048.0,,,0.71,0.57,1.0,,6.3,,
xy12-35,Pikachu,35,Common,Evolutions,2026-07-13T18:05:05.952Z,USD,2026-07-13T18:05:07.901Z,EUR,293392.0,,124048.0,124048.0,,,1.45,13.68,1.01,,6.29,,
xy12-35,Pikachu,35,Common,Evolutions,2026-07-14T18:05:05.690Z,USD,2026-07-14T18:05:08.086Z,EUR,293392.0,,124048.0,124048.0,,,1.45,13.68,0.93,,6.29,,
xy12-35,Pikachu,35,Common,Evolutions,2026-07-15T18:05:05.716Z,USD,2026-07-15T18:05:08.182Z,EUR,293392.0,,124048.0,124048.0,,,1.45,13.68,0.92,,6.33,,
xy12-35,Pikachu,35,Common,Evolutions,2026-07-16T18:05:05.757Z,USD,2026-07-16T18:05:08.165Z,EUR,293392.0,,124048.0,124048.0,,,1.45,13.68,0.88,,6.33,,
xy12-35,Pikachu,35,Common,Evolutions,2026-07-17T18:05:07.120Z,USD,2026-07-17T18:05:09.271Z,EUR,293392.0,,124048.0,124048.0,,,1.45,13.68,0.92,,6.48,,
xy12-35,Pikachu,35,Common,Evolutions,2026-07-18T08:02:56.768Z,USD,2026-07-18T08:02:59.776Z,EUR,293392.0,,124048.0,124048.0,,,1.45,13.68,0.92,,6.48,,
xy12-35,Pikachu,35,Common,Evolutions,2026-07-19T08:03:02.145Z,USD,2026-07-19T08:03:04.558Z,EUR,293392.0,,124048.0,124048.0,,,1.45,13.68,0.93,,6.4,,
xy12-35,Pikachu,35,Common,Evolutions,2026-07-20T08:03:02.002Z,USD,2026-07-20T08:03:04.265Z,EUR,293392.0,,124048.0,124048.0,,,0.72,6.84,1.06,,6.15,,
xy12-35,Pikachu,35,Common,Evolutions,2026-07-21T08:03:01.973Z,USD,2026-07-21T08:03:04.252Z,EUR,293392.0,,124048.0,124048.0,,,0.72,6.84,0.94,,6.13,,
xy12-35,Pikachu,35,Common,Evolutions,2026-07-22T08:03:03.836Z,USD,2026-07-22T08:03:06.558Z,EUR,293392.0,,124048.0,124048.0,,,0.72,6.84,0.96,,6.2,,
xy12-35,Pikachu,35,Common,Evolutions,2026-07-23T08:03:01.689Z,USD,2026-07-23T08:03:03.918Z,EUR,293392.0,,124048.0,124048.0,,,0.72,6.84,1.0,,6.3,,
xy12-35,Pikachu,35,Common,Evolutions,2026-07-24T08:03:02.091Z,USD,2026-07-24T08:03:04.550Z,EUR,293392.0,,124048.0,124048.0,,,0.72,6.84,1.11,,6.27,,
xy12-35,Pikachu,35,Common,Evolutions,2026-07-25T08:03:02.062Z,USD,2026-07-25T08:03:04.397Z,EUR,293392.0,,124048.0,124048.0,,,0.72,6.84,1.19,,6.27,,
xy12-35,Pikachu,35,Common,Evolutions,2026-07-26T08:03:24.658Z,USD,2026-07-26T08:03:04.377Z,EUR,293392.0,,124048.0,124048.0,,,1.14,6.27,1.14,,6.26,,
xy12-35,Pikachu,35,Common,Evolutions,2026-07-27T08:03:22.009Z,USD,2026-07-27T08:03:04.458Z,EUR,293392.0,,124048.0,124048.0,,,0.95,4.33,1.08,,6.22,,
xy3-27,Pikachu,27,Common,Furious Fists,2026-07-08T18:05:07.097Z,USD,2026-07-08T18:05:10.078Z,EUR,281691.0,,92202.0,92202.0,,,3.97,15.96,5.43,,16.32,,
xy3-27,Pikachu,27,Common,Furious Fists,2026-07-09T18:05:06.375Z,USD,2026-07-09T18:05:09.065Z,EUR,281691.0,,92202.0,92202.0,,,3.97,15.96,5.38,,16.32,,
xy3-27,Pikachu,27,Common,Furious Fists,2026-07-10T18:05:06.001Z,USD,2026-07-10T18:05:08.528Z,EUR,281691.0,,92202.0,92202.0,,,4.55,15.96,5.27,,16.32,,
xy3-27,Pikachu,27,Common,Furious Fists,2026-07-11T18:05:05.674Z,USD,2026-07-11T18:05:08.177Z,EUR,281691.0,,92202.0,92202.0,,,4.55,15.96,5.18,,16.32,,
xy3-27,Pikachu,27,Common,Furious Fists,2026-07-12T18:05:06.967Z,USD,2026-07-12T18:05:18.426Z,EUR,281691.0,,92202.0,92202.0,,,4.55,15.96,5.06,,16.82,,
xy3-27,Pikachu,27,Common,Furious Fists,2026-07-13T18:05:05.907Z,USD,2026-07-13T18:05:07.999Z,EUR,281691.0,,92202.0,92202.0,,,9.11,15.96,5.06,,16.82,,
xy3-27,Pikachu,27,Common,Furious Fists,2026-07-14T18:05:05.640Z,USD,2026-07-14T18:05:08.458Z,EUR,281691.0,,92202.0,92202.0,,,9.11,15.96,5.05,,16.82,,
xy3-27,Pikachu,27,Common,Furious Fists,2026-07-15T18:05:05.667Z,USD,2026-07-15T18:05:08.182Z,EUR,281691.0,,92202.0,92202.0,,,9.11,15.96,5.04,,16.82,,
xy3-27,Pikachu,27,Common,Furious Fists,2026-07-16T18:05:05.721Z,USD,2026-07-16T18:05:08.165Z,EUR,281691.0,,92202.0,92202.0,,,9.11,15.96,5.04,,16.82,,
xy3-27,Pikachu,27,Common,Furious Fists,2026-07-17T18:05:07.065Z,USD,2026-07-17T18:05:09.271Z,EUR,281691.0,,92202.0,92202.0,,,9.11,15.96,5.06,,16.82,,
xy3-27,Pikachu,27,Common,Furious Fists,2026-07-18T08:02:56.708Z,USD,2026-07-18T08:02:59.361Z,EUR,281691.0,,92202.0,92202.0,,,9.11,15.96,5.06,,16.82,,
xy3-27,Pikachu,27,Common,Furious Fists,2026-07-19T08:03:02.090Z,USD,2026-07-19T08:03:04.658Z,EUR,281691.0,,92202.0,92202.0,,,9.11,15.96,5.07,,16.82,,
xy3-27,Pikachu,27,Common,Furious Fists,2026-07-20T08:03:01.960Z,USD,2026-07-20T08:03:04.265Z,EUR,281691.0,,92202.0,92202.0,,,3.0,15.96,5.08,,16.82,,
xy3-27,Pikachu,27,Common,Furious Fists,2026-07-21T08:03:01.909Z,USD,2026-07-21T08:03:04.252Z,EUR,281691.0,,92202.0,92202.0,,,3.0,15.96,5.08,,16.82,,
xy3-27,Pikachu,27,Common,Furious Fists,2026-07-22T08:03:03.741Z,USD,2026-07-22T08:03:06.471Z,EUR,281691.0,,92202.0,92202.0,,,3.0,15.96,5.05,,16.82,,
xy3-27,Pikachu,27,Common,Furious Fists,2026-07-23T08:03:01.641Z,USD,2026-07-23T08:03:03.918Z,EUR,281691.0,,92202.0,92202.0,,,3.0,15.96,5.14,,16.82,,
xy3-27,Pikachu,27,Common,Furious Fists,2026-07-24T08:03:02.053Z,USD,2026-07-24T08:03:04.550Z,EUR,281691.0,,92202.0,92202.0,,,3.0,15.96,5.25,,16.82,,
xy3-27,Pikachu,27,Common,Furious Fists,2026-07-25T08:03:02.026Z,USD,2026-07-25T08:03:04.397Z,EUR,281691.0,,92202.0,92202.0,,,3.0,15.96,5.25,,16.82,,
xy3-27,Pikachu,27,Common,Furious Fists,2026-07-26T08:03:22.381Z,USD,2026-07-26T08:03:04.571Z,EUR,281691.0,,92202.0,92202.0,,,15.96,21.37,5.12,,16.82,,
xy3-27,Pikachu,27,Common,Furious Fists,2026-07-27T08:03:17.752Z,USD,2026-07-27T08:03:04.705Z,EUR,281691.0,,92202.0,92202.0,,,7.98,21.37,5.06,,16.82,,
xy6-20,Pikachu,20,Common,Roaring Skies,2026-07-08T18:05:07.111Z,USD,2026-07-08T18:05:10.078Z,EUR,282688.0,,98056.0,98056.0,,,3.35,11.39,1.19,,6.21,,
xy6-20,Pikachu,20,Common,Roaring Skies,2026-07-09T18:05:06.400Z,USD,2026-07-09T18:05:09.065Z,EUR,282688.0,,98056.0,98056.0,,,0.95,11.39,1.19,,6.21,,
xy6-20,Pikachu,20,Common,Roaring Skies,2026-07-10T18:05:06.027Z,USD,2026-07-10T18:05:08.528Z,EUR,282688.0,,98056.0,98056.0,,,1.7,8.55,1.34,,6.21,,
xy6-20,Pikachu,20,Common,Roaring Skies,2026-07-11T18:05:05.686Z,USD,2026-07-11T18:05:08.177Z,EUR,282688.0,,98056.0,98056.0,,,1.7,8.55,1.44,,6.21,,
xy6-20,Pikachu,20,Common,Roaring Skies,2026-07-12T18:05:06.984Z,USD,2026-07-12T18:05:18.426Z,EUR,282688.0,,98056.0,98056.0,,,1.7,8.55,1.36,,6.21,,
xy6-20,Pikachu,20,Common,Roaring Skies,2026-07-13T18:05:05.930Z,USD,2026-07-13T18:05:07.901Z,EUR,282688.0,,98056.0,98056.0,,,2.62,8.55,1.4,,6.21,,
xy6-20,Pikachu,20,Common,Roaring Skies,2026-07-14T18:05:05.654Z,USD,2026-07-14T18:05:08.458Z,EUR,282688.0,,98056.0,98056.0,,,2.62,8.55,1.44,,6.4,,
xy6-20,Pikachu,20,Common,Roaring Skies,2026-07-15T18:05:05.680Z,USD,2026-07-15T18:05:08.182Z,EUR,282688.0,,98056.0,98056.0,,,2.62,8.55,1.52,,6.4,,
xy6-20,Pikachu,20,Common,Roaring Skies,2026-07-16T18:05:05.733Z,USD,2026-07-16T18:05:08.165Z,EUR,282688.0,,98056.0,98056.0,,,2.62,8.55,1.53,,6.4,,
xy6-20,Pikachu,20,Common,Roaring Skies,2026-07-17T18:05:07.082Z,USD,2026-07-17T18:05:09.271Z,EUR,282688.0,,98056.0,98056.0,,,2.62,8.55,1.53,,6.41,,
xy6-20,Pikachu,20,Common,Roaring Skies,2026-07-18T08:02:56.728Z,USD,2026-07-18T08:02:59.387Z,EUR,282688.0,,98056.0,98056.0,,,2.62,8.55,1.52,,6.41,,
xy6-20,Pikachu,20,Common,Roaring Skies,2026-07-19T08:03:02.110Z,USD,2026-07-19T08:03:04.558Z,EUR,282688.0,,98056.0,98056.0,,,2.62,8.55,1.51,,6.41,,
xy6-20,Pikachu,20,Common,Roaring Skies,2026-07-20T08:03:01.973Z,USD,2026-07-20T08:03:04.265Z,EUR,282688.0,,98056.0,98056.0,,,1.92,11.39,1.49,,6.41,,
xy6-20,Pikachu,20,Common,Roaring Skies,2026-07-21T08:03:01.930Z,USD,2026-07-21T08:03:04.252Z,EUR,282688.0,,98056.0,98056.0,,,1.92,11.39,1.5,,6.43,,
xy6-20,Pikachu,20,Common,Roaring Skies,2026-07-22T08:03:03.772Z,USD,2026-07-22T08:03:06.471Z,EUR,282688.0,,98056.0,98056.0,,,1.92,11.39,1.41,,6.43,,
xy6-20,Pikachu,20,Common,Roaring Skies,2026-07-23T08:03:01.663Z,USD,2026-07-23T08:03:03.735Z,EUR,282688.0,,98056.0,98056.0,,,1.92,11.39,1.43,,6.43,,
xy6-20,Pikachu,20,Common,Roaring Skies,2026-07-24T08:03:02.065Z,USD,2026-07-24T08:03:04.550Z,EUR,282688.0,,98056.0,98056.0,,,1.92,11.39,1.35,,6.43,,
xy6-20,Pikachu,20,Common,Roaring Skies,2026-07-25T08:03:02.038Z,USD,2026-07-25T08:03:04.397Z,EUR,282688.0,,98056.0,98056.0,,,1.92,11.39,1.34,,6.56,,
xy6-20,Pikachu,20,Common,Roaring Skies,2026-07-26T08:03:23.009Z,USD,2026-07-26T08:03:04.571Z,EUR,282688.0,,98056.0,98056.0,,,0.4,32.49,1.42,,6.56,,
xy6-20,Pikachu,20,Common,Roaring Skies,2026-07-27T08:03:19.712Z,USD,2026-07-27T08:03:04.705Z,EUR,282688.0,,98056.0,98056.0,,,4.21,32.49,1.4,,6.71,,
xy8-48,Pikachu,48,Common,BREAKthrough,2026-07-08T18:05:07.115Z,USD,2026-07-08T18:05:10.691Z,EUR,286294.0,,107167.0,107167.0,,,1.81,12.54,1.07,,11.75,,
xy8-48,Pikachu,48,Common,BREAKthrough,2026-07-09T18:05:06.412Z,USD,2026-07-09T18:05:08.471Z,EUR,286294.0,,107167.0,107167.0,,,2.67,12.54,1.06,,11.75,,
xy8-48,Pikachu,48,Common,BREAKthrough,2026-07-10T18:05:06.037Z,USD,2026-07-10T18:05:08.528Z,EUR,286294.0,,107167.0,107167.0,,,1.42,12.54,1.08,,11.75,,
xy8-48,Pikachu,48,Common,BREAKthrough,2026-07-11T18:05:05.693Z,USD,2026-07-11T18:05:08.177Z,EUR,286294.0,,107167.0,107167.0,,,1.42,12.54,1.08,,11.75,,
xy8-48,Pikachu,48,Common,BREAKthrough,2026-07-12T18:05:06.990Z,USD,2026-07-12T18:05:18.426Z,EUR,286294.0,,107167.0,107167.0,,,1.42,12.54,1.06,,11.75,,
xy8-48,Pikachu,48,Common,BREAKthrough,2026-07-13T18:05:05.936Z,USD,2026-07-13T18:05:07.999Z,EUR,286294.0,,107167.0,107167.0,,,2.11,12.54,1.06,,11.75,,
xy8-48,Pikachu,48,Common,BREAKthrough,2026-07-14T18:05:05.663Z,USD,2026-07-14T18:05:07.978Z,EUR,286294.0,,107167.0,107167.0,,,2.11,12.54,1.07,,11.75,,
xy8-48,Pikachu,48,Common,BREAKthrough,2026-07-15T18:05:05.684Z,USD,2026-07-15T18:05:08.182Z,EUR,286294.0,,107167.0,107167.0,,,2.11,12.54,1.07,,11.75,,
xy8-48,Pikachu,48,Common,BREAKthrough,2026-07-16T18:05:05.738Z,USD,2026-07-16T18:05:08.338Z,EUR,286294.0,,107167.0,107167.0,,,2.11,12.54,1.1,,11.75,,
xy8-48,Pikachu,48,Common,BREAKthrough,2026-07-17T18:05:07.092Z,USD,2026-07-17T18:05:09.271Z,EUR,286294.0,,107167.0,107167.0,,,2.11,12.54,1.1,,11.75,,
xy8-48,Pikachu,48,Common,BREAKthrough,2026-07-18T08:02:56.739Z,USD,2026-07-18T08:02:59.776Z,EUR,286294.0,,107167.0,107167.0,,,2.11,12.54,1.1,,11.75,,
xy8-48,Pikachu,48,Common,BREAKthrough,2026-07-19T08:03:02.119Z,USD,2026-07-19T08:03:04.558Z,EUR,286294.0,,107167.0,107167.0,,,2.11,12.54,1.11,,11.75,,
xy8-48,Pikachu,48,Common,BREAKthrough,2026-07-20T08:03:01.980Z,USD,2026-07-20T08:03:04.811Z,EUR,286294.0,,107167.0,107167.0,,,1.14,3.31,1.1,,11.75,,
xy8-48,Pikachu,48,Common,BREAKthrough,2026-07-21T08:03:01.936Z,USD,2026-07-21T08:03:04.252Z,EUR,286294.0,,107167.0,107167.0,,,1.14,3.31,1.15,,11.75,,
xy8-48,Pikachu,48,Common,BREAKthrough,2026-07-22T08:03:03.797Z,USD,2026-07-22T08:03:06.558Z,EUR,286294.0,,107167.0,107167.0,,,1.14,3.31,1.16,,11.75,,
xy8-48,Pikachu,48,Common,BREAKthrough,2026-07-23T08:03:01.668Z,USD,2026-07-23T08:03:03.918Z,EUR,286294.0,,107167.0,107167.0,,,1.14,3.31,1.19,,11.75,,
xy8-48,Pikachu,48,Common,BREAKthrough,2026-07-24T08:03:02.072Z,USD,2026-07-24T08:03:04.300Z,EUR,286294.0,,107167.0,107167.0,,,1.14,3.31,1.19,,11.75,,
xy8-48,Pikachu,48,Common,BREAKthrough,2026-07-25T08:03:02.044Z,USD,2026-07-25T08:03:04.397Z,EUR,286294.0,,107167.0,107167.0,,,1.14,3.31,1.19,,11.75,,
xy8-48,Pikachu,48,Common,BREAKthrough,2026-07-26T08:03:23.037Z,USD,2026-07-26T08:03:04.377Z,EUR,286294.0,,107167.0,107167.0,,,2.37,28.5,1.25,,11.75,,
xy8-48,Pikachu,48,Common,BREAKthrough,2026-07-27T08:03:20.013Z,USD,2026-07-27T08:03:04.705Z,EUR,286294.0,,107167.0,107167.0,,,2.37,28.5,1.25,,11.75,,
xyp-XY202,Pikachu,XY202,Promo,XY Black Star Promos,,,2026-07-08T18:05:10.691Z,EUR,289809.0,,,,,,94.61,11.01,,,,,
xyp-XY202,Pikachu,XY202,Promo,XY Black Star Promos,,,2026-07-09T18:05:09.065Z,EUR,289809.0,,,,,,148.2,11.01,,,,,
xyp-XY202,Pikachu,XY202,Promo,XY Black Star Promos,,,2026-07-10T18:05:08.528Z,EUR,289809.0,,,,,,148.2,11.01,,,,,
xyp-XY202,Pikachu,XY202,Promo,XY Black Star Promos,,,2026-07-11T18:05:08.177Z,EUR,289809.0,,,,,,148.2,11.01,,,,,
xyp-XY202,Pikachu,XY202,Promo,XY Black Star Promos,,,2026-07-12T18:05:09.193Z,EUR,289809.0,,,,,,148.2,11.01,,,,,
xyp-XY202,Pikachu,XY202,Promo,XY Black Star Promos,,,2026-07-13T18:05:07.846Z,EUR,289809.0,,,,,,28.5,11.01,,,,,
xyp-XY202,Pikachu,XY202,Promo,XY Black Star Promos,,,2026-07-14T18:05:08.458Z,EUR,289809.0,,,,,,28.5,11.01,,,,,
xyp-XY202,Pikachu,XY202,Promo,XY Black Star Promos,,,2026-07-15T18:05:08.182Z,EUR,289809.0,,,,,,28.5,11.01,,,,,
xyp-XY202,Pikachu,XY202,Promo,XY Black Star Promos,,,2026-07-16T18:05:08.253Z,EUR,289809.0,,,,,,28.5,11.01,,,,,
xyp-XY202,Pikachu,XY202,Promo,XY Black Star Promos,,,2026-07-17T18:05:09.271Z,EUR,289809.0,,,,,,28.5,11.01,,,,,
xyp-XY202,Pikachu,XY202,Promo,XY Black Star Promos,,,2026-07-18T08:02:59.776Z,EUR,289809.0,,,,,,28.5,11.01,,,,,
xyp-XY202,Pikachu,XY202,Promo,XY Black Star Promos,,,2026-07-19T08:03:04.320Z,EUR,289809.0,,,,,,28.5,11.01,,,,,
xyp-XY202,Pikachu,XY202,Promo,XY Black Star Promos,,,2026-07-20T08:03:04.265Z,EUR,289809.0,,,,,,384.18,11.01,,,,,
xyp-XY202,Pikachu,XY202,Promo,XY Black Star Promos,,,2026-07-21T08:03:04.252Z,EUR,289809.0,,,,,,384.18,11.01,,,,,
xyp-XY202,Pikachu,XY202,Promo,XY Black Star Promos,,,2026-07-22T08:03:06.471Z,EUR,289809.0,,,,,,384.18,11.01,,,,,
xyp-XY202,Pikachu,XY202,Promo,XY Black Star Promos,,,2026-07-23T08:03:03.918Z,EUR,289809.0,,,,,,384.18,11.01,,,,,
xyp-XY202,Pikachu,XY202,Promo,XY Black Star Promos,,,2026-07-24T08:03:04.081Z,EUR,289809.0,,,,,,384.18,11.01,,,,,
xyp-XY202,Pikachu,XY202,Promo,XY Black Star Promos,,,2026-07-25T08:03:04.261Z,EUR,289809.0,,,,,,384.18,11.01,,,,,
xyp-XY202,Pikachu,XY202,Promo,XY Black Star Promos,,,2026-07-26T08:03:04.571Z,EUR,289809.0,,,,,,39.9,11.01,,,,,
xyp-XY202,Pikachu,XY202,Promo,XY Black Star Promos,,,2026-07-27T08:03:04.547Z,EUR,289809.0,,,,,,39.9,11.01,,,,,
xyp-XY95,Pikachu,XY95,Promo,XY Black Star Promos,,,2026-07-08T18:05:10.078Z,EUR,289809.0,,,,,,94.61,11.01,,,,,
xyp-XY95,Pikachu,XY95,Promo,XY Black Star Promos,,,2026-07-09T18:05:09.065Z,EUR,289809.0,,,,,,148.2,11.01,,,,,
xyp-XY95,Pikachu,XY95,Promo,XY Black Star Promos,,,2026-07-10T18:05:08.528Z,EUR,289809.0,,,,,,148.2,11.01,,,,,
xyp-XY95,Pikachu,XY95,Promo,XY Black Star Promos,,,2026-07-11T18:05:08.177Z,EUR,289809.0,,,,,,148.2,11.01,,,,,
xyp-XY95,Pikachu,XY95,Promo,XY Black Star Promos,,,2026-07-12T18:05:09.193Z,EUR,289809.0,,,,,,148.2,11.01,,,,,
xyp-XY95,Pikachu,XY95,Promo,XY Black Star Promos,,,2026-07-13T18:05:07.846Z,EUR,289809.0,,,,,,28.5,11.01,,,,,
xyp-XY95,Pikachu,XY95,Promo,XY Black Star Promos,,,2026-07-14T18:05:08.458Z,EUR,289809.0,,,,,,28.5,11.01,,,,,
xyp-XY95,Pikachu,XY95,Promo,XY Black Star Promos,,,2026-07-15T18:05:08.182Z,EUR,289809.0,,,,,,28.5,11.01,,,,,
xyp-XY95,Pikachu,XY95,Promo,XY Black Star Promos,,,2026-07-16T18:05:08.253Z,EUR,289809.0,,,,,,28.5,11.01,,,,,
xyp-XY95,Pikachu,XY95,Promo,XY Black Star Promos,,,2026-07-17T18:05:10.089Z,EUR,289809.0,,,,,,28.5,11.01,,,,,
xyp-XY95,Pikachu,XY95,Promo,XY Black Star Promos,,,2026-07-18T08:02:59.387Z,EUR,289809.0,,,,,,28.5,11.01,,,,,
xyp-XY95,Pikachu,XY95,Promo,XY Black Star Promos,,,2026-07-19T08:03:04.658Z,EUR,289809.0,,,,,,28.5,11.01,,,,,
xyp-XY95,Pikachu,XY95,Promo,XY Black Star Promos,,,2026-07-20T08:03:04.265Z,EUR,289809.0,,,,,,384.18,11.01,,,,,
xyp-XY95,Pikachu,XY95,Promo,XY Black Star Promos,,,2026-07-21T08:03:04.252Z,EUR,289809.0,,,,,,384.18,11.01,,,,,
xyp-XY95,Pikachu,XY95,Promo,XY Black Star Promos,,,2026-07-22T08:03:06.471Z,EUR,289809.0,,,,,,384.18,11.01,,,,,
xyp-XY95,Pikachu,XY95,Promo,XY Black Star Promos,,,2026-07-23T08:03:03.918Z,EUR,289809.0,,,,,,384.18,11.01,,,,,
xyp-XY95,Pikachu,XY95,Promo,XY Black Star Promos,,,2026-07-24T08:03:04.550Z,EUR,289809.0,,,,,,384.18,11.01,,,,,
xyp-XY95,Pikachu,XY95,Promo,XY Black Star Promos,,,2026-07-25T08:03:04.261Z,EUR,289809.0,,,,,,384.18,11.01,,,,,
xyp-XY95,Pikachu,XY95,Promo,XY Black Star Promos,,,2026-07-26T08:03:04.532Z,EUR,289809.0,,,,,,39.9,11.01,,,,,
xyp-XY95,Pikachu,XY95,Promo,XY Black Star Promos,,,2026-07-27T08:03:04.547Z,EUR,289809.0,,,,,,39.9,11.01,,,,,
