id,name,localId,rarity,cm_updated,cm_unit,cm_idProduct,tp_updated,tp_unit,tp_normal_productId,tp_reverse_holofoil_productId,tp_holofoil_productId,cm_avg1,cm_avg1_holo,tp_normal_marketPrice,tp_reverse_holofoil_marketPrice
me05-001,Tropius,1,Common,2026-07-18T08:02:59.776Z,EUR,895789,2026-07-18T08:02:56.983Z,USD,704758.0,704758.0,,0.06,0.05,0.09,0.09
me05-001,Tropius,1,Common,2026-07-19T08:03:04.558Z,EUR,895789,2026-07-19T08:03:02.366Z,USD,704758.0,704758.0,,0.06,0.05,0.05,0.08
me05-001,Tropius,1,Common,2026-07-20T08:03:04.265Z,EUR,895789,2026-07-20T08:03:02.229Z,USD,704758.0,704758.0,,0.03,0.09,0.04,0.1
me05-001,Tropius,1,Common,2026-07-21T08:03:04.252Z,EUR,895789,2026-07-21T08:03:02.313Z,USD,704758.0,704758.0,,0.03,0.09,0.04,0.07
me05-001,Tropius,1,Common,2026-07-22T08:03:06.471Z,EUR,895789,2026-07-22T08:03:04.171Z,USD,704758.0,704758.0,,0.03,0.09,0.04,0.1
me05-001,Tropius,1,Common,2026-07-23T08:03:03.918Z,EUR,895789,2026-07-23T08:03:01.944Z,USD,704758.0,704758.0,,0.03,0.09,0.06,0.13
me05-001,Tropius,1,Common,2026-07-24T08:03:04.550Z,EUR,895789,2026-07-24T08:03:02.310Z,USD,704758.0,704758.0,,0.03,0.09,0.07,0.14
me05-001,Tropius,1,Common,2026-07-25T08:03:03.827Z,EUR,895789,2026-07-25T08:03:02.308Z,USD,704758.0,704758.0,,0.03,0.09,0.07,0.14
me05-001,Tropius,1,Common,2026-07-26T08:03:04.532Z,EUR,895789,2026-07-26T08:03:42.224Z,USD,704758.0,704758.0,,0.03,0.08,0.06,0.15
me05-001,Tropius,1,Common,2026-07-27T08:03:04.705Z,EUR,895789,2026-07-27T08:03:49.210Z,USD,704758.0,704758.0,,0.05,0.1,0.06,0.16
me05-002,Grubbin,2,Common,2026-07-18T08:02:59.776Z,EUR,895790,2026-07-18T08:02:56.983Z,USD,704759.0,704759.0,,0.02,0.11,0.04,0.11
me05-002,Grubbin,2,Common,2026-07-19T08:03:04.558Z,EUR,895790,2026-07-19T08:03:02.366Z,USD,704759.0,704759.0,,0.02,0.11,0.04,0.1
me05-002,Grubbin,2,Common,2026-07-20T08:03:04.811Z,EUR,895790,2026-07-20T08:03:02.229Z,USD,704759.0,704759.0,,0.03,0.07,0.07,0.11
me05-002,Grubbin,2,Common,2026-07-21T08:03:04.252Z,EUR,895790,2026-07-21T08:03:02.313Z,USD,704759.0,704759.0,,0.03,0.07,0.06,0.11
me05-002,Grubbin,2,Common,2026-07-22T08:03:06.627Z,EUR,895790,2026-07-22T08:03:04.171Z,USD,704759.0,704759.0,,0.03,0.07,0.04,0.09
me05-002,Grubbin,2,Common,2026-07-23T08:03:03.918Z,EUR,895790,2026-07-23T08:03:01.944Z,USD,704759.0,704759.0,,0.03,0.07,0.05,0.1
me05-002,Grubbin,2,Common,2026-07-24T08:03:04.300Z,EUR,895790,2026-07-24T08:03:02.310Z,USD,704759.0,704759.0,,0.03,0.07,0.06,0.1
me05-002,Grubbin,2,Common,2026-07-25T08:03:03.827Z,EUR,895790,2026-07-25T08:03:02.308Z,USD,704759.0,704759.0,,0.03,0.07,0.06,0.1
me05-002,Grubbin,2,Common,2026-07-26T08:03:04.532Z,EUR,895790,2026-07-26T08:03:42.224Z,USD,704759.0,704759.0,,0.02,0.15,0.05,0.14
me05-002,Grubbin,2,Common,2026-07-27T08:03:04.705Z,EUR,895790,2026-07-27T08:03:49.210Z,USD,704759.0,704759.0,,0.02,0.06,0.03,0.14
me05-003,Fomantis,3,Common,2026-07-18T08:02:59.776Z,EUR,895791,2026-07-18T08:02:56.983Z,USD,704760.0,704760.0,,0.02,0.06,0.07,0.18
me05-003,Fomantis,3,Common,2026-07-19T08:03:04.558Z,EUR,895791,2026-07-19T08:03:02.366Z,USD,704760.0,704760.0,,0.02,0.06,0.07,0.13
me05-003,Fomantis,3,Common,2026-07-20T08:03:04.265Z,EUR,895791,2026-07-20T08:03:02.229Z,USD,704760.0,704760.0,,0.03,0.11,0.07,0.13
me05-003,Fomantis,3,Common,2026-07-21T08:03:04.252Z,EUR,895791,2026-07-21T08:03:02.313Z,USD,704760.0,704760.0,,0.03,0.11,0.06,0.11
me05-003,Fomantis,3,Common,2026-07-22T08:03:06.627Z,EUR,895791,2026-07-22T08:03:04.171Z,USD,704760.0,704760.0,,0.03,0.11,0.05,0.1
me05-003,Fomantis,3,Common,2026-07-23T08:03:03.918Z,EUR,895791,2026-07-23T08:03:01.944Z,USD,704760.0,704760.0,,0.03,0.11,0.06,0.12
me05-003,Fomantis,3,Common,2026-07-24T08:03:04.300Z,EUR,895791,2026-07-24T08:03:02.310Z,USD,704760.0,704760.0,,0.03,0.11,0.1,0.15
me05-003,Fomantis,3,Common,2026-07-25T08:03:03.827Z,EUR,895791,2026-07-25T08:03:02.308Z,USD,704760.0,704760.0,,0.03,0.11,0.07,0.18
me05-003,Fomantis,3,Common,2026-07-26T08:03:04.532Z,EUR,895791,2026-07-26T08:03:42.224Z,USD,704760.0,704760.0,,0.03,0.07,0.06,0.17
me05-003,Fomantis,3,Common,2026-07-27T08:03:04.705Z,EUR,895791,2026-07-27T08:03:49.210Z,USD,704760.0,704760.0,,0.02,0.09,0.09,0.16
me05-004,Lurantis ex,4,Double rare,2026-07-18T08:02:59.776Z,EUR,895792,2026-07-18T08:02:56.983Z,USD,,,704761.0,0.33,,,
me05-004,Lurantis ex,4,Double rare,2026-07-19T08:03:04.558Z,EUR,895792,2026-07-19T08:03:02.366Z,USD,,,704761.0,0.33,,,
me05-004,Lurantis ex,4,Double rare,2026-07-20T08:03:04.265Z,EUR,895792,2026-07-20T08:03:02.229Z,USD,,,704761.0,0.46,,,
me05-004,Lurantis ex,4,Double rare,2026-07-21T08:03:04.252Z,EUR,895792,2026-07-21T08:03:02.313Z,USD,,,704761.0,0.46,,,
me05-004,Lurantis ex,4,Double rare,2026-07-22T08:03:06.627Z,EUR,895792,2026-07-22T08:03:04.171Z,USD,,,704761.0,0.46,,,
me05-004,Lurantis ex,4,Double rare,2026-07-23T08:03:03.918Z,EUR,895792,2026-07-23T08:03:01.944Z,USD,,,704761.0,0.46,,,
me05-004,Lurantis ex,4,Double rare,2026-07-24T08:03:04.300Z,EUR,895792,2026-07-24T08:03:02.310Z,USD,,,704761.0,0.46,,,
me05-004,Lurantis ex,4,Double rare,2026-07-25T08:03:03.827Z,EUR,895792,2026-07-25T08:03:02.308Z,USD,,,704761.0,0.46,,,
me05-004,Lurantis ex,4,Double rare,2026-07-26T08:03:04.532Z,EUR,895792,2026-07-26T08:03:42.224Z,USD,,,704761.0,0.35,,,
me05-004,Lurantis ex,4,Double rare,2026-07-27T08:03:04.705Z,EUR,895792,2026-07-27T08:03:49.210Z,USD,,,704761.0,0.54,,,
me05-005,Poltchageist,5,Common,2026-07-18T08:02:59.776Z,EUR,895793,2026-07-18T08:02:56.983Z,USD,704762.0,704762.0,,0.09,1.08,0.08,0.28
me05-005,Poltchageist,5,Common,2026-07-19T08:03:04.558Z,EUR,895793,2026-07-19T08:03:02.366Z,USD,704762.0,704762.0,,0.09,1.08,0.1,0.19
me05-005,Poltchageist,5,Common,2026-07-20T08:03:04.265Z,EUR,895793,2026-07-20T08:03:02.229Z,USD,704762.0,704762.0,,0.06,0.15,0.08,0.19
me05-005,Poltchageist,5,Common,2026-07-21T08:03:04.457Z,EUR,895793,2026-07-21T08:03:02.313Z,USD,704762.0,704762.0,,0.06,0.15,0.08,0.16
me05-005,Poltchageist,5,Common,2026-07-22T08:03:06.627Z,EUR,895793,2026-07-22T08:03:04.171Z,USD,704762.0,704762.0,,0.06,0.15,0.16,0.19
me05-005,Poltchageist,5,Common,2026-07-23T08:03:03.918Z,EUR,895793,2026-07-23T08:03:01.944Z,USD,704762.0,704762.0,,0.06,0.15,0.14,0.26
me05-005,Poltchageist,5,Common,2026-07-24T08:03:04.300Z,EUR,895793,2026-07-24T08:03:02.310Z,USD,704762.0,704762.0,,0.06,0.15,0.14,0.2
me05-005,Poltchageist,5,Common,2026-07-25T08:03:03.827Z,EUR,895793,2026-07-25T08:03:02.308Z,USD,704762.0,704762.0,,0.06,0.15,0.09,0.19
me05-005,Poltchageist,5,Common,2026-07-26T08:03:04.532Z,EUR,895793,2026-07-26T08:03:42.224Z,USD,704762.0,704762.0,,0.07,0.19,0.13,0.25
me05-005,Poltchageist,5,Common,2026-07-27T08:03:04.705Z,EUR,895793,2026-07-27T08:03:49.210Z,USD,704762.0,704762.0,,0.05,0.08,0.17,0.22
me05-006,Sinistcha,6,Uncommon,2026-07-18T08:02:59.776Z,EUR,895794,2026-07-18T08:02:56.983Z,USD,704763.0,704763.0,,0.08,1.65,0.09,0.28
me05-006,Sinistcha,6,Uncommon,2026-07-19T08:03:04.320Z,EUR,895794,2026-07-19T08:03:02.366Z,USD,704763.0,704763.0,,0.08,1.65,0.1,0.22
me05-006,Sinistcha,6,Uncommon,2026-07-20T08:03:04.265Z,EUR,895794,2026-07-20T08:03:02.229Z,USD,704763.0,704763.0,,0.08,0.26,0.09,0.23
me05-006,Sinistcha,6,Uncommon,2026-07-21T08:03:04.252Z,EUR,895794,2026-07-21T08:03:02.313Z,USD,704763.0,704763.0,,0.08,0.26,0.1,0.22
me05-006,Sinistcha,6,Uncommon,2026-07-22T08:03:06.627Z,EUR,895794,2026-07-22T08:03:04.171Z,USD,704763.0,704763.0,,0.08,0.26,0.13,0.21
me05-006,Sinistcha,6,Uncommon,2026-07-23T08:03:03.918Z,EUR,895794,2026-07-23T08:03:01.944Z,USD,704763.0,704763.0,,0.08,0.26,0.16,0.3
me05-006,Sinistcha,6,Uncommon,2026-07-24T08:03:04.300Z,EUR,895794,2026-07-24T08:03:02.310Z,USD,704763.0,704763.0,,0.08,0.26,0.14,0.19
me05-006,Sinistcha,6,Uncommon,2026-07-25T08:03:04.261Z,EUR,895794,2026-07-25T08:03:02.308Z,USD,704763.0,704763.0,,0.08,0.26,0.12,0.21
me05-006,Sinistcha,6,Uncommon,2026-07-26T08:03:04.532Z,EUR,895794,2026-07-26T08:03:42.224Z,USD,704763.0,704763.0,,0.06,0.22,0.13,0.23
me05-006,Sinistcha,6,Uncommon,2026-07-27T08:03:04.705Z,EUR,895794,2026-07-27T08:03:49.210Z,USD,704763.0,704763.0,,0.03,0.08,0.12,0.2
me05-007,Heatran,7,Uncommon,2026-07-18T08:02:59.776Z,EUR,895795,2026-07-18T08:02:56.983Z,USD,704764.0,704764.0,,0.05,0.06,0.08,0.23
me05-007,Heatran,7,Uncommon,2026-07-19T08:03:04.558Z,EUR,895795,2026-07-19T08:03:02.366Z,USD,704764.0,704764.0,,0.05,0.06,0.05,0.12
me05-007,Heatran,7,Uncommon,2026-07-20T08:03:04.265Z,EUR,895795,2026-07-20T08:03:02.229Z,USD,704764.0,704764.0,,0.05,0.11,0.07,0.14
me05-007,Heatran,7,Uncommon,2026-07-21T08:03:04.252Z,EUR,895795,2026-07-21T08:03:02.313Z,USD,704764.0,704764.0,,0.05,0.11,0.05,0.11
me05-007,Heatran,7,Uncommon,2026-07-22T08:03:06.471Z,EUR,895795,2026-07-22T08:03:04.171Z,USD,704764.0,704764.0,,0.05,0.11,0.04,0.12
me05-007,Heatran,7,Uncommon,2026-07-23T08:03:03.918Z,EUR,895795,2026-07-23T08:03:01.944Z,USD,704764.0,704764.0,,0.05,0.11,0.04,0.13
me05-007,Heatran,7,Uncommon,2026-07-24T08:03:04.300Z,EUR,895795,2026-07-24T08:03:02.310Z,USD,704764.0,704764.0,,0.05,0.11,0.04,0.17
me05-007,Heatran,7,Uncommon,2026-07-25T08:03:04.261Z,EUR,895795,2026-07-25T08:03:02.308Z,USD,704764.0,704764.0,,0.05,0.11,0.05,0.17
me05-007,Heatran,7,Uncommon,2026-07-26T08:03:04.571Z,EUR,895795,2026-07-26T08:03:42.224Z,USD,704764.0,704764.0,,0.06,0.13,0.05,0.15
me05-007,Heatran,7,Uncommon,2026-07-27T08:03:04.705Z,EUR,895795,2026-07-27T08:03:49.210Z,USD,704764.0,704764.0,,0.02,0.11,0.05,0.19
me05-008,Mega Delphox ex,8,Double rare,2026-07-18T08:02:59.776Z,EUR,895796,2026-07-18T08:02:56.983Z,USD,,,704765.0,2.05,,,
me05-008,Mega Delphox ex,8,Double rare,2026-07-19T08:03:04.320Z,EUR,895796,2026-07-19T08:03:02.366Z,USD,,,704765.0,2.05,,,
me05-008,Mega Delphox ex,8,Double rare,2026-07-20T08:03:04.265Z,EUR,895796,2026-07-20T08:03:02.229Z,USD,,,704765.0,0.7,,,
me05-008,Mega Delphox ex,8,Double rare,2026-07-21T08:03:04.252Z,EUR,895796,2026-07-21T08:03:02.313Z,USD,,,704765.0,0.7,,,
me05-008,Mega Delphox ex,8,Double rare,2026-07-22T08:03:06.627Z,EUR,895796,2026-07-22T08:03:04.171Z,USD,,,704765.0,0.7,,,
me05-008,Mega Delphox ex,8,Double rare,2026-07-23T08:03:03.918Z,EUR,895796,2026-07-23T08:03:01.944Z,USD,,,704765.0,0.7,,,
me05-008,Mega Delphox ex,8,Double rare,2026-07-24T08:03:04.550Z,EUR,895796,2026-07-24T08:03:02.310Z,USD,,,704765.0,0.7,,,
me05-008,Mega Delphox ex,8,Double rare,2026-07-25T08:03:03.827Z,EUR,895796,2026-07-25T08:03:02.308Z,USD,,,704765.0,0.7,,,
me05-008,Mega Delphox ex,8,Double rare,2026-07-26T08:03:04.571Z,EUR,895796,2026-07-26T08:03:42.224Z,USD,,,704765.0,0.7,,,
me05-008,Mega Delphox ex,8,Double rare,2026-07-27T08:03:04.705Z,EUR,895796,2026-07-27T08:03:49.210Z,USD,,,704765.0,0.81,,,
me05-009,Sizzlipede,9,Common,2026-07-18T08:02:59.776Z,EUR,895797,2026-07-18T08:02:56.983Z,USD,704766.0,704766.0,,0.02,0.17,0.07,0.08
me05-009,Sizzlipede,9,Common,2026-07-19T08:03:04.558Z,EUR,895797,2026-07-19T08:03:02.366Z,USD,704766.0,704766.0,,0.02,0.17,0.04,0.06
me05-009,Sizzlipede,9,Common,2026-07-20T08:03:04.811Z,EUR,895797,2026-07-20T08:03:02.229Z,USD,704766.0,704766.0,,0.02,0.08,0.04,0.09
me05-009,Sizzlipede,9,Common,2026-07-21T08:03:04.252Z,EUR,895797,2026-07-21T08:03:02.313Z,USD,704766.0,704766.0,,0.02,0.08,0.04,0.08
me05-009,Sizzlipede,9,Common,2026-07-22T08:03:06.627Z,EUR,895797,2026-07-22T08:03:04.171Z,USD,704766.0,704766.0,,0.02,0.08,0.03,0.08
me05-009,Sizzlipede,9,Common,2026-07-23T08:03:03.918Z,EUR,895797,2026-07-23T08:03:01.944Z,USD,704766.0,704766.0,,0.02,0.08,0.07,0.11
me05-009,Sizzlipede,9,Common,2026-07-24T08:03:04.550Z,EUR,895797,2026-07-24T08:03:02.310Z,USD,704766.0,704766.0,,0.02,0.08,0.08,0.14
me05-009,Sizzlipede,9,Common,2026-07-25T08:03:04.261Z,EUR,895797,2026-07-25T08:03:02.308Z,USD,704766.0,704766.0,,0.02,0.08,0.09,0.15
me05-009,Sizzlipede,9,Common,2026-07-26T08:03:04.572Z,EUR,895797,2026-07-26T08:03:42.224Z,USD,704766.0,704766.0,,0.03,0.13,0.04,0.15
me05-009,Sizzlipede,9,Common,2026-07-27T08:03:04.705Z,EUR,895797,2026-07-27T08:03:49.210Z,USD,704766.0,704766.0,,0.02,0.07,0.06,0.17
me05-010,Centiskorch,10,Common,2026-07-18T08:02:59.776Z,EUR,895798,2026-07-18T08:02:56.983Z,USD,704767.0,704767.0,,0.05,0.17,0.06,0.1
me05-010,Centiskorch,10,Common,2026-07-19T08:03:04.384Z,EUR,895798,2026-07-19T08:03:02.366Z,USD,704767.0,704767.0,,0.05,0.17,0.04,0.07
me05-010,Centiskorch,10,Common,2026-07-20T08:03:04.265Z,EUR,895798,2026-07-20T08:03:02.229Z,USD,704767.0,704767.0,,0.03,0.11,0.05,0.1
me05-010,Centiskorch,10,Common,2026-07-21T08:03:04.252Z,EUR,895798,2026-07-21T08:03:02.313Z,USD,704767.0,704767.0,,0.03,0.11,0.04,0.08
me05-010,Centiskorch,10,Common,2026-07-22T08:03:06.627Z,EUR,895798,2026-07-22T08:03:04.171Z,USD,704767.0,704767.0,,0.03,0.11,0.03,0.1
me05-010,Centiskorch,10,Common,2026-07-23T08:03:03.918Z,EUR,895798,2026-07-23T08:03:01.944Z,USD,704767.0,704767.0,,0.03,0.11,0.06,0.13
me05-010,Centiskorch,10,Common,2026-07-24T08:03:04.144Z,EUR,895798,2026-07-24T08:03:02.310Z,USD,704767.0,704767.0,,0.03,0.11,0.06,0.11
me05-010,Centiskorch,10,Common,2026-07-25T08:03:04.261Z,EUR,895798,2026-07-25T08:03:02.308Z,USD,704767.0,704767.0,,0.03,0.11,0.05,0.1
me05-010,Centiskorch,10,Common,2026-07-26T08:03:04.571Z,EUR,895798,2026-07-26T08:03:42.224Z,USD,704767.0,704767.0,,0.03,0.09,0.05,0.11
me05-010,Centiskorch,10,Common,2026-07-27T08:03:04.705Z,EUR,895798,2026-07-27T08:03:49.210Z,USD,704767.0,704767.0,,0.02,0.08,0.06,0.13
me05-011,Charcadet,11,Common,2026-07-18T08:02:59.776Z,EUR,895799,2026-07-18T08:02:56.983Z,USD,704768.0,704768.0,,0.02,0.23,0.07,0.14
me05-011,Charcadet,11,Common,2026-07-19T08:03:04.384Z,EUR,895799,2026-07-19T08:03:02.366Z,USD,704768.0,704768.0,,0.02,0.23,0.06,0.09
me05-011,Charcadet,11,Common,2026-07-20T08:03:04.265Z,EUR,895799,2026-07-20T08:03:02.229Z,USD,704768.0,704768.0,,0.08,0.09,0.07,0.12
me05-011,Charcadet,11,Common,2026-07-21T08:03:04.252Z,EUR,895799,2026-07-21T08:03:02.313Z,USD,704768.0,704768.0,,0.08,0.09,0.05,0.1
me05-011,Charcadet,11,Common,2026-07-22T08:03:06.627Z,EUR,895799,2026-07-22T08:03:04.171Z,USD,704768.0,704768.0,,0.08,0.09,0.06,0.11
me05-011,Charcadet,11,Common,2026-07-23T08:03:03.918Z,EUR,895799,2026-07-23T08:03:01.944Z,USD,704768.0,704768.0,,0.08,0.09,0.07,0.1
me05-011,Charcadet,11,Common,2026-07-24T08:03:04.300Z,EUR,895799,2026-07-24T08:03:02.310Z,USD,704768.0,704768.0,,0.08,0.09,0.07,0.11
me05-011,Charcadet,11,Common,2026-07-25T08:03:04.261Z,EUR,895799,2026-07-25T08:03:02.308Z,USD,704768.0,704768.0,,0.08,0.09,0.05,0.11
me05-011,Charcadet,11,Common,2026-07-26T08:03:04.438Z,EUR,895799,2026-07-26T08:03:42.224Z,USD,704768.0,704768.0,,0.06,0.09,0.05,0.14
me05-011,Charcadet,11,Common,2026-07-27T08:03:04.705Z,EUR,895799,2026-07-27T08:03:49.210Z,USD,704768.0,704768.0,,0.02,0.09,0.06,0.17
me05-012,Armarouge,12,Rare,2026-07-18T08:02:59.776Z,EUR,895800,2026-07-18T08:02:56.983Z,USD,,704769.0,704769.0,0.06,0.03,,0.37
me05-012,Armarouge,12,Rare,2026-07-19T08:03:04.658Z,EUR,895800,2026-07-19T08:03:02.366Z,USD,,704769.0,704769.0,0.06,0.03,,0.26
me05-012,Armarouge,12,Rare,2026-07-20T08:03:04.811Z,EUR,895800,2026-07-20T08:03:02.229Z,USD,,704769.0,704769.0,0.11,0.15,,0.26
me05-012,Armarouge,12,Rare,2026-07-21T08:03:04.252Z,EUR,895800,2026-07-21T08:03:02.313Z,USD,,704769.0,704769.0,0.11,0.15,,0.21
me05-012,Armarouge,12,Rare,2026-07-22T08:03:06.627Z,EUR,895800,2026-07-22T08:03:04.171Z,USD,,704769.0,704769.0,0.11,0.15,,0.21
me05-012,Armarouge,12,Rare,2026-07-23T08:03:03.918Z,EUR,895800,2026-07-23T08:03:01.944Z,USD,,704769.0,704769.0,0.11,0.15,,0.23
me05-012,Armarouge,12,Rare,2026-07-24T08:03:04.300Z,EUR,895800,2026-07-24T08:03:02.310Z,USD,,704769.0,704769.0,0.11,0.15,,0.24
me05-012,Armarouge,12,Rare,2026-07-25T08:03:04.261Z,EUR,895800,2026-07-25T08:03:02.308Z,USD,,704769.0,704769.0,0.11,0.15,,0.26
me05-012,Armarouge,12,Rare,2026-07-26T08:03:04.674Z,EUR,895800,2026-07-26T08:03:42.224Z,USD,,704769.0,704769.0,0.09,0.23,,0.29
me05-012,Armarouge,12,Rare,2026-07-27T08:03:04.547Z,EUR,895800,2026-07-27T08:03:49.210Z,USD,,704769.0,704769.0,0.06,0.13,,0.3
me05-013,Goldeen,13,Common,2026-07-18T08:02:59.776Z,EUR,895801,2026-07-18T08:02:56.983Z,USD,704770.0,704770.0,,0.02,0.06,0.07,0.1
me05-013,Goldeen,13,Common,2026-07-19T08:03:04.658Z,EUR,895801,2026-07-19T08:03:02.366Z,USD,704770.0,704770.0,,0.02,0.06,0.06,0.08
me05-013,Goldeen,13,Common,2026-07-20T08:03:04.811Z,EUR,895801,2026-07-20T08:03:02.229Z,USD,704770.0,704770.0,,0.02,0.14,0.05,0.11
me05-013,Goldeen,13,Common,2026-07-21T08:03:04.252Z,EUR,895801,2026-07-21T08:03:02.313Z,USD,704770.0,704770.0,,0.02,0.14,0.05,0.09
me05-013,Goldeen,13,Common,2026-07-22T08:03:06.627Z,EUR,895801,2026-07-22T08:03:04.171Z,USD,704770.0,704770.0,,0.02,0.14,0.05,0.13
me05-013,Goldeen,13,Common,2026-07-23T08:03:03.918Z,EUR,895801,2026-07-23T08:03:01.944Z,USD,704770.0,704770.0,,0.02,0.14,0.05,0.15
me05-013,Goldeen,13,Common,2026-07-24T08:03:04.300Z,EUR,895801,2026-07-24T08:03:02.310Z,USD,704770.0,704770.0,,0.02,0.14,0.05,0.15
me05-013,Goldeen,13,Common,2026-07-25T08:03:04.261Z,EUR,895801,2026-07-25T08:03:02.308Z,USD,704770.0,704770.0,,0.02,0.14,0.04,0.1
me05-013,Goldeen,13,Common,2026-07-26T08:03:04.571Z,EUR,895801,2026-07-26T08:03:42.224Z,USD,704770.0,704770.0,,0.03,0.1,0.04,0.1
me05-013,Goldeen,13,Common,2026-07-27T08:03:04.547Z,EUR,895801,2026-07-27T08:03:49.210Z,USD,704770.0,704770.0,,0.02,0.13,0.05,0.08
me05-014,Seaking,14,Uncommon,2026-07-18T08:02:59.776Z,EUR,895802,2026-07-18T08:02:56.983Z,USD,704771.0,704771.0,,0.05,0.05,0.08,0.12
me05-014,Seaking,14,Uncommon,2026-07-19T08:03:04.558Z,EUR,895802,2026-07-19T08:03:02.366Z,USD,704771.0,704771.0,,0.05,0.05,0.07,0.07
me05-014,Seaking,14,Uncommon,2026-07-20T08:03:04.265Z,EUR,895802,2026-07-20T08:03:02.229Z,USD,704771.0,704771.0,,0.02,0.13,0.07,0.1
me05-014,Seaking,14,Uncommon,2026-07-21T08:03:04.252Z,EUR,895802,2026-07-21T08:03:02.313Z,USD,704771.0,704771.0,,0.02,0.13,0.04,0.11
me05-014,Seaking,14,Uncommon,2026-07-22T08:03:06.627Z,EUR,895802,2026-07-22T08:03:04.171Z,USD,704771.0,704771.0,,0.02,0.13,0.04,0.09
me05-014,Seaking,14,Uncommon,2026-07-23T08:03:03.918Z,EUR,895802,2026-07-23T08:03:01.944Z,USD,704771.0,704771.0,,0.02,0.13,0.05,0.09
me05-014,Seaking,14,Uncommon,2026-07-24T08:03:04.300Z,EUR,895802,2026-07-24T08:03:02.310Z,USD,704771.0,704771.0,,0.02,0.13,0.08,0.09
me05-014,Seaking,14,Uncommon,2026-07-25T08:03:04.261Z,EUR,895802,2026-07-25T08:03:02.308Z,USD,704771.0,704771.0,,0.02,0.13,0.07,0.12
me05-014,Seaking,14,Uncommon,2026-07-26T08:03:04.377Z,EUR,895802,2026-07-26T08:03:42.224Z,USD,704771.0,704771.0,,0.03,0.1,0.04,0.18
me05-014,Seaking,14,Uncommon,2026-07-27T08:03:04.705Z,EUR,895802,2026-07-27T08:03:49.210Z,USD,704771.0,704771.0,,0.02,0.14,0.06,0.22
me05-015,Wailmer,15,Common,2026-07-18T08:02:59.776Z,EUR,895803,2026-07-18T08:02:56.983Z,USD,704772.0,704772.0,,0.06,,0.12,0.35
me05-015,Wailmer,15,Common,2026-07-19T08:03:04.658Z,EUR,895803,2026-07-19T08:03:02.366Z,USD,704772.0,704772.0,,0.06,,0.09,0.23
me05-015,Wailmer,15,Common,2026-07-20T08:03:04.265Z,EUR,895803,2026-07-20T08:03:02.229Z,USD,704772.0,704772.0,,0.05,0.13,0.12,0.26
me05-015,Wailmer,15,Common,2026-07-21T08:03:04.252Z,EUR,895803,2026-07-21T08:03:02.313Z,USD,704772.0,704772.0,,0.05,0.13,0.11,0.26
me05-015,Wailmer,15,Common,2026-07-22T08:03:06.627Z,EUR,895803,2026-07-22T08:03:04.171Z,USD,704772.0,704772.0,,0.05,0.13,0.09,0.21
me05-015,Wailmer,15,Common,2026-07-23T08:03:03.918Z,EUR,895803,2026-07-23T08:03:01.944Z,USD,704772.0,704772.0,,0.05,0.13,0.13,0.21
me05-015,Wailmer,15,Common,2026-07-24T08:03:04.300Z,EUR,895803,2026-07-24T08:03:02.310Z,USD,704772.0,704772.0,,0.05,0.13,0.12,0.29
me05-015,Wailmer,15,Common,2026-07-25T08:03:04.261Z,EUR,895803,2026-07-25T08:03:02.308Z,USD,704772.0,704772.0,,0.05,0.13,0.14,0.22
me05-015,Wailmer,15,Common,2026-07-26T08:03:04.571Z,EUR,895803,2026-07-26T08:03:42.224Z,USD,704772.0,704772.0,,0.08,0.13,0.19,0.29
me05-015,Wailmer,15,Common,2026-07-27T08:03:04.705Z,EUR,895803,2026-07-27T08:03:49.210Z,USD,704772.0,704772.0,,0.03,0.1,0.21,0.34
me05-016,Wailord ex,16,Double rare,2026-07-18T08:02:59.776Z,EUR,895804,2026-07-18T08:02:56.983Z,USD,,,704773.0,0.56,,,
me05-016,Wailord ex,16,Double rare,2026-07-19T08:03:04.384Z,EUR,895804,2026-07-19T08:03:02.366Z,USD,,,704773.0,0.56,,,
me05-016,Wailord ex,16,Double rare,2026-07-20T08:03:04.265Z,EUR,895804,2026-07-20T08:03:02.229Z,USD,,,704773.0,0.67,,,
me05-016,Wailord ex,16,Double rare,2026-07-21T08:03:04.252Z,EUR,895804,2026-07-21T08:03:02.313Z,USD,,,704773.0,0.67,,,
me05-016,Wailord ex,16,Double rare,2026-07-22T08:03:06.627Z,EUR,895804,2026-07-22T08:03:04.171Z,USD,,,704773.0,0.67,,,
me05-016,Wailord ex,16,Double rare,2026-07-23T08:03:03.918Z,EUR,895804,2026-07-23T08:03:01.944Z,USD,,,704773.0,0.67,,,
me05-016,Wailord ex,16,Double rare,2026-07-24T08:03:04.300Z,EUR,895804,2026-07-24T08:03:02.310Z,USD,,,704773.0,0.67,,,
me05-016,Wailord ex,16,Double rare,2026-07-25T08:03:04.261Z,EUR,895804,2026-07-25T08:03:02.308Z,USD,,,704773.0,0.67,,,
me05-016,Wailord ex,16,Double rare,2026-07-26T08:03:04.674Z,EUR,895804,2026-07-26T08:03:42.224Z,USD,,,704773.0,0.68,,,
me05-016,Wailord ex,16,Double rare,2026-07-27T08:03:04.705Z,EUR,895804,2026-07-27T08:03:49.210Z,USD,,,704773.0,0.56,,,
me05-017,Relicanth,17,Uncommon,2026-07-18T08:02:59.776Z,EUR,895805,2026-07-18T08:02:56.983Z,USD,704774.0,704774.0,,0.02,1.08,0.13,0.25
me05-017,Relicanth,17,Uncommon,2026-07-19T08:03:04.384Z,EUR,895805,2026-07-19T08:03:02.366Z,USD,704774.0,704774.0,,0.02,1.08,0.09,0.12
me05-017,Relicanth,17,Uncommon,2026-07-20T08:03:04.811Z,EUR,895805,2026-07-20T08:03:02.229Z,USD,704774.0,704774.0,,0.03,0.11,0.09,0.15
me05-017,Relicanth,17,Uncommon,2026-07-21T08:03:04.252Z,EUR,895805,2026-07-21T08:03:02.313Z,USD,704774.0,704774.0,,0.03,0.11,0.09,0.14
me05-017,Relicanth,17,Uncommon,2026-07-22T08:03:06.627Z,EUR,895805,2026-07-22T08:03:04.171Z,USD,704774.0,704774.0,,0.03,0.11,0.07,0.17
me05-017,Relicanth,17,Uncommon,2026-07-23T08:03:03.918Z,EUR,895805,2026-07-23T08:03:01.944Z,USD,704774.0,704774.0,,0.03,0.11,0.11,0.17
me05-017,Relicanth,17,Uncommon,2026-07-24T08:03:04.300Z,EUR,895805,2026-07-24T08:03:02.310Z,USD,704774.0,704774.0,,0.03,0.11,0.1,0.15
me05-017,Relicanth,17,Uncommon,2026-07-25T08:03:04.261Z,EUR,895805,2026-07-25T08:03:02.308Z,USD,704774.0,704774.0,,0.03,0.11,0.05,0.15
me05-017,Relicanth,17,Uncommon,2026-07-26T08:03:04.532Z,EUR,895805,2026-07-26T08:03:42.224Z,USD,704774.0,704774.0,,0.03,0.11,0.06,0.13
me05-017,Relicanth,17,Uncommon,2026-07-27T08:03:04.705Z,EUR,895805,2026-07-27T08:03:49.210Z,USD,704774.0,704774.0,,0.05,0.07,0.08,0.16
me05-018,Popplio,18,Common,2026-07-18T08:02:59.776Z,EUR,895806,2026-07-18T08:02:56.983Z,USD,704775.0,704775.0,,0.02,0.17,0.07,0.13
me05-018,Popplio,18,Common,2026-07-19T08:03:04.384Z,EUR,895806,2026-07-19T08:03:02.366Z,USD,704775.0,704775.0,,0.02,0.17,0.05,0.11
me05-018,Popplio,18,Common,2026-07-20T08:03:04.265Z,EUR,895806,2026-07-20T08:03:02.229Z,USD,704775.0,704775.0,,0.05,0.15,0.05,0.1
me05-018,Popplio,18,Common,2026-07-21T08:03:04.252Z,EUR,895806,2026-07-21T08:03:02.313Z,USD,704775.0,704775.0,,0.05,0.15,0.03,0.11
me05-018,Popplio,18,Common,2026-07-22T08:03:06.627Z,EUR,895806,2026-07-22T08:03:04.171Z,USD,704775.0,704775.0,,0.05,0.15,0.07,0.12
me05-018,Popplio,18,Common,2026-07-23T08:03:03.918Z,EUR,895806,2026-07-23T08:03:01.944Z,USD,704775.0,704775.0,,0.05,0.15,0.11,0.1
me05-018,Popplio,18,Common,2026-07-24T08:03:04.550Z,EUR,895806,2026-07-24T08:03:02.310Z,USD,704775.0,704775.0,,0.05,0.15,0.09,0.12
me05-018,Popplio,18,Common,2026-07-25T08:03:04.261Z,EUR,895806,2026-07-25T08:03:02.308Z,USD,704775.0,704775.0,,0.05,0.15,0.06,0.12
me05-018,Popplio,18,Common,2026-07-26T08:03:04.571Z,EUR,895806,2026-07-26T08:03:42.224Z,USD,704775.0,704775.0,,0.05,0.11,0.07,0.15
me05-018,Popplio,18,Common,2026-07-27T08:03:04.705Z,EUR,895806,2026-07-27T08:03:49.210Z,USD,704775.0,704775.0,,0.03,0.08,0.07,0.16
me05-019,Brionne,19,Common,2026-07-18T08:02:59.776Z,EUR,895807,2026-07-18T08:02:56.983Z,USD,704776.0,704776.0,,0.03,,0.07,0.12
me05-019,Brionne,19,Common,2026-07-19T08:03:04.384Z,EUR,895807,2026-07-19T08:03:02.366Z,USD,704776.0,704776.0,,0.03,,0.06,0.12
me05-019,Brionne,19,Common,2026-07-20T08:03:04.265Z,EUR,895807,2026-07-20T08:03:02.229Z,USD,704776.0,704776.0,,0.05,0.09,0.06,0.15
me05-019,Brionne,19,Common,2026-07-21T08:03:04.252Z,EUR,895807,2026-07-21T08:03:02.313Z,USD,704776.0,704776.0,,0.05,0.09,0.06,0.15
me05-019,Brionne,19,Common,2026-07-22T08:03:06.627Z,EUR,895807,2026-07-22T08:03:04.171Z,USD,704776.0,704776.0,,0.05,0.09,0.13,0.14
me05-019,Brionne,19,Common,2026-07-23T08:03:03.918Z,EUR,895807,2026-07-23T08:03:01.944Z,USD,704776.0,704776.0,,0.05,0.09,0.13,0.13
me05-019,Brionne,19,Common,2026-07-24T08:03:04.300Z,EUR,895807,2026-07-24T08:03:02.310Z,USD,704776.0,704776.0,,0.05,0.09,0.1,0.14
me05-019,Brionne,19,Common,2026-07-25T08:03:04.261Z,EUR,895807,2026-07-25T08:03:02.308Z,USD,704776.0,704776.0,,0.05,0.09,0.09,0.17
me05-019,Brionne,19,Common,2026-07-26T08:03:04.571Z,EUR,895807,2026-07-26T08:03:42.224Z,USD,704776.0,704776.0,,0.05,0.1,0.09,0.16
me05-019,Brionne,19,Common,2026-07-27T08:03:04.705Z,EUR,895807,2026-07-27T08:03:49.210Z,USD,704776.0,704776.0,,0.03,0.09,0.09,0.14
me05-020,Primarina,20,Rare,2026-07-18T08:02:59.776Z,EUR,895808,2026-07-18T08:02:56.983Z,USD,,704777.0,704777.0,,,,0.16
me05-020,Primarina,20,Rare,2026-07-19T08:03:04.384Z,EUR,895808,2026-07-19T08:03:02.366Z,USD,,704777.0,704777.0,,,,0.14
me05-020,Primarina,20,Rare,2026-07-20T08:03:04.811Z,EUR,895808,2026-07-20T08:03:02.229Z,USD,,704777.0,704777.0,0.13,0.19,,0.16
me05-020,Primarina,20,Rare,2026-07-21T08:03:04.252Z,EUR,895808,2026-07-21T08:03:02.313Z,USD,,704777.0,704777.0,0.13,0.19,,0.15
me05-020,Primarina,20,Rare,2026-07-22T08:03:06.627Z,EUR,895808,2026-07-22T08:03:04.171Z,USD,,704777.0,704777.0,0.13,0.19,,0.23
me05-020,Primarina,20,Rare,2026-07-23T08:03:03.918Z,EUR,895808,2026-07-23T08:03:01.944Z,USD,,704777.0,704777.0,0.13,0.19,,0.21
me05-020,Primarina,20,Rare,2026-07-24T08:03:04.300Z,EUR,895808,2026-07-24T08:03:02.310Z,USD,,704777.0,704777.0,0.13,0.19,,0.24
me05-020,Primarina,20,Rare,2026-07-25T08:03:04.261Z,EUR,895808,2026-07-25T08:03:02.308Z,USD,,704777.0,704777.0,0.13,0.19,,0.17
me05-020,Primarina,20,Rare,2026-07-26T08:03:04.532Z,EUR,895808,2026-07-26T08:03:42.224Z,USD,,704777.0,704777.0,0.06,0.3,,0.23
me05-020,Primarina,20,Rare,2026-07-27T08:03:04.705Z,EUR,895808,2026-07-27T08:03:49.210Z,USD,,704777.0,704777.0,0.06,0.15,,0.26
me05-021,Finizen,21,Common,2026-07-18T08:02:59.776Z,EUR,895809,2026-07-18T08:02:56.983Z,USD,704778.0,704778.0,,0.02,,0.06,0.13
me05-021,Finizen,21,Common,2026-07-19T08:03:04.558Z,EUR,895809,2026-07-19T08:03:02.366Z,USD,704778.0,704778.0,,0.02,,0.04,0.13
me05-021,Finizen,21,Common,2026-07-20T08:03:04.265Z,EUR,895809,2026-07-20T08:03:02.229Z,USD,704778.0,704778.0,,0.02,0.11,0.05,0.15
me05-021,Finizen,21,Common,2026-07-21T08:03:04.252Z,EUR,895809,2026-07-21T08:03:02.313Z,USD,704778.0,704778.0,,0.02,0.11,0.05,0.11
me05-021,Finizen,21,Common,2026-07-22T08:03:06.627Z,EUR,895809,2026-07-22T08:03:04.171Z,USD,704778.0,704778.0,,0.02,0.11,0.05,0.14
me05-021,Finizen,21,Common,2026-07-23T08:03:03.918Z,EUR,895809,2026-07-23T08:03:01.944Z,USD,704778.0,704778.0,,0.02,0.11,0.05,0.17
me05-021,Finizen,21,Common,2026-07-24T08:03:04.300Z,EUR,895809,2026-07-24T08:03:02.310Z,USD,704778.0,704778.0,,0.02,0.11,0.06,0.17
me05-021,Finizen,21,Common,2026-07-25T08:03:04.624Z,EUR,895809,2026-07-25T08:03:02.308Z,USD,704778.0,704778.0,,0.02,0.11,0.05,0.17
me05-021,Finizen,21,Common,2026-07-26T08:03:04.571Z,EUR,895809,2026-07-26T08:03:42.224Z,USD,704778.0,704778.0,,0.03,0.11,0.06,0.19
me05-021,Finizen,21,Common,2026-07-27T08:03:04.705Z,EUR,895809,2026-07-27T08:03:49.210Z,USD,704778.0,704778.0,,0.03,0.1,0.09,0.18
me05-022,Palafin,22,Uncommon,2026-07-18T08:02:59.776Z,EUR,895810,2026-07-18T08:02:56.983Z,USD,704779.0,704779.0,,0.05,0.06,0.11,0.07
me05-022,Palafin,22,Uncommon,2026-07-19T08:03:04.558Z,EUR,895810,2026-07-19T08:03:02.366Z,USD,704779.0,704779.0,,0.05,0.06,0.05,0.06
me05-022,Palafin,22,Uncommon,2026-07-20T08:03:04.265Z,EUR,895810,2026-07-20T08:03:02.229Z,USD,704779.0,704779.0,,0.02,0.09,0.06,0.07
me05-022,Palafin,22,Uncommon,2026-07-21T08:03:04.252Z,EUR,895810,2026-07-21T08:03:02.313Z,USD,704779.0,704779.0,,0.02,0.09,0.06,0.1
me05-022,Palafin,22,Uncommon,2026-07-22T08:03:06.627Z,EUR,895810,2026-07-22T08:03:04.171Z,USD,704779.0,704779.0,,0.02,0.09,0.05,0.09
me05-022,Palafin,22,Uncommon,2026-07-23T08:03:03.918Z,EUR,895810,2026-07-23T08:03:01.944Z,USD,704779.0,704779.0,,0.02,0.09,0.05,0.1
me05-022,Palafin,22,Uncommon,2026-07-24T08:03:04.550Z,EUR,895810,2026-07-24T08:03:02.310Z,USD,704779.0,704779.0,,0.02,0.09,0.06,0.11
me05-022,Palafin,22,Uncommon,2026-07-25T08:03:04.624Z,EUR,895810,2026-07-25T08:03:02.308Z,USD,704779.0,704779.0,,0.02,0.09,0.04,0.11
me05-022,Palafin,22,Uncommon,2026-07-26T08:03:04.532Z,EUR,895810,2026-07-26T08:03:42.224Z,USD,704779.0,704779.0,,0.02,0.13,0.04,0.1
me05-022,Palafin,22,Uncommon,2026-07-27T08:03:04.705Z,EUR,895810,2026-07-27T08:03:49.210Z,USD,704779.0,704779.0,,0.03,0.08,0.04,0.09
me05-023,Electrike,23,Common,2026-07-18T08:02:59.387Z,EUR,895811,2026-07-18T08:02:56.983Z,USD,704780.0,704780.0,,0.05,0.02,0.06,0.12
me05-023,Electrike,23,Common,2026-07-19T08:03:04.558Z,EUR,895811,2026-07-19T08:03:02.366Z,USD,704780.0,704780.0,,0.05,0.02,0.07,0.11
me05-023,Electrike,23,Common,2026-07-20T08:03:04.265Z,EUR,895811,2026-07-20T08:03:02.229Z,USD,704780.0,704780.0,,0.06,0.07,0.07,0.12
me05-023,Electrike,23,Common,2026-07-21T08:03:04.252Z,EUR,895811,2026-07-21T08:03:02.313Z,USD,704780.0,704780.0,,0.06,0.07,0.05,0.11
me05-023,Electrike,23,Common,2026-07-22T08:03:06.627Z,EUR,895811,2026-07-22T08:03:04.171Z,USD,704780.0,704780.0,,0.06,0.07,0.05,0.18
me05-023,Electrike,23,Common,2026-07-23T08:03:03.918Z,EUR,895811,2026-07-23T08:03:01.944Z,USD,704780.0,704780.0,,0.06,0.07,0.08,0.13
me05-023,Electrike,23,Common,2026-07-24T08:03:04.300Z,EUR,895811,2026-07-24T08:03:02.310Z,USD,704780.0,704780.0,,0.06,0.07,0.15,0.12
me05-023,Electrike,23,Common,2026-07-25T08:03:04.624Z,EUR,895811,2026-07-25T08:03:02.308Z,USD,704780.0,704780.0,,0.06,0.07,0.14,0.14
me05-023,Electrike,23,Common,2026-07-26T08:03:04.571Z,EUR,895811,2026-07-26T08:03:42.224Z,USD,704780.0,704780.0,,0.03,0.11,0.07,0.17
me05-023,Electrike,23,Common,2026-07-27T08:03:04.458Z,EUR,895811,2026-07-27T08:03:49.210Z,USD,704780.0,704780.0,,0.02,0.07,0.07,0.16
me05-024,Manectric,24,Uncommon,2026-07-18T08:02:59.776Z,EUR,895812,2026-07-18T08:02:56.983Z,USD,704781.0,704781.0,,0.03,,0.06,0.12
me05-024,Manectric,24,Uncommon,2026-07-19T08:03:04.558Z,EUR,895812,2026-07-19T08:03:02.366Z,USD,704781.0,704781.0,,0.03,,0.05,0.08
me05-024,Manectric,24,Uncommon,2026-07-20T08:03:04.811Z,EUR,895812,2026-07-20T08:03:02.229Z,USD,704781.0,704781.0,,0.06,0.13,0.06,0.11
me05-024,Manectric,24,Uncommon,2026-07-21T08:03:04.252Z,EUR,895812,2026-07-21T08:03:02.313Z,USD,704781.0,704781.0,,0.06,0.13,0.06,0.12
me05-024,Manectric,24,Uncommon,2026-07-22T08:03:06.627Z,EUR,895812,2026-07-22T08:03:04.171Z,USD,704781.0,704781.0,,0.06,0.13,0.06,0.14
me05-024,Manectric,24,Uncommon,2026-07-23T08:03:03.918Z,EUR,895812,2026-07-23T08:03:01.944Z,USD,704781.0,704781.0,,0.06,0.13,0.07,0.16
me05-024,Manectric,24,Uncommon,2026-07-24T08:03:04.550Z,EUR,895812,2026-07-24T08:03:02.310Z,USD,704781.0,704781.0,,0.06,0.13,0.12,0.17
me05-024,Manectric,24,Uncommon,2026-07-25T08:03:03.827Z,EUR,895812,2026-07-25T08:03:02.308Z,USD,704781.0,704781.0,,0.06,0.13,0.1,0.17
me05-024,Manectric,24,Uncommon,2026-07-26T08:03:04.532Z,EUR,895812,2026-07-26T08:03:42.224Z,USD,704781.0,704781.0,,0.03,0.13,0.08,0.16
me05-024,Manectric,24,Uncommon,2026-07-27T08:03:04.458Z,EUR,895812,2026-07-27T08:03:49.210Z,USD,704781.0,704781.0,,0.02,0.08,0.09,0.19
me05-025,Charjabug,25,Common,2026-07-18T08:02:59.776Z,EUR,895813,2026-07-18T08:02:56.983Z,USD,704782.0,704782.0,,0.02,0.17,0.06,0.1
me05-025,Charjabug,25,Common,2026-07-19T08:03:04.558Z,EUR,895813,2026-07-19T08:03:02.366Z,USD,704782.0,704782.0,,0.02,0.17,0.04,0.06
me05-025,Charjabug,25,Common,2026-07-20T08:03:04.811Z,EUR,895813,2026-07-20T08:03:02.229Z,USD,704782.0,704782.0,,0.03,0.11,0.07,0.06
me05-025,Charjabug,25,Common,2026-07-21T08:03:04.252Z,EUR,895813,2026-07-21T08:03:02.313Z,USD,704782.0,704782.0,,0.03,0.11,0.06,0.07
me05-025,Charjabug,25,Common,2026-07-22T08:03:06.627Z,EUR,895813,2026-07-22T08:03:04.171Z,USD,704782.0,704782.0,,0.03,0.11,0.05,0.11
me05-025,Charjabug,25,Common,2026-07-23T08:03:03.918Z,EUR,895813,2026-07-23T08:03:01.944Z,USD,704782.0,704782.0,,0.03,0.11,0.05,0.11
me05-025,Charjabug,25,Common,2026-07-24T08:03:04.300Z,EUR,895813,2026-07-24T08:03:02.310Z,USD,704782.0,704782.0,,0.03,0.11,0.05,0.13
me05-025,Charjabug,25,Common,2026-07-25T08:03:04.624Z,EUR,895813,2026-07-25T08:03:02.308Z,USD,704782.0,704782.0,,0.03,0.11,0.06,0.12
me05-025,Charjabug,25,Common,2026-07-26T08:03:04.532Z,EUR,895813,2026-07-26T08:03:42.224Z,USD,704782.0,704782.0,,0.02,0.11,0.07,0.16
me05-025,Charjabug,25,Common,2026-07-27T08:03:04.705Z,EUR,895813,2026-07-27T08:03:49.210Z,USD,704782.0,704782.0,,0.02,0.08,0.09,0.16
me05-026,Vikavolt,26,Uncommon,2026-07-18T08:02:59.387Z,EUR,895814,2026-07-18T08:02:56.983Z,USD,704783.0,704783.0,,0.16,0.06,0.11,0.1
me05-026,Vikavolt,26,Uncommon,2026-07-19T08:03:04.658Z,EUR,895814,2026-07-19T08:03:02.366Z,USD,704783.0,704783.0,,0.16,0.06,0.05,0.07
me05-026,Vikavolt,26,Uncommon,2026-07-20T08:03:04.386Z,EUR,895814,2026-07-20T08:03:02.229Z,USD,704783.0,704783.0,,0.03,0.16,0.06,0.08
me05-026,Vikavolt,26,Uncommon,2026-07-21T08:03:04.252Z,EUR,895814,2026-07-21T08:03:02.313Z,USD,704783.0,704783.0,,0.03,0.16,0.06,0.1
me05-026,Vikavolt,26,Uncommon,2026-07-22T08:03:06.627Z,EUR,895814,2026-07-22T08:03:04.171Z,USD,704783.0,704783.0,,0.03,0.16,0.06,0.1
me05-026,Vikavolt,26,Uncommon,2026-07-23T08:03:03.918Z,EUR,895814,2026-07-23T08:03:01.944Z,USD,704783.0,704783.0,,0.03,0.16,0.07,0.1
me05-026,Vikavolt,26,Uncommon,2026-07-24T08:03:04.550Z,EUR,895814,2026-07-24T08:03:02.310Z,USD,704783.0,704783.0,,0.03,0.16,0.07,0.13
me05-026,Vikavolt,26,Uncommon,2026-07-25T08:03:03.827Z,EUR,895814,2026-07-25T08:03:02.308Z,USD,704783.0,704783.0,,0.03,0.16,0.07,0.14
me05-026,Vikavolt,26,Uncommon,2026-07-26T08:03:04.532Z,EUR,895814,2026-07-26T08:03:42.224Z,USD,704783.0,704783.0,,0.03,0.16,0.06,0.14
me05-026,Vikavolt,26,Uncommon,2026-07-27T08:03:04.705Z,EUR,895814,2026-07-27T08:03:49.210Z,USD,704783.0,704783.0,,0.05,0.09,0.08,0.12
me05-027,Mega Zeraora ex,27,Double rare,2026-07-18T08:02:59.387Z,EUR,895787,2026-07-18T08:02:56.983Z,USD,,,704784.0,3.86,,,
me05-027,Mega Zeraora ex,27,Double rare,2026-07-19T08:03:04.658Z,EUR,895787,2026-07-19T08:03:02.366Z,USD,,,704784.0,3.86,,,
me05-027,Mega Zeraora ex,27,Double rare,2026-07-20T08:03:04.265Z,EUR,895787,2026-07-20T08:03:02.229Z,USD,,,704784.0,0.91,,,
me05-027,Mega Zeraora ex,27,Double rare,2026-07-21T08:03:04.252Z,EUR,895787,2026-07-21T08:03:02.313Z,USD,,,704784.0,0.91,,,
me05-027,Mega Zeraora ex,27,Double rare,2026-07-22T08:03:06.627Z,EUR,895787,2026-07-22T08:03:04.171Z,USD,,,704784.0,0.91,,,
me05-027,Mega Zeraora ex,27,Double rare,2026-07-23T08:03:03.918Z,EUR,895787,2026-07-23T08:03:01.944Z,USD,,,704784.0,0.91,,,
me05-027,Mega Zeraora ex,27,Double rare,2026-07-24T08:03:04.550Z,EUR,895787,2026-07-24T08:03:02.310Z,USD,,,704784.0,0.91,,,
me05-027,Mega Zeraora ex,27,Double rare,2026-07-25T08:03:04.397Z,EUR,895787,2026-07-25T08:03:02.308Z,USD,,,704784.0,0.91,,,
me05-027,Mega Zeraora ex,27,Double rare,2026-07-26T08:03:04.532Z,EUR,895787,2026-07-26T08:03:42.224Z,USD,,,704784.0,0.65,,,
me05-027,Mega Zeraora ex,27,Double rare,2026-07-27T08:03:04.705Z,EUR,895787,2026-07-27T08:03:49.210Z,USD,,,704784.0,0.84,,,
me05-028,Miraidon,28,Rare,2026-07-18T08:02:59.776Z,EUR,895815,2026-07-18T08:02:56.983Z,USD,,704785.0,704785.0,0.05,1.08,,0.21
me05-028,Miraidon,28,Rare,2026-07-19T08:03:04.558Z,EUR,895815,2026-07-19T08:03:02.366Z,USD,,704785.0,704785.0,0.05,1.08,,0.21
me05-028,Miraidon,28,Rare,2026-07-20T08:03:04.265Z,EUR,895815,2026-07-20T08:03:02.229Z,USD,,704785.0,704785.0,0.1,0.21,,0.22
me05-028,Miraidon,28,Rare,2026-07-21T08:03:04.252Z,EUR,895815,2026-07-21T08:03:02.313Z,USD,,704785.0,704785.0,0.1,0.21,,0.16
me05-028,Miraidon,28,Rare,2026-07-22T08:03:06.627Z,EUR,895815,2026-07-22T08:03:04.171Z,USD,,704785.0,704785.0,0.1,0.21,,0.21
me05-028,Miraidon,28,Rare,2026-07-23T08:03:03.918Z,EUR,895815,2026-07-23T08:03:01.944Z,USD,,704785.0,704785.0,0.1,0.21,,0.22
me05-028,Miraidon,28,Rare,2026-07-24T08:03:04.300Z,EUR,895815,2026-07-24T08:03:02.310Z,USD,,704785.0,704785.0,0.1,0.21,,0.22
me05-028,Miraidon,28,Rare,2026-07-25T08:03:03.827Z,EUR,895815,2026-07-25T08:03:02.308Z,USD,,704785.0,704785.0,0.1,0.21,,0.2
me05-028,Miraidon,28,Rare,2026-07-26T08:03:04.532Z,EUR,895815,2026-07-26T08:03:42.224Z,USD,,704785.0,704785.0,0.09,0.16,,0.24
me05-028,Miraidon,28,Rare,2026-07-27T08:03:04.705Z,EUR,895815,2026-07-27T08:03:49.210Z,USD,,704785.0,704785.0,0.05,0.31,,0.23
me05-029,Slowpoke,29,Common,2026-07-18T08:02:59.776Z,EUR,895816,2026-07-18T08:02:56.983Z,USD,704786.0,704786.0,,0.54,0.57,0.1,0.2
me05-029,Slowpoke,29,Common,2026-07-19T08:03:04.384Z,EUR,895816,2026-07-19T08:03:02.366Z,USD,704786.0,704786.0,,0.54,0.57,0.08,0.16
me05-029,Slowpoke,29,Common,2026-07-20T08:03:04.265Z,EUR,895816,2026-07-20T08:03:02.229Z,USD,704786.0,704786.0,,0.06,0.16,0.09,0.22
me05-029,Slowpoke,29,Common,2026-07-21T08:03:04.252Z,EUR,895816,2026-07-21T08:03:02.313Z,USD,704786.0,704786.0,,0.06,0.16,0.07,0.22
me05-029,Slowpoke,29,Common,2026-07-22T08:03:06.627Z,EUR,895816,2026-07-22T08:03:04.171Z,USD,704786.0,704786.0,,0.06,0.16,0.11,0.2
me05-029,Slowpoke,29,Common,2026-07-23T08:03:03.918Z,EUR,895816,2026-07-23T08:03:01.944Z,USD,704786.0,704786.0,,0.06,0.16,0.1,0.2
me05-029,Slowpoke,29,Common,2026-07-24T08:03:04.550Z,EUR,895816,2026-07-24T08:03:02.310Z,USD,704786.0,704786.0,,0.06,0.16,0.12,0.33
me05-029,Slowpoke,29,Common,2026-07-25T08:03:04.261Z,EUR,895816,2026-07-25T08:03:02.308Z,USD,704786.0,704786.0,,0.06,0.16,0.11,0.21
me05-029,Slowpoke,29,Common,2026-07-26T08:03:04.532Z,EUR,895816,2026-07-26T08:03:42.224Z,USD,704786.0,704786.0,,0.03,0.14,0.11,0.21
me05-029,Slowpoke,29,Common,2026-07-27T08:03:04.705Z,EUR,895816,2026-07-27T08:03:49.210Z,USD,704786.0,704786.0,,0.03,0.14,0.14,0.24
me05-030,Slowbro,30,Uncommon,2026-07-18T08:02:59.387Z,EUR,895817,2026-07-18T08:02:56.983Z,USD,704787.0,704787.0,,0.02,0.05,0.08,0.32
me05-030,Slowbro,30,Uncommon,2026-07-19T08:03:04.558Z,EUR,895817,2026-07-19T08:03:02.366Z,USD,704787.0,704787.0,,0.02,0.05,0.08,0.2
me05-030,Slowbro,30,Uncommon,2026-07-20T08:03:04.265Z,EUR,895817,2026-07-20T08:03:02.229Z,USD,704787.0,704787.0,,0.06,0.15,0.07,0.18
me05-030,Slowbro,30,Uncommon,2026-07-21T08:03:04.252Z,EUR,895817,2026-07-21T08:03:02.313Z,USD,704787.0,704787.0,,0.06,0.15,0.06,0.19
me05-030,Slowbro,30,Uncommon,2026-07-22T08:03:06.627Z,EUR,895817,2026-07-22T08:03:04.171Z,USD,704787.0,704787.0,,0.06,0.15,0.07,0.16
me05-030,Slowbro,30,Uncommon,2026-07-23T08:03:03.918Z,EUR,895817,2026-07-23T08:03:01.944Z,USD,704787.0,704787.0,,0.06,0.15,0.1,0.19
me05-030,Slowbro,30,Uncommon,2026-07-24T08:03:04.550Z,EUR,895817,2026-07-24T08:03:02.310Z,USD,704787.0,704787.0,,0.06,0.15,0.09,0.39
me05-030,Slowbro,30,Uncommon,2026-07-25T08:03:04.261Z,EUR,895817,2026-07-25T08:03:02.308Z,USD,704787.0,704787.0,,0.06,0.15,0.1,0.3
me05-030,Slowbro,30,Uncommon,2026-07-26T08:03:04.532Z,EUR,895817,2026-07-26T08:03:42.224Z,USD,704787.0,704787.0,,0.03,0.14,0.13,0.3
me05-030,Slowbro,30,Uncommon,2026-07-27T08:03:04.705Z,EUR,895817,2026-07-27T08:03:49.210Z,USD,704787.0,704787.0,,0.03,0.13,0.14,0.27
me05-031,Mega Slowbro ex,31,Double rare,2026-07-18T08:02:59.776Z,EUR,895818,2026-07-18T08:02:56.983Z,USD,,,704788.0,2.46,,,
me05-031,Mega Slowbro ex,31,Double rare,2026-07-19T08:03:04.558Z,EUR,895818,2026-07-19T08:03:02.366Z,USD,,,704788.0,2.46,,,
me05-031,Mega Slowbro ex,31,Double rare,2026-07-20T08:03:04.265Z,EUR,895818,2026-07-20T08:03:02.229Z,USD,,,704788.0,1.03,,,
me05-031,Mega Slowbro ex,31,Double rare,2026-07-21T08:03:04.252Z,EUR,895818,2026-07-21T08:03:02.313Z,USD,,,704788.0,1.03,,,
me05-031,Mega Slowbro ex,31,Double rare,2026-07-22T08:03:06.627Z,EUR,895818,2026-07-22T08:03:04.171Z,USD,,,704788.0,1.03,,,
me05-031,Mega Slowbro ex,31,Double rare,2026-07-23T08:03:03.918Z,EUR,895818,2026-07-23T08:03:01.944Z,USD,,,704788.0,1.03,,,
me05-031,Mega Slowbro ex,31,Double rare,2026-07-24T08:03:04.550Z,EUR,895818,2026-07-24T08:03:02.310Z,USD,,,704788.0,1.03,,,
me05-031,Mega Slowbro ex,31,Double rare,2026-07-25T08:03:03.827Z,EUR,895818,2026-07-25T08:03:02.308Z,USD,,,704788.0,1.03,,,
me05-031,Mega Slowbro ex,31,Double rare,2026-07-26T08:03:04.438Z,EUR,895818,2026-07-26T08:03:42.224Z,USD,,,704788.0,0.7,,,
me05-031,Mega Slowbro ex,31,Double rare,2026-07-27T08:03:04.705Z,EUR,895818,2026-07-27T08:03:49.210Z,USD,,,704788.0,0.74,,,
me05-032,Jynx,32,Common,2026-07-18T08:02:59.387Z,EUR,895819,2026-07-18T08:02:56.983Z,USD,704789.0,704789.0,,0.17,0.33,0.09,0.12
me05-032,Jynx,32,Common,2026-07-19T08:03:04.558Z,EUR,895819,2026-07-19T08:03:02.366Z,USD,704789.0,704789.0,,0.17,0.33,0.07,0.1
me05-032,Jynx,32,Common,2026-07-20T08:03:04.265Z,EUR,895819,2026-07-20T08:03:02.229Z,USD,704789.0,704789.0,,0.03,0.14,0.06,0.13
me05-032,Jynx,32,Common,2026-07-21T08:03:04.252Z,EUR,895819,2026-07-21T08:03:02.313Z,USD,704789.0,704789.0,,0.03,0.14,0.04,0.1
me05-032,Jynx,32,Common,2026-07-22T08:03:06.627Z,EUR,895819,2026-07-22T08:03:04.171Z,USD,704789.0,704789.0,,0.03,0.14,0.07,0.11
me05-032,Jynx,32,Common,2026-07-23T08:03:03.918Z,EUR,895819,2026-07-23T08:03:01.944Z,USD,704789.0,704789.0,,0.03,0.14,0.08,0.14
me05-032,Jynx,32,Common,2026-07-24T08:03:04.550Z,EUR,895819,2026-07-24T08:03:02.310Z,USD,704789.0,704789.0,,0.03,0.14,0.08,0.15
me05-032,Jynx,32,Common,2026-07-25T08:03:03.827Z,EUR,895819,2026-07-25T08:03:02.308Z,USD,704789.0,704789.0,,0.03,0.14,0.06,0.16
me05-032,Jynx,32,Common,2026-07-26T08:03:04.532Z,EUR,895819,2026-07-26T08:03:42.224Z,USD,704789.0,704789.0,,0.03,0.09,0.06,0.18
me05-032,Jynx,32,Common,2026-07-27T08:03:04.705Z,EUR,895819,2026-07-27T08:03:49.210Z,USD,704789.0,704789.0,,0.02,0.11,0.08,0.17
me05-033,Shuppet,33,Common,2026-07-18T08:02:59.387Z,EUR,895820,2026-07-18T08:02:56.983Z,USD,704790.0,704790.0,,0.09,1.08,0.12,0.38
me05-033,Shuppet,33,Common,2026-07-19T08:03:04.558Z,EUR,895820,2026-07-19T08:03:02.366Z,USD,704790.0,704790.0,,0.09,1.08,0.11,0.26
me05-033,Shuppet,33,Common,2026-07-20T08:03:04.265Z,EUR,895820,2026-07-20T08:03:02.229Z,USD,704790.0,704790.0,,0.08,0.16,0.11,0.22
me05-033,Shuppet,33,Common,2026-07-21T08:03:04.252Z,EUR,895820,2026-07-21T08:03:02.313Z,USD,704790.0,704790.0,,0.08,0.16,0.1,0.22
me05-033,Shuppet,33,Common,2026-07-22T08:03:06.627Z,EUR,895820,2026-07-22T08:03:04.171Z,USD,704790.0,704790.0,,0.08,0.16,0.15,0.26
me05-033,Shuppet,33,Common,2026-07-23T08:03:03.918Z,EUR,895820,2026-07-23T08:03:01.944Z,USD,704790.0,704790.0,,0.08,0.16,0.2,0.36
me05-033,Shuppet,33,Common,2026-07-24T08:03:04.550Z,EUR,895820,2026-07-24T08:03:02.310Z,USD,704790.0,704790.0,,0.08,0.16,0.21,0.25
me05-033,Shuppet,33,Common,2026-07-25T08:03:04.397Z,EUR,895820,2026-07-25T08:03:02.308Z,USD,704790.0,704790.0,,0.08,0.16,0.17,0.37
me05-033,Shuppet,33,Common,2026-07-26T08:03:04.571Z,EUR,895820,2026-07-26T08:03:42.224Z,USD,704790.0,704790.0,,0.08,0.25,0.15,0.3
me05-033,Shuppet,33,Common,2026-07-27T08:03:04.705Z,EUR,895820,2026-07-27T08:03:49.210Z,USD,704790.0,704790.0,,0.06,0.14,0.16,0.52
me05-034,Banette,34,Uncommon,2026-07-18T08:02:59.387Z,EUR,895821,2026-07-18T08:02:56.983Z,USD,704791.0,704791.0,,0.09,1.03,0.12,0.37
me05-034,Banette,34,Uncommon,2026-07-19T08:03:04.658Z,EUR,895821,2026-07-19T08:03:02.366Z,USD,704791.0,704791.0,,0.09,1.03,0.12,0.28
me05-034,Banette,34,Uncommon,2026-07-20T08:03:04.265Z,EUR,895821,2026-07-20T08:03:02.229Z,USD,704791.0,704791.0,,0.09,0.25,0.1,0.26
me05-034,Banette,34,Uncommon,2026-07-21T08:03:04.252Z,EUR,895821,2026-07-21T08:03:02.313Z,USD,704791.0,704791.0,,0.09,0.25,0.09,0.2
me05-034,Banette,34,Uncommon,2026-07-22T08:03:06.627Z,EUR,895821,2026-07-22T08:03:04.171Z,USD,704791.0,704791.0,,0.09,0.25,0.16,0.28
me05-034,Banette,34,Uncommon,2026-07-23T08:03:03.918Z,EUR,895821,2026-07-23T08:03:01.944Z,USD,704791.0,704791.0,,0.09,0.25,0.16,0.52
me05-034,Banette,34,Uncommon,2026-07-24T08:03:04.300Z,EUR,895821,2026-07-24T08:03:02.310Z,USD,704791.0,704791.0,,0.09,0.25,0.17,0.43
me05-034,Banette,34,Uncommon,2026-07-25T08:03:04.397Z,EUR,895821,2026-07-25T08:03:02.308Z,USD,704791.0,704791.0,,0.09,0.25,0.1,0.35
me05-034,Banette,34,Uncommon,2026-07-26T08:03:04.532Z,EUR,895821,2026-07-26T08:03:42.224Z,USD,704791.0,704791.0,,0.06,0.33,0.21,0.48
me05-034,Banette,34,Uncommon,2026-07-27T08:03:04.705Z,EUR,895821,2026-07-27T08:03:49.210Z,USD,704791.0,704791.0,,0.05,0.13,0.18,0.48
me05-035,Spiritomb,35,Rare,2026-07-18T08:02:59.387Z,EUR,895822,2026-07-18T08:02:56.983Z,USD,,704792.0,704792.0,0.86,1.65,,0.37
me05-035,Spiritomb,35,Rare,2026-07-19T08:03:04.658Z,EUR,895822,2026-07-19T08:03:02.366Z,USD,,704792.0,704792.0,0.86,1.65,,0.31
me05-035,Spiritomb,35,Rare,2026-07-20T08:03:04.265Z,EUR,895822,2026-07-20T08:03:02.229Z,USD,,704792.0,704792.0,0.21,0.21,,0.31
me05-035,Spiritomb,35,Rare,2026-07-21T08:03:04.252Z,EUR,895822,2026-07-21T08:03:02.313Z,USD,,704792.0,704792.0,0.21,0.21,,0.24
me05-035,Spiritomb,35,Rare,2026-07-22T08:03:06.627Z,EUR,895822,2026-07-22T08:03:04.171Z,USD,,704792.0,704792.0,0.21,0.21,,0.27
me05-035,Spiritomb,35,Rare,2026-07-23T08:03:03.918Z,EUR,895822,2026-07-23T08:03:01.944Z,USD,,704792.0,704792.0,0.21,0.21,,0.45
me05-035,Spiritomb,35,Rare,2026-07-24T08:03:04.300Z,EUR,895822,2026-07-24T08:03:02.310Z,USD,,704792.0,704792.0,0.21,0.21,,0.43
me05-035,Spiritomb,35,Rare,2026-07-25T08:03:04.397Z,EUR,895822,2026-07-25T08:03:02.308Z,USD,,704792.0,704792.0,0.21,0.21,,0.36
me05-035,Spiritomb,35,Rare,2026-07-26T08:03:04.438Z,EUR,895822,2026-07-26T08:03:42.224Z,USD,,704792.0,704792.0,0.14,0.28,,0.43
me05-035,Spiritomb,35,Rare,2026-07-27T08:03:04.705Z,EUR,895822,2026-07-27T08:03:49.210Z,USD,,704792.0,704792.0,0.08,0.15,,0.49
me05-036,Litwick,36,Common,2026-07-18T08:02:59.387Z,EUR,895823,2026-07-18T08:02:56.983Z,USD,704793.0,704793.0,,0.05,,0.11,0.25
me05-036,Litwick,36,Common,2026-07-19T08:03:04.658Z,EUR,895823,2026-07-19T08:03:02.366Z,USD,704793.0,704793.0,,0.05,,0.1,0.17
me05-036,Litwick,36,Common,2026-07-20T08:03:04.265Z,EUR,895823,2026-07-20T08:03:02.229Z,USD,704793.0,704793.0,,0.03,0.13,0.1,0.22
me05-036,Litwick,36,Common,2026-07-21T08:03:04.252Z,EUR,895823,2026-07-21T08:03:02.313Z,USD,704793.0,704793.0,,0.03,0.13,0.08,0.14
me05-036,Litwick,36,Common,2026-07-22T08:03:06.627Z,EUR,895823,2026-07-22T08:03:04.171Z,USD,704793.0,704793.0,,0.03,0.13,0.13,0.15
me05-036,Litwick,36,Common,2026-07-23T08:03:03.918Z,EUR,895823,2026-07-23T08:03:01.944Z,USD,704793.0,704793.0,,0.03,0.13,0.16,0.19
me05-036,Litwick,36,Common,2026-07-24T08:03:04.300Z,EUR,895823,2026-07-24T08:03:02.310Z,USD,704793.0,704793.0,,0.03,0.13,0.16,0.21
me05-036,Litwick,36,Common,2026-07-25T08:03:03.827Z,EUR,895823,2026-07-25T08:03:02.308Z,USD,704793.0,704793.0,,0.03,0.13,0.1,0.23
me05-036,Litwick,36,Common,2026-07-26T08:03:04.571Z,EUR,895823,2026-07-26T08:03:42.224Z,USD,704793.0,704793.0,,0.07,0.13,0.1,0.22
me05-036,Litwick,36,Common,2026-07-27T08:03:04.705Z,EUR,895823,2026-07-27T08:03:49.210Z,USD,704793.0,704793.0,,0.03,0.13,0.15,0.24
me05-037,Lampent,37,Uncommon,2026-07-18T08:02:59.776Z,EUR,895824,2026-07-18T08:02:56.983Z,USD,704794.0,704794.0,,0.08,,0.09,0.21
me05-037,Lampent,37,Uncommon,2026-07-19T08:03:04.658Z,EUR,895824,2026-07-19T08:03:02.366Z,USD,704794.0,704794.0,,0.08,,0.08,0.16
me05-037,Lampent,37,Uncommon,2026-07-20T08:03:04.265Z,EUR,895824,2026-07-20T08:03:02.229Z,USD,704794.0,704794.0,,0.03,0.11,0.08,0.18
me05-037,Lampent,37,Uncommon,2026-07-21T08:03:04.252Z,EUR,895824,2026-07-21T08:03:02.313Z,USD,704794.0,704794.0,,0.03,0.11,0.06,0.15
me05-037,Lampent,37,Uncommon,2026-07-22T08:03:06.627Z,EUR,895824,2026-07-22T08:03:04.171Z,USD,704794.0,704794.0,,0.03,0.11,0.11,0.17
me05-037,Lampent,37,Uncommon,2026-07-23T08:03:03.918Z,EUR,895824,2026-07-23T08:03:01.944Z,USD,704794.0,704794.0,,0.03,0.11,0.15,0.21
me05-037,Lampent,37,Uncommon,2026-07-24T08:03:04.550Z,EUR,895824,2026-07-24T08:03:02.310Z,USD,704794.0,704794.0,,0.03,0.11,0.16,0.22
me05-037,Lampent,37,Uncommon,2026-07-25T08:03:03.827Z,EUR,895824,2026-07-25T08:03:02.308Z,USD,704794.0,704794.0,,0.03,0.11,0.07,0.24
me05-037,Lampent,37,Uncommon,2026-07-26T08:03:04.571Z,EUR,895824,2026-07-26T08:03:42.224Z,USD,704794.0,704794.0,,0.05,0.13,0.11,0.18
me05-037,Lampent,37,Uncommon,2026-07-27T08:03:04.705Z,EUR,895824,2026-07-27T08:03:49.210Z,USD,704794.0,704794.0,,0.02,0.1,0.12,0.23
me05-038,Mega Chandelure ex,38,Double rare,2026-07-18T08:02:59.387Z,EUR,895786,2026-07-18T08:02:56.983Z,USD,,,704795.0,1.85,,,
me05-038,Mega Chandelure ex,38,Double rare,2026-07-19T08:03:04.658Z,EUR,895786,2026-07-19T08:03:02.366Z,USD,,,704795.0,1.85,,,
me05-038,Mega Chandelure ex,38,Double rare,2026-07-20T08:03:04.265Z,EUR,895786,2026-07-20T08:03:02.229Z,USD,,,704795.0,0.93,,,
me05-038,Mega Chandelure ex,38,Double rare,2026-07-21T08:03:04.457Z,EUR,895786,2026-07-21T08:03:02.313Z,USD,,,704795.0,0.93,,,
me05-038,Mega Chandelure ex,38,Double rare,2026-07-22T08:03:06.627Z,EUR,895786,2026-07-22T08:03:04.171Z,USD,,,704795.0,0.93,,,
me05-038,Mega Chandelure ex,38,Double rare,2026-07-23T08:03:03.918Z,EUR,895786,2026-07-23T08:03:01.944Z,USD,,,704795.0,0.93,,,
me05-038,Mega Chandelure ex,38,Double rare,2026-07-24T08:03:04.300Z,EUR,895786,2026-07-24T08:03:02.310Z,USD,,,704795.0,0.93,,,
me05-038,Mega Chandelure ex,38,Double rare,2026-07-25T08:03:04.261Z,EUR,895786,2026-07-25T08:03:02.308Z,USD,,,704795.0,0.93,,,
me05-038,Mega Chandelure ex,38,Double rare,2026-07-26T08:03:04.571Z,EUR,895786,2026-07-26T08:03:42.224Z,USD,,,704795.0,0.71,,,
me05-038,Mega Chandelure ex,38,Double rare,2026-07-27T08:03:04.705Z,EUR,895786,2026-07-27T08:03:49.210Z,USD,,,704795.0,0.84,,,
me05-039,Dhelmise,39,Uncommon,2026-07-18T08:02:59.776Z,EUR,895825,2026-07-18T08:02:56.983Z,USD,704796.0,704796.0,,0.34,1.82,0.13,0.41
me05-039,Dhelmise,39,Uncommon,2026-07-19T08:03:04.658Z,EUR,895825,2026-07-19T08:03:02.366Z,USD,704796.0,704796.0,,0.34,1.82,0.13,0.38
me05-039,Dhelmise,39,Uncommon,2026-07-20T08:03:04.265Z,EUR,895825,2026-07-20T08:03:02.229Z,USD,704796.0,704796.0,,0.18,0.27,0.11,0.21
me05-039,Dhelmise,39,Uncommon,2026-07-21T08:03:04.252Z,EUR,895825,2026-07-21T08:03:02.313Z,USD,704796.0,704796.0,,0.18,0.27,0.09,0.19
me05-039,Dhelmise,39,Uncommon,2026-07-22T08:03:06.627Z,EUR,895825,2026-07-22T08:03:04.171Z,USD,704796.0,704796.0,,0.18,0.27,0.14,0.25
me05-039,Dhelmise,39,Uncommon,2026-07-23T08:03:03.918Z,EUR,895825,2026-07-23T08:03:01.944Z,USD,704796.0,704796.0,,0.18,0.27,0.17,0.41
me05-039,Dhelmise,39,Uncommon,2026-07-24T08:03:04.300Z,EUR,895825,2026-07-24T08:03:02.310Z,USD,704796.0,704796.0,,0.18,0.27,0.18,0.36
me05-039,Dhelmise,39,Uncommon,2026-07-25T08:03:03.827Z,EUR,895825,2026-07-25T08:03:02.308Z,USD,704796.0,704796.0,,0.18,0.27,0.12,0.23
me05-039,Dhelmise,39,Uncommon,2026-07-26T08:03:04.571Z,EUR,895825,2026-07-26T08:03:42.224Z,USD,704796.0,704796.0,,0.11,0.23,0.17,0.28
me05-039,Dhelmise,39,Uncommon,2026-07-27T08:03:04.705Z,EUR,895825,2026-07-27T08:03:49.210Z,USD,704796.0,704796.0,,0.05,0.16,0.15,0.3
me05-040,Marshadow,40,Uncommon,2026-07-18T08:02:59.387Z,EUR,895826,2026-07-18T08:02:56.983Z,USD,704797.0,704797.0,,,,0.09,0.13
me05-040,Marshadow,40,Uncommon,2026-07-19T08:03:04.658Z,EUR,895826,2026-07-19T08:03:02.366Z,USD,704797.0,704797.0,,,,0.07,0.15
me05-040,Marshadow,40,Uncommon,2026-07-20T08:03:04.265Z,EUR,895826,2026-07-20T08:03:02.229Z,USD,704797.0,704797.0,,0.03,0.13,0.06,0.14
me05-040,Marshadow,40,Uncommon,2026-07-21T08:03:04.252Z,EUR,895826,2026-07-21T08:03:02.313Z,USD,704797.0,704797.0,,0.03,0.13,0.04,0.14
me05-040,Marshadow,40,Uncommon,2026-07-22T08:03:06.627Z,EUR,895826,2026-07-22T08:03:04.171Z,USD,704797.0,704797.0,,0.03,0.13,0.05,0.14
me05-040,Marshadow,40,Uncommon,2026-07-23T08:03:03.918Z,EUR,895826,2026-07-23T08:03:01.944Z,USD,704797.0,704797.0,,0.03,0.13,0.05,0.13
me05-040,Marshadow,40,Uncommon,2026-07-24T08:03:04.300Z,EUR,895826,2026-07-24T08:03:02.310Z,USD,704797.0,704797.0,,0.03,0.13,0.06,0.16
me05-040,Marshadow,40,Uncommon,2026-07-25T08:03:04.261Z,EUR,895826,2026-07-25T08:03:02.308Z,USD,704797.0,704797.0,,0.03,0.13,0.08,0.2
me05-040,Marshadow,40,Uncommon,2026-07-26T08:03:04.571Z,EUR,895826,2026-07-26T08:03:42.224Z,USD,704797.0,704797.0,,0.03,0.13,0.08,0.18
me05-040,Marshadow,40,Uncommon,2026-07-27T08:03:04.705Z,EUR,895826,2026-07-27T08:03:49.210Z,USD,704797.0,704797.0,,0.05,0.14,0.09,0.28
me05-041,Annihilape,41,Uncommon,2026-07-18T08:02:59.776Z,EUR,895827,2026-07-18T08:02:56.983Z,USD,704798.0,704798.0,,0.02,0.06,0.07,0.12
me05-041,Annihilape,41,Uncommon,2026-07-19T08:03:04.658Z,EUR,895827,2026-07-19T08:03:02.366Z,USD,704798.0,704798.0,,0.02,0.06,0.07,0.1
me05-041,Annihilape,41,Uncommon,2026-07-20T08:03:04.265Z,EUR,895827,2026-07-20T08:03:02.229Z,USD,704798.0,704798.0,,0.03,0.15,0.06,0.12
me05-041,Annihilape,41,Uncommon,2026-07-21T08:03:04.252Z,EUR,895827,2026-07-21T08:03:02.313Z,USD,704798.0,704798.0,,0.03,0.15,0.06,0.12
me05-041,Annihilape,41,Uncommon,2026-07-22T08:03:06.627Z,EUR,895827,2026-07-22T08:03:04.171Z,USD,704798.0,704798.0,,0.03,0.15,0.07,0.11
me05-041,Annihilape,41,Uncommon,2026-07-23T08:03:03.918Z,EUR,895827,2026-07-23T08:03:01.944Z,USD,704798.0,704798.0,,0.03,0.15,0.08,0.17
me05-041,Annihilape,41,Uncommon,2026-07-24T08:03:04.300Z,EUR,895827,2026-07-24T08:03:02.310Z,USD,704798.0,704798.0,,0.03,0.15,0.07,0.22
me05-041,Annihilape,41,Uncommon,2026-07-25T08:03:04.261Z,EUR,895827,2026-07-25T08:03:02.308Z,USD,704798.0,704798.0,,0.03,0.15,0.08,0.19
me05-041,Annihilape,41,Uncommon,2026-07-26T08:03:04.571Z,EUR,895827,2026-07-26T08:03:42.224Z,USD,704798.0,704798.0,,0.05,0.15,0.08,0.17
me05-041,Annihilape,41,Uncommon,2026-07-27T08:03:04.705Z,EUR,895827,2026-07-27T08:03:49.210Z,USD,704798.0,704798.0,,0.02,0.14,0.05,0.18
me05-042,Mankey,42,Common,2026-07-18T08:02:59.387Z,EUR,895828,2026-07-18T08:02:56.983Z,USD,704799.0,704799.0,,0.02,0.06,0.08,0.2
me05-042,Mankey,42,Common,2026-07-19T08:03:04.658Z,EUR,895828,2026-07-19T08:03:02.366Z,USD,704799.0,704799.0,,0.02,0.06,0.06,0.24
me05-042,Mankey,42,Common,2026-07-20T08:03:04.265Z,EUR,895828,2026-07-20T08:03:02.229Z,USD,704799.0,704799.0,,0.03,0.11,0.07,0.21
me05-042,Mankey,42,Common,2026-07-21T08:03:04.252Z,EUR,895828,2026-07-21T08:03:02.313Z,USD,704799.0,704799.0,,0.03,0.11,0.06,0.15
me05-042,Mankey,42,Common,2026-07-22T08:03:06.627Z,EUR,895828,2026-07-22T08:03:04.171Z,USD,704799.0,704799.0,,0.03,0.11,0.08,0.19
me05-042,Mankey,42,Common,2026-07-23T08:03:03.918Z,EUR,895828,2026-07-23T08:03:01.944Z,USD,704799.0,704799.0,,0.03,0.11,0.1,0.16
me05-042,Mankey,42,Common,2026-07-24T08:03:04.550Z,EUR,895828,2026-07-24T08:03:02.310Z,USD,704799.0,704799.0,,0.03,0.11,0.08,0.2
me05-042,Mankey,42,Common,2026-07-25T08:03:04.261Z,EUR,895828,2026-07-25T08:03:02.308Z,USD,704799.0,704799.0,,0.03,0.11,0.08,0.18
me05-042,Mankey,42,Common,2026-07-26T08:03:04.571Z,EUR,895828,2026-07-26T08:03:42.224Z,USD,704799.0,704799.0,,0.03,0.1,0.1,0.23
me05-042,Mankey,42,Common,2026-07-27T08:03:04.705Z,EUR,895828,2026-07-27T08:03:49.210Z,USD,704799.0,704799.0,,0.02,0.1,0.12,0.24
me05-043,Primeape,43,Common,2026-07-18T08:02:59.546Z,EUR,895829,2026-07-18T08:02:56.983Z,USD,704800.0,704800.0,,0.05,0.05,0.07,0.15
me05-043,Primeape,43,Common,2026-07-19T08:03:04.384Z,EUR,895829,2026-07-19T08:03:02.366Z,USD,704800.0,704800.0,,0.05,0.05,0.05,0.09
me05-043,Primeape,43,Common,2026-07-20T08:03:04.265Z,EUR,895829,2026-07-20T08:03:02.229Z,USD,704800.0,704800.0,,0.03,0.11,0.06,0.1
me05-043,Primeape,43,Common,2026-07-21T08:03:04.252Z,EUR,895829,2026-07-21T08:03:02.313Z,USD,704800.0,704800.0,,0.03,0.11,0.05,0.09
me05-043,Primeape,43,Common,2026-07-22T08:03:06.627Z,EUR,895829,2026-07-22T08:03:04.171Z,USD,704800.0,704800.0,,0.03,0.11,0.05,0.11
me05-043,Primeape,43,Common,2026-07-23T08:03:03.918Z,EUR,895829,2026-07-23T08:03:01.944Z,USD,704800.0,704800.0,,0.03,0.11,0.06,0.12
me05-043,Primeape,43,Common,2026-07-24T08:03:04.300Z,EUR,895829,2026-07-24T08:03:02.310Z,USD,704800.0,704800.0,,0.03,0.11,0.08,0.13
me05-043,Primeape,43,Common,2026-07-25T08:03:04.261Z,EUR,895829,2026-07-25T08:03:02.308Z,USD,704800.0,704800.0,,0.03,0.11,0.07,0.16
me05-043,Primeape,43,Common,2026-07-26T08:03:04.571Z,EUR,895829,2026-07-26T08:03:42.224Z,USD,704800.0,704800.0,,0.05,0.09,0.06,0.16
me05-043,Primeape,43,Common,2026-07-27T08:03:04.705Z,EUR,895829,2026-07-27T08:03:49.210Z,USD,704800.0,704800.0,,0.02,0.1,0.05,0.15
me05-044,Cranidos,44,Common,2026-07-18T08:02:59.387Z,EUR,895830,2026-07-18T08:02:56.983Z,USD,704801.0,704801.0,,0.02,0.57,0.11,0.18
me05-044,Cranidos,44,Common,2026-07-19T08:03:04.384Z,EUR,895830,2026-07-19T08:03:02.366Z,USD,704801.0,704801.0,,0.02,0.57,0.1,0.14
me05-044,Cranidos,44,Common,2026-07-20T08:03:04.265Z,EUR,895830,2026-07-20T08:03:02.229Z,USD,704801.0,704801.0,,0.06,0.14,0.1,0.14
me05-044,Cranidos,44,Common,2026-07-21T08:03:04.252Z,EUR,895830,2026-07-21T08:03:02.313Z,USD,704801.0,704801.0,,0.06,0.14,0.08,0.14
me05-044,Cranidos,44,Common,2026-07-22T08:03:06.627Z,EUR,895830,2026-07-22T08:03:04.171Z,USD,704801.0,704801.0,,0.06,0.14,0.09,0.14
me05-044,Cranidos,44,Common,2026-07-23T08:03:03.918Z,EUR,895830,2026-07-23T08:03:01.944Z,USD,704801.0,704801.0,,0.06,0.14,0.13,0.15
me05-044,Cranidos,44,Common,2026-07-24T08:03:04.300Z,EUR,895830,2026-07-24T08:03:02.310Z,USD,704801.0,704801.0,,0.06,0.14,0.12,0.16
me05-044,Cranidos,44,Common,2026-07-25T08:03:03.827Z,EUR,895830,2026-07-25T08:03:02.308Z,USD,704801.0,704801.0,,0.06,0.14,0.08,0.17
me05-044,Cranidos,44,Common,2026-07-26T08:03:04.532Z,EUR,895830,2026-07-26T08:03:42.224Z,USD,704801.0,704801.0,,0.05,0.15,0.1,0.19
me05-044,Cranidos,44,Common,2026-07-27T08:03:04.705Z,EUR,895830,2026-07-27T08:03:49.210Z,USD,704801.0,704801.0,,0.06,0.09,0.13,0.23
me05-045,Rampardos ex,45,Double rare,2026-07-18T08:02:59.776Z,EUR,895831,2026-07-18T08:02:56.983Z,USD,,,704802.0,2.28,,,
me05-045,Rampardos ex,45,Double rare,2026-07-19T08:03:04.384Z,EUR,895831,2026-07-19T08:03:02.366Z,USD,,,704802.0,2.28,,,
me05-045,Rampardos ex,45,Double rare,2026-07-20T08:03:04.265Z,EUR,895831,2026-07-20T08:03:02.229Z,USD,,,704802.0,0.58,,,
me05-045,Rampardos ex,45,Double rare,2026-07-21T08:03:04.252Z,EUR,895831,2026-07-21T08:03:02.313Z,USD,,,704802.0,0.58,,,
me05-045,Rampardos ex,45,Double rare,2026-07-22T08:03:06.627Z,EUR,895831,2026-07-22T08:03:04.171Z,USD,,,704802.0,0.58,,,
me05-045,Rampardos ex,45,Double rare,2026-07-23T08:03:03.918Z,EUR,895831,2026-07-23T08:03:01.944Z,USD,,,704802.0,0.58,,,
me05-045,Rampardos ex,45,Double rare,2026-07-24T08:03:04.300Z,EUR,895831,2026-07-24T08:03:02.310Z,USD,,,704802.0,0.58,,,
me05-045,Rampardos ex,45,Double rare,2026-07-25T08:03:04.261Z,EUR,895831,2026-07-25T08:03:02.308Z,USD,,,704802.0,0.58,,,
me05-045,Rampardos ex,45,Double rare,2026-07-26T08:03:04.732Z,EUR,895831,2026-07-26T08:03:42.224Z,USD,,,704802.0,0.5,,,
me05-045,Rampardos ex,45,Double rare,2026-07-27T08:03:04.458Z,EUR,895831,2026-07-27T08:03:49.210Z,USD,,,704802.0,0.59,,,
me05-046,Drilbur,46,Common,2026-07-18T08:02:59.301Z,EUR,895832,2026-07-18T08:02:56.983Z,USD,704803.0,704803.0,,0.1,1.08,0.12,0.42
me05-046,Drilbur,46,Common,2026-07-19T08:03:04.384Z,EUR,895832,2026-07-19T08:03:02.366Z,USD,704803.0,704803.0,,0.1,1.08,0.12,0.33
me05-046,Drilbur,46,Common,2026-07-20T08:03:04.265Z,EUR,895832,2026-07-20T08:03:02.229Z,USD,704803.0,704803.0,,0.07,0.17,0.11,0.24
me05-046,Drilbur,46,Common,2026-07-21T08:03:04.252Z,EUR,895832,2026-07-21T08:03:02.313Z,USD,704803.0,704803.0,,0.07,0.17,0.11,0.19
me05-046,Drilbur,46,Common,2026-07-22T08:03:06.627Z,EUR,895832,2026-07-22T08:03:04.171Z,USD,704803.0,704803.0,,0.07,0.17,0.11,0.3
me05-046,Drilbur,46,Common,2026-07-23T08:03:03.918Z,EUR,895832,2026-07-23T08:03:01.944Z,USD,704803.0,704803.0,,0.07,0.17,0.2,0.25
me05-046,Drilbur,46,Common,2026-07-24T08:03:04.300Z,EUR,895832,2026-07-24T08:03:02.310Z,USD,704803.0,704803.0,,0.07,0.17,0.12,0.27
me05-046,Drilbur,46,Common,2026-07-25T08:03:04.261Z,EUR,895832,2026-07-25T08:03:02.308Z,USD,704803.0,704803.0,,0.07,0.17,0.13,0.23
me05-046,Drilbur,46,Common,2026-07-26T08:03:04.571Z,EUR,895832,2026-07-26T08:03:42.224Z,USD,704803.0,704803.0,,0.07,0.19,0.15,0.27
me05-046,Drilbur,46,Common,2026-07-27T08:03:04.547Z,EUR,895832,2026-07-27T08:03:49.210Z,USD,704803.0,704803.0,,0.06,0.16,0.16,0.3
me05-047,Koraidon,47,Rare,2026-07-18T08:02:59.776Z,EUR,895833,2026-07-18T08:02:56.983Z,USD,,704804.0,704804.0,0.05,0.17,,0.33
me05-047,Koraidon,47,Rare,2026-07-19T08:03:04.384Z,EUR,895833,2026-07-19T08:03:02.366Z,USD,,704804.0,704804.0,0.05,0.17,,0.19
me05-047,Koraidon,47,Rare,2026-07-20T08:03:04.265Z,EUR,895833,2026-07-20T08:03:02.229Z,USD,,704804.0,704804.0,0.09,0.18,,0.18
me05-047,Koraidon,47,Rare,2026-07-21T08:03:04.252Z,EUR,895833,2026-07-21T08:03:02.313Z,USD,,704804.0,704804.0,0.09,0.18,,0.16
me05-047,Koraidon,47,Rare,2026-07-22T08:03:06.627Z,EUR,895833,2026-07-22T08:03:04.171Z,USD,,704804.0,704804.0,0.09,0.18,,0.21
me05-047,Koraidon,47,Rare,2026-07-23T08:03:03.918Z,EUR,895833,2026-07-23T08:03:01.944Z,USD,,704804.0,704804.0,0.09,0.18,,0.21
me05-047,Koraidon,47,Rare,2026-07-24T08:03:04.300Z,EUR,895833,2026-07-24T08:03:02.310Z,USD,,704804.0,704804.0,0.09,0.18,,0.23
me05-047,Koraidon,47,Rare,2026-07-25T08:03:04.261Z,EUR,895833,2026-07-25T08:03:02.308Z,USD,,704804.0,704804.0,0.09,0.18,,0.23
me05-047,Koraidon,47,Rare,2026-07-26T08:03:04.732Z,EUR,895833,2026-07-26T08:03:42.224Z,USD,,704804.0,704804.0,0.08,0.15,,0.23
me05-047,Koraidon,47,Rare,2026-07-27T08:03:04.705Z,EUR,895833,2026-07-27T08:03:49.210Z,USD,,704804.0,704804.0,0.08,0.17,,0.26
me05-048,Mega Darkrai ex,48,Double rare,2026-07-18T08:02:59.546Z,EUR,895788,2026-07-18T08:02:56.983Z,USD,,,704805.0,3.67,,,
me05-048,Mega Darkrai ex,48,Double rare,2026-07-19T08:03:04.658Z,EUR,895788,2026-07-19T08:03:02.366Z,USD,,,704805.0,3.67,,,
me05-048,Mega Darkrai ex,48,Double rare,2026-07-20T08:03:04.811Z,EUR,895788,2026-07-20T08:03:02.229Z,USD,,,704805.0,1.42,,,
me05-048,Mega Darkrai ex,48,Double rare,2026-07-21T08:03:04.252Z,EUR,895788,2026-07-21T08:03:02.313Z,USD,,,704805.0,1.42,,,
me05-048,Mega Darkrai ex,48,Double rare,2026-07-22T08:03:06.627Z,EUR,895788,2026-07-22T08:03:04.171Z,USD,,,704805.0,1.42,,,
me05-048,Mega Darkrai ex,48,Double rare,2026-07-23T08:03:03.918Z,EUR,895788,2026-07-23T08:03:01.944Z,USD,,,704805.0,1.42,,,
me05-048,Mega Darkrai ex,48,Double rare,2026-07-24T08:03:04.550Z,EUR,895788,2026-07-24T08:03:02.310Z,USD,,,704805.0,1.42,,,
me05-048,Mega Darkrai ex,48,Double rare,2026-07-25T08:03:03.827Z,EUR,895788,2026-07-25T08:03:02.308Z,USD,,,704805.0,1.42,,,
me05-048,Mega Darkrai ex,48,Double rare,2026-07-26T08:03:04.732Z,EUR,895788,2026-07-26T08:03:42.224Z,USD,,,704805.0,1.58,,,
me05-048,Mega Darkrai ex,48,Double rare,2026-07-27T08:03:04.547Z,EUR,895788,2026-07-27T08:03:49.210Z,USD,,,704805.0,1.55,,,
me05-049,Vullaby,49,Common,2026-07-18T08:02:59.546Z,EUR,895834,2026-07-18T08:02:56.983Z,USD,704806.0,704806.0,,0.03,,0.06,0.12
me05-049,Vullaby,49,Common,2026-07-19T08:03:04.658Z,EUR,895834,2026-07-19T08:03:02.366Z,USD,704806.0,704806.0,,0.03,,0.05,0.11
me05-049,Vullaby,49,Common,2026-07-20T08:03:04.265Z,EUR,895834,2026-07-20T08:03:02.229Z,USD,704806.0,704806.0,,0.02,0.13,0.05,0.11
me05-049,Vullaby,49,Common,2026-07-21T08:03:04.252Z,EUR,895834,2026-07-21T08:03:02.313Z,USD,704806.0,704806.0,,0.02,0.13,0.05,0.08
me05-049,Vullaby,49,Common,2026-07-22T08:03:06.627Z,EUR,895834,2026-07-22T08:03:04.171Z,USD,704806.0,704806.0,,0.02,0.13,0.04,0.12
me05-049,Vullaby,49,Common,2026-07-23T08:03:03.918Z,EUR,895834,2026-07-23T08:03:01.944Z,USD,704806.0,704806.0,,0.02,0.13,0.05,0.12
me05-049,Vullaby,49,Common,2026-07-24T08:03:04.300Z,EUR,895834,2026-07-24T08:03:02.310Z,USD,704806.0,704806.0,,0.02,0.13,0.05,0.12
me05-049,Vullaby,49,Common,2026-07-25T08:03:03.827Z,EUR,895834,2026-07-25T08:03:02.308Z,USD,704806.0,704806.0,,0.02,0.13,0.07,0.11
me05-049,Vullaby,49,Common,2026-07-26T08:03:04.571Z,EUR,895834,2026-07-26T08:03:42.224Z,USD,704806.0,704806.0,,0.03,0.18,0.06,0.18
me05-049,Vullaby,49,Common,2026-07-27T08:03:04.705Z,EUR,895834,2026-07-27T08:03:49.210Z,USD,704806.0,704806.0,,0.02,0.11,0.08,0.19
me05-050,Mandibuzz,50,Common,2026-07-18T08:02:59.776Z,EUR,895835,2026-07-18T08:02:56.983Z,USD,704807.0,704807.0,,0.06,0.06,0.08,0.13
me05-050,Mandibuzz,50,Common,2026-07-19T08:03:04.558Z,EUR,895835,2026-07-19T08:03:02.366Z,USD,704807.0,704807.0,,0.06,0.06,0.05,0.1
me05-050,Mandibuzz,50,Common,2026-07-20T08:03:04.265Z,EUR,895835,2026-07-20T08:03:02.229Z,USD,704807.0,704807.0,,0.03,0.13,0.05,0.11
me05-050,Mandibuzz,50,Common,2026-07-21T08:03:04.252Z,EUR,895835,2026-07-21T08:03:02.313Z,USD,704807.0,704807.0,,0.03,0.13,0.04,0.11
me05-050,Mandibuzz,50,Common,2026-07-22T08:03:06.627Z,EUR,895835,2026-07-22T08:03:04.171Z,USD,704807.0,704807.0,,0.03,0.13,0.04,0.13
me05-050,Mandibuzz,50,Common,2026-07-23T08:03:03.918Z,EUR,895835,2026-07-23T08:03:01.944Z,USD,704807.0,704807.0,,0.03,0.13,0.06,0.14
me05-050,Mandibuzz,50,Common,2026-07-24T08:03:04.300Z,EUR,895835,2026-07-24T08:03:02.310Z,USD,704807.0,704807.0,,0.03,0.13,0.06,0.15
me05-050,Mandibuzz,50,Common,2026-07-25T08:03:03.827Z,EUR,895835,2026-07-25T08:03:02.308Z,USD,704807.0,704807.0,,0.03,0.13,0.07,0.16
me05-050,Mandibuzz,50,Common,2026-07-26T08:03:04.732Z,EUR,895835,2026-07-26T08:03:42.224Z,USD,704807.0,704807.0,,0.03,0.1,0.05,0.14
me05-050,Mandibuzz,50,Common,2026-07-27T08:03:04.547Z,EUR,895835,2026-07-27T08:03:49.210Z,USD,704807.0,704807.0,,0.02,0.09,0.07,0.19
me05-051,Inkay,51,Common,2026-07-18T08:02:59.776Z,EUR,895836,2026-07-18T08:02:56.983Z,USD,704808.0,704808.0,,0.06,0.05,0.07,0.12
me05-051,Inkay,51,Common,2026-07-19T08:03:04.658Z,EUR,895836,2026-07-19T08:03:02.366Z,USD,704808.0,704808.0,,0.06,0.05,0.05,0.09
me05-051,Inkay,51,Common,2026-07-20T08:03:04.265Z,EUR,895836,2026-07-20T08:03:02.229Z,USD,704808.0,704808.0,,0.02,0.14,0.04,0.11
me05-051,Inkay,51,Common,2026-07-21T08:03:04.252Z,EUR,895836,2026-07-21T08:03:02.313Z,USD,704808.0,704808.0,,0.02,0.14,0.03,0.09
me05-051,Inkay,51,Common,2026-07-22T08:03:06.558Z,EUR,895836,2026-07-22T08:03:04.171Z,USD,704808.0,704808.0,,0.02,0.14,0.09,0.14
me05-051,Inkay,51,Common,2026-07-23T08:03:03.918Z,EUR,895836,2026-07-23T08:03:01.944Z,USD,704808.0,704808.0,,0.02,0.14,0.11,0.18
me05-051,Inkay,51,Common,2026-07-24T08:03:04.550Z,EUR,895836,2026-07-24T08:03:02.310Z,USD,704808.0,704808.0,,0.02,0.14,0.11,0.17
me05-051,Inkay,51,Common,2026-07-25T08:03:03.827Z,EUR,895836,2026-07-25T08:03:02.308Z,USD,704808.0,704808.0,,0.02,0.14,0.04,0.14
me05-051,Inkay,51,Common,2026-07-26T08:03:04.532Z,EUR,895836,2026-07-26T08:03:42.224Z,USD,704808.0,704808.0,,0.03,0.14,0.04,0.17
me05-051,Inkay,51,Common,2026-07-27T08:03:04.705Z,EUR,895836,2026-07-27T08:03:49.210Z,USD,704808.0,704808.0,,0.02,0.08,0.06,0.21
me05-052,Malamar,52,Uncommon,2026-07-18T08:02:59.361Z,EUR,895837,2026-07-18T08:02:56.983Z,USD,704809.0,704809.0,,0.05,0.21,0.07,0.15
me05-052,Malamar,52,Uncommon,2026-07-19T08:03:04.658Z,EUR,895837,2026-07-19T08:03:02.366Z,USD,704809.0,704809.0,,0.05,0.21,0.05,0.09
me05-052,Malamar,52,Uncommon,2026-07-20T08:03:04.265Z,EUR,895837,2026-07-20T08:03:02.229Z,USD,704809.0,704809.0,,0.02,0.15,0.05,0.14
me05-052,Malamar,52,Uncommon,2026-07-21T08:03:04.252Z,EUR,895837,2026-07-21T08:03:02.313Z,USD,704809.0,704809.0,,0.02,0.15,0.04,0.12
me05-052,Malamar,52,Uncommon,2026-07-22T08:03:06.399Z,EUR,895837,2026-07-22T08:03:04.171Z,USD,704809.0,704809.0,,0.02,0.15,0.08,0.11
me05-052,Malamar,52,Uncommon,2026-07-23T08:03:03.918Z,EUR,895837,2026-07-23T08:03:01.944Z,USD,704809.0,704809.0,,0.02,0.15,0.11,0.13
me05-052,Malamar,52,Uncommon,2026-07-24T08:03:04.300Z,EUR,895837,2026-07-24T08:03:02.310Z,USD,704809.0,704809.0,,0.02,0.15,0.11,0.15
me05-052,Malamar,52,Uncommon,2026-07-25T08:03:03.827Z,EUR,895837,2026-07-25T08:03:02.308Z,USD,704809.0,704809.0,,0.02,0.15,0.08,0.16
me05-052,Malamar,52,Uncommon,2026-07-26T08:03:04.571Z,EUR,895837,2026-07-26T08:03:42.224Z,USD,704809.0,704809.0,,0.03,0.08,0.05,0.16
me05-052,Malamar,52,Uncommon,2026-07-27T08:03:04.705Z,EUR,895837,2026-07-27T08:03:49.210Z,USD,704809.0,704809.0,,0.05,0.09,0.05,0.18
me05-053,Nickit,53,Common,2026-07-18T08:02:59.776Z,EUR,895838,2026-07-18T08:02:56.983Z,USD,704810.0,704810.0,,0.06,,0.08,0.09
me05-053,Nickit,53,Common,2026-07-19T08:03:04.658Z,EUR,895838,2026-07-19T08:03:02.366Z,USD,704810.0,704810.0,,0.06,,0.04,0.08
me05-053,Nickit,53,Common,2026-07-20T08:03:04.265Z,EUR,895838,2026-07-20T08:03:02.229Z,USD,704810.0,704810.0,,0.03,0.15,0.04,0.07
me05-053,Nickit,53,Common,2026-07-21T08:03:04.252Z,EUR,895838,2026-07-21T08:03:02.313Z,USD,704810.0,704810.0,,0.03,0.15,0.03,0.11
me05-053,Nickit,53,Common,2026-07-22T08:03:06.627Z,EUR,895838,2026-07-22T08:03:04.171Z,USD,704810.0,704810.0,,0.03,0.15,0.04,0.13
me05-053,Nickit,53,Common,2026-07-23T08:03:03.918Z,EUR,895838,2026-07-23T08:03:01.944Z,USD,704810.0,704810.0,,0.03,0.15,0.07,0.16
me05-053,Nickit,53,Common,2026-07-24T08:03:04.550Z,EUR,895838,2026-07-24T08:03:02.310Z,USD,704810.0,704810.0,,0.03,0.15,0.07,0.15
me05-053,Nickit,53,Common,2026-07-25T08:03:03.827Z,EUR,895838,2026-07-25T08:03:02.308Z,USD,704810.0,704810.0,,0.03,0.15,0.09,0.15
me05-053,Nickit,53,Common,2026-07-26T08:03:04.532Z,EUR,895838,2026-07-26T08:03:42.224Z,USD,704810.0,704810.0,,0.02,0.18,0.08,0.17
me05-053,Nickit,53,Common,2026-07-27T08:03:04.705Z,EUR,895838,2026-07-27T08:03:49.210Z,USD,704810.0,704810.0,,0.02,0.07,0.09,0.19
me05-054,Thievul,54,Uncommon,2026-07-18T08:02:59.776Z,EUR,895839,2026-07-18T08:02:56.983Z,USD,704811.0,704811.0,,0.02,0.06,0.07,0.16
me05-054,Thievul,54,Uncommon,2026-07-19T08:03:04.658Z,EUR,895839,2026-07-19T08:03:02.366Z,USD,704811.0,704811.0,,0.02,0.06,0.05,0.11
me05-054,Thievul,54,Uncommon,2026-07-20T08:03:04.811Z,EUR,895839,2026-07-20T08:03:02.229Z,USD,704811.0,704811.0,,0.03,0.11,0.04,0.11
me05-054,Thievul,54,Uncommon,2026-07-21T08:03:04.252Z,EUR,895839,2026-07-21T08:03:02.313Z,USD,704811.0,704811.0,,0.03,0.11,0.04,0.12
me05-054,Thievul,54,Uncommon,2026-07-22T08:03:06.627Z,EUR,895839,2026-07-22T08:03:04.171Z,USD,704811.0,704811.0,,0.03,0.11,0.04,0.14
me05-054,Thievul,54,Uncommon,2026-07-23T08:03:03.918Z,EUR,895839,2026-07-23T08:03:01.944Z,USD,704811.0,704811.0,,0.03,0.11,0.05,0.15
me05-054,Thievul,54,Uncommon,2026-07-24T08:03:04.300Z,EUR,895839,2026-07-24T08:03:02.310Z,USD,704811.0,704811.0,,0.03,0.11,0.05,0.16
me05-054,Thievul,54,Uncommon,2026-07-25T08:03:03.827Z,EUR,895839,2026-07-25T08:03:02.308Z,USD,704811.0,704811.0,,0.03,0.11,0.04,0.17
me05-054,Thievul,54,Uncommon,2026-07-26T08:03:04.571Z,EUR,895839,2026-07-26T08:03:42.224Z,USD,704811.0,704811.0,,0.03,0.14,0.05,0.17
me05-054,Thievul,54,Uncommon,2026-07-27T08:03:04.705Z,EUR,895839,2026-07-27T08:03:49.210Z,USD,704811.0,704811.0,,0.03,0.08,0.06,0.18
me05-055,Morpeko ex,55,Double rare,2026-07-18T08:02:59.776Z,EUR,895840,2026-07-18T08:02:56.983Z,USD,,,704812.0,1.63,,,
me05-055,Morpeko ex,55,Double rare,2026-07-19T08:03:04.658Z,EUR,895840,2026-07-19T08:03:02.366Z,USD,,,704812.0,1.63,,,
me05-055,Morpeko ex,55,Double rare,2026-07-20T08:03:04.265Z,EUR,895840,2026-07-20T08:03:02.229Z,USD,,,704812.0,0.56,,,
me05-055,Morpeko ex,55,Double rare,2026-07-21T08:03:04.252Z,EUR,895840,2026-07-21T08:03:02.313Z,USD,,,704812.0,0.56,,,
me05-055,Morpeko ex,55,Double rare,2026-07-22T08:03:06.627Z,EUR,895840,2026-07-22T08:03:04.171Z,USD,,,704812.0,0.56,,,
me05-055,Morpeko ex,55,Double rare,2026-07-23T08:03:03.918Z,EUR,895840,2026-07-23T08:03:01.944Z,USD,,,704812.0,0.56,,,
me05-055,Morpeko ex,55,Double rare,2026-07-24T08:03:04.300Z,EUR,895840,2026-07-24T08:03:02.310Z,USD,,,704812.0,0.56,,,
me05-055,Morpeko ex,55,Double rare,2026-07-25T08:03:03.827Z,EUR,895840,2026-07-25T08:03:02.308Z,USD,,,704812.0,0.56,,,
me05-055,Morpeko ex,55,Double rare,2026-07-26T08:03:04.571Z,EUR,895840,2026-07-26T08:03:42.224Z,USD,,,704812.0,0.63,,,
me05-055,Morpeko ex,55,Double rare,2026-07-27T08:03:04.705Z,EUR,895840,2026-07-27T08:03:49.210Z,USD,,,704812.0,0.55,,,
me05-056,Zarude,56,Rare,2026-07-18T08:02:59.776Z,EUR,895841,2026-07-18T08:02:56.983Z,USD,,704813.0,704813.0,0.06,,,0.15
me05-056,Zarude,56,Rare,2026-07-19T08:03:04.658Z,EUR,895841,2026-07-19T08:03:02.366Z,USD,,704813.0,704813.0,0.06,,,0.13
me05-056,Zarude,56,Rare,2026-07-20T08:03:04.265Z,EUR,895841,2026-07-20T08:03:02.229Z,USD,,704813.0,704813.0,0.07,0.19,,0.13
me05-056,Zarude,56,Rare,2026-07-21T08:03:04.252Z,EUR,895841,2026-07-21T08:03:02.313Z,USD,,704813.0,704813.0,0.07,0.19,,0.14
me05-056,Zarude,56,Rare,2026-07-22T08:03:06.471Z,EUR,895841,2026-07-22T08:03:04.171Z,USD,,704813.0,704813.0,0.07,0.19,,0.16
me05-056,Zarude,56,Rare,2026-07-23T08:03:03.918Z,EUR,895841,2026-07-23T08:03:01.944Z,USD,,704813.0,704813.0,0.07,0.19,,0.2
me05-056,Zarude,56,Rare,2026-07-24T08:03:04.300Z,EUR,895841,2026-07-24T08:03:02.310Z,USD,,704813.0,704813.0,0.07,0.19,,0.21
me05-056,Zarude,56,Rare,2026-07-25T08:03:03.827Z,EUR,895841,2026-07-25T08:03:02.308Z,USD,,704813.0,704813.0,0.07,0.19,,0.18
me05-056,Zarude,56,Rare,2026-07-26T08:03:04.571Z,EUR,895841,2026-07-26T08:03:42.224Z,USD,,704813.0,704813.0,0.09,0.21,,0.21
me05-056,Zarude,56,Rare,2026-07-27T08:03:04.547Z,EUR,895841,2026-07-27T08:03:49.210Z,USD,,704813.0,704813.0,0.09,0.08,,0.25
me05-057,Maschiff,57,Common,2026-07-18T08:02:59.776Z,EUR,895842,2026-07-18T08:02:56.983Z,USD,704814.0,704814.0,,0.1,0.23,0.06,0.14
me05-057,Maschiff,57,Common,2026-07-19T08:03:04.658Z,EUR,895842,2026-07-19T08:03:02.366Z,USD,704814.0,704814.0,,0.1,0.23,0.03,0.1
me05-057,Maschiff,57,Common,2026-07-20T08:03:04.265Z,EUR,895842,2026-07-20T08:03:02.229Z,USD,704814.0,704814.0,,0.02,0.14,0.03,0.12
me05-057,Maschiff,57,Common,2026-07-21T08:03:04.252Z,EUR,895842,2026-07-21T08:03:02.313Z,USD,704814.0,704814.0,,0.02,0.14,0.04,0.11
me05-057,Maschiff,57,Common,2026-07-22T08:03:06.471Z,EUR,895842,2026-07-22T08:03:04.171Z,USD,704814.0,704814.0,,0.02,0.14,0.03,0.12
me05-057,Maschiff,57,Common,2026-07-23T08:03:03.918Z,EUR,895842,2026-07-23T08:03:01.944Z,USD,704814.0,704814.0,,0.02,0.14,0.05,0.15
me05-057,Maschiff,57,Common,2026-07-24T08:03:04.300Z,EUR,895842,2026-07-24T08:03:02.310Z,USD,704814.0,704814.0,,0.02,0.14,0.05,0.14
me05-057,Maschiff,57,Common,2026-07-25T08:03:04.261Z,EUR,895842,2026-07-25T08:03:02.308Z,USD,704814.0,704814.0,,0.02,0.14,0.06,0.14
me05-057,Maschiff,57,Common,2026-07-26T08:03:04.732Z,EUR,895842,2026-07-26T08:03:42.224Z,USD,704814.0,704814.0,,0.03,0.1,0.05,0.11
me05-057,Maschiff,57,Common,2026-07-27T08:03:04.547Z,EUR,895842,2026-07-27T08:03:49.210Z,USD,704814.0,704814.0,,0.03,0.1,0.07,0.13
me05-058,Mabosstiff,58,Common,2026-07-18T08:02:59.546Z,EUR,895843,2026-07-18T08:02:56.983Z,USD,704815.0,704815.0,,0.06,0.06,0.07,0.15
me05-058,Mabosstiff,58,Common,2026-07-19T08:03:04.558Z,EUR,895843,2026-07-19T08:03:02.366Z,USD,704815.0,704815.0,,0.06,0.06,0.04,0.12
me05-058,Mabosstiff,58,Common,2026-07-20T08:03:04.265Z,EUR,895843,2026-07-20T08:03:02.229Z,USD,704815.0,704815.0,,0.02,0.14,0.03,0.1
me05-058,Mabosstiff,58,Common,2026-07-21T08:03:04.252Z,EUR,895843,2026-07-21T08:03:02.313Z,USD,704815.0,704815.0,,0.02,0.14,0.03,0.1
me05-058,Mabosstiff,58,Common,2026-07-22T08:03:06.558Z,EUR,895843,2026-07-22T08:03:04.171Z,USD,704815.0,704815.0,,0.02,0.14,0.03,0.15
me05-058,Mabosstiff,58,Common,2026-07-23T08:03:03.918Z,EUR,895843,2026-07-23T08:03:01.944Z,USD,704815.0,704815.0,,0.02,0.14,0.04,0.17
me05-058,Mabosstiff,58,Common,2026-07-24T08:03:04.300Z,EUR,895843,2026-07-24T08:03:02.310Z,USD,704815.0,704815.0,,0.02,0.14,0.05,0.19
me05-058,Mabosstiff,58,Common,2026-07-25T08:03:04.261Z,EUR,895843,2026-07-25T08:03:02.308Z,USD,704815.0,704815.0,,0.02,0.14,0.05,0.22
me05-058,Mabosstiff,58,Common,2026-07-26T08:03:04.571Z,EUR,895843,2026-07-26T08:03:42.224Z,USD,704815.0,704815.0,,0.03,0.17,0.05,0.19
me05-058,Mabosstiff,58,Common,2026-07-27T08:03:04.547Z,EUR,895843,2026-07-27T08:03:49.210Z,USD,704815.0,704815.0,,0.02,0.13,0.06,0.19
me05-059,Chi-Yu,59,Rare,2026-07-18T08:02:59.546Z,EUR,895844,2026-07-18T08:02:56.983Z,USD,,704816.0,704816.0,0.02,0.23,,0.2
me05-059,Chi-Yu,59,Rare,2026-07-19T08:03:04.658Z,EUR,895844,2026-07-19T08:03:02.366Z,USD,,704816.0,704816.0,0.02,0.23,,0.21
me05-059,Chi-Yu,59,Rare,2026-07-20T08:03:04.811Z,EUR,895844,2026-07-20T08:03:02.229Z,USD,,704816.0,704816.0,0.14,0.16,,0.17
me05-059,Chi-Yu,59,Rare,2026-07-21T08:03:04.252Z,EUR,895844,2026-07-21T08:03:02.313Z,USD,,704816.0,704816.0,0.14,0.16,,0.17
me05-059,Chi-Yu,59,Rare,2026-07-22T08:03:06.399Z,EUR,895844,2026-07-22T08:03:04.171Z,USD,,704816.0,704816.0,0.14,0.16,,0.22
me05-059,Chi-Yu,59,Rare,2026-07-23T08:03:03.918Z,EUR,895844,2026-07-23T08:03:01.944Z,USD,,704816.0,704816.0,0.14,0.16,,0.21
me05-059,Chi-Yu,59,Rare,2026-07-24T08:03:04.300Z,EUR,895844,2026-07-24T08:03:02.310Z,USD,,704816.0,704816.0,0.14,0.16,,0.24
me05-059,Chi-Yu,59,Rare,2026-07-25T08:03:03.827Z,EUR,895844,2026-07-25T08:03:02.308Z,USD,,704816.0,704816.0,0.14,0.16,,0.21
me05-059,Chi-Yu,59,Rare,2026-07-26T08:03:04.571Z,EUR,895844,2026-07-26T08:03:42.224Z,USD,,704816.0,704816.0,0.08,0.23,,0.24
me05-059,Chi-Yu,59,Rare,2026-07-27T08:03:04.705Z,EUR,895844,2026-07-27T08:03:49.210Z,USD,,704816.0,704816.0,0.09,0.15,,0.28
me05-060,Skarmory,60,Common,2026-07-18T08:02:59.387Z,EUR,895845,2026-07-18T08:02:56.983Z,USD,704817.0,704817.0,,0.03,,0.18,0.1
me05-060,Skarmory,60,Common,2026-07-19T08:03:04.658Z,EUR,895845,2026-07-19T08:03:02.366Z,USD,704817.0,704817.0,,0.03,,0.09,0.08
me05-060,Skarmory,60,Common,2026-07-20T08:03:04.811Z,EUR,895845,2026-07-20T08:03:02.229Z,USD,704817.0,704817.0,,0.02,0.1,0.12,0.1
me05-060,Skarmory,60,Common,2026-07-21T08:03:04.252Z,EUR,895845,2026-07-21T08:03:02.313Z,USD,704817.0,704817.0,,0.02,0.1,0.06,0.07
me05-060,Skarmory,60,Common,2026-07-22T08:03:06.399Z,EUR,895845,2026-07-22T08:03:04.171Z,USD,704817.0,704817.0,,0.02,0.1,0.07,0.12
me05-060,Skarmory,60,Common,2026-07-23T08:03:03.918Z,EUR,895845,2026-07-23T08:03:01.944Z,USD,704817.0,704817.0,,0.02,0.1,0.06,0.15
me05-060,Skarmory,60,Common,2026-07-24T08:03:04.550Z,EUR,895845,2026-07-24T08:03:02.310Z,USD,704817.0,704817.0,,0.02,0.1,0.06,0.16
me05-060,Skarmory,60,Common,2026-07-25T08:03:03.827Z,EUR,895845,2026-07-25T08:03:02.308Z,USD,704817.0,704817.0,,0.02,0.1,0.07,0.16
me05-060,Skarmory,60,Common,2026-07-26T08:03:04.732Z,EUR,895845,2026-07-26T08:03:42.224Z,USD,704817.0,704817.0,,0.08,0.08,0.09,0.14
me05-060,Skarmory,60,Common,2026-07-27T08:03:04.705Z,EUR,895845,2026-07-27T08:03:49.210Z,USD,704817.0,704817.0,,0.02,0.07,0.08,0.18
me05-061,Shieldon,61,Common,2026-07-18T08:02:59.361Z,EUR,895846,2026-07-18T08:02:56.983Z,USD,704818.0,704818.0,,0.23,0.23,0.09,0.14
me05-061,Shieldon,61,Common,2026-07-19T08:03:04.658Z,EUR,895846,2026-07-19T08:03:02.366Z,USD,704818.0,704818.0,,0.23,0.23,0.08,0.12
me05-061,Shieldon,61,Common,2026-07-20T08:03:04.265Z,EUR,895846,2026-07-20T08:03:02.229Z,USD,704818.0,704818.0,,0.06,0.14,0.09,0.14
me05-061,Shieldon,61,Common,2026-07-21T08:03:04.252Z,EUR,895846,2026-07-21T08:03:02.313Z,USD,704818.0,704818.0,,0.06,0.14,0.08,0.13
me05-061,Shieldon,61,Common,2026-07-22T08:03:06.558Z,EUR,895846,2026-07-22T08:03:04.171Z,USD,704818.0,704818.0,,0.06,0.14,0.06,0.18
me05-061,Shieldon,61,Common,2026-07-23T08:03:03.918Z,EUR,895846,2026-07-23T08:03:01.944Z,USD,704818.0,704818.0,,0.06,0.14,0.13,0.17
me05-061,Shieldon,61,Common,2026-07-24T08:03:04.550Z,EUR,895846,2026-07-24T08:03:02.310Z,USD,704818.0,704818.0,,0.06,0.14,0.14,0.19
me05-061,Shieldon,61,Common,2026-07-25T08:03:04.261Z,EUR,895846,2026-07-25T08:03:02.308Z,USD,704818.0,704818.0,,0.06,0.14,0.12,0.18
me05-061,Shieldon,61,Common,2026-07-26T08:03:04.732Z,EUR,895846,2026-07-26T08:03:42.224Z,USD,704818.0,704818.0,,0.05,0.13,0.09,0.19
me05-061,Shieldon,61,Common,2026-07-27T08:03:04.705Z,EUR,895846,2026-07-27T08:03:49.210Z,USD,704818.0,704818.0,,0.02,0.09,0.1,0.17
me05-062,Bastiodon,62,Rare,2026-07-18T08:02:59.361Z,EUR,895847,2026-07-18T08:02:56.983Z,USD,,704819.0,704819.0,0.98,1.65,,0.4
me05-062,Bastiodon,62,Rare,2026-07-19T08:03:04.658Z,EUR,895847,2026-07-19T08:03:02.366Z,USD,,704819.0,704819.0,0.98,1.65,,0.41
me05-062,Bastiodon,62,Rare,2026-07-20T08:03:04.811Z,EUR,895847,2026-07-20T08:03:02.229Z,USD,,704819.0,704819.0,0.15,0.24,,0.37
me05-062,Bastiodon,62,Rare,2026-07-21T08:03:04.252Z,EUR,895847,2026-07-21T08:03:02.313Z,USD,,704819.0,704819.0,0.15,0.24,,0.31
me05-062,Bastiodon,62,Rare,2026-07-22T08:03:06.627Z,EUR,895847,2026-07-22T08:03:04.171Z,USD,,704819.0,704819.0,0.15,0.24,,0.36
me05-062,Bastiodon,62,Rare,2026-07-23T08:03:03.918Z,EUR,895847,2026-07-23T08:03:01.944Z,USD,,704819.0,704819.0,0.15,0.24,,0.28
me05-062,Bastiodon,62,Rare,2026-07-24T08:03:04.550Z,EUR,895847,2026-07-24T08:03:02.310Z,USD,,704819.0,704819.0,0.15,0.24,,0.32
me05-062,Bastiodon,62,Rare,2026-07-25T08:03:04.624Z,EUR,895847,2026-07-25T08:03:02.308Z,USD,,704819.0,704819.0,0.15,0.24,,0.18
me05-062,Bastiodon,62,Rare,2026-07-26T08:03:04.571Z,EUR,895847,2026-07-26T08:03:42.224Z,USD,,704819.0,704819.0,0.13,0.23,,0.3
me05-062,Bastiodon,62,Rare,2026-07-27T08:03:04.705Z,EUR,895847,2026-07-27T08:03:49.210Z,USD,,704819.0,704819.0,0.07,0.15,,0.4
me05-063,Bronzor,63,Common,2026-07-18T08:02:58.823Z,EUR,895848,2026-07-18T08:02:56.983Z,USD,704820.0,704820.0,,0.02,0.33,0.06,0.15
me05-063,Bronzor,63,Common,2026-07-19T08:03:04.658Z,EUR,895848,2026-07-19T08:03:02.366Z,USD,704820.0,704820.0,,0.02,0.33,0.05,0.08
me05-063,Bronzor,63,Common,2026-07-20T08:03:04.811Z,EUR,895848,2026-07-20T08:03:02.229Z,USD,704820.0,704820.0,,0.03,0.09,0.06,0.1
me05-063,Bronzor,63,Common,2026-07-21T08:03:04.252Z,EUR,895848,2026-07-21T08:03:02.313Z,USD,704820.0,704820.0,,0.03,0.09,0.04,0.1
me05-063,Bronzor,63,Common,2026-07-22T08:03:06.558Z,EUR,895848,2026-07-22T08:03:04.171Z,USD,704820.0,704820.0,,0.03,0.09,0.05,0.09
me05-063,Bronzor,63,Common,2026-07-23T08:03:03.918Z,EUR,895848,2026-07-23T08:03:01.944Z,USD,704820.0,704820.0,,0.03,0.09,0.05,0.1
me05-063,Bronzor,63,Common,2026-07-24T08:03:04.300Z,EUR,895848,2026-07-24T08:03:02.310Z,USD,704820.0,704820.0,,0.03,0.09,0.05,0.13
me05-063,Bronzor,63,Common,2026-07-25T08:03:03.827Z,EUR,895848,2026-07-25T08:03:02.308Z,USD,704820.0,704820.0,,0.03,0.09,0.05,0.12
me05-063,Bronzor,63,Common,2026-07-26T08:03:04.571Z,EUR,895848,2026-07-26T08:03:42.224Z,USD,704820.0,704820.0,,0.1,0.07,0.04,0.12
me05-063,Bronzor,63,Common,2026-07-27T08:03:04.705Z,EUR,895848,2026-07-27T08:03:49.210Z,USD,704820.0,704820.0,,0.02,0.08,0.05,0.13
me05-064,Bronzong,64,Uncommon,2026-07-18T08:02:59.387Z,EUR,895849,2026-07-18T08:02:56.983Z,USD,704821.0,704821.0,,0.05,,0.08,0.1
me05-064,Bronzong,64,Uncommon,2026-07-19T08:03:04.658Z,EUR,895849,2026-07-19T08:03:02.366Z,USD,704821.0,704821.0,,0.05,,0.05,0.08
me05-064,Bronzong,64,Uncommon,2026-07-20T08:03:04.265Z,EUR,895849,2026-07-20T08:03:02.229Z,USD,704821.0,704821.0,,0.03,0.1,0.05,0.1
me05-064,Bronzong,64,Uncommon,2026-07-21T08:03:04.252Z,EUR,895849,2026-07-21T08:03:02.313Z,USD,704821.0,704821.0,,0.03,0.1,0.04,0.11
me05-064,Bronzong,64,Uncommon,2026-07-22T08:03:06.558Z,EUR,895849,2026-07-22T08:03:04.171Z,USD,704821.0,704821.0,,0.03,0.1,0.05,0.08
me05-064,Bronzong,64,Uncommon,2026-07-23T08:03:03.918Z,EUR,895849,2026-07-23T08:03:01.944Z,USD,704821.0,704821.0,,0.03,0.1,0.06,0.09
me05-064,Bronzong,64,Uncommon,2026-07-24T08:03:04.550Z,EUR,895849,2026-07-24T08:03:02.310Z,USD,704821.0,704821.0,,0.03,0.1,0.06,0.11
me05-064,Bronzong,64,Uncommon,2026-07-25T08:03:04.261Z,EUR,895849,2026-07-25T08:03:02.308Z,USD,704821.0,704821.0,,0.03,0.1,0.06,0.12
me05-064,Bronzong,64,Uncommon,2026-07-26T08:03:04.571Z,EUR,895849,2026-07-26T08:03:42.224Z,USD,704821.0,704821.0,,0.09,0.1,0.04,0.13
me05-064,Bronzong,64,Uncommon,2026-07-27T08:03:04.705Z,EUR,895849,2026-07-27T08:03:49.210Z,USD,704821.0,704821.0,,0.02,0.11,0.08,0.12
me05-065,Mega Excadrill ex,65,Double rare,2026-07-18T08:02:59.387Z,EUR,895785,2026-07-18T08:02:56.983Z,USD,,,704822.0,3.06,,,
me05-065,Mega Excadrill ex,65,Double rare,2026-07-19T08:03:04.658Z,EUR,895785,2026-07-19T08:03:02.366Z,USD,,,704822.0,3.06,,,
me05-065,Mega Excadrill ex,65,Double rare,2026-07-20T08:03:04.265Z,EUR,895785,2026-07-20T08:03:02.229Z,USD,,,704822.0,1.23,,,
me05-065,Mega Excadrill ex,65,Double rare,2026-07-21T08:03:04.252Z,EUR,895785,2026-07-21T08:03:02.313Z,USD,,,704822.0,1.23,,,
me05-065,Mega Excadrill ex,65,Double rare,2026-07-22T08:03:06.558Z,EUR,895785,2026-07-22T08:03:04.171Z,USD,,,704822.0,1.23,,,
me05-065,Mega Excadrill ex,65,Double rare,2026-07-23T08:03:03.918Z,EUR,895785,2026-07-23T08:03:01.944Z,USD,,,704822.0,1.23,,,
me05-065,Mega Excadrill ex,65,Double rare,2026-07-24T08:03:04.300Z,EUR,895785,2026-07-24T08:03:02.310Z,USD,,,704822.0,1.23,,,
me05-065,Mega Excadrill ex,65,Double rare,2026-07-25T08:03:04.261Z,EUR,895785,2026-07-25T08:03:02.308Z,USD,,,704822.0,1.23,,,
me05-065,Mega Excadrill ex,65,Double rare,2026-07-26T08:03:04.571Z,EUR,895785,2026-07-26T08:03:42.224Z,USD,,,704822.0,1.28,,,
me05-065,Mega Excadrill ex,65,Double rare,2026-07-27T08:03:04.705Z,EUR,895785,2026-07-27T08:03:49.210Z,USD,,,704822.0,1.2,,,
me05-066,Pikipek,66,Common,2026-07-18T08:02:59.387Z,EUR,895850,2026-07-18T08:02:56.983Z,USD,704823.0,704823.0,,0.06,,0.1,0.18
me05-066,Pikipek,66,Common,2026-07-19T08:03:04.658Z,EUR,895850,2026-07-19T08:03:02.366Z,USD,704823.0,704823.0,,0.06,,0.11,0.16
me05-066,Pikipek,66,Common,2026-07-20T08:03:04.265Z,EUR,895850,2026-07-20T08:03:02.229Z,USD,704823.0,704823.0,,0.06,0.18,0.11,0.14
me05-066,Pikipek,66,Common,2026-07-21T08:03:04.252Z,EUR,895850,2026-07-21T08:03:02.313Z,USD,704823.0,704823.0,,0.06,0.18,0.08,0.14
me05-066,Pikipek,66,Common,2026-07-22T08:03:06.468Z,EUR,895850,2026-07-22T08:03:04.171Z,USD,704823.0,704823.0,,0.06,0.18,0.09,0.18
me05-066,Pikipek,66,Common,2026-07-23T08:03:03.918Z,EUR,895850,2026-07-23T08:03:01.944Z,USD,704823.0,704823.0,,0.06,0.18,0.14,0.18
me05-066,Pikipek,66,Common,2026-07-24T08:03:04.300Z,EUR,895850,2026-07-24T08:03:02.310Z,USD,704823.0,704823.0,,0.06,0.18,0.09,0.19
me05-066,Pikipek,66,Common,2026-07-25T08:03:03.827Z,EUR,895850,2026-07-25T08:03:02.308Z,USD,704823.0,704823.0,,0.06,0.18,0.07,0.24
me05-066,Pikipek,66,Common,2026-07-26T08:03:04.571Z,EUR,895850,2026-07-26T08:03:42.224Z,USD,704823.0,704823.0,,0.05,0.14,0.11,0.2
me05-066,Pikipek,66,Common,2026-07-27T08:03:04.705Z,EUR,895850,2026-07-27T08:03:49.210Z,USD,704823.0,704823.0,,0.06,0.17,0.13,0.21
me05-067,Trumbeak,67,Common,2026-07-18T08:02:59.387Z,EUR,895851,2026-07-18T08:02:56.983Z,USD,704824.0,704824.0,,0.02,0.05,0.13,0.18
me05-067,Trumbeak,67,Common,2026-07-19T08:03:04.658Z,EUR,895851,2026-07-19T08:03:02.366Z,USD,704824.0,704824.0,,0.02,0.05,0.13,0.19
me05-067,Trumbeak,67,Common,2026-07-20T08:03:04.265Z,EUR,895851,2026-07-20T08:03:02.229Z,USD,704824.0,704824.0,,0.06,0.18,0.12,0.16
me05-067,Trumbeak,67,Common,2026-07-21T08:03:04.252Z,EUR,895851,2026-07-21T08:03:02.313Z,USD,704824.0,704824.0,,0.06,0.18,0.13,0.16
me05-067,Trumbeak,67,Common,2026-07-22T08:03:06.558Z,EUR,895851,2026-07-22T08:03:04.171Z,USD,704824.0,704824.0,,0.06,0.18,0.13,0.19
me05-067,Trumbeak,67,Common,2026-07-23T08:03:03.918Z,EUR,895851,2026-07-23T08:03:01.944Z,USD,704824.0,704824.0,,0.06,0.18,0.16,0.18
me05-067,Trumbeak,67,Common,2026-07-24T08:03:04.300Z,EUR,895851,2026-07-24T08:03:02.310Z,USD,704824.0,704824.0,,0.06,0.18,0.13,0.18
me05-067,Trumbeak,67,Common,2026-07-25T08:03:03.827Z,EUR,895851,2026-07-25T08:03:02.308Z,USD,704824.0,704824.0,,0.06,0.18,0.09,0.24
me05-067,Trumbeak,67,Common,2026-07-26T08:03:04.571Z,EUR,895851,2026-07-26T08:03:42.224Z,USD,704824.0,704824.0,,0.05,0.14,0.11,0.23
me05-067,Trumbeak,67,Common,2026-07-27T08:03:04.705Z,EUR,895851,2026-07-27T08:03:49.210Z,USD,704824.0,704824.0,,0.06,0.14,0.14,0.2
me05-068,Toucannon,68,Uncommon,2026-07-18T08:02:59.387Z,EUR,895852,2026-07-18T08:02:56.983Z,USD,704825.0,704825.0,,0.23,0.57,0.13,0.2
me05-068,Toucannon,68,Uncommon,2026-07-19T08:03:04.658Z,EUR,895852,2026-07-19T08:03:02.366Z,USD,704825.0,704825.0,,0.23,0.57,0.13,0.16
me05-068,Toucannon,68,Uncommon,2026-07-20T08:03:04.265Z,EUR,895852,2026-07-20T08:03:02.229Z,USD,704825.0,704825.0,,0.07,0.18,0.12,0.17
me05-068,Toucannon,68,Uncommon,2026-07-21T08:03:04.252Z,EUR,895852,2026-07-21T08:03:02.313Z,USD,704825.0,704825.0,,0.07,0.18,0.11,0.16
me05-068,Toucannon,68,Uncommon,2026-07-22T08:03:06.627Z,EUR,895852,2026-07-22T08:03:04.171Z,USD,704825.0,704825.0,,0.07,0.18,0.12,0.2
me05-068,Toucannon,68,Uncommon,2026-07-23T08:03:03.918Z,EUR,895852,2026-07-23T08:03:01.944Z,USD,704825.0,704825.0,,0.07,0.18,0.15,0.18
me05-068,Toucannon,68,Uncommon,2026-07-24T08:03:04.300Z,EUR,895852,2026-07-24T08:03:02.310Z,USD,704825.0,704825.0,,0.07,0.18,0.13,0.25
me05-068,Toucannon,68,Uncommon,2026-07-25T08:03:03.827Z,EUR,895852,2026-07-25T08:03:02.308Z,USD,704825.0,704825.0,,0.07,0.18,0.11,0.26
me05-068,Toucannon,68,Uncommon,2026-07-26T08:03:04.732Z,EUR,895852,2026-07-26T08:03:42.224Z,USD,704825.0,704825.0,,0.07,0.13,0.13,0.23
me05-068,Toucannon,68,Uncommon,2026-07-27T08:03:04.547Z,EUR,895852,2026-07-27T08:03:49.210Z,USD,704825.0,704825.0,,0.06,0.14,0.15,0.23
me05-069,Type: Null,69,Common,2026-07-18T08:02:59.776Z,EUR,895853,2026-07-18T08:02:56.983Z,USD,704826.0,704826.0,,0.02,0.06,0.07,0.1
me05-069,Type: Null,69,Common,2026-07-19T08:03:04.658Z,EUR,895853,2026-07-19T08:03:02.366Z,USD,704826.0,704826.0,,0.02,0.06,0.05,0.1
me05-069,Type: Null,69,Common,2026-07-20T08:03:04.811Z,EUR,895853,2026-07-20T08:03:02.229Z,USD,704826.0,704826.0,,0.03,0.14,0.05,0.12
me05-069,Type: Null,69,Common,2026-07-21T08:03:04.252Z,EUR,895853,2026-07-21T08:03:02.313Z,USD,704826.0,704826.0,,0.03,0.14,0.04,0.12
me05-069,Type: Null,69,Common,2026-07-22T08:03:06.627Z,EUR,895853,2026-07-22T08:03:04.171Z,USD,704826.0,704826.0,,0.03,0.14,0.07,0.14
me05-069,Type: Null,69,Common,2026-07-23T08:03:03.918Z,EUR,895853,2026-07-23T08:03:01.944Z,USD,704826.0,704826.0,,0.03,0.14,0.08,0.13
me05-069,Type: Null,69,Common,2026-07-24T08:03:04.550Z,EUR,895853,2026-07-24T08:03:02.310Z,USD,704826.0,704826.0,,0.03,0.14,0.06,0.11
me05-069,Type: Null,69,Common,2026-07-25T08:03:03.827Z,EUR,895853,2026-07-25T08:03:02.308Z,USD,704826.0,704826.0,,0.03,0.14,0.12,0.11
me05-069,Type: Null,69,Common,2026-07-26T08:03:04.571Z,EUR,895853,2026-07-26T08:03:42.224Z,USD,704826.0,704826.0,,0.06,0.14,0.12,0.15
me05-069,Type: Null,69,Common,2026-07-27T08:03:04.547Z,EUR,895853,2026-07-27T08:03:49.210Z,USD,704826.0,704826.0,,0.03,0.08,0.09,0.17
me05-070,Silvally,70,Rare,2026-07-18T08:02:59.776Z,EUR,895854,2026-07-18T08:02:56.983Z,USD,,704827.0,704827.0,0.05,,,0.27
me05-070,Silvally,70,Rare,2026-07-19T08:03:04.658Z,EUR,895854,2026-07-19T08:03:02.366Z,USD,,704827.0,704827.0,0.05,,,0.23
me05-070,Silvally,70,Rare,2026-07-20T08:03:04.265Z,EUR,895854,2026-07-20T08:03:02.229Z,USD,,704827.0,704827.0,0.16,0.22,,0.18
me05-070,Silvally,70,Rare,2026-07-21T08:03:04.252Z,EUR,895854,2026-07-21T08:03:02.313Z,USD,,704827.0,704827.0,0.16,0.22,,0.2
me05-070,Silvally,70,Rare,2026-07-22T08:03:06.558Z,EUR,895854,2026-07-22T08:03:04.171Z,USD,,704827.0,704827.0,0.16,0.22,,0.26
me05-070,Silvally,70,Rare,2026-07-23T08:03:03.918Z,EUR,895854,2026-07-23T08:03:01.944Z,USD,,704827.0,704827.0,0.16,0.22,,0.22
me05-070,Silvally,70,Rare,2026-07-24T08:03:04.550Z,EUR,895854,2026-07-24T08:03:02.310Z,USD,,704827.0,704827.0,0.16,0.22,,0.25
me05-070,Silvally,70,Rare,2026-07-25T08:03:03.827Z,EUR,895854,2026-07-25T08:03:02.308Z,USD,,704827.0,704827.0,0.16,0.22,,0.22
me05-070,Silvally,70,Rare,2026-07-26T08:03:04.532Z,EUR,895854,2026-07-26T08:03:42.224Z,USD,,704827.0,704827.0,0.13,0.31,,0.25
me05-070,Silvally,70,Rare,2026-07-27T08:03:04.705Z,EUR,895854,2026-07-27T08:03:49.210Z,USD,,704827.0,704827.0,0.09,0.26,,0.28
me05-071,Bombirdier,71,Common,2026-07-18T08:02:59.361Z,EUR,895855,2026-07-18T08:02:56.983Z,USD,704828.0,704828.0,,0.06,0.05,0.16,0.09
me05-071,Bombirdier,71,Common,2026-07-19T08:03:04.658Z,EUR,895855,2026-07-19T08:03:02.366Z,USD,704828.0,704828.0,,0.06,0.05,0.04,0.07
me05-071,Bombirdier,71,Common,2026-07-20T08:03:04.811Z,EUR,895855,2026-07-20T08:03:02.229Z,USD,704828.0,704828.0,,0.02,0.08,0.04,0.08
me05-071,Bombirdier,71,Common,2026-07-21T08:03:04.252Z,EUR,895855,2026-07-21T08:03:02.313Z,USD,704828.0,704828.0,,0.02,0.08,0.03,0.08
me05-071,Bombirdier,71,Common,2026-07-22T08:03:06.558Z,EUR,895855,2026-07-22T08:03:04.171Z,USD,704828.0,704828.0,,0.02,0.08,0.04,0.09
me05-071,Bombirdier,71,Common,2026-07-23T08:03:03.918Z,EUR,895855,2026-07-23T08:03:01.944Z,USD,704828.0,704828.0,,0.02,0.08,0.05,0.1
me05-071,Bombirdier,71,Common,2026-07-24T08:03:04.550Z,EUR,895855,2026-07-24T08:03:02.310Z,USD,704828.0,704828.0,,0.02,0.08,0.05,0.11
me05-071,Bombirdier,71,Common,2026-07-25T08:03:03.827Z,EUR,895855,2026-07-25T08:03:02.308Z,USD,704828.0,704828.0,,0.02,0.08,0.04,0.11
me05-071,Bombirdier,71,Common,2026-07-26T08:03:04.571Z,EUR,895855,2026-07-26T08:03:42.224Z,USD,704828.0,704828.0,,0.03,0.07,0.03,0.12
me05-071,Bombirdier,71,Common,2026-07-27T08:03:04.705Z,EUR,895855,2026-07-27T08:03:49.210Z,USD,704828.0,704828.0,,0.02,0.08,0.03,0.13
me05-072,Antique Armor Fossil,72,Common,2026-07-18T08:02:59.387Z,EUR,895856,2026-07-18T08:02:56.983Z,USD,704829.0,704829.0,,0.14,0.28,0.11,0.28
me05-072,Antique Armor Fossil,72,Common,2026-07-19T08:03:04.658Z,EUR,895856,2026-07-19T08:03:02.366Z,USD,704829.0,704829.0,,0.14,0.28,0.08,0.19
me05-072,Antique Armor Fossil,72,Common,2026-07-20T08:03:04.811Z,EUR,895856,2026-07-20T08:03:02.229Z,USD,704829.0,704829.0,,0.06,0.13,0.1,0.2
me05-072,Antique Armor Fossil,72,Common,2026-07-21T08:03:04.252Z,EUR,895856,2026-07-21T08:03:02.313Z,USD,704829.0,704829.0,,0.06,0.13,0.11,0.15
me05-072,Antique Armor Fossil,72,Common,2026-07-22T08:03:06.627Z,EUR,895856,2026-07-22T08:03:04.171Z,USD,704829.0,704829.0,,0.06,0.13,0.16,0.18
me05-072,Antique Armor Fossil,72,Common,2026-07-23T08:03:03.918Z,EUR,895856,2026-07-23T08:03:01.944Z,USD,704829.0,704829.0,,0.06,0.13,0.12,0.19
me05-072,Antique Armor Fossil,72,Common,2026-07-24T08:03:04.300Z,EUR,895856,2026-07-24T08:03:02.310Z,USD,704829.0,704829.0,,0.06,0.13,0.13,0.24
me05-072,Antique Armor Fossil,72,Common,2026-07-25T08:03:03.827Z,EUR,895856,2026-07-25T08:03:02.308Z,USD,704829.0,704829.0,,0.06,0.13,0.08,0.2
me05-072,Antique Armor Fossil,72,Common,2026-07-26T08:03:04.571Z,EUR,895856,2026-07-26T08:03:42.224Z,USD,704829.0,704829.0,,0.06,0.21,0.09,0.18
me05-072,Antique Armor Fossil,72,Common,2026-07-27T08:03:04.547Z,EUR,895856,2026-07-27T08:03:49.210Z,USD,704829.0,704829.0,,0.02,0.14,0.15,0.21
me05-073,Antique Skull Fossil,73,Common,2026-07-18T08:02:59.776Z,EUR,895857,2026-07-18T08:02:56.983Z,USD,704830.0,704830.0,,0.09,0.28,0.09,0.15
me05-073,Antique Skull Fossil,73,Common,2026-07-19T08:03:04.658Z,EUR,895857,2026-07-19T08:03:02.366Z,USD,704830.0,704830.0,,0.09,0.28,0.09,0.14
me05-073,Antique Skull Fossil,73,Common,2026-07-20T08:03:04.811Z,EUR,895857,2026-07-20T08:03:02.229Z,USD,704830.0,704830.0,,0.06,0.15,0.08,0.15
me05-073,Antique Skull Fossil,73,Common,2026-07-21T08:03:04.252Z,EUR,895857,2026-07-21T08:03:02.313Z,USD,704830.0,704830.0,,0.06,0.15,0.08,0.15
me05-073,Antique Skull Fossil,73,Common,2026-07-22T08:03:06.627Z,EUR,895857,2026-07-22T08:03:04.171Z,USD,704830.0,704830.0,,0.06,0.15,0.1,0.15
me05-073,Antique Skull Fossil,73,Common,2026-07-23T08:03:03.918Z,EUR,895857,2026-07-23T08:03:01.944Z,USD,704830.0,704830.0,,0.06,0.15,0.13,0.17
me05-073,Antique Skull Fossil,73,Common,2026-07-24T08:03:04.300Z,EUR,895857,2026-07-24T08:03:02.310Z,USD,704830.0,704830.0,,0.06,0.15,0.09,0.17
me05-073,Antique Skull Fossil,73,Common,2026-07-25T08:03:03.827Z,EUR,895857,2026-07-25T08:03:02.308Z,USD,704830.0,704830.0,,0.06,0.15,0.1,0.15
me05-073,Antique Skull Fossil,73,Common,2026-07-26T08:03:04.571Z,EUR,895857,2026-07-26T08:03:42.224Z,USD,704830.0,704830.0,,0.06,0.13,0.1,0.17
me05-073,Antique Skull Fossil,73,Common,2026-07-27T08:03:04.547Z,EUR,895857,2026-07-27T08:03:49.210Z,USD,704830.0,704830.0,,0.06,0.13,0.13,0.19
me05-074,Backtrack Badge,74,Uncommon,2026-07-18T08:02:59.387Z,EUR,895858,2026-07-18T08:02:56.983Z,USD,704831.0,704831.0,,0.14,0.31,0.1,0.22
me05-074,Backtrack Badge,74,Uncommon,2026-07-19T08:03:04.658Z,EUR,895858,2026-07-19T08:03:02.366Z,USD,704831.0,704831.0,,0.14,0.31,0.09,0.14
me05-074,Backtrack Badge,74,Uncommon,2026-07-20T08:03:04.811Z,EUR,895858,2026-07-20T08:03:02.229Z,USD,704831.0,704831.0,,0.07,0.09,0.07,0.15
me05-074,Backtrack Badge,74,Uncommon,2026-07-21T08:03:04.252Z,EUR,895858,2026-07-21T08:03:02.313Z,USD,704831.0,704831.0,,0.07,0.09,0.08,0.12
me05-074,Backtrack Badge,74,Uncommon,2026-07-22T08:03:06.471Z,EUR,895858,2026-07-22T08:03:04.171Z,USD,704831.0,704831.0,,0.07,0.09,0.09,0.16
me05-074,Backtrack Badge,74,Uncommon,2026-07-23T08:03:03.918Z,EUR,895858,2026-07-23T08:03:01.944Z,USD,704831.0,704831.0,,0.07,0.09,0.11,0.16
me05-074,Backtrack Badge,74,Uncommon,2026-07-24T08:03:04.550Z,EUR,895858,2026-07-24T08:03:02.310Z,USD,704831.0,704831.0,,0.07,0.09,0.1,0.17
me05-074,Backtrack Badge,74,Uncommon,2026-07-25T08:03:03.827Z,EUR,895858,2026-07-25T08:03:02.308Z,USD,704831.0,704831.0,,0.07,0.09,0.06,0.16
me05-074,Backtrack Badge,74,Uncommon,2026-07-26T08:03:04.438Z,EUR,895858,2026-07-26T08:03:42.224Z,USD,704831.0,704831.0,,0.06,0.13,0.06,0.2
me05-074,Backtrack Badge,74,Uncommon,2026-07-27T08:03:04.705Z,EUR,895858,2026-07-27T08:03:49.210Z,USD,704831.0,704831.0,,0.07,0.31,0.11,0.22
me05-075,Dark Bell,75,Uncommon,2026-07-18T08:02:59.776Z,EUR,895859,2026-07-18T08:02:56.983Z,USD,704832.0,704832.0,,0.13,0.31,0.11,0.22
me05-075,Dark Bell,75,Uncommon,2026-07-19T08:03:04.658Z,EUR,895859,2026-07-19T08:03:02.366Z,USD,704832.0,704832.0,,0.13,0.31,0.11,0.22
me05-075,Dark Bell,75,Uncommon,2026-07-20T08:03:04.811Z,EUR,895859,2026-07-20T08:03:02.229Z,USD,704832.0,704832.0,,0.1,0.13,0.13,0.18
me05-075,Dark Bell,75,Uncommon,2026-07-21T08:03:04.252Z,EUR,895859,2026-07-21T08:03:02.313Z,USD,704832.0,704832.0,,0.1,0.13,0.11,0.17
me05-075,Dark Bell,75,Uncommon,2026-07-22T08:03:06.399Z,EUR,895859,2026-07-22T08:03:04.171Z,USD,704832.0,704832.0,,0.1,0.13,0.11,0.25
me05-075,Dark Bell,75,Uncommon,2026-07-23T08:03:03.918Z,EUR,895859,2026-07-23T08:03:01.944Z,USD,704832.0,704832.0,,0.1,0.13,0.16,0.22
me05-075,Dark Bell,75,Uncommon,2026-07-24T08:03:04.300Z,EUR,895859,2026-07-24T08:03:02.310Z,USD,704832.0,704832.0,,0.1,0.13,0.17,0.24
me05-075,Dark Bell,75,Uncommon,2026-07-25T08:03:04.261Z,EUR,895859,2026-07-25T08:03:02.308Z,USD,704832.0,704832.0,,0.1,0.13,0.14,0.19
me05-075,Dark Bell,75,Uncommon,2026-07-26T08:03:04.732Z,EUR,895859,2026-07-26T08:03:42.224Z,USD,704832.0,704832.0,,0.07,0.19,0.15,0.25
me05-075,Dark Bell,75,Uncommon,2026-07-27T08:03:04.547Z,EUR,895859,2026-07-27T08:03:49.210Z,USD,704832.0,704832.0,,0.07,0.1,0.16,0.24
me05-076,Fossil Quarry,76,Uncommon,2026-07-18T08:02:59.361Z,EUR,895860,2026-07-18T08:02:56.983Z,USD,704833.0,704833.0,,0.26,0.22,0.12,0.31
me05-076,Fossil Quarry,76,Uncommon,2026-07-19T08:03:04.658Z,EUR,895860,2026-07-19T08:03:02.366Z,USD,704833.0,704833.0,,0.26,0.22,0.1,0.2
me05-076,Fossil Quarry,76,Uncommon,2026-07-20T08:03:04.811Z,EUR,895860,2026-07-20T08:03:02.229Z,USD,704833.0,704833.0,,0.07,0.09,0.08,0.19
me05-076,Fossil Quarry,76,Uncommon,2026-07-21T08:03:04.252Z,EUR,895860,2026-07-21T08:03:02.313Z,USD,704833.0,704833.0,,0.07,0.09,0.1,0.16
me05-076,Fossil Quarry,76,Uncommon,2026-07-22T08:03:06.558Z,EUR,895860,2026-07-22T08:03:04.171Z,USD,704833.0,704833.0,,0.07,0.09,0.13,0.18
me05-076,Fossil Quarry,76,Uncommon,2026-07-23T08:03:03.918Z,EUR,895860,2026-07-23T08:03:01.944Z,USD,704833.0,704833.0,,0.07,0.09,0.12,0.21
me05-076,Fossil Quarry,76,Uncommon,2026-07-24T08:03:04.550Z,EUR,895860,2026-07-24T08:03:02.310Z,USD,704833.0,704833.0,,0.07,0.09,0.14,0.22
me05-076,Fossil Quarry,76,Uncommon,2026-07-25T08:03:04.261Z,EUR,895860,2026-07-25T08:03:02.308Z,USD,704833.0,704833.0,,0.07,0.09,0.09,0.23
me05-076,Fossil Quarry,76,Uncommon,2026-07-26T08:03:04.571Z,EUR,895860,2026-07-26T08:03:42.224Z,USD,704833.0,704833.0,,0.07,0.19,0.14,0.25
me05-076,Fossil Quarry,76,Uncommon,2026-07-27T08:03:04.705Z,EUR,895860,2026-07-27T08:03:49.210Z,USD,704833.0,704833.0,,0.05,0.15,0.18,0.27
me05-077,Gladion's Final Battle,77,Uncommon,2026-07-18T08:02:59.387Z,EUR,895861,2026-07-18T08:02:56.983Z,USD,704834.0,704834.0,,0.15,0.57,0.12,0.26
me05-077,Gladion's Final Battle,77,Uncommon,2026-07-19T08:03:04.658Z,EUR,895861,2026-07-19T08:03:02.366Z,USD,704834.0,704834.0,,0.15,0.57,0.08,0.17
me05-077,Gladion's Final Battle,77,Uncommon,2026-07-20T08:03:04.811Z,EUR,895861,2026-07-20T08:03:02.229Z,USD,704834.0,704834.0,,0.07,0.09,0.08,0.15
me05-077,Gladion's Final Battle,77,Uncommon,2026-07-21T08:03:04.252Z,EUR,895861,2026-07-21T08:03:02.313Z,USD,704834.0,704834.0,,0.07,0.09,0.08,0.13
me05-077,Gladion's Final Battle,77,Uncommon,2026-07-22T08:03:06.471Z,EUR,895861,2026-07-22T08:03:04.171Z,USD,704834.0,704834.0,,0.07,0.09,0.05,0.17
me05-077,Gladion's Final Battle,77,Uncommon,2026-07-23T08:03:03.918Z,EUR,895861,2026-07-23T08:03:01.944Z,USD,704834.0,704834.0,,0.07,0.09,0.12,0.2
me05-077,Gladion's Final Battle,77,Uncommon,2026-07-24T08:03:04.300Z,EUR,895861,2026-07-24T08:03:02.310Z,USD,704834.0,704834.0,,0.07,0.09,0.12,0.21
me05-077,Gladion's Final Battle,77,Uncommon,2026-07-25T08:03:03.827Z,EUR,895861,2026-07-25T08:03:02.308Z,USD,704834.0,704834.0,,0.07,0.09,0.07,0.17
me05-077,Gladion's Final Battle,77,Uncommon,2026-07-26T08:03:04.438Z,EUR,895861,2026-07-26T08:03:42.224Z,USD,704834.0,704834.0,,0.03,0.17,0.13,0.23
me05-077,Gladion's Final Battle,77,Uncommon,2026-07-27T08:03:04.547Z,EUR,895861,2026-07-27T08:03:49.210Z,USD,704834.0,704834.0,,0.03,0.09,0.11,0.21
me05-078,Gwynn,78,Uncommon,2026-07-18T08:02:59.387Z,EUR,895862,2026-07-18T08:02:56.983Z,USD,704835.0,704835.0,,0.86,1.42,0.13,0.25
me05-078,Gwynn,78,Uncommon,2026-07-19T08:03:04.558Z,EUR,895862,2026-07-19T08:03:02.366Z,USD,704835.0,704835.0,,0.86,1.42,0.14,0.26
me05-078,Gwynn,78,Uncommon,2026-07-20T08:03:04.265Z,EUR,895862,2026-07-20T08:03:02.229Z,USD,704835.0,704835.0,,0.15,0.14,0.12,0.24
me05-078,Gwynn,78,Uncommon,2026-07-21T08:03:04.252Z,EUR,895862,2026-07-21T08:03:02.313Z,USD,704835.0,704835.0,,0.15,0.14,0.11,0.3
me05-078,Gwynn,78,Uncommon,2026-07-22T08:03:06.399Z,EUR,895862,2026-07-22T08:03:04.171Z,USD,704835.0,704835.0,,0.15,0.14,0.15,0.27
me05-078,Gwynn,78,Uncommon,2026-07-23T08:03:03.918Z,EUR,895862,2026-07-23T08:03:01.944Z,USD,704835.0,704835.0,,0.15,0.14,0.19,0.35
me05-078,Gwynn,78,Uncommon,2026-07-24T08:03:04.550Z,EUR,895862,2026-07-24T08:03:02.310Z,USD,704835.0,704835.0,,0.15,0.14,0.2,0.31
me05-078,Gwynn,78,Uncommon,2026-07-25T08:03:04.261Z,EUR,895862,2026-07-25T08:03:02.308Z,USD,704835.0,704835.0,,0.15,0.14,0.12,0.45
me05-078,Gwynn,78,Uncommon,2026-07-26T08:03:04.532Z,EUR,895862,2026-07-26T08:03:42.224Z,USD,704835.0,704835.0,,0.1,0.33,0.15,0.29
me05-078,Gwynn,78,Uncommon,2026-07-27T08:03:04.705Z,EUR,895862,2026-07-27T08:03:49.210Z,USD,704835.0,704835.0,,0.08,0.17,0.22,0.35
me05-079,Jett,79,Uncommon,2026-07-18T08:02:59.776Z,EUR,895863,2026-07-18T08:02:56.983Z,USD,704836.0,704836.0,,0.06,0.43,0.07,0.12
me05-079,Jett,79,Uncommon,2026-07-19T08:03:04.558Z,EUR,895863,2026-07-19T08:03:02.366Z,USD,704836.0,704836.0,,0.06,0.43,0.04,0.13
me05-079,Jett,79,Uncommon,2026-07-20T08:03:04.811Z,EUR,895863,2026-07-20T08:03:02.229Z,USD,704836.0,704836.0,,0.03,0.09,0.04,0.13
me05-079,Jett,79,Uncommon,2026-07-21T08:03:04.252Z,EUR,895863,2026-07-21T08:03:02.313Z,USD,704836.0,704836.0,,0.03,0.09,0.04,0.1
me05-079,Jett,79,Uncommon,2026-07-22T08:03:06.399Z,EUR,895863,2026-07-22T08:03:04.171Z,USD,704836.0,704836.0,,0.03,0.09,0.04,0.15
me05-079,Jett,79,Uncommon,2026-07-23T08:03:03.918Z,EUR,895863,2026-07-23T08:03:01.944Z,USD,704836.0,704836.0,,0.03,0.09,0.05,0.15
me05-079,Jett,79,Uncommon,2026-07-24T08:03:04.300Z,EUR,895863,2026-07-24T08:03:02.310Z,USD,704836.0,704836.0,,0.03,0.09,0.05,0.16
me05-079,Jett,79,Uncommon,2026-07-25T08:03:04.261Z,EUR,895863,2026-07-25T08:03:02.308Z,USD,704836.0,704836.0,,0.03,0.09,0.05,0.17
me05-079,Jett,79,Uncommon,2026-07-26T08:03:04.571Z,EUR,895863,2026-07-26T08:03:42.224Z,USD,704836.0,704836.0,,0.03,0.14,0.05,0.19
me05-079,Jett,79,Uncommon,2026-07-27T08:03:04.705Z,EUR,895863,2026-07-27T08:03:49.210Z,USD,704836.0,704836.0,,0.02,0.08,0.08,0.22
me05-080,Misty's Vitality,80,Uncommon,2026-07-18T08:02:59.387Z,EUR,895864,2026-07-18T08:02:56.983Z,USD,704837.0,704837.0,,0.22,0.43,0.09,0.31
me05-080,Misty's Vitality,80,Uncommon,2026-07-19T08:03:04.558Z,EUR,895864,2026-07-19T08:03:02.366Z,USD,704837.0,704837.0,,0.22,0.43,0.11,0.23
me05-080,Misty's Vitality,80,Uncommon,2026-07-20T08:03:04.265Z,EUR,895864,2026-07-20T08:03:02.229Z,USD,704837.0,704837.0,,0.11,0.24,0.07,0.19
me05-080,Misty's Vitality,80,Uncommon,2026-07-21T08:03:04.252Z,EUR,895864,2026-07-21T08:03:02.313Z,USD,704837.0,704837.0,,0.11,0.24,0.1,0.19
me05-080,Misty's Vitality,80,Uncommon,2026-07-22T08:03:06.471Z,EUR,895864,2026-07-22T08:03:04.171Z,USD,704837.0,704837.0,,0.11,0.24,0.1,0.21
me05-080,Misty's Vitality,80,Uncommon,2026-07-23T08:03:03.918Z,EUR,895864,2026-07-23T08:03:01.944Z,USD,704837.0,704837.0,,0.11,0.24,0.11,0.21
me05-080,Misty's Vitality,80,Uncommon,2026-07-24T08:03:04.300Z,EUR,895864,2026-07-24T08:03:02.310Z,USD,704837.0,704837.0,,0.11,0.24,0.15,0.25
me05-080,Misty's Vitality,80,Uncommon,2026-07-25T08:03:04.261Z,EUR,895864,2026-07-25T08:03:02.308Z,USD,704837.0,704837.0,,0.11,0.24,0.11,0.24
me05-080,Misty's Vitality,80,Uncommon,2026-07-26T08:03:04.732Z,EUR,895864,2026-07-26T08:03:42.224Z,USD,704837.0,704837.0,,0.13,0.23,0.08,0.26
me05-080,Misty's Vitality,80,Uncommon,2026-07-27T08:03:04.705Z,EUR,895864,2026-07-27T08:03:49.210Z,USD,704837.0,704837.0,,0.03,0.33,0.17,0.3
me05-081,Rust Syndicate Grunt,81,Uncommon,2026-07-18T08:02:59.776Z,EUR,895865,2026-07-18T08:02:56.983Z,USD,704838.0,704838.0,,0.15,0.28,0.05,0.13
me05-081,Rust Syndicate Grunt,81,Uncommon,2026-07-19T08:03:04.658Z,EUR,895865,2026-07-19T08:03:02.366Z,USD,704838.0,704838.0,,0.15,0.28,0.05,0.1
me05-081,Rust Syndicate Grunt,81,Uncommon,2026-07-20T08:03:04.265Z,EUR,895865,2026-07-20T08:03:02.229Z,USD,704838.0,704838.0,,0.05,0.08,0.06,0.13
me05-081,Rust Syndicate Grunt,81,Uncommon,2026-07-21T08:03:04.548Z,EUR,895865,2026-07-21T08:03:02.313Z,USD,704838.0,704838.0,,0.05,0.08,0.04,0.12
me05-081,Rust Syndicate Grunt,81,Uncommon,2026-07-22T08:03:06.471Z,EUR,895865,2026-07-22T08:03:04.171Z,USD,704838.0,704838.0,,0.05,0.08,0.06,0.13
me05-081,Rust Syndicate Grunt,81,Uncommon,2026-07-23T08:03:03.918Z,EUR,895865,2026-07-23T08:03:01.944Z,USD,704838.0,704838.0,,0.05,0.08,0.07,0.14
me05-081,Rust Syndicate Grunt,81,Uncommon,2026-07-24T08:03:04.300Z,EUR,895865,2026-07-24T08:03:02.310Z,USD,704838.0,704838.0,,0.05,0.08,0.05,0.14
me05-081,Rust Syndicate Grunt,81,Uncommon,2026-07-25T08:03:04.261Z,EUR,895865,2026-07-25T08:03:02.308Z,USD,704838.0,704838.0,,0.05,0.08,0.06,0.15
me05-081,Rust Syndicate Grunt,81,Uncommon,2026-07-26T08:03:04.438Z,EUR,895865,2026-07-26T08:03:42.224Z,USD,704838.0,704838.0,,0.05,0.11,0.06,0.15
me05-081,Rust Syndicate Grunt,81,Uncommon,2026-07-27T08:03:04.705Z,EUR,895865,2026-07-27T08:03:49.210Z,USD,704838.0,704838.0,,0.03,0.1,0.1,0.16
me05-082,Tremendous Bomb,82,Uncommon,2026-07-18T08:02:59.387Z,EUR,895866,2026-07-18T08:02:56.983Z,USD,704839.0,704839.0,,0.23,0.57,0.1,0.14
me05-082,Tremendous Bomb,82,Uncommon,2026-07-19T08:03:04.558Z,EUR,895866,2026-07-19T08:03:02.366Z,USD,704839.0,704839.0,,0.23,0.57,0.09,0.12
me05-082,Tremendous Bomb,82,Uncommon,2026-07-20T08:03:04.265Z,EUR,895866,2026-07-20T08:03:02.229Z,USD,704839.0,704839.0,,0.03,0.08,0.07,0.12
me05-082,Tremendous Bomb,82,Uncommon,2026-07-21T08:03:04.115Z,EUR,895866,2026-07-21T08:03:02.313Z,USD,704839.0,704839.0,,0.03,0.08,0.08,0.14
me05-082,Tremendous Bomb,82,Uncommon,2026-07-22T08:03:06.558Z,EUR,895866,2026-07-22T08:03:04.171Z,USD,704839.0,704839.0,,0.03,0.08,0.07,0.12
me05-082,Tremendous Bomb,82,Uncommon,2026-07-23T08:03:03.918Z,EUR,895866,2026-07-23T08:03:01.944Z,USD,704839.0,704839.0,,0.03,0.08,0.06,0.14
me05-082,Tremendous Bomb,82,Uncommon,2026-07-24T08:03:04.300Z,EUR,895866,2026-07-24T08:03:02.310Z,USD,704839.0,704839.0,,0.03,0.08,0.04,0.12
me05-082,Tremendous Bomb,82,Uncommon,2026-07-25T08:03:04.261Z,EUR,895866,2026-07-25T08:03:02.308Z,USD,704839.0,704839.0,,0.03,0.08,0.05,0.14
me05-082,Tremendous Bomb,82,Uncommon,2026-07-26T08:03:04.438Z,EUR,895866,2026-07-26T08:03:42.224Z,USD,704839.0,704839.0,,0.03,0.17,0.06,0.13
me05-082,Tremendous Bomb,82,Uncommon,2026-07-27T08:03:04.705Z,EUR,895866,2026-07-27T08:03:49.210Z,USD,704839.0,704839.0,,0.06,0.07,0.06,0.14
me05-083,Shadowy Darkness Energy,83,Rare,2026-07-18T08:02:59.776Z,EUR,895867,2026-07-18T08:02:56.983Z,USD,,704840.0,704840.0,0.42,2.28,,0.29
me05-083,Shadowy Darkness Energy,83,Rare,2026-07-19T08:03:04.558Z,EUR,895867,2026-07-19T08:03:02.366Z,USD,,704840.0,704840.0,0.42,2.28,,0.27
me05-083,Shadowy Darkness Energy,83,Rare,2026-07-20T08:03:04.265Z,EUR,895867,2026-07-20T08:03:02.229Z,USD,,704840.0,704840.0,0.21,0.22,,0.23
me05-083,Shadowy Darkness Energy,83,Rare,2026-07-21T08:03:04.252Z,EUR,895867,2026-07-21T08:03:02.313Z,USD,,704840.0,704840.0,0.21,0.22,,0.21
me05-083,Shadowy Darkness Energy,83,Rare,2026-07-22T08:03:06.627Z,EUR,895867,2026-07-22T08:03:04.171Z,USD,,704840.0,704840.0,0.21,0.22,,0.24
me05-083,Shadowy Darkness Energy,83,Rare,2026-07-23T08:03:03.918Z,EUR,895867,2026-07-23T08:03:01.944Z,USD,,704840.0,704840.0,0.21,0.22,,0.24
me05-083,Shadowy Darkness Energy,83,Rare,2026-07-24T08:03:04.300Z,EUR,895867,2026-07-24T08:03:02.310Z,USD,,704840.0,704840.0,0.21,0.22,,0.24
me05-083,Shadowy Darkness Energy,83,Rare,2026-07-25T08:03:04.261Z,EUR,895867,2026-07-25T08:03:02.308Z,USD,,704840.0,704840.0,0.21,0.22,,0.23
me05-083,Shadowy Darkness Energy,83,Rare,2026-07-26T08:03:04.532Z,EUR,895867,2026-07-26T08:03:42.224Z,USD,,704840.0,704840.0,0.09,0.25,,0.23
me05-083,Shadowy Darkness Energy,83,Rare,2026-07-27T08:03:04.705Z,EUR,895867,2026-07-27T08:03:49.210Z,USD,,704840.0,704840.0,0.23,0.23,,0.29
me05-084,Voltaic Lightning Energy,84,Rare,2026-07-18T08:02:59.776Z,EUR,895868,2026-07-18T08:02:56.983Z,USD,,704841.0,704841.0,0.43,,,0.25
me05-084,Voltaic Lightning Energy,84,Rare,2026-07-19T08:03:04.558Z,EUR,895868,2026-07-19T08:03:02.366Z,USD,,704841.0,704841.0,0.43,,,0.28
me05-084,Voltaic Lightning Energy,84,Rare,2026-07-20T08:03:04.811Z,EUR,895868,2026-07-20T08:03:02.229Z,USD,,704841.0,704841.0,0.25,0.26,,0.26
me05-084,Voltaic Lightning Energy,84,Rare,2026-07-21T08:03:04.094Z,EUR,895868,2026-07-21T08:03:02.313Z,USD,,704841.0,704841.0,0.25,0.26,,0.22
me05-084,Voltaic Lightning Energy,84,Rare,2026-07-22T08:03:06.627Z,EUR,895868,2026-07-22T08:03:04.171Z,USD,,704841.0,704841.0,0.25,0.26,,0.24
me05-084,Voltaic Lightning Energy,84,Rare,2026-07-23T08:03:03.918Z,EUR,895868,2026-07-23T08:03:01.944Z,USD,,704841.0,704841.0,0.25,0.26,,0.25
me05-084,Voltaic Lightning Energy,84,Rare,2026-07-24T08:03:04.300Z,EUR,895868,2026-07-24T08:03:02.310Z,USD,,704841.0,704841.0,0.25,0.26,,0.29
me05-084,Voltaic Lightning Energy,84,Rare,2026-07-25T08:03:03.827Z,EUR,895868,2026-07-25T08:03:02.308Z,USD,,704841.0,704841.0,0.25,0.26,,0.29
me05-084,Voltaic Lightning Energy,84,Rare,2026-07-26T08:03:04.532Z,EUR,895868,2026-07-26T08:03:42.224Z,USD,,704841.0,704841.0,0.11,0.41,,0.31
me05-084,Voltaic Lightning Energy,84,Rare,2026-07-27T08:03:04.705Z,EUR,895868,2026-07-27T08:03:49.210Z,USD,,704841.0,704841.0,0.24,0.16,,0.3
me05-085,Fomantis,85,Illustration rare,2026-07-18T08:02:59.387Z,EUR,895869,2026-07-18T08:02:56.983Z,USD,,,704842.0,8.89,,,
me05-085,Fomantis,85,Illustration rare,2026-07-19T08:03:04.658Z,EUR,895869,2026-07-19T08:03:02.366Z,USD,,,704842.0,8.89,,,
me05-085,Fomantis,85,Illustration rare,2026-07-20T08:03:04.811Z,EUR,895869,2026-07-20T08:03:02.229Z,USD,,,704842.0,4.4,,,
me05-085,Fomantis,85,Illustration rare,2026-07-21T08:03:04.115Z,EUR,895869,2026-07-21T08:03:02.313Z,USD,,,704842.0,4.4,,,
me05-085,Fomantis,85,Illustration rare,2026-07-22T08:03:06.471Z,EUR,895869,2026-07-22T08:03:04.171Z,USD,,,704842.0,4.4,,,
me05-085,Fomantis,85,Illustration rare,2026-07-23T08:03:03.918Z,EUR,895869,2026-07-23T08:03:01.944Z,USD,,,704842.0,4.4,,,
me05-085,Fomantis,85,Illustration rare,2026-07-24T08:03:04.300Z,EUR,895869,2026-07-24T08:03:02.310Z,USD,,,704842.0,4.4,,,
me05-085,Fomantis,85,Illustration rare,2026-07-25T08:03:03.827Z,EUR,895869,2026-07-25T08:03:02.308Z,USD,,,704842.0,4.4,,,
me05-085,Fomantis,85,Illustration rare,2026-07-26T08:03:04.571Z,EUR,895869,2026-07-26T08:03:42.224Z,USD,,,704842.0,4.01,,,
me05-085,Fomantis,85,Illustration rare,2026-07-27T08:03:04.705Z,EUR,895869,2026-07-27T08:03:49.210Z,USD,,,704842.0,4.06,,,
me05-086,Armarouge,86,Illustration rare,2026-07-18T08:02:59.776Z,EUR,895870,2026-07-18T08:02:56.983Z,USD,,,704843.0,10.26,,,
me05-086,Armarouge,86,Illustration rare,2026-07-19T08:03:04.658Z,EUR,895870,2026-07-19T08:03:02.366Z,USD,,,704843.0,10.26,,,
me05-086,Armarouge,86,Illustration rare,2026-07-20T08:03:04.265Z,EUR,895870,2026-07-20T08:03:02.229Z,USD,,,704843.0,5.35,,,
me05-086,Armarouge,86,Illustration rare,2026-07-21T08:03:04.115Z,EUR,895870,2026-07-21T08:03:02.313Z,USD,,,704843.0,5.35,,,
me05-086,Armarouge,86,Illustration rare,2026-07-22T08:03:06.627Z,EUR,895870,2026-07-22T08:03:04.171Z,USD,,,704843.0,5.35,,,
me05-086,Armarouge,86,Illustration rare,2026-07-23T08:03:03.918Z,EUR,895870,2026-07-23T08:03:01.944Z,USD,,,704843.0,5.35,,,
me05-086,Armarouge,86,Illustration rare,2026-07-24T08:03:04.550Z,EUR,895870,2026-07-24T08:03:02.310Z,USD,,,704843.0,5.35,,,
me05-086,Armarouge,86,Illustration rare,2026-07-25T08:03:03.827Z,EUR,895870,2026-07-25T08:03:02.308Z,USD,,,704843.0,5.35,,,
me05-086,Armarouge,86,Illustration rare,2026-07-26T08:03:04.571Z,EUR,895870,2026-07-26T08:03:42.224Z,USD,,,704843.0,5.44,,,
me05-086,Armarouge,86,Illustration rare,2026-07-27T08:03:04.705Z,EUR,895870,2026-07-27T08:03:49.210Z,USD,,,704843.0,5.65,,,
me05-087,Goldeen,87,Illustration rare,2026-07-18T08:02:59.776Z,EUR,895871,2026-07-18T08:02:56.983Z,USD,,,704844.0,20.39,,,
me05-087,Goldeen,87,Illustration rare,2026-07-19T08:03:04.658Z,EUR,895871,2026-07-19T08:03:02.366Z,USD,,,704844.0,20.39,,,
me05-087,Goldeen,87,Illustration rare,2026-07-20T08:03:04.265Z,EUR,895871,2026-07-20T08:03:02.229Z,USD,,,704844.0,15.1,,,
me05-087,Goldeen,87,Illustration rare,2026-07-21T08:03:04.252Z,EUR,895871,2026-07-21T08:03:02.313Z,USD,,,704844.0,15.1,,,
me05-087,Goldeen,87,Illustration rare,2026-07-22T08:03:06.627Z,EUR,895871,2026-07-22T08:03:04.171Z,USD,,,704844.0,15.1,,,
me05-087,Goldeen,87,Illustration rare,2026-07-23T08:03:03.918Z,EUR,895871,2026-07-23T08:03:01.944Z,USD,,,704844.0,15.1,,,
me05-087,Goldeen,87,Illustration rare,2026-07-24T08:03:04.550Z,EUR,895871,2026-07-24T08:03:02.310Z,USD,,,704844.0,15.1,,,
me05-087,Goldeen,87,Illustration rare,2026-07-25T08:03:04.261Z,EUR,895871,2026-07-25T08:03:02.308Z,USD,,,704844.0,15.1,,,
me05-087,Goldeen,87,Illustration rare,2026-07-26T08:03:04.571Z,EUR,895871,2026-07-26T08:03:42.224Z,USD,,,704844.0,16.62,,,
me05-087,Goldeen,87,Illustration rare,2026-07-27T08:03:04.458Z,EUR,895871,2026-07-27T08:03:49.210Z,USD,,,704844.0,17.78,,,
me05-088,Primarina,88,Illustration rare,2026-07-18T08:02:59.387Z,EUR,895872,2026-07-18T08:02:56.983Z,USD,,,704845.0,11.4,,,
me05-088,Primarina,88,Illustration rare,2026-07-19T08:03:04.658Z,EUR,895872,2026-07-19T08:03:02.366Z,USD,,,704845.0,11.4,,,
me05-088,Primarina,88,Illustration rare,2026-07-20T08:03:04.811Z,EUR,895872,2026-07-20T08:03:02.229Z,USD,,,704845.0,6.4,,,
me05-088,Primarina,88,Illustration rare,2026-07-21T08:03:04.252Z,EUR,895872,2026-07-21T08:03:02.313Z,USD,,,704845.0,6.4,,,
me05-088,Primarina,88,Illustration rare,2026-07-22T08:03:06.471Z,EUR,895872,2026-07-22T08:03:04.171Z,USD,,,704845.0,6.4,,,
me05-088,Primarina,88,Illustration rare,2026-07-23T08:03:03.918Z,EUR,895872,2026-07-23T08:03:01.944Z,USD,,,704845.0,6.4,,,
me05-088,Primarina,88,Illustration rare,2026-07-24T08:03:04.550Z,EUR,895872,2026-07-24T08:03:02.310Z,USD,,,704845.0,6.4,,,
me05-088,Primarina,88,Illustration rare,2026-07-25T08:03:04.261Z,EUR,895872,2026-07-25T08:03:02.308Z,USD,,,704845.0,6.4,,,
me05-088,Primarina,88,Illustration rare,2026-07-26T08:03:04.571Z,EUR,895872,2026-07-26T08:03:42.224Z,USD,,,704845.0,5.55,,,
me05-088,Primarina,88,Illustration rare,2026-07-27T08:03:04.458Z,EUR,895872,2026-07-27T08:03:49.210Z,USD,,,704845.0,5.22,,,
me05-089,Manectric,89,Illustration rare,2026-07-18T08:02:59.387Z,EUR,895873,2026-07-18T08:02:56.983Z,USD,,,704846.0,7.41,,,
me05-089,Manectric,89,Illustration rare,2026-07-19T08:03:04.658Z,EUR,895873,2026-07-19T08:03:02.366Z,USD,,,704846.0,7.41,,,
me05-089,Manectric,89,Illustration rare,2026-07-20T08:03:04.265Z,EUR,895873,2026-07-20T08:03:02.229Z,USD,,,704846.0,5.12,,,
me05-089,Manectric,89,Illustration rare,2026-07-21T08:03:04.252Z,EUR,895873,2026-07-21T08:03:02.313Z,USD,,,704846.0,5.12,,,
me05-089,Manectric,89,Illustration rare,2026-07-22T08:03:06.471Z,EUR,895873,2026-07-22T08:03:04.171Z,USD,,,704846.0,5.12,,,
me05-089,Manectric,89,Illustration rare,2026-07-23T08:03:03.918Z,EUR,895873,2026-07-23T08:03:01.944Z,USD,,,704846.0,5.12,,,
me05-089,Manectric,89,Illustration rare,2026-07-24T08:03:04.550Z,EUR,895873,2026-07-24T08:03:02.310Z,USD,,,704846.0,5.12,,,
me05-089,Manectric,89,Illustration rare,2026-07-25T08:03:03.827Z,EUR,895873,2026-07-25T08:03:02.308Z,USD,,,704846.0,5.12,,,
me05-089,Manectric,89,Illustration rare,2026-07-26T08:03:04.571Z,EUR,895873,2026-07-26T08:03:42.224Z,USD,,,704846.0,4.41,,,
me05-089,Manectric,89,Illustration rare,2026-07-27T08:03:04.705Z,EUR,895873,2026-07-27T08:03:49.210Z,USD,,,704846.0,5.03,,,
me05-090,Slowbro,90,Illustration rare,2026-07-18T08:02:59.387Z,EUR,895874,2026-07-18T08:02:56.983Z,USD,,,704847.0,23.94,,,
me05-090,Slowbro,90,Illustration rare,2026-07-19T08:03:04.658Z,EUR,895874,2026-07-19T08:03:02.366Z,USD,,,704847.0,23.94,,,
me05-090,Slowbro,90,Illustration rare,2026-07-20T08:03:04.265Z,EUR,895874,2026-07-20T08:03:02.229Z,USD,,,704847.0,18.24,,,
me05-090,Slowbro,90,Illustration rare,2026-07-21T08:03:04.252Z,EUR,895874,2026-07-21T08:03:02.313Z,USD,,,704847.0,18.24,,,
me05-090,Slowbro,90,Illustration rare,2026-07-22T08:03:06.627Z,EUR,895874,2026-07-22T08:03:04.171Z,USD,,,704847.0,18.24,,,
me05-090,Slowbro,90,Illustration rare,2026-07-23T08:03:03.918Z,EUR,895874,2026-07-23T08:03:01.944Z,USD,,,704847.0,18.24,,,
me05-090,Slowbro,90,Illustration rare,2026-07-24T08:03:04.550Z,EUR,895874,2026-07-24T08:03:02.310Z,USD,,,704847.0,18.24,,,
me05-090,Slowbro,90,Illustration rare,2026-07-25T08:03:03.827Z,EUR,895874,2026-07-25T08:03:02.308Z,USD,,,704847.0,18.24,,,
me05-090,Slowbro,90,Illustration rare,2026-07-26T08:03:04.571Z,EUR,895874,2026-07-26T08:03:42.224Z,USD,,,704847.0,17.31,,,
me05-090,Slowbro,90,Illustration rare,2026-07-27T08:03:04.458Z,EUR,895874,2026-07-27T08:03:49.210Z,USD,,,704847.0,17.12,,,
me05-091,Dhelmise,91,Illustration rare,2026-07-18T08:02:59.387Z,EUR,895875,2026-07-18T08:02:56.983Z,USD,,,704848.0,11.39,,,
me05-091,Dhelmise,91,Illustration rare,2026-07-19T08:03:04.558Z,EUR,895875,2026-07-19T08:03:02.366Z,USD,,,704848.0,11.39,,,
me05-091,Dhelmise,91,Illustration rare,2026-07-20T08:03:04.265Z,EUR,895875,2026-07-20T08:03:02.229Z,USD,,,704848.0,7.3,,,
me05-091,Dhelmise,91,Illustration rare,2026-07-21T08:03:04.252Z,EUR,895875,2026-07-21T08:03:02.313Z,USD,,,704848.0,7.3,,,
me05-091,Dhelmise,91,Illustration rare,2026-07-22T08:03:06.627Z,EUR,895875,2026-07-22T08:03:04.171Z,USD,,,704848.0,7.3,,,
me05-091,Dhelmise,91,Illustration rare,2026-07-23T08:03:03.918Z,EUR,895875,2026-07-23T08:03:01.944Z,USD,,,704848.0,7.3,,,
me05-091,Dhelmise,91,Illustration rare,2026-07-24T08:03:04.300Z,EUR,895875,2026-07-24T08:03:02.310Z,USD,,,704848.0,7.3,,,
me05-091,Dhelmise,91,Illustration rare,2026-07-25T08:03:03.827Z,EUR,895875,2026-07-25T08:03:02.308Z,USD,,,704848.0,7.3,,,
me05-091,Dhelmise,91,Illustration rare,2026-07-26T08:03:04.571Z,EUR,895875,2026-07-26T08:03:42.224Z,USD,,,704848.0,6.71,,,
me05-091,Dhelmise,91,Illustration rare,2026-07-27T08:03:04.458Z,EUR,895875,2026-07-27T08:03:49.210Z,USD,,,704848.0,7.05,,,
me05-092,Thievul,92,Illustration rare,2026-07-18T08:02:59.776Z,EUR,895876,2026-07-18T08:02:56.983Z,USD,,,704849.0,,,,
me05-092,Thievul,92,Illustration rare,2026-07-19T08:03:04.558Z,EUR,895876,2026-07-19T08:03:02.366Z,USD,,,704849.0,,,,
me05-092,Thievul,92,Illustration rare,2026-07-20T08:03:04.265Z,EUR,895876,2026-07-20T08:03:02.229Z,USD,,,704849.0,3.28,,,
me05-092,Thievul,92,Illustration rare,2026-07-21T08:03:04.252Z,EUR,895876,2026-07-21T08:03:02.313Z,USD,,,704849.0,3.28,,,
me05-092,Thievul,92,Illustration rare,2026-07-22T08:03:06.558Z,EUR,895876,2026-07-22T08:03:04.171Z,USD,,,704849.0,3.28,,,
me05-092,Thievul,92,Illustration rare,2026-07-23T08:03:03.918Z,EUR,895876,2026-07-23T08:03:01.944Z,USD,,,704849.0,3.28,,,
me05-092,Thievul,92,Illustration rare,2026-07-24T08:03:04.550Z,EUR,895876,2026-07-24T08:03:02.310Z,USD,,,704849.0,3.28,,,
me05-092,Thievul,92,Illustration rare,2026-07-25T08:03:03.827Z,EUR,895876,2026-07-25T08:03:02.308Z,USD,,,704849.0,3.28,,,
me05-092,Thievul,92,Illustration rare,2026-07-26T08:03:04.571Z,EUR,895876,2026-07-26T08:03:42.224Z,USD,,,704849.0,2.83,,,
me05-092,Thievul,92,Illustration rare,2026-07-27T08:03:04.458Z,EUR,895876,2026-07-27T08:03:49.210Z,USD,,,704849.0,2.66,,,
me05-093,Bastiodon,93,Illustration rare,2026-07-18T08:02:59.091Z,EUR,895878,2026-07-18T08:02:56.983Z,USD,,,704850.0,6.83,,,
me05-093,Bastiodon,93,Illustration rare,2026-07-19T08:03:04.558Z,EUR,895878,2026-07-19T08:03:02.366Z,USD,,,704850.0,6.83,,,
me05-093,Bastiodon,93,Illustration rare,2026-07-20T08:03:04.265Z,EUR,895878,2026-07-20T08:03:02.229Z,USD,,,704850.0,5.15,,,
me05-093,Bastiodon,93,Illustration rare,2026-07-21T08:03:04.252Z,EUR,895878,2026-07-21T08:03:02.313Z,USD,,,704850.0,5.15,,,
me05-093,Bastiodon,93,Illustration rare,2026-07-22T08:03:06.471Z,EUR,895878,2026-07-22T08:03:04.171Z,USD,,,704850.0,5.15,,,
me05-093,Bastiodon,93,Illustration rare,2026-07-23T08:03:03.918Z,EUR,895878,2026-07-23T08:03:01.944Z,USD,,,704850.0,5.15,,,
me05-093,Bastiodon,93,Illustration rare,2026-07-24T08:03:04.300Z,EUR,895878,2026-07-24T08:03:02.310Z,USD,,,704850.0,5.15,,,
me05-093,Bastiodon,93,Illustration rare,2026-07-25T08:03:03.827Z,EUR,895878,2026-07-25T08:03:02.308Z,USD,,,704850.0,5.15,,,
me05-093,Bastiodon,93,Illustration rare,2026-07-26T08:03:04.571Z,EUR,895878,2026-07-26T08:03:42.224Z,USD,,,704850.0,4.07,,,
me05-093,Bastiodon,93,Illustration rare,2026-07-27T08:03:04.705Z,EUR,895878,2026-07-27T08:03:49.210Z,USD,,,704850.0,4.22,,,
me05-094,Toucannon,94,Illustration rare,2026-07-18T08:02:59.387Z,EUR,895879,2026-07-18T08:02:56.983Z,USD,,,704851.0,10.26,,,
me05-094,Toucannon,94,Illustration rare,2026-07-19T08:03:04.558Z,EUR,895879,2026-07-19T08:03:02.366Z,USD,,,704851.0,10.26,,,
me05-094,Toucannon,94,Illustration rare,2026-07-20T08:03:04.811Z,EUR,895879,2026-07-20T08:03:02.229Z,USD,,,704851.0,4.86,,,
me05-094,Toucannon,94,Illustration rare,2026-07-21T08:03:04.252Z,EUR,895879,2026-07-21T08:03:02.313Z,USD,,,704851.0,4.86,,,
me05-094,Toucannon,94,Illustration rare,2026-07-22T08:03:06.558Z,EUR,895879,2026-07-22T08:03:04.171Z,USD,,,704851.0,4.86,,,
me05-094,Toucannon,94,Illustration rare,2026-07-23T08:03:03.918Z,EUR,895879,2026-07-23T08:03:01.944Z,USD,,,704851.0,4.86,,,
me05-094,Toucannon,94,Illustration rare,2026-07-24T08:03:04.300Z,EUR,895879,2026-07-24T08:03:02.310Z,USD,,,704851.0,4.86,,,
me05-094,Toucannon,94,Illustration rare,2026-07-25T08:03:03.827Z,EUR,895879,2026-07-25T08:03:02.308Z,USD,,,704851.0,4.86,,,
me05-094,Toucannon,94,Illustration rare,2026-07-26T08:03:04.571Z,EUR,895879,2026-07-26T08:03:42.224Z,USD,,,704851.0,4.77,,,
me05-094,Toucannon,94,Illustration rare,2026-07-27T08:03:04.705Z,EUR,895879,2026-07-27T08:03:49.210Z,USD,,,704851.0,4.96,,,
me05-095,Silvally,95,Illustration rare,2026-07-18T08:02:59.091Z,EUR,895880,2026-07-18T08:02:56.983Z,USD,,,704852.0,6.83,,,
me05-095,Silvally,95,Illustration rare,2026-07-19T08:03:04.658Z,EUR,895880,2026-07-19T08:03:02.366Z,USD,,,704852.0,6.83,,,
me05-095,Silvally,95,Illustration rare,2026-07-20T08:03:04.265Z,EUR,895880,2026-07-20T08:03:02.229Z,USD,,,704852.0,5.07,,,
me05-095,Silvally,95,Illustration rare,2026-07-21T08:03:04.252Z,EUR,895880,2026-07-21T08:03:02.313Z,USD,,,704852.0,5.07,,,
me05-095,Silvally,95,Illustration rare,2026-07-22T08:03:06.471Z,EUR,895880,2026-07-22T08:03:04.171Z,USD,,,704852.0,5.07,,,
me05-095,Silvally,95,Illustration rare,2026-07-23T08:03:03.918Z,EUR,895880,2026-07-23T08:03:01.944Z,USD,,,704852.0,5.07,,,
me05-095,Silvally,95,Illustration rare,2026-07-24T08:03:04.300Z,EUR,895880,2026-07-24T08:03:02.310Z,USD,,,704852.0,5.07,,,
me05-095,Silvally,95,Illustration rare,2026-07-25T08:03:04.261Z,EUR,895880,2026-07-25T08:03:02.308Z,USD,,,704852.0,5.07,,,
me05-095,Silvally,95,Illustration rare,2026-07-26T08:03:04.571Z,EUR,895880,2026-07-26T08:03:42.224Z,USD,,,704852.0,4.5,,,
me05-095,Silvally,95,Illustration rare,2026-07-27T08:03:04.458Z,EUR,895880,2026-07-27T08:03:49.210Z,USD,,,704852.0,4.94,,,
me05-096,Lurantis ex,96,Ultra Rare,2026-07-18T08:02:59.387Z,EUR,895881,2026-07-18T08:02:56.983Z,USD,,,704853.0,,,,
me05-096,Lurantis ex,96,Ultra Rare,2026-07-19T08:03:04.658Z,EUR,895881,2026-07-19T08:03:02.366Z,USD,,,704853.0,,,,
me05-096,Lurantis ex,96,Ultra Rare,2026-07-20T08:03:04.265Z,EUR,895881,2026-07-20T08:03:02.229Z,USD,,,704853.0,3.99,,,
me05-096,Lurantis ex,96,Ultra Rare,2026-07-21T08:03:04.252Z,EUR,895881,2026-07-21T08:03:02.313Z,USD,,,704853.0,3.99,,,
me05-096,Lurantis ex,96,Ultra Rare,2026-07-22T08:03:06.471Z,EUR,895881,2026-07-22T08:03:04.171Z,USD,,,704853.0,3.99,,,
me05-096,Lurantis ex,96,Ultra Rare,2026-07-23T08:03:03.918Z,EUR,895881,2026-07-23T08:03:01.944Z,USD,,,704853.0,3.99,,,
me05-096,Lurantis ex,96,Ultra Rare,2026-07-24T08:03:04.300Z,EUR,895881,2026-07-24T08:03:02.310Z,USD,,,704853.0,3.99,,,
me05-096,Lurantis ex,96,Ultra Rare,2026-07-25T08:03:03.827Z,EUR,895881,2026-07-25T08:03:02.308Z,USD,,,704853.0,3.99,,,
me05-096,Lurantis ex,96,Ultra Rare,2026-07-26T08:03:04.571Z,EUR,895881,2026-07-26T08:03:42.224Z,USD,,,704853.0,3.08,,,
me05-096,Lurantis ex,96,Ultra Rare,2026-07-27T08:03:04.458Z,EUR,895881,2026-07-27T08:03:49.210Z,USD,,,704853.0,3.75,,,
me05-097,Wailord ex,97,Ultra Rare,2026-07-18T08:02:59.387Z,EUR,895882,2026-07-18T08:02:56.983Z,USD,,,704854.0,10.26,,,
me05-097,Wailord ex,97,Ultra Rare,2026-07-19T08:03:04.658Z,EUR,895882,2026-07-19T08:03:02.366Z,USD,,,704854.0,10.26,,,
me05-097,Wailord ex,97,Ultra Rare,2026-07-20T08:03:04.265Z,EUR,895882,2026-07-20T08:03:02.229Z,USD,,,704854.0,3.7,,,
me05-097,Wailord ex,97,Ultra Rare,2026-07-21T08:03:04.252Z,EUR,895882,2026-07-21T08:03:02.313Z,USD,,,704854.0,3.7,,,
me05-097,Wailord ex,97,Ultra Rare,2026-07-22T08:03:06.558Z,EUR,895882,2026-07-22T08:03:04.171Z,USD,,,704854.0,3.7,,,
me05-097,Wailord ex,97,Ultra Rare,2026-07-23T08:03:03.918Z,EUR,895882,2026-07-23T08:03:01.944Z,USD,,,704854.0,3.7,,,
me05-097,Wailord ex,97,Ultra Rare,2026-07-24T08:03:04.300Z,EUR,895882,2026-07-24T08:03:02.310Z,USD,,,704854.0,3.7,,,
me05-097,Wailord ex,97,Ultra Rare,2026-07-25T08:03:03.827Z,EUR,895882,2026-07-25T08:03:02.308Z,USD,,,704854.0,3.7,,,
me05-097,Wailord ex,97,Ultra Rare,2026-07-26T08:03:04.532Z,EUR,895882,2026-07-26T08:03:42.224Z,USD,,,704854.0,3.77,,,
me05-097,Wailord ex,97,Ultra Rare,2026-07-27T08:03:04.458Z,EUR,895882,2026-07-27T08:03:49.210Z,USD,,,704854.0,4.24,,,
me05-098,Mega Zeraora ex,98,Ultra Rare,2026-07-18T08:02:59.776Z,EUR,895883,2026-07-18T08:02:56.983Z,USD,,,704855.0,15.64,,,
me05-098,Mega Zeraora ex,98,Ultra Rare,2026-07-19T08:03:04.658Z,EUR,895883,2026-07-19T08:03:02.366Z,USD,,,704855.0,15.64,,,
me05-098,Mega Zeraora ex,98,Ultra Rare,2026-07-20T08:03:04.265Z,EUR,895883,2026-07-20T08:03:02.229Z,USD,,,704855.0,8.37,,,
me05-098,Mega Zeraora ex,98,Ultra Rare,2026-07-21T08:03:04.252Z,EUR,895883,2026-07-21T08:03:02.313Z,USD,,,704855.0,8.37,,,
me05-098,Mega Zeraora ex,98,Ultra Rare,2026-07-22T08:03:06.558Z,EUR,895883,2026-07-22T08:03:04.171Z,USD,,,704855.0,8.37,,,
me05-098,Mega Zeraora ex,98,Ultra Rare,2026-07-23T08:03:03.918Z,EUR,895883,2026-07-23T08:03:01.944Z,USD,,,704855.0,8.37,,,
me05-098,Mega Zeraora ex,98,Ultra Rare,2026-07-24T08:03:04.550Z,EUR,895883,2026-07-24T08:03:02.310Z,USD,,,704855.0,8.37,,,
me05-098,Mega Zeraora ex,98,Ultra Rare,2026-07-25T08:03:03.827Z,EUR,895883,2026-07-25T08:03:02.308Z,USD,,,704855.0,8.37,,,
me05-098,Mega Zeraora ex,98,Ultra Rare,2026-07-26T08:03:04.532Z,EUR,895883,2026-07-26T08:03:42.224Z,USD,,,704855.0,7.98,,,
me05-098,Mega Zeraora ex,98,Ultra Rare,2026-07-27T08:03:04.458Z,EUR,895883,2026-07-27T08:03:49.210Z,USD,,,704855.0,7.69,,,
me05-099,Mega Chandelure ex,99,Ultra Rare,2026-07-18T08:02:59.387Z,EUR,895884,2026-07-18T08:02:56.983Z,USD,,,704856.0,11.39,,,
me05-099,Mega Chandelure ex,99,Ultra Rare,2026-07-19T08:03:04.658Z,EUR,895884,2026-07-19T08:03:02.366Z,USD,,,704856.0,11.39,,,
me05-099,Mega Chandelure ex,99,Ultra Rare,2026-07-20T08:03:04.811Z,EUR,895884,2026-07-20T08:03:02.229Z,USD,,,704856.0,7.95,,,
me05-099,Mega Chandelure ex,99,Ultra Rare,2026-07-21T08:03:04.252Z,EUR,895884,2026-07-21T08:03:02.313Z,USD,,,704856.0,7.95,,,
me05-099,Mega Chandelure ex,99,Ultra Rare,2026-07-22T08:03:06.558Z,EUR,895884,2026-07-22T08:03:04.171Z,USD,,,704856.0,7.95,,,
me05-099,Mega Chandelure ex,99,Ultra Rare,2026-07-23T08:03:03.918Z,EUR,895884,2026-07-23T08:03:01.944Z,USD,,,704856.0,7.95,,,
me05-099,Mega Chandelure ex,99,Ultra Rare,2026-07-24T08:03:04.550Z,EUR,895884,2026-07-24T08:03:02.310Z,USD,,,704856.0,7.95,,,
me05-099,Mega Chandelure ex,99,Ultra Rare,2026-07-25T08:03:03.827Z,EUR,895884,2026-07-25T08:03:02.308Z,USD,,,704856.0,7.95,,,
me05-099,Mega Chandelure ex,99,Ultra Rare,2026-07-26T08:03:04.732Z,EUR,895884,2026-07-26T08:03:42.224Z,USD,,,704856.0,7.51,,,
me05-099,Mega Chandelure ex,99,Ultra Rare,2026-07-27T08:03:04.458Z,EUR,895884,2026-07-27T08:03:49.210Z,USD,,,704856.0,7.2,,,
me05-100,Rampardos ex,100,Ultra Rare,2026-07-18T08:02:59.387Z,EUR,895885,2026-07-18T08:02:56.983Z,USD,,,704857.0,3.99,,,
me05-100,Rampardos ex,100,Ultra Rare,2026-07-19T08:03:04.658Z,EUR,895885,2026-07-19T08:03:02.366Z,USD,,,704857.0,3.99,,,
me05-100,Rampardos ex,100,Ultra Rare,2026-07-20T08:03:04.265Z,EUR,895885,2026-07-20T08:03:02.229Z,USD,,,704857.0,2.84,,,
me05-100,Rampardos ex,100,Ultra Rare,2026-07-21T08:03:04.252Z,EUR,895885,2026-07-21T08:03:02.313Z,USD,,,704857.0,2.84,,,
me05-100,Rampardos ex,100,Ultra Rare,2026-07-22T08:03:06.471Z,EUR,895885,2026-07-22T08:03:04.171Z,USD,,,704857.0,2.84,,,
me05-100,Rampardos ex,100,Ultra Rare,2026-07-23T08:03:03.918Z,EUR,895885,2026-07-23T08:03:01.944Z,USD,,,704857.0,2.84,,,
me05-100,Rampardos ex,100,Ultra Rare,2026-07-24T08:03:04.300Z,EUR,895885,2026-07-24T08:03:02.310Z,USD,,,704857.0,2.84,,,
me05-100,Rampardos ex,100,Ultra Rare,2026-07-25T08:03:03.827Z,EUR,895885,2026-07-25T08:03:02.308Z,USD,,,704857.0,2.84,,,
me05-100,Rampardos ex,100,Ultra Rare,2026-07-26T08:03:04.732Z,EUR,895885,2026-07-26T08:03:42.224Z,USD,,,704857.0,3.35,,,
me05-100,Rampardos ex,100,Ultra Rare,2026-07-27T08:03:04.458Z,EUR,895885,2026-07-27T08:03:49.210Z,USD,,,704857.0,3.83,,,
me05-101,Mega Darkrai ex,101,Ultra Rare,2026-07-18T08:02:59.387Z,EUR,895886,2026-07-18T08:02:56.983Z,USD,,,704858.0,,,,
me05-101,Mega Darkrai ex,101,Ultra Rare,2026-07-19T08:03:04.658Z,EUR,895886,2026-07-19T08:03:02.366Z,USD,,,704858.0,,,,
me05-101,Mega Darkrai ex,101,Ultra Rare,2026-07-20T08:03:04.265Z,EUR,895886,2026-07-20T08:03:02.229Z,USD,,,704858.0,10.31,,,
me05-101,Mega Darkrai ex,101,Ultra Rare,2026-07-21T08:03:04.252Z,EUR,895886,2026-07-21T08:03:02.313Z,USD,,,704858.0,10.31,,,
me05-101,Mega Darkrai ex,101,Ultra Rare,2026-07-22T08:03:06.471Z,EUR,895886,2026-07-22T08:03:04.171Z,USD,,,704858.0,10.31,,,
me05-101,Mega Darkrai ex,101,Ultra Rare,2026-07-23T08:03:03.918Z,EUR,895886,2026-07-23T08:03:01.944Z,USD,,,704858.0,10.31,,,
me05-101,Mega Darkrai ex,101,Ultra Rare,2026-07-24T08:03:04.300Z,EUR,895886,2026-07-24T08:03:02.310Z,USD,,,704858.0,10.31,,,
me05-101,Mega Darkrai ex,101,Ultra Rare,2026-07-25T08:03:03.827Z,EUR,895886,2026-07-25T08:03:02.308Z,USD,,,704858.0,10.31,,,
me05-101,Mega Darkrai ex,101,Ultra Rare,2026-07-26T08:03:04.732Z,EUR,895886,2026-07-26T08:03:42.224Z,USD,,,704858.0,11.18,,,
me05-101,Mega Darkrai ex,101,Ultra Rare,2026-07-27T08:03:04.705Z,EUR,895886,2026-07-27T08:03:49.210Z,USD,,,704858.0,11.5,,,
me05-102,Morpeko ex,102,Ultra Rare,2026-07-18T08:02:59.387Z,EUR,895887,2026-07-18T08:02:56.983Z,USD,,,704859.0,5.13,,,
me05-102,Morpeko ex,102,Ultra Rare,2026-07-19T08:03:04.658Z,EUR,895887,2026-07-19T08:03:02.366Z,USD,,,704859.0,5.13,,,
me05-102,Morpeko ex,102,Ultra Rare,2026-07-20T08:03:04.265Z,EUR,895887,2026-07-20T08:03:02.229Z,USD,,,704859.0,4.98,,,
me05-102,Morpeko ex,102,Ultra Rare,2026-07-21T08:03:04.252Z,EUR,895887,2026-07-21T08:03:02.313Z,USD,,,704859.0,4.98,,,
me05-102,Morpeko ex,102,Ultra Rare,2026-07-22T08:03:06.471Z,EUR,895887,2026-07-22T08:03:04.171Z,USD,,,704859.0,4.98,,,
me05-102,Morpeko ex,102,Ultra Rare,2026-07-23T08:03:03.918Z,EUR,895887,2026-07-23T08:03:01.944Z,USD,,,704859.0,4.98,,,
me05-102,Morpeko ex,102,Ultra Rare,2026-07-24T08:03:04.359Z,EUR,895887,2026-07-24T08:03:02.310Z,USD,,,704859.0,4.98,,,
me05-102,Morpeko ex,102,Ultra Rare,2026-07-25T08:03:03.827Z,EUR,895887,2026-07-25T08:03:02.308Z,USD,,,704859.0,4.98,,,
me05-102,Morpeko ex,102,Ultra Rare,2026-07-26T08:03:04.532Z,EUR,895887,2026-07-26T08:03:42.224Z,USD,,,704859.0,4.97,,,
me05-102,Morpeko ex,102,Ultra Rare,2026-07-27T08:03:04.705Z,EUR,895887,2026-07-27T08:03:49.210Z,USD,,,704859.0,4.83,,,
me05-103,Mega Excadrill ex,103,Ultra Rare,2026-07-18T08:02:59.387Z,EUR,895888,2026-07-18T08:02:56.983Z,USD,,,704860.0,9.69,,,
me05-103,Mega Excadrill ex,103,Ultra Rare,2026-07-19T08:03:04.658Z,EUR,895888,2026-07-19T08:03:02.366Z,USD,,,704860.0,9.69,,,
me05-103,Mega Excadrill ex,103,Ultra Rare,2026-07-20T08:03:04.265Z,EUR,895888,2026-07-20T08:03:02.229Z,USD,,,704860.0,6.98,,,
me05-103,Mega Excadrill ex,103,Ultra Rare,2026-07-21T08:03:04.252Z,EUR,895888,2026-07-21T08:03:02.313Z,USD,,,704860.0,6.98,,,
me05-103,Mega Excadrill ex,103,Ultra Rare,2026-07-22T08:03:06.471Z,EUR,895888,2026-07-22T08:03:04.171Z,USD,,,704860.0,6.98,,,
me05-103,Mega Excadrill ex,103,Ultra Rare,2026-07-23T08:03:03.918Z,EUR,895888,2026-07-23T08:03:01.944Z,USD,,,704860.0,6.98,,,
me05-103,Mega Excadrill ex,103,Ultra Rare,2026-07-24T08:03:04.550Z,EUR,895888,2026-07-24T08:03:02.310Z,USD,,,704860.0,6.98,,,
me05-103,Mega Excadrill ex,103,Ultra Rare,2026-07-25T08:03:03.827Z,EUR,895888,2026-07-25T08:03:02.308Z,USD,,,704860.0,6.98,,,
me05-103,Mega Excadrill ex,103,Ultra Rare,2026-07-26T08:03:04.532Z,EUR,895888,2026-07-26T08:03:42.224Z,USD,,,704860.0,7.23,,,
me05-103,Mega Excadrill ex,103,Ultra Rare,2026-07-27T08:03:04.458Z,EUR,895888,2026-07-27T08:03:49.210Z,USD,,,704860.0,7.44,,,
me05-104,Brave Bangle,104,Ultra Rare,2026-07-18T08:02:59.776Z,EUR,895889,2026-07-18T08:02:56.983Z,USD,,,704861.0,17.09,,,
me05-104,Brave Bangle,104,Ultra Rare,2026-07-19T08:03:04.658Z,EUR,895889,2026-07-19T08:03:02.366Z,USD,,,704861.0,17.09,,,
me05-104,Brave Bangle,104,Ultra Rare,2026-07-20T08:03:04.265Z,EUR,895889,2026-07-20T08:03:02.229Z,USD,,,704861.0,3.97,,,
me05-104,Brave Bangle,104,Ultra Rare,2026-07-21T08:03:04.457Z,EUR,895889,2026-07-21T08:03:02.313Z,USD,,,704861.0,3.97,,,
me05-104,Brave Bangle,104,Ultra Rare,2026-07-22T08:03:06.471Z,EUR,895889,2026-07-22T08:03:04.171Z,USD,,,704861.0,3.97,,,
me05-104,Brave Bangle,104,Ultra Rare,2026-07-23T08:03:03.918Z,EUR,895889,2026-07-23T08:03:01.944Z,USD,,,704861.0,3.97,,,
me05-104,Brave Bangle,104,Ultra Rare,2026-07-24T08:03:04.359Z,EUR,895889,2026-07-24T08:03:02.310Z,USD,,,704861.0,3.97,,,
me05-104,Brave Bangle,104,Ultra Rare,2026-07-25T08:03:03.827Z,EUR,895889,2026-07-25T08:03:02.308Z,USD,,,704861.0,3.97,,,
me05-104,Brave Bangle,104,Ultra Rare,2026-07-26T08:03:04.532Z,EUR,895889,2026-07-26T08:03:42.224Z,USD,,,704861.0,4.15,,,
me05-104,Brave Bangle,104,Ultra Rare,2026-07-27T08:03:04.689Z,EUR,895889,2026-07-27T08:03:49.210Z,USD,,,704861.0,3.55,,,
me05-105,Crushing Hammer,105,Ultra Rare,2026-07-18T08:02:59.387Z,EUR,895890,2026-07-18T08:02:56.983Z,USD,,,704862.0,7.12,,,
me05-105,Crushing Hammer,105,Ultra Rare,2026-07-19T08:03:04.658Z,EUR,895890,2026-07-19T08:03:02.366Z,USD,,,704862.0,7.12,,,
me05-105,Crushing Hammer,105,Ultra Rare,2026-07-20T08:03:04.265Z,EUR,895890,2026-07-20T08:03:02.229Z,USD,,,704862.0,4.91,,,
me05-105,Crushing Hammer,105,Ultra Rare,2026-07-21T08:03:04.457Z,EUR,895890,2026-07-21T08:03:02.313Z,USD,,,704862.0,4.91,,,
me05-105,Crushing Hammer,105,Ultra Rare,2026-07-22T08:03:06.471Z,EUR,895890,2026-07-22T08:03:04.171Z,USD,,,704862.0,4.91,,,
me05-105,Crushing Hammer,105,Ultra Rare,2026-07-23T08:03:03.918Z,EUR,895890,2026-07-23T08:03:01.944Z,USD,,,704862.0,4.91,,,
me05-105,Crushing Hammer,105,Ultra Rare,2026-07-24T08:03:04.300Z,EUR,895890,2026-07-24T08:03:02.310Z,USD,,,704862.0,4.91,,,
me05-105,Crushing Hammer,105,Ultra Rare,2026-07-25T08:03:04.302Z,EUR,895890,2026-07-25T08:03:02.308Z,USD,,,704862.0,4.91,,,
me05-105,Crushing Hammer,105,Ultra Rare,2026-07-26T08:03:04.532Z,EUR,895890,2026-07-26T08:03:42.224Z,USD,,,704862.0,4.77,,,
me05-105,Crushing Hammer,105,Ultra Rare,2026-07-27T08:03:04.689Z,EUR,895890,2026-07-27T08:03:49.210Z,USD,,,704862.0,4.66,,,
me05-106,Dark Bell,106,Ultra Rare,2026-07-18T08:02:59.091Z,EUR,895891,2026-07-18T08:02:56.983Z,USD,,,704863.0,9.12,,,
me05-106,Dark Bell,106,Ultra Rare,2026-07-19T08:03:04.558Z,EUR,895891,2026-07-19T08:03:02.366Z,USD,,,704863.0,9.12,,,
me05-106,Dark Bell,106,Ultra Rare,2026-07-20T08:03:04.265Z,EUR,895891,2026-07-20T08:03:02.229Z,USD,,,704863.0,3.69,,,
me05-106,Dark Bell,106,Ultra Rare,2026-07-21T08:03:04.252Z,EUR,895891,2026-07-21T08:03:02.313Z,USD,,,704863.0,3.69,,,
me05-106,Dark Bell,106,Ultra Rare,2026-07-22T08:03:06.471Z,EUR,895891,2026-07-22T08:03:04.171Z,USD,,,704863.0,3.69,,,
me05-106,Dark Bell,106,Ultra Rare,2026-07-23T08:03:03.918Z,EUR,895891,2026-07-23T08:03:01.944Z,USD,,,704863.0,3.69,,,
me05-106,Dark Bell,106,Ultra Rare,2026-07-24T08:03:04.300Z,EUR,895891,2026-07-24T08:03:02.310Z,USD,,,704863.0,3.69,,,
me05-106,Dark Bell,106,Ultra Rare,2026-07-25T08:03:04.302Z,EUR,895891,2026-07-25T08:03:02.308Z,USD,,,704863.0,3.69,,,
me05-106,Dark Bell,106,Ultra Rare,2026-07-26T08:03:04.571Z,EUR,895891,2026-07-26T08:03:42.224Z,USD,,,704863.0,3.32,,,
me05-106,Dark Bell,106,Ultra Rare,2026-07-27T08:03:04.458Z,EUR,895891,2026-07-27T08:03:49.210Z,USD,,,704863.0,3.27,,,
me05-107,Energy Switch,107,Ultra Rare,2026-07-18T08:02:59.387Z,EUR,895892,2026-07-18T08:02:56.983Z,USD,,,704864.0,,,,
me05-107,Energy Switch,107,Ultra Rare,2026-07-19T08:03:04.558Z,EUR,895892,2026-07-19T08:03:02.366Z,USD,,,704864.0,,,,
me05-107,Energy Switch,107,Ultra Rare,2026-07-20T08:03:04.265Z,EUR,895892,2026-07-20T08:03:02.229Z,USD,,,704864.0,3.19,,,
me05-107,Energy Switch,107,Ultra Rare,2026-07-21T08:03:04.252Z,EUR,895892,2026-07-21T08:03:02.313Z,USD,,,704864.0,3.19,,,
me05-107,Energy Switch,107,Ultra Rare,2026-07-22T08:03:06.471Z,EUR,895892,2026-07-22T08:03:04.171Z,USD,,,704864.0,3.19,,,
me05-107,Energy Switch,107,Ultra Rare,2026-07-23T08:03:03.918Z,EUR,895892,2026-07-23T08:03:01.944Z,USD,,,704864.0,3.19,,,
me05-107,Energy Switch,107,Ultra Rare,2026-07-24T08:03:04.359Z,EUR,895892,2026-07-24T08:03:02.310Z,USD,,,704864.0,3.19,,,
me05-107,Energy Switch,107,Ultra Rare,2026-07-25T08:03:04.261Z,EUR,895892,2026-07-25T08:03:02.308Z,USD,,,704864.0,3.19,,,
me05-107,Energy Switch,107,Ultra Rare,2026-07-26T08:03:04.571Z,EUR,895892,2026-07-26T08:03:42.224Z,USD,,,704864.0,3.0,,,
me05-107,Energy Switch,107,Ultra Rare,2026-07-27T08:03:04.689Z,EUR,895892,2026-07-27T08:03:49.210Z,USD,,,704864.0,3.08,,,
me05-108,Gladion's Final Battle,108,Ultra Rare,2026-07-18T08:02:58.823Z,EUR,895893,2026-07-18T08:02:56.983Z,USD,,,704865.0,6.73,,,
me05-108,Gladion's Final Battle,108,Ultra Rare,2026-07-19T08:03:04.658Z,EUR,895893,2026-07-19T08:03:02.366Z,USD,,,704865.0,6.73,,,
me05-108,Gladion's Final Battle,108,Ultra Rare,2026-07-20T08:03:04.265Z,EUR,895893,2026-07-20T08:03:02.229Z,USD,,,704865.0,4.91,,,
me05-108,Gladion's Final Battle,108,Ultra Rare,2026-07-21T08:03:04.252Z,EUR,895893,2026-07-21T08:03:02.313Z,USD,,,704865.0,4.91,,,
me05-108,Gladion's Final Battle,108,Ultra Rare,2026-07-22T08:03:06.471Z,EUR,895893,2026-07-22T08:03:04.171Z,USD,,,704865.0,4.91,,,
me05-108,Gladion's Final Battle,108,Ultra Rare,2026-07-23T08:03:03.918Z,EUR,895893,2026-07-23T08:03:01.944Z,USD,,,704865.0,4.91,,,
me05-108,Gladion's Final Battle,108,Ultra Rare,2026-07-24T08:03:04.550Z,EUR,895893,2026-07-24T08:03:02.310Z,USD,,,704865.0,4.91,,,
me05-108,Gladion's Final Battle,108,Ultra Rare,2026-07-25T08:03:03.827Z,EUR,895893,2026-07-25T08:03:02.308Z,USD,,,704865.0,4.91,,,
me05-108,Gladion's Final Battle,108,Ultra Rare,2026-07-26T08:03:04.571Z,EUR,895893,2026-07-26T08:03:42.224Z,USD,,,704865.0,3.7,,,
me05-108,Gladion's Final Battle,108,Ultra Rare,2026-07-27T08:03:04.458Z,EUR,895893,2026-07-27T08:03:49.210Z,USD,,,704865.0,4.75,,,
me05-109,Gwynn,109,Ultra Rare,2026-07-18T08:02:59.647Z,EUR,895894,2026-07-18T08:02:56.983Z,USD,,,704866.0,10.26,,,
me05-109,Gwynn,109,Ultra Rare,2026-07-19T08:03:04.658Z,EUR,895894,2026-07-19T08:03:02.366Z,USD,,,704866.0,10.26,,,
me05-109,Gwynn,109,Ultra Rare,2026-07-20T08:03:04.265Z,EUR,895894,2026-07-20T08:03:02.229Z,USD,,,704866.0,9.15,,,
me05-109,Gwynn,109,Ultra Rare,2026-07-21T08:03:04.252Z,EUR,895894,2026-07-21T08:03:02.313Z,USD,,,704866.0,9.15,,,
me05-109,Gwynn,109,Ultra Rare,2026-07-22T08:03:06.627Z,EUR,895894,2026-07-22T08:03:04.171Z,USD,,,704866.0,9.15,,,
me05-109,Gwynn,109,Ultra Rare,2026-07-23T08:03:03.918Z,EUR,895894,2026-07-23T08:03:01.944Z,USD,,,704866.0,9.15,,,
me05-109,Gwynn,109,Ultra Rare,2026-07-24T08:03:04.300Z,EUR,895894,2026-07-24T08:03:02.310Z,USD,,,704866.0,9.15,,,
me05-109,Gwynn,109,Ultra Rare,2026-07-25T08:03:04.624Z,EUR,895894,2026-07-25T08:03:02.308Z,USD,,,704866.0,9.15,,,
me05-109,Gwynn,109,Ultra Rare,2026-07-26T08:03:04.571Z,EUR,895894,2026-07-26T08:03:42.224Z,USD,,,704866.0,9.33,,,
me05-109,Gwynn,109,Ultra Rare,2026-07-27T08:03:04.689Z,EUR,895894,2026-07-27T08:03:49.210Z,USD,,,704866.0,8.99,,,
me05-110,Iron Defender,110,Ultra Rare,2026-07-18T08:02:59.776Z,EUR,895895,2026-07-18T08:02:56.983Z,USD,,,704867.0,3.14,,,
me05-110,Iron Defender,110,Ultra Rare,2026-07-19T08:03:04.658Z,EUR,895895,2026-07-19T08:03:02.366Z,USD,,,704867.0,3.14,,,
me05-110,Iron Defender,110,Ultra Rare,2026-07-20T08:03:04.265Z,EUR,895895,2026-07-20T08:03:02.229Z,USD,,,704867.0,2.03,,,
me05-110,Iron Defender,110,Ultra Rare,2026-07-21T08:03:04.252Z,EUR,895895,2026-07-21T08:03:02.313Z,USD,,,704867.0,2.03,,,
me05-110,Iron Defender,110,Ultra Rare,2026-07-22T08:03:06.627Z,EUR,895895,2026-07-22T08:03:04.171Z,USD,,,704867.0,2.03,,,
me05-110,Iron Defender,110,Ultra Rare,2026-07-23T08:03:03.918Z,EUR,895895,2026-07-23T08:03:01.944Z,USD,,,704867.0,2.03,,,
me05-110,Iron Defender,110,Ultra Rare,2026-07-24T08:03:04.300Z,EUR,895895,2026-07-24T08:03:02.310Z,USD,,,704867.0,2.03,,,
me05-110,Iron Defender,110,Ultra Rare,2026-07-25T08:03:04.302Z,EUR,895895,2026-07-25T08:03:02.308Z,USD,,,704867.0,2.03,,,
me05-110,Iron Defender,110,Ultra Rare,2026-07-26T08:03:04.571Z,EUR,895895,2026-07-26T08:03:42.224Z,USD,,,704867.0,1.66,,,
me05-110,Iron Defender,110,Ultra Rare,2026-07-27T08:03:04.705Z,EUR,895895,2026-07-27T08:03:49.210Z,USD,,,704867.0,2.25,,,
me05-111,Misty's Vitality,111,Ultra Rare,2026-07-18T08:02:59.387Z,EUR,895896,2026-07-18T08:02:56.983Z,USD,,,704868.0,22.8,,,
me05-111,Misty's Vitality,111,Ultra Rare,2026-07-19T08:03:04.658Z,EUR,895896,2026-07-19T08:03:02.366Z,USD,,,704868.0,22.8,,,
me05-111,Misty's Vitality,111,Ultra Rare,2026-07-20T08:03:04.265Z,EUR,895896,2026-07-20T08:03:02.229Z,USD,,,704868.0,25.01,,,
me05-111,Misty's Vitality,111,Ultra Rare,2026-07-21T08:03:04.252Z,EUR,895896,2026-07-21T08:03:02.313Z,USD,,,704868.0,25.01,,,
me05-111,Misty's Vitality,111,Ultra Rare,2026-07-22T08:03:06.558Z,EUR,895896,2026-07-22T08:03:04.171Z,USD,,,704868.0,25.01,,,
me05-111,Misty's Vitality,111,Ultra Rare,2026-07-23T08:03:03.918Z,EUR,895896,2026-07-23T08:03:01.944Z,USD,,,704868.0,25.01,,,
me05-111,Misty's Vitality,111,Ultra Rare,2026-07-24T08:03:04.300Z,EUR,895896,2026-07-24T08:03:02.310Z,USD,,,704868.0,25.01,,,
me05-111,Misty's Vitality,111,Ultra Rare,2026-07-25T08:03:04.261Z,EUR,895896,2026-07-25T08:03:02.308Z,USD,,,704868.0,25.01,,,
me05-111,Misty's Vitality,111,Ultra Rare,2026-07-26T08:03:04.571Z,EUR,895896,2026-07-26T08:03:42.224Z,USD,,,704868.0,23.21,,,
me05-111,Misty's Vitality,111,Ultra Rare,2026-07-27T08:03:04.458Z,EUR,895896,2026-07-27T08:03:49.210Z,USD,,,704868.0,23.3,,,
me05-112,Rust Syndicate Grunt,112,Ultra Rare,2026-07-18T08:02:59.776Z,EUR,895897,2026-07-18T08:02:56.983Z,USD,,,704869.0,9.1,,,
me05-112,Rust Syndicate Grunt,112,Ultra Rare,2026-07-19T08:03:04.658Z,EUR,895897,2026-07-19T08:03:02.366Z,USD,,,704869.0,9.1,,,
me05-112,Rust Syndicate Grunt,112,Ultra Rare,2026-07-20T08:03:04.265Z,EUR,895897,2026-07-20T08:03:02.229Z,USD,,,704869.0,4.1,,,
me05-112,Rust Syndicate Grunt,112,Ultra Rare,2026-07-21T08:03:04.457Z,EUR,895897,2026-07-21T08:03:02.313Z,USD,,,704869.0,4.1,,,
me05-112,Rust Syndicate Grunt,112,Ultra Rare,2026-07-22T08:03:06.558Z,EUR,895897,2026-07-22T08:03:04.171Z,USD,,,704869.0,4.1,,,
me05-112,Rust Syndicate Grunt,112,Ultra Rare,2026-07-23T08:03:03.918Z,EUR,895897,2026-07-23T08:03:01.944Z,USD,,,704869.0,4.1,,,
me05-112,Rust Syndicate Grunt,112,Ultra Rare,2026-07-24T08:03:04.300Z,EUR,895897,2026-07-24T08:03:02.310Z,USD,,,704869.0,4.1,,,
me05-112,Rust Syndicate Grunt,112,Ultra Rare,2026-07-25T08:03:04.397Z,EUR,895897,2026-07-25T08:03:02.308Z,USD,,,704869.0,4.1,,,
me05-112,Rust Syndicate Grunt,112,Ultra Rare,2026-07-26T08:03:04.571Z,EUR,895897,2026-07-26T08:03:42.224Z,USD,,,704869.0,3.68,,,
me05-112,Rust Syndicate Grunt,112,Ultra Rare,2026-07-27T08:03:04.458Z,EUR,895897,2026-07-27T08:03:49.210Z,USD,,,704869.0,3.47,,,
me05-113,Tremendous Bomb,113,Ultra Rare,2026-07-18T08:02:59.776Z,EUR,895898,2026-07-18T08:02:56.983Z,USD,,,704870.0,,,,
me05-113,Tremendous Bomb,113,Ultra Rare,2026-07-19T08:03:04.658Z,EUR,895898,2026-07-19T08:03:02.366Z,USD,,,704870.0,,,,
me05-113,Tremendous Bomb,113,Ultra Rare,2026-07-20T08:03:04.265Z,EUR,895898,2026-07-20T08:03:02.229Z,USD,,,704870.0,2.14,,,
me05-113,Tremendous Bomb,113,Ultra Rare,2026-07-21T08:03:04.457Z,EUR,895898,2026-07-21T08:03:02.313Z,USD,,,704870.0,2.14,,,
me05-113,Tremendous Bomb,113,Ultra Rare,2026-07-22T08:03:06.558Z,EUR,895898,2026-07-22T08:03:04.171Z,USD,,,704870.0,2.14,,,
me05-113,Tremendous Bomb,113,Ultra Rare,2026-07-23T08:03:03.918Z,EUR,895898,2026-07-23T08:03:01.944Z,USD,,,704870.0,2.14,,,
me05-113,Tremendous Bomb,113,Ultra Rare,2026-07-24T08:03:04.300Z,EUR,895898,2026-07-24T08:03:02.310Z,USD,,,704870.0,2.14,,,
me05-113,Tremendous Bomb,113,Ultra Rare,2026-07-25T08:03:04.261Z,EUR,895898,2026-07-25T08:03:02.308Z,USD,,,704870.0,2.14,,,
me05-113,Tremendous Bomb,113,Ultra Rare,2026-07-26T08:03:04.571Z,EUR,895898,2026-07-26T08:03:42.224Z,USD,,,704870.0,1.6,,,
me05-113,Tremendous Bomb,113,Ultra Rare,2026-07-27T08:03:04.689Z,EUR,895898,2026-07-27T08:03:49.210Z,USD,,,704870.0,1.96,,,
me05-114,Mega Zeraora ex,114,Special illustration rare,2026-07-18T08:02:59.776Z,EUR,895899,2026-07-18T08:02:56.983Z,USD,,,704871.0,108.3,,,
me05-114,Mega Zeraora ex,114,Special illustration rare,2026-07-19T08:03:04.658Z,EUR,895899,2026-07-19T08:03:02.366Z,USD,,,704871.0,108.3,,,
me05-114,Mega Zeraora ex,114,Special illustration rare,2026-07-20T08:03:04.265Z,EUR,895899,2026-07-20T08:03:02.229Z,USD,,,704871.0,69.29,,,
me05-114,Mega Zeraora ex,114,Special illustration rare,2026-07-21T08:03:04.252Z,EUR,895899,2026-07-21T08:03:02.313Z,USD,,,704871.0,69.29,,,
me05-114,Mega Zeraora ex,114,Special illustration rare,2026-07-22T08:03:06.471Z,EUR,895899,2026-07-22T08:03:04.171Z,USD,,,704871.0,69.29,,,
me05-114,Mega Zeraora ex,114,Special illustration rare,2026-07-23T08:03:03.918Z,EUR,895899,2026-07-23T08:03:01.944Z,USD,,,704871.0,69.29,,,
me05-114,Mega Zeraora ex,114,Special illustration rare,2026-07-24T08:03:04.300Z,EUR,895899,2026-07-24T08:03:02.310Z,USD,,,704871.0,69.29,,,
me05-114,Mega Zeraora ex,114,Special illustration rare,2026-07-25T08:03:04.261Z,EUR,895899,2026-07-25T08:03:02.308Z,USD,,,704871.0,69.29,,,
me05-114,Mega Zeraora ex,114,Special illustration rare,2026-07-26T08:03:04.571Z,EUR,895899,2026-07-26T08:03:42.224Z,USD,,,704871.0,63.03,,,
me05-114,Mega Zeraora ex,114,Special illustration rare,2026-07-27T08:03:04.705Z,EUR,895899,2026-07-27T08:03:49.210Z,USD,,,704871.0,64.5,,,
me05-115,Mega Chandelure ex,115,Special illustration rare,2026-07-18T08:02:59.647Z,EUR,895900,2026-07-18T08:02:56.983Z,USD,,,704872.0,62.7,,,
me05-115,Mega Chandelure ex,115,Special illustration rare,2026-07-19T08:03:04.658Z,EUR,895900,2026-07-19T08:03:02.366Z,USD,,,704872.0,62.7,,,
me05-115,Mega Chandelure ex,115,Special illustration rare,2026-07-20T08:03:04.265Z,EUR,895900,2026-07-20T08:03:02.229Z,USD,,,704872.0,51.19,,,
me05-115,Mega Chandelure ex,115,Special illustration rare,2026-07-21T08:03:04.252Z,EUR,895900,2026-07-21T08:03:02.313Z,USD,,,704872.0,51.19,,,
me05-115,Mega Chandelure ex,115,Special illustration rare,2026-07-22T08:03:06.471Z,EUR,895900,2026-07-22T08:03:04.171Z,USD,,,704872.0,51.19,,,
me05-115,Mega Chandelure ex,115,Special illustration rare,2026-07-23T08:03:03.918Z,EUR,895900,2026-07-23T08:03:01.944Z,USD,,,704872.0,51.19,,,
me05-115,Mega Chandelure ex,115,Special illustration rare,2026-07-24T08:03:04.550Z,EUR,895900,2026-07-24T08:03:02.310Z,USD,,,704872.0,51.19,,,
me05-115,Mega Chandelure ex,115,Special illustration rare,2026-07-25T08:03:04.302Z,EUR,895900,2026-07-25T08:03:02.308Z,USD,,,704872.0,51.19,,,
me05-115,Mega Chandelure ex,115,Special illustration rare,2026-07-26T08:03:04.571Z,EUR,895900,2026-07-26T08:03:42.224Z,USD,,,704872.0,43.75,,,
me05-115,Mega Chandelure ex,115,Special illustration rare,2026-07-27T08:03:04.705Z,EUR,895900,2026-07-27T08:03:49.210Z,USD,,,704872.0,44.11,,,
me05-116,Mega Darkrai ex,116,Special illustration rare,2026-07-18T08:02:59.776Z,EUR,895901,2026-07-18T08:02:56.983Z,USD,,,704873.0,504.45,,,
me05-116,Mega Darkrai ex,116,Special illustration rare,2026-07-19T08:03:04.658Z,EUR,895901,2026-07-19T08:03:02.366Z,USD,,,704873.0,504.45,,,
me05-116,Mega Darkrai ex,116,Special illustration rare,2026-07-20T08:03:04.265Z,EUR,895901,2026-07-20T08:03:02.229Z,USD,,,704873.0,379.96,,,
me05-116,Mega Darkrai ex,116,Special illustration rare,2026-07-21T08:03:04.252Z,EUR,895901,2026-07-21T08:03:02.313Z,USD,,,704873.0,379.96,,,
me05-116,Mega Darkrai ex,116,Special illustration rare,2026-07-22T08:03:06.471Z,EUR,895901,2026-07-22T08:03:04.171Z,USD,,,704873.0,379.96,,,
me05-116,Mega Darkrai ex,116,Special illustration rare,2026-07-23T08:03:03.918Z,EUR,895901,2026-07-23T08:03:01.944Z,USD,,,704873.0,379.96,,,
me05-116,Mega Darkrai ex,116,Special illustration rare,2026-07-24T08:03:04.300Z,EUR,895901,2026-07-24T08:03:02.310Z,USD,,,704873.0,379.96,,,
me05-116,Mega Darkrai ex,116,Special illustration rare,2026-07-25T08:03:04.261Z,EUR,895901,2026-07-25T08:03:02.308Z,USD,,,704873.0,379.96,,,
me05-116,Mega Darkrai ex,116,Special illustration rare,2026-07-26T08:03:04.571Z,EUR,895901,2026-07-26T08:03:42.224Z,USD,,,704873.0,379.47,,,
me05-116,Mega Darkrai ex,116,Special illustration rare,2026-07-27T08:03:04.705Z,EUR,895901,2026-07-27T08:03:49.210Z,USD,,,704873.0,329.57,,,
me05-117,Morpeko ex,117,Special illustration rare,2026-07-18T08:02:59.776Z,EUR,895902,2026-07-18T08:02:56.983Z,USD,,,704874.0,67.02,,,
me05-117,Morpeko ex,117,Special illustration rare,2026-07-19T08:03:04.558Z,EUR,895902,2026-07-19T08:03:02.366Z,USD,,,704874.0,67.02,,,
me05-117,Morpeko ex,117,Special illustration rare,2026-07-20T08:03:04.265Z,EUR,895902,2026-07-20T08:03:02.229Z,USD,,,704874.0,87.32,,,
me05-117,Morpeko ex,117,Special illustration rare,2026-07-21T08:03:04.252Z,EUR,895902,2026-07-21T08:03:02.313Z,USD,,,704874.0,87.32,,,
me05-117,Morpeko ex,117,Special illustration rare,2026-07-22T08:03:06.471Z,EUR,895902,2026-07-22T08:03:04.171Z,USD,,,704874.0,87.32,,,
me05-117,Morpeko ex,117,Special illustration rare,2026-07-23T08:03:03.918Z,EUR,895902,2026-07-23T08:03:01.944Z,USD,,,704874.0,87.32,,,
me05-117,Morpeko ex,117,Special illustration rare,2026-07-24T08:03:04.550Z,EUR,895902,2026-07-24T08:03:02.310Z,USD,,,704874.0,87.32,,,
me05-117,Morpeko ex,117,Special illustration rare,2026-07-25T08:03:04.261Z,EUR,895902,2026-07-25T08:03:02.308Z,USD,,,704874.0,87.32,,,
me05-117,Morpeko ex,117,Special illustration rare,2026-07-26T08:03:04.571Z,EUR,895902,2026-07-26T08:03:42.224Z,USD,,,704874.0,87.92,,,
me05-117,Morpeko ex,117,Special illustration rare,2026-07-27T08:03:04.705Z,EUR,895902,2026-07-27T08:03:49.210Z,USD,,,704874.0,87.27,,,
me05-118,Gladion's Final Battle,118,Special illustration rare,2026-07-18T08:02:59.776Z,EUR,895903,2026-07-18T08:02:56.983Z,USD,,,704875.0,53.52,,,
me05-118,Gladion's Final Battle,118,Special illustration rare,2026-07-19T08:03:04.558Z,EUR,895903,2026-07-19T08:03:02.366Z,USD,,,704875.0,53.52,,,
me05-118,Gladion's Final Battle,118,Special illustration rare,2026-07-20T08:03:04.265Z,EUR,895903,2026-07-20T08:03:02.229Z,USD,,,704875.0,31.57,,,
me05-118,Gladion's Final Battle,118,Special illustration rare,2026-07-21T08:03:04.252Z,EUR,895903,2026-07-21T08:03:02.313Z,USD,,,704875.0,31.57,,,
me05-118,Gladion's Final Battle,118,Special illustration rare,2026-07-22T08:03:06.471Z,EUR,895903,2026-07-22T08:03:04.171Z,USD,,,704875.0,31.57,,,
me05-118,Gladion's Final Battle,118,Special illustration rare,2026-07-23T08:03:03.918Z,EUR,895903,2026-07-23T08:03:01.944Z,USD,,,704875.0,31.57,,,
me05-118,Gladion's Final Battle,118,Special illustration rare,2026-07-24T08:03:04.300Z,EUR,895903,2026-07-24T08:03:02.310Z,USD,,,704875.0,31.57,,,
me05-118,Gladion's Final Battle,118,Special illustration rare,2026-07-25T08:03:04.302Z,EUR,895903,2026-07-25T08:03:02.308Z,USD,,,704875.0,31.57,,,
me05-118,Gladion's Final Battle,118,Special illustration rare,2026-07-26T08:03:04.571Z,EUR,895903,2026-07-26T08:03:42.224Z,USD,,,704875.0,27.82,,,
me05-118,Gladion's Final Battle,118,Special illustration rare,2026-07-27T08:03:04.705Z,EUR,895903,2026-07-27T08:03:49.210Z,USD,,,704875.0,31.32,,,
me05-119,Gwynn,119,Special illustration rare,2026-07-18T08:02:59.776Z,EUR,895904,2026-07-18T08:02:56.983Z,USD,,,704876.0,68.4,,,
me05-119,Gwynn,119,Special illustration rare,2026-07-19T08:03:04.558Z,EUR,895904,2026-07-19T08:03:02.366Z,USD,,,704876.0,68.4,,,
me05-119,Gwynn,119,Special illustration rare,2026-07-20T08:03:04.265Z,EUR,895904,2026-07-20T08:03:02.229Z,USD,,,704876.0,30.05,,,
me05-119,Gwynn,119,Special illustration rare,2026-07-21T08:03:04.252Z,EUR,895904,2026-07-21T08:03:02.313Z,USD,,,704876.0,30.05,,,
me05-119,Gwynn,119,Special illustration rare,2026-07-22T08:03:06.471Z,EUR,895904,2026-07-22T08:03:04.171Z,USD,,,704876.0,30.05,,,
me05-119,Gwynn,119,Special illustration rare,2026-07-23T08:03:03.918Z,EUR,895904,2026-07-23T08:03:01.944Z,USD,,,704876.0,30.05,,,
me05-119,Gwynn,119,Special illustration rare,2026-07-24T08:03:04.300Z,EUR,895904,2026-07-24T08:03:02.310Z,USD,,,704876.0,30.05,,,
me05-119,Gwynn,119,Special illustration rare,2026-07-25T08:03:04.261Z,EUR,895904,2026-07-25T08:03:02.308Z,USD,,,704876.0,30.05,,,
me05-119,Gwynn,119,Special illustration rare,2026-07-26T08:03:04.571Z,EUR,895904,2026-07-26T08:03:42.224Z,USD,,,704876.0,31.42,,,
me05-119,Gwynn,119,Special illustration rare,2026-07-27T08:03:04.705Z,EUR,895904,2026-07-27T08:03:49.210Z,USD,,,704876.0,34.42,,,
me05-120,Mega Darkrai ex,120,Mega Hyper Rare,2026-07-18T08:02:59.776Z,EUR,895905,2026-07-18T08:02:56.983Z,USD,,,704877.0,319.2,,,
me05-120,Mega Darkrai ex,120,Mega Hyper Rare,2026-07-19T08:03:04.558Z,EUR,895905,2026-07-19T08:03:02.366Z,USD,,,704877.0,319.2,,,
me05-120,Mega Darkrai ex,120,Mega Hyper Rare,2026-07-20T08:03:04.265Z,EUR,895905,2026-07-20T08:03:02.229Z,USD,,,704877.0,216.6,,,
me05-120,Mega Darkrai ex,120,Mega Hyper Rare,2026-07-21T08:03:04.457Z,EUR,895905,2026-07-21T08:03:02.313Z,USD,,,704877.0,216.6,,,
me05-120,Mega Darkrai ex,120,Mega Hyper Rare,2026-07-22T08:03:06.471Z,EUR,895905,2026-07-22T08:03:04.171Z,USD,,,704877.0,216.6,,,
me05-120,Mega Darkrai ex,120,Mega Hyper Rare,2026-07-23T08:03:03.735Z,EUR,895905,2026-07-23T08:03:01.944Z,USD,,,704877.0,216.6,,,
me05-120,Mega Darkrai ex,120,Mega Hyper Rare,2026-07-24T08:03:04.550Z,EUR,895905,2026-07-24T08:03:02.310Z,USD,,,704877.0,216.6,,,
me05-120,Mega Darkrai ex,120,Mega Hyper Rare,2026-07-25T08:03:03.827Z,EUR,895905,2026-07-25T08:03:02.308Z,USD,,,704877.0,216.6,,,
me05-120,Mega Darkrai ex,120,Mega Hyper Rare,2026-07-26T08:03:04.571Z,EUR,895905,2026-07-26T08:03:42.224Z,USD,,,704877.0,188.1,,,
me05-120,Mega Darkrai ex,120,Mega Hyper Rare,2026-07-27T08:03:04.705Z,EUR,895905,2026-07-27T08:03:49.210Z,USD,,,704877.0,186.18,,,
