id,name,localId,rarity,set,cm_updated,cm_unit,cm_idProduct,tp_updated,tp_unit,tp_holofoil_productId,tp_normal_productId,tp_reverse_holofoil_productId,tp_1st_edition_productId,tp_unlimited_productId,updated,snapshot_date,cm_avg1,cm_avg1_holo,tp_normal_marketPrice,tp_holofoil_marketPrice,tp_reverse_holofoil_marketPrice,tp_1st_edition_marketPrice,tp_unlimited_marketPrice
2018sm-2,Psyduck,2,Promo,McDonald's Collection 2018,2026-07-08T18:05:10.691Z,EUR,366770.0,2026-07-08T18:05:07.177Z,USD,180451.0,,,,,2026-07-08 18:05:10.691000+00:00,2026-07-08,17.1,0.56,,66.07,,,
2018sm-2,Psyduck,2,Promo,McDonald's Collection 2018,2026-07-09T18:05:09.065Z,EUR,366770.0,2026-07-09T18:05:06.473Z,USD,180451.0,,,,,2026-07-09 18:05:09.065000+00:00,2026-07-09,17.1,0.56,,66.07,,,
2018sm-2,Psyduck,2,Promo,McDonald's Collection 2018,2026-07-10T18:05:08.528Z,EUR,366770.0,2026-07-10T18:05:06.102Z,USD,180451.0,,,,,2026-07-10 18:05:08.528000+00:00,2026-07-10,17.1,0.56,,66.07,,,
2018sm-2,Psyduck,2,Promo,McDonald's Collection 2018,2026-07-11T18:05:08.177Z,EUR,366770.0,2026-07-11T18:05:05.748Z,USD,180451.0,,,,,2026-07-11 18:05:08.177000+00:00,2026-07-11,17.1,0.56,,66.07,,,
2018sm-2,Psyduck,2,Promo,McDonald's Collection 2018,2026-07-12T18:05:08.999Z,EUR,366770.0,2026-07-12T18:05:07.063Z,USD,180451.0,,,,,2026-07-12 18:05:08.999000+00:00,2026-07-12,17.1,0.56,,66.07,,,
2018sm-2,Psyduck,2,Promo,McDonald's Collection 2018,2026-07-13T18:05:07.901Z,EUR,366770.0,2026-07-13T18:05:06.015Z,USD,180451.0,,,,,2026-07-13 18:05:07.901000+00:00,2026-07-13,34.2,0.56,,66.07,,,
2018sm-2,Psyduck,2,Promo,McDonald's Collection 2018,2026-07-14T18:05:08.458Z,EUR,366770.0,2026-07-14T18:05:05.789Z,USD,180451.0,,,,,2026-07-14 18:05:08.458000+00:00,2026-07-14,34.2,0.56,,66.14,,,
2018sm-2,Psyduck,2,Promo,McDonald's Collection 2018,2026-07-15T18:05:08.182Z,EUR,366770.0,2026-07-15T18:05:05.752Z,USD,180451.0,,,,,2026-07-15 18:05:08.182000+00:00,2026-07-15,34.2,0.56,,66.14,,,
2018sm-2,Psyduck,2,Promo,McDonald's Collection 2018,2026-07-16T18:05:08.727Z,EUR,366770.0,2026-07-16T18:05:05.793Z,USD,180451.0,,,,,2026-07-16 18:05:08.727000+00:00,2026-07-16,34.2,0.56,,66.14,,,
2018sm-2,Psyduck,2,Promo,McDonald's Collection 2018,2026-07-17T18:05:09.271Z,EUR,366770.0,2026-07-17T18:05:07.181Z,USD,180451.0,,,,,2026-07-17 18:05:09.271000+00:00,2026-07-17,34.2,0.56,,66.14,,,
2018sm-2,Psyduck,2,Promo,McDonald's Collection 2018,2026-07-18T08:02:59.301Z,EUR,366770.0,2026-07-18T08:02:56.820Z,USD,180451.0,,,,,2026-07-18 08:02:59.301000+00:00,2026-07-18,34.2,0.56,,66.14,,,
2018sm-2,Psyduck,2,Promo,McDonald's Collection 2018,2026-07-19T08:03:04.658Z,EUR,366770.0,2026-07-19T08:03:02.188Z,USD,180451.0,,,,,2026-07-19 08:03:04.658000+00:00,2026-07-19,34.2,0.56,,65.92,,,
2018sm-2,Psyduck,2,Promo,McDonald's Collection 2018,2026-07-20T08:03:04.265Z,EUR,366770.0,2026-07-20T08:03:02.040Z,USD,180451.0,,,,,2026-07-20 08:03:04.265000+00:00,2026-07-20,28.49,0.56,,65.8,,,
2018sm-2,Psyduck,2,Promo,McDonald's Collection 2018,2026-07-21T08:03:04.252Z,EUR,366770.0,2026-07-21T08:03:02.077Z,USD,180451.0,,,,,2026-07-21 08:03:04.252000+00:00,2026-07-21,28.49,0.56,,65.78,,,
2018sm-2,Psyduck,2,Promo,McDonald's Collection 2018,2026-07-22T08:03:06.471Z,EUR,366770.0,2026-07-22T08:03:03.902Z,USD,180451.0,,,,,2026-07-22 08:03:06.471000+00:00,2026-07-22,28.49,0.56,,65.71,,,
2018sm-2,Psyduck,2,Promo,McDonald's Collection 2018,2026-07-23T08:03:03.918Z,EUR,366770.0,2026-07-23T08:03:01.748Z,USD,180451.0,,,,,2026-07-23 08:03:03.918000+00:00,2026-07-23,28.49,0.56,,65.7,,,
2018sm-2,Psyduck,2,Promo,McDonald's Collection 2018,2026-07-24T08:03:04.550Z,EUR,366770.0,2026-07-24T08:03:02.124Z,USD,180451.0,,,,,2026-07-24 08:03:04.550000+00:00,2026-07-24,28.49,0.56,,65.7,,,
2018sm-2,Psyduck,2,Promo,McDonald's Collection 2018,2026-07-25T08:03:04.261Z,EUR,366770.0,2026-07-25T08:03:02.111Z,USD,180451.0,,,,,2026-07-25 08:03:04.261000+00:00,2026-07-25,28.49,0.56,,67.08,,,
2018sm-2,Psyduck,2,Promo,McDonald's Collection 2018,2026-07-26T08:03:04.571Z,EUR,366770.0,2026-07-26T08:03:28.242Z,USD,180451.0,,,,,2026-07-26 08:03:04.571000+00:00,2026-07-26,25.08,0.56,,67.08,,,
2018sm-2,Psyduck,2,Promo,McDonald's Collection 2018,2026-07-27T08:03:04.705Z,EUR,366770.0,2026-07-27T08:03:24.073Z,USD,180451.0,,,,,2026-07-27 08:03:04.705000+00:00,2026-07-27,25.08,0.56,,67.08,,,
2018sm-2,Psyduck,2,Promo,McDonald's Collection 2018,2026-07-28T08:03:04.598Z,EUR,366770.0,2026-07-28T08:03:22.457Z,USD,180451.0,,,,,2026-07-28 08:03:04.598000+00:00,2026-07-28,25.08,0.56,,67.08,,,
2018sm-2,Psyduck,2,Promo,McDonald's Collection 2018,2026-07-29T08:03:04.597Z,EUR,366770.0,2026-07-29T08:03:04.291Z,USD,180451.0,,,,,2026-07-29 08:03:04.597000+00:00,2026-07-29,25.08,0.56,,67.08,,,
base3-53,Psyduck,53,Common,Fossil,2026-07-08T18:05:11.087Z,EUR,273914.0,2026-07-08T18:05:06.363Z,USD,,,,44455.0,44455.0,2026-07-08 18:05:11.087000+00:00,2026-07-08,1.68,1.14,,,,11.08,1.3
base3-53,Psyduck,53,Common,Fossil,2026-07-09T18:05:09.065Z,EUR,273914.0,2026-07-09T18:05:05.052Z,USD,,,,44455.0,44455.0,2026-07-09 18:05:09.065000+00:00,2026-07-09,2.9,1.14,,,,11.13,1.26
base3-53,Psyduck,53,Common,Fossil,2026-07-10T18:05:08.528Z,EUR,273914.0,2026-07-10T18:05:05.139Z,USD,,,,44455.0,44455.0,2026-07-10 18:05:08.528000+00:00,2026-07-10,2.74,1.14,,,,11.24,1.31
base3-53,Psyduck,53,Common,Fossil,2026-07-11T18:05:08.177Z,EUR,273914.0,2026-07-11T18:05:04.956Z,USD,,,,44455.0,44455.0,2026-07-11 18:05:08.177000+00:00,2026-07-11,2.74,1.14,,,,11.08,1.36
base3-53,Psyduck,53,Common,Fossil,2026-07-12T18:05:08.999Z,EUR,273914.0,2026-07-12T18:05:06.146Z,USD,,,,44455.0,44455.0,2026-07-12 18:05:08.999000+00:00,2026-07-12,2.74,1.14,,,,11.08,1.39
base3-53,Psyduck,53,Common,Fossil,2026-07-13T18:05:07.999Z,EUR,273914.0,2026-07-13T18:05:05.116Z,USD,,,,44455.0,44455.0,2026-07-13 18:05:07.999000+00:00,2026-07-13,2.18,1.14,,,,11.0,1.36
base3-53,Psyduck,53,Common,Fossil,2026-07-14T18:05:08.458Z,EUR,273914.0,2026-07-14T18:05:04.931Z,USD,,,,44455.0,44455.0,2026-07-14 18:05:08.458000+00:00,2026-07-14,2.18,1.14,,,,10.95,1.48
base3-53,Psyduck,53,Common,Fossil,2026-07-15T18:05:08.182Z,EUR,273914.0,2026-07-15T18:05:04.940Z,USD,,,,44455.0,44455.0,2026-07-15 18:05:08.182000+00:00,2026-07-15,2.18,1.14,,,,11.45,1.56
base3-53,Psyduck,53,Common,Fossil,2026-07-16T18:05:08.727Z,EUR,273914.0,2026-07-16T18:05:04.990Z,USD,,,,44455.0,44455.0,2026-07-16 18:05:08.727000+00:00,2026-07-16,2.18,1.14,,,,11.5,1.56
base3-53,Psyduck,53,Common,Fossil,2026-07-17T18:05:09.396Z,EUR,273914.0,2026-07-17T18:05:06.382Z,USD,,,,44455.0,44455.0,2026-07-17 18:05:09.396000+00:00,2026-07-17,2.18,1.14,,,,11.5,1.71
base3-53,Psyduck,53,Common,Fossil,2026-07-18T08:02:59.387Z,EUR,273914.0,2026-07-18T08:02:56.130Z,USD,,,,44455.0,44455.0,2026-07-18 08:02:59.387000+00:00,2026-07-18,2.18,1.14,,,,11.5,1.71
base3-53,Psyduck,53,Common,Fossil,2026-07-19T08:03:04.658Z,EUR,273914.0,2026-07-19T08:03:01.518Z,USD,,,,44455.0,44455.0,2026-07-19 08:03:04.658000+00:00,2026-07-19,2.18,1.14,,,,11.78,1.74
base3-53,Psyduck,53,Common,Fossil,2026-07-20T08:03:04.265Z,EUR,273914.0,2026-07-20T08:03:01.370Z,USD,,,,44455.0,44455.0,2026-07-20 08:03:04.265000+00:00,2026-07-20,1.73,1.14,,,,11.78,1.69
base3-53,Psyduck,53,Common,Fossil,2026-07-21T08:03:04.252Z,EUR,273914.0,2026-07-21T08:03:01.259Z,USD,,,,44455.0,44455.0,2026-07-21 08:03:04.252000+00:00,2026-07-21,1.73,1.14,,,,11.78,1.83
base3-53,Psyduck,53,Common,Fossil,2026-07-22T08:03:06.471Z,EUR,273914.0,2026-07-22T08:03:03.083Z,USD,,,,44455.0,44455.0,2026-07-22 08:03:06.471000+00:00,2026-07-22,1.73,1.14,,,,11.78,1.69
base3-53,Psyduck,53,Common,Fossil,2026-07-23T08:03:03.918Z,EUR,273914.0,2026-07-23T08:03:01.116Z,USD,,,,44455.0,44455.0,2026-07-23 08:03:03.918000+00:00,2026-07-23,1.73,1.14,,,,11.56,1.62
base3-53,Psyduck,53,Common,Fossil,2026-07-24T08:03:04.359Z,EUR,273914.0,2026-07-24T08:03:01.526Z,USD,,,,44455.0,44455.0,2026-07-24 08:03:04.359000+00:00,2026-07-24,1.73,1.14,,,,11.56,1.64
base3-53,Psyduck,53,Common,Fossil,2026-07-25T08:03:03.827Z,EUR,273914.0,2026-07-25T08:03:01.410Z,USD,,,,44455.0,44455.0,2026-07-25 08:03:03.827000+00:00,2026-07-25,1.73,1.14,,,,11.56,1.65
base3-53,Psyduck,53,Common,Fossil,2026-07-26T08:03:04.571Z,EUR,273914.0,2026-07-26T08:03:02.090Z,USD,,,,44455.0,44455.0,2026-07-26 08:03:04.571000+00:00,2026-07-26,20.45,1.14,,,,12.48,1.68
base3-53,Psyduck,53,Common,Fossil,2026-07-27T08:03:04.458Z,EUR,273914.0,2026-07-27T08:03:02.378Z,USD,,,,44455.0,44455.0,2026-07-27 08:03:04.458000+00:00,2026-07-27,1.74,1.14,,,,12.48,1.74
base3-53,Psyduck,53,Common,Fossil,2026-07-28T08:03:04.286Z,EUR,273914.0,2026-07-28T08:03:01.412Z,USD,,,,44455.0,44455.0,2026-07-28 08:03:04.286000+00:00,2026-07-28,1.74,1.14,,,,12.46,1.83
base3-53,Psyduck,53,Common,Fossil,2026-07-29T08:03:04.597Z,EUR,273914.0,2026-07-29T08:03:01.674Z,USD,,,,44455.0,44455.0,2026-07-29 08:03:04.597000+00:00,2026-07-29,1.77,1.14,,,,12.46,1.86
base5-65,Psyduck,65,Common,Team Rocket,2026-07-08T18:05:11.087Z,EUR,274118.0,2026-07-08T18:05:06.372Z,USD,,,,88431.0,88431.0,2026-07-08 18:05:11.087000+00:00,2026-07-08,12.82,5.7,,,,8.02,1.96
base5-65,Psyduck,65,Common,Team Rocket,2026-07-09T18:05:09.065Z,EUR,274118.0,2026-07-09T18:05:05.063Z,USD,,,,88431.0,88431.0,2026-07-09 18:05:09.065000+00:00,2026-07-09,0.34,5.7,,,,7.51,2.13
base5-65,Psyduck,65,Common,Team Rocket,2026-07-10T18:05:08.528Z,EUR,274118.0,2026-07-10T18:05:05.149Z,USD,,,,88431.0,88431.0,2026-07-10 18:05:08.528000+00:00,2026-07-10,4.59,5.7,,,,7.51,2.13
base5-65,Psyduck,65,Common,Team Rocket,2026-07-11T18:05:08.177Z,EUR,274118.0,2026-07-11T18:05:04.966Z,USD,,,,88431.0,88431.0,2026-07-11 18:05:08.177000+00:00,2026-07-11,4.59,5.7,,,,7.51,2.13
base5-65,Psyduck,65,Common,Team Rocket,2026-07-12T18:05:09.094Z,EUR,274118.0,2026-07-12T18:05:06.157Z,USD,,,,88431.0,88431.0,2026-07-12 18:05:09.094000+00:00,2026-07-12,4.59,5.7,,,,7.59,2.11
base5-65,Psyduck,65,Common,Team Rocket,2026-07-13T18:05:07.999Z,EUR,274118.0,2026-07-13T18:05:05.124Z,USD,,,,88431.0,88431.0,2026-07-13 18:05:07.999000+00:00,2026-07-13,2.15,5.7,,,,7.58,2.16
base5-65,Psyduck,65,Common,Team Rocket,2026-07-14T18:05:08.458Z,EUR,274118.0,2026-07-14T18:05:04.939Z,USD,,,,88431.0,88431.0,2026-07-14 18:05:08.458000+00:00,2026-07-14,2.15,5.7,,,,7.58,2.32
base5-65,Psyduck,65,Common,Team Rocket,2026-07-15T18:05:08.182Z,EUR,274118.0,2026-07-15T18:05:04.965Z,USD,,,,88431.0,88431.0,2026-07-15 18:05:08.182000+00:00,2026-07-15,2.15,5.7,,,,7.59,2.26
base5-65,Psyduck,65,Common,Team Rocket,2026-07-16T18:05:08.165Z,EUR,274118.0,2026-07-16T18:05:05.020Z,USD,,,,88431.0,88431.0,2026-07-16 18:05:08.165000+00:00,2026-07-16,2.15,5.7,,,,7.59,2.26
base5-65,Psyduck,65,Common,Team Rocket,2026-07-17T18:05:09.690Z,EUR,274118.0,2026-07-17T18:05:06.393Z,USD,,,,88431.0,88431.0,2026-07-17 18:05:09.690000+00:00,2026-07-17,2.15,5.7,,,,7.59,2.32
base5-65,Psyduck,65,Common,Team Rocket,2026-07-18T08:02:59.387Z,EUR,274118.0,2026-07-18T08:02:56.154Z,USD,,,,88431.0,88431.0,2026-07-18 08:02:59.387000+00:00,2026-07-18,2.15,5.7,,,,7.59,2.36
base5-65,Psyduck,65,Common,Team Rocket,2026-07-19T08:03:04.658Z,EUR,274118.0,2026-07-19T08:03:01.530Z,USD,,,,88431.0,88431.0,2026-07-19 08:03:04.658000+00:00,2026-07-19,2.15,5.7,,,,7.59,2.36
base5-65,Psyduck,65,Common,Team Rocket,2026-07-20T08:03:04.265Z,EUR,274118.0,2026-07-20T08:03:01.379Z,USD,,,,88431.0,88431.0,2026-07-20 08:03:04.265000+00:00,2026-07-20,0.4,5.7,,,,7.75,2.26
base5-65,Psyduck,65,Common,Team Rocket,2026-07-21T08:03:04.252Z,EUR,274118.0,2026-07-21T08:03:01.266Z,USD,,,,88431.0,88431.0,2026-07-21 08:03:04.252000+00:00,2026-07-21,0.4,5.7,,,,7.77,2.26
base5-65,Psyduck,65,Common,Team Rocket,2026-07-22T08:03:06.627Z,EUR,274118.0,2026-07-22T08:03:03.120Z,USD,,,,88431.0,88431.0,2026-07-22 08:03:06.627000+00:00,2026-07-22,0.4,5.7,,,,7.87,2.04
base5-65,Psyduck,65,Common,Team Rocket,2026-07-23T08:03:03.918Z,EUR,274118.0,2026-07-23T08:03:01.126Z,USD,,,,88431.0,88431.0,2026-07-23 08:03:03.918000+00:00,2026-07-23,0.4,5.7,,,,7.8,2.09
base5-65,Psyduck,65,Common,Team Rocket,2026-07-24T08:03:04.550Z,EUR,274118.0,2026-07-24T08:03:01.535Z,USD,,,,88431.0,88431.0,2026-07-24 08:03:04.550000+00:00,2026-07-24,0.4,5.7,,,,7.88,2.12
base5-65,Psyduck,65,Common,Team Rocket,2026-07-25T08:03:03.827Z,EUR,274118.0,2026-07-25T08:03:01.420Z,USD,,,,88431.0,88431.0,2026-07-25 08:03:03.827000+00:00,2026-07-25,0.4,5.7,,,,7.85,2.09
base5-65,Psyduck,65,Common,Team Rocket,2026-07-26T08:03:04.532Z,EUR,274118.0,2026-07-26T08:03:02.110Z,USD,,,,88431.0,88431.0,2026-07-26 08:03:04.532000+00:00,2026-07-26,1.48,5.7,,,,7.64,2.11
base5-65,Psyduck,65,Common,Team Rocket,2026-07-27T08:03:04.458Z,EUR,274118.0,2026-07-27T08:03:02.393Z,USD,,,,88431.0,88431.0,2026-07-27 08:03:04.458000+00:00,2026-07-27,6.94,5.7,,,,7.64,2.12
base5-65,Psyduck,65,Common,Team Rocket,2026-07-28T08:03:04.286Z,EUR,274118.0,2026-07-28T08:03:01.451Z,USD,,,,88431.0,88431.0,2026-07-28 08:03:04.286000+00:00,2026-07-28,6.94,5.7,,,,7.38,2.13
base5-65,Psyduck,65,Common,Team Rocket,2026-07-29T08:03:05.570Z,EUR,274118.0,2026-07-29T08:03:01.732Z,USD,,,,88431.0,88431.0,2026-07-29 08:03:05.570000+00:00,2026-07-29,3.25,5.7,,,,7.26,2.08
bw7-32,Psyduck,32,Common,Boundaries Crossed,2026-07-08T18:05:10.078Z,EUR,280619.0,2026-07-08T18:05:07.060Z,USD,,88441.0,88441.0,,,2026-07-08 18:05:10.078000+00:00,2026-07-08,3.36,11.4,15.74,,22.51,,
bw7-32,Psyduck,32,Common,Boundaries Crossed,2026-07-09T18:05:09.065Z,EUR,280619.0,2026-07-09T18:05:06.304Z,USD,,88441.0,88441.0,,,2026-07-09 18:05:09.065000+00:00,2026-07-09,17.09,11.4,16.15,,22.51,,
bw7-32,Psyduck,32,Common,Boundaries Crossed,2026-07-10T18:05:08.528Z,EUR,280619.0,2026-07-10T18:05:05.973Z,USD,,88441.0,88441.0,,,2026-07-10 18:05:08.528000+00:00,2026-07-10,17.09,11.4,16.15,,22.51,,
bw7-32,Psyduck,32,Common,Boundaries Crossed,2026-07-11T18:05:08.177Z,EUR,280619.0,2026-07-11T18:05:05.649Z,USD,,88441.0,88441.0,,,2026-07-11 18:05:08.177000+00:00,2026-07-11,17.09,11.4,16.15,,22.51,,
bw7-32,Psyduck,32,Common,Boundaries Crossed,2026-07-12T18:05:08.999Z,EUR,280619.0,2026-07-12T18:05:06.936Z,USD,,88441.0,88441.0,,,2026-07-12 18:05:08.999000+00:00,2026-07-12,17.09,11.4,16.15,,23.77,,
bw7-32,Psyduck,32,Common,Boundaries Crossed,2026-07-13T18:05:07.901Z,EUR,280619.0,2026-07-13T18:05:05.856Z,USD,,88441.0,88441.0,,,2026-07-13 18:05:07.901000+00:00,2026-07-13,15.28,11.4,16.15,,23.77,,
bw7-32,Psyduck,32,Common,Boundaries Crossed,2026-07-14T18:05:08.458Z,EUR,280619.0,2026-07-14T18:05:05.610Z,USD,,88441.0,88441.0,,,2026-07-14 18:05:08.458000+00:00,2026-07-14,15.28,11.4,16.15,,23.77,,
bw7-32,Psyduck,32,Common,Boundaries Crossed,2026-07-15T18:05:08.182Z,EUR,280619.0,2026-07-15T18:05:05.643Z,USD,,88441.0,88441.0,,,2026-07-15 18:05:08.182000+00:00,2026-07-15,15.28,11.4,16.15,,23.77,,
bw7-32,Psyduck,32,Common,Boundaries Crossed,2026-07-16T18:05:08.727Z,EUR,280619.0,2026-07-16T18:05:05.696Z,USD,,88441.0,88441.0,,,2026-07-16 18:05:08.727000+00:00,2026-07-16,15.28,11.4,16.18,,23.77,,
bw7-32,Psyduck,32,Common,Boundaries Crossed,2026-07-17T18:05:09.396Z,EUR,280619.0,2026-07-17T18:05:07.011Z,USD,,88441.0,88441.0,,,2026-07-17 18:05:09.396000+00:00,2026-07-17,15.28,11.4,16.15,,23.77,,
bw7-32,Psyduck,32,Common,Boundaries Crossed,2026-07-18T08:02:59.387Z,EUR,280619.0,2026-07-18T08:02:56.662Z,USD,,88441.0,88441.0,,,2026-07-18 08:02:59.387000+00:00,2026-07-18,15.28,11.4,16.15,,23.77,,
bw7-32,Psyduck,32,Common,Boundaries Crossed,2026-07-19T08:03:04.658Z,EUR,280619.0,2026-07-19T08:03:02.046Z,USD,,88441.0,88441.0,,,2026-07-19 08:03:04.658000+00:00,2026-07-19,15.28,11.4,16.15,,23.77,,
bw7-32,Psyduck,32,Common,Boundaries Crossed,2026-07-20T08:03:04.265Z,EUR,280619.0,2026-07-20T08:03:01.923Z,USD,,88441.0,88441.0,,,2026-07-20 08:03:04.265000+00:00,2026-07-20,22.8,11.4,16.15,,23.77,,
bw7-32,Psyduck,32,Common,Boundaries Crossed,2026-07-21T08:03:04.457Z,EUR,280619.0,2026-07-21T08:03:01.864Z,USD,,88441.0,88441.0,,,2026-07-21 08:03:04.457000+00:00,2026-07-21,22.8,11.4,16.15,,23.77,,
bw7-32,Psyduck,32,Common,Boundaries Crossed,2026-07-22T08:03:06.627Z,EUR,280619.0,2026-07-22T08:03:03.674Z,USD,,88441.0,88441.0,,,2026-07-22 08:03:06.627000+00:00,2026-07-22,22.8,11.4,16.15,,23.77,,
bw7-32,Psyduck,32,Common,Boundaries Crossed,2026-07-23T08:03:03.918Z,EUR,280619.0,2026-07-23T08:03:01.594Z,USD,,88441.0,88441.0,,,2026-07-23 08:03:03.918000+00:00,2026-07-23,22.8,11.4,16.15,,23.77,,
bw7-32,Psyduck,32,Common,Boundaries Crossed,2026-07-24T08:03:04.550Z,EUR,280619.0,2026-07-24T08:03:01.997Z,USD,,88441.0,88441.0,,,2026-07-24 08:03:04.550000+00:00,2026-07-24,22.8,11.4,16.43,,23.77,,
bw7-32,Psyduck,32,Common,Boundaries Crossed,2026-07-25T08:03:04.261Z,EUR,280619.0,2026-07-25T08:03:01.961Z,USD,,88441.0,88441.0,,,2026-07-25 08:03:04.261000+00:00,2026-07-25,22.8,11.4,16.43,,23.77,,
bw7-32,Psyduck,32,Common,Boundaries Crossed,2026-07-26T08:03:04.571Z,EUR,280619.0,2026-07-26T08:03:21.707Z,USD,,88441.0,88441.0,,,2026-07-26 08:03:04.571000+00:00,2026-07-26,0.11,11.4,16.43,,23.77,,
bw7-32,Psyduck,32,Common,Boundaries Crossed,2026-07-27T08:03:04.458Z,EUR,280619.0,2026-07-27T08:03:13.852Z,USD,,88441.0,88441.0,,,2026-07-27 08:03:04.458000+00:00,2026-07-27,0.11,11.4,16.43,,23.77,,
bw7-32,Psyduck,32,Common,Boundaries Crossed,2026-07-28T08:03:04.286Z,EUR,280619.0,2026-07-28T08:03:07.603Z,USD,,88441.0,88441.0,,,2026-07-28 08:03:04.286000+00:00,2026-07-28,0.11,11.4,16.67,,23.77,,
bw7-32,Psyduck,32,Common,Boundaries Crossed,2026-07-29T08:03:05.570Z,EUR,280619.0,2026-07-29T08:03:03.402Z,USD,,88441.0,88441.0,,,2026-07-29 08:03:05.570000+00:00,2026-07-29,0.11,11.4,16.67,,23.77,,
bw7-33,Psyduck,33,Common,Boundaries Crossed,2026-07-08T18:05:10.078Z,EUR,280619.0,2026-07-08T18:05:07.060Z,USD,,88442.0,88442.0,,,2026-07-08 18:05:10.078000+00:00,2026-07-08,3.36,11.4,8.31,,24.57,,
bw7-33,Psyduck,33,Common,Boundaries Crossed,2026-07-09T18:05:09.065Z,EUR,280619.0,2026-07-09T18:05:06.304Z,USD,,88442.0,88442.0,,,2026-07-09 18:05:09.065000+00:00,2026-07-09,17.09,11.4,8.31,,24.57,,
bw7-33,Psyduck,33,Common,Boundaries Crossed,2026-07-10T18:05:08.528Z,EUR,280619.0,2026-07-10T18:05:05.973Z,USD,,88442.0,88442.0,,,2026-07-10 18:05:08.528000+00:00,2026-07-10,17.09,11.4,8.31,,24.57,,
bw7-33,Psyduck,33,Common,Boundaries Crossed,2026-07-11T18:05:07.832Z,EUR,280619.0,2026-07-11T18:05:05.649Z,USD,,88442.0,88442.0,,,2026-07-11 18:05:07.832000+00:00,2026-07-11,17.09,11.4,7.89,,24.57,,
bw7-33,Psyduck,33,Common,Boundaries Crossed,2026-07-12T18:05:08.999Z,EUR,280619.0,2026-07-12T18:05:06.936Z,USD,,88442.0,88442.0,,,2026-07-12 18:05:08.999000+00:00,2026-07-12,17.09,11.4,7.89,,25.33,,
bw7-33,Psyduck,33,Common,Boundaries Crossed,2026-07-13T18:05:07.999Z,EUR,280619.0,2026-07-13T18:05:05.856Z,USD,,88442.0,88442.0,,,2026-07-13 18:05:07.999000+00:00,2026-07-13,15.28,11.4,7.89,,25.33,,
bw7-33,Psyduck,33,Common,Boundaries Crossed,2026-07-14T18:05:08.458Z,EUR,280619.0,2026-07-14T18:05:05.610Z,USD,,88442.0,88442.0,,,2026-07-14 18:05:08.458000+00:00,2026-07-14,15.28,11.4,7.89,,25.33,,
bw7-33,Psyduck,33,Common,Boundaries Crossed,2026-07-15T18:05:08.182Z,EUR,280619.0,2026-07-15T18:05:05.643Z,USD,,88442.0,88442.0,,,2026-07-15 18:05:08.182000+00:00,2026-07-15,15.28,11.4,8.23,,25.33,,
bw7-33,Psyduck,33,Common,Boundaries Crossed,2026-07-16T18:05:08.165Z,EUR,280619.0,2026-07-16T18:05:05.696Z,USD,,88442.0,88442.0,,,2026-07-16 18:05:08.165000+00:00,2026-07-16,15.28,11.4,8.23,,25.33,,
bw7-33,Psyduck,33,Common,Boundaries Crossed,2026-07-17T18:05:09.396Z,EUR,280619.0,2026-07-17T18:05:07.011Z,USD,,88442.0,88442.0,,,2026-07-17 18:05:09.396000+00:00,2026-07-17,15.28,11.4,7.36,,25.33,,
bw7-33,Psyduck,33,Common,Boundaries Crossed,2026-07-18T08:02:59.387Z,EUR,280619.0,2026-07-18T08:02:56.662Z,USD,,88442.0,88442.0,,,2026-07-18 08:02:59.387000+00:00,2026-07-18,15.28,11.4,7.36,,25.33,,
bw7-33,Psyduck,33,Common,Boundaries Crossed,2026-07-19T08:03:04.658Z,EUR,280619.0,2026-07-19T08:03:02.046Z,USD,,88442.0,88442.0,,,2026-07-19 08:03:04.658000+00:00,2026-07-19,15.28,11.4,7.36,,25.33,,
bw7-33,Psyduck,33,Common,Boundaries Crossed,2026-07-20T08:03:04.811Z,EUR,280619.0,2026-07-20T08:03:01.923Z,USD,,88442.0,88442.0,,,2026-07-20 08:03:04.811000+00:00,2026-07-20,22.8,11.4,7.36,,25.33,,
bw7-33,Psyduck,33,Common,Boundaries Crossed,2026-07-21T08:03:04.252Z,EUR,280619.0,2026-07-21T08:03:01.864Z,USD,,88442.0,88442.0,,,2026-07-21 08:03:04.252000+00:00,2026-07-21,22.8,11.4,7.36,,25.33,,
bw7-33,Psyduck,33,Common,Boundaries Crossed,2026-07-22T08:03:06.627Z,EUR,280619.0,2026-07-22T08:03:03.674Z,USD,,88442.0,88442.0,,,2026-07-22 08:03:06.627000+00:00,2026-07-22,22.8,11.4,7.36,,25.33,,
bw7-33,Psyduck,33,Common,Boundaries Crossed,2026-07-23T08:03:03.918Z,EUR,280619.0,2026-07-23T08:03:01.594Z,USD,,88442.0,88442.0,,,2026-07-23 08:03:03.918000+00:00,2026-07-23,22.8,11.4,7.4,,25.33,,
bw7-33,Psyduck,33,Common,Boundaries Crossed,2026-07-24T08:03:04.550Z,EUR,280619.0,2026-07-24T08:03:01.997Z,USD,,88442.0,88442.0,,,2026-07-24 08:03:04.550000+00:00,2026-07-24,22.8,11.4,7.4,,25.33,,
bw7-33,Psyduck,33,Common,Boundaries Crossed,2026-07-25T08:03:04.302Z,EUR,280619.0,2026-07-25T08:03:01.961Z,USD,,88442.0,88442.0,,,2026-07-25 08:03:04.302000+00:00,2026-07-25,22.8,11.4,7.79,,25.33,,
bw7-33,Psyduck,33,Common,Boundaries Crossed,2026-07-26T08:03:04.571Z,EUR,280619.0,2026-07-26T08:03:21.707Z,USD,,88442.0,88442.0,,,2026-07-26 08:03:04.571000+00:00,2026-07-26,0.11,11.4,7.79,,25.33,,
bw7-33,Psyduck,33,Common,Boundaries Crossed,2026-07-27T08:03:04.458Z,EUR,280619.0,2026-07-27T08:03:13.852Z,USD,,88442.0,88442.0,,,2026-07-27 08:03:04.458000+00:00,2026-07-27,0.11,11.4,7.79,,25.66,,
bw7-33,Psyduck,33,Common,Boundaries Crossed,2026-07-28T08:03:04.286Z,EUR,280619.0,2026-07-28T08:03:07.603Z,USD,,88442.0,88442.0,,,2026-07-28 08:03:04.286000+00:00,2026-07-28,0.11,11.4,6.44,,25.9,,
bw7-33,Psyduck,33,Common,Boundaries Crossed,2026-07-29T08:03:04.597Z,EUR,280619.0,2026-07-29T08:03:03.402Z,USD,,88442.0,88442.0,,,2026-07-29 08:03:04.597000+00:00,2026-07-29,0.11,11.4,6.44,,25.9,,
det1-7,Psyduck,7,Common,Detective Pikachu,2026-07-08T18:05:10.691Z,EUR,370626.0,2026-07-08T18:05:07.258Z,USD,186010.0,,,,,2026-07-08 18:05:10.691000+00:00,2026-07-08,1.14,0.91,,1.32,,,
det1-7,Psyduck,7,Common,Detective Pikachu,2026-07-09T18:05:09.065Z,EUR,370626.0,2026-07-09T18:05:06.482Z,USD,186010.0,,,,,2026-07-09 18:05:09.065000+00:00,2026-07-09,0.65,0.91,,1.22,,,
det1-7,Psyduck,7,Common,Detective Pikachu,2026-07-10T18:05:08.528Z,EUR,370626.0,2026-07-10T18:05:06.112Z,USD,186010.0,,,,,2026-07-10 18:05:08.528000+00:00,2026-07-10,0.8,0.91,,1.2,,,
det1-7,Psyduck,7,Common,Detective Pikachu,2026-07-11T18:05:08.177Z,EUR,370626.0,2026-07-11T18:05:05.757Z,USD,186010.0,,,,,2026-07-11 18:05:08.177000+00:00,2026-07-11,0.8,0.91,,1.17,,,
det1-7,Psyduck,7,Common,Detective Pikachu,2026-07-12T18:05:08.999Z,EUR,370626.0,2026-07-12T18:05:07.082Z,USD,186010.0,,,,,2026-07-12 18:05:08.999000+00:00,2026-07-12,0.8,0.91,,1.17,,,
det1-7,Psyduck,7,Common,Detective Pikachu,2026-07-13T18:05:07.999Z,EUR,370626.0,2026-07-13T18:05:06.040Z,USD,186010.0,,,,,2026-07-13 18:05:07.999000+00:00,2026-07-13,0.74,0.91,,1.1,,,
det1-7,Psyduck,7,Common,Detective Pikachu,2026-07-14T18:05:08.458Z,EUR,370626.0,2026-07-14T18:05:05.808Z,USD,186010.0,,,,,2026-07-14 18:05:08.458000+00:00,2026-07-14,0.74,0.91,,1.16,,,
det1-7,Psyduck,7,Common,Detective Pikachu,2026-07-15T18:05:08.182Z,EUR,370626.0,2026-07-15T18:05:05.763Z,USD,186010.0,,,,,2026-07-15 18:05:08.182000+00:00,2026-07-15,0.74,0.91,,1.12,,,
det1-7,Psyduck,7,Common,Detective Pikachu,2026-07-16T18:05:08.165Z,EUR,370626.0,2026-07-16T18:05:05.802Z,USD,186010.0,,,,,2026-07-16 18:05:08.165000+00:00,2026-07-16,0.74,0.91,,1.12,,,
det1-7,Psyduck,7,Common,Detective Pikachu,2026-07-17T18:05:09.271Z,EUR,370626.0,2026-07-17T18:05:07.191Z,USD,186010.0,,,,,2026-07-17 18:05:09.271000+00:00,2026-07-17,0.74,0.91,,1.07,,,
det1-7,Psyduck,7,Common,Detective Pikachu,2026-07-18T08:02:59.387Z,EUR,370626.0,2026-07-18T08:02:56.830Z,USD,186010.0,,,,,2026-07-18 08:02:59.387000+00:00,2026-07-18,0.74,0.91,,1.07,,,
det1-7,Psyduck,7,Common,Detective Pikachu,2026-07-19T08:03:04.658Z,EUR,370626.0,2026-07-19T08:03:02.196Z,USD,186010.0,,,,,2026-07-19 08:03:04.658000+00:00,2026-07-19,0.74,0.91,,1.06,,,
det1-7,Psyduck,7,Common,Detective Pikachu,2026-07-20T08:03:04.265Z,EUR,370626.0,2026-07-20T08:03:02.050Z,USD,186010.0,,,,,2026-07-20 08:03:04.265000+00:00,2026-07-20,3.21,0.91,,1.07,,,
det1-7,Psyduck,7,Common,Detective Pikachu,2026-07-21T08:03:04.252Z,EUR,370626.0,2026-07-21T08:03:02.097Z,USD,186010.0,,,,,2026-07-21 08:03:04.252000+00:00,2026-07-21,3.21,0.91,,1.02,,,
det1-7,Psyduck,7,Common,Detective Pikachu,2026-07-22T08:03:06.471Z,EUR,370626.0,2026-07-22T08:03:03.911Z,USD,186010.0,,,,,2026-07-22 08:03:06.471000+00:00,2026-07-22,3.21,0.91,,0.99,,,
det1-7,Psyduck,7,Common,Detective Pikachu,2026-07-23T08:03:03.918Z,EUR,370626.0,2026-07-23T08:03:01.757Z,USD,186010.0,,,,,2026-07-23 08:03:03.918000+00:00,2026-07-23,3.21,0.91,,0.92,,,
det1-7,Psyduck,7,Common,Detective Pikachu,2026-07-24T08:03:04.550Z,EUR,370626.0,2026-07-24T08:03:02.137Z,USD,186010.0,,,,,2026-07-24 08:03:04.550000+00:00,2026-07-24,3.21,0.91,,0.9,,,
det1-7,Psyduck,7,Common,Detective Pikachu,2026-07-25T08:03:04.261Z,EUR,370626.0,2026-07-25T08:03:02.119Z,USD,186010.0,,,,,2026-07-25 08:03:04.261000+00:00,2026-07-25,3.21,0.91,,0.86,,,
det1-7,Psyduck,7,Common,Detective Pikachu,2026-07-26T08:03:04.571Z,EUR,370626.0,2026-07-26T08:03:28.735Z,USD,186010.0,,,,,2026-07-26 08:03:04.571000+00:00,2026-07-26,0.88,0.91,,0.86,,,
det1-7,Psyduck,7,Common,Detective Pikachu,2026-07-27T08:03:04.705Z,EUR,370626.0,2026-07-27T08:03:27.563Z,USD,186010.0,,,,,2026-07-27 08:03:04.705000+00:00,2026-07-27,1.03,0.91,,0.9,,,
det1-7,Psyduck,7,Common,Detective Pikachu,2026-07-28T08:03:04.598Z,EUR,370626.0,2026-07-28T08:03:22.953Z,USD,186010.0,,,,,2026-07-28 08:03:04.598000+00:00,2026-07-28,1.03,0.91,,0.99,,,
det1-7,Psyduck,7,Common,Detective Pikachu,2026-07-29T08:03:04.597Z,EUR,370626.0,2026-07-29T08:03:04.309Z,USD,186010.0,,,,,2026-07-29 08:03:04.597000+00:00,2026-07-29,1.25,0.91,,1.0,,,
dp3-100,Psyduck,100,Common,Secret Wonders,2026-07-08T18:05:11.087Z,EUR,277853.0,2026-07-08T18:05:06.954Z,USD,,88438.0,88438.0,,,2026-07-08 18:05:11.087000+00:00,2026-07-08,5.28,28.5,12.21,,40.43,,
dp3-100,Psyduck,100,Common,Secret Wonders,2026-07-09T18:05:09.065Z,EUR,277853.0,2026-07-09T18:05:06.117Z,USD,,88438.0,88438.0,,,2026-07-09 18:05:09.065000+00:00,2026-07-09,5.28,28.5,12.21,,40.43,,
dp3-100,Psyduck,100,Common,Secret Wonders,2026-07-10T18:05:08.528Z,EUR,277853.0,2026-07-10T18:05:05.867Z,USD,,88438.0,88438.0,,,2026-07-10 18:05:08.528000+00:00,2026-07-10,5.28,28.5,12.21,,40.43,,
dp3-100,Psyduck,100,Common,Secret Wonders,2026-07-11T18:05:08.177Z,EUR,277853.0,2026-07-11T18:05:05.425Z,USD,,88438.0,88438.0,,,2026-07-11 18:05:08.177000+00:00,2026-07-11,5.28,28.5,12.34,,40.43,,
dp3-100,Psyduck,100,Common,Secret Wonders,2026-07-12T18:05:08.999Z,EUR,277853.0,2026-07-12T18:05:06.836Z,USD,,88438.0,88438.0,,,2026-07-12 18:05:08.999000+00:00,2026-07-12,5.28,28.5,12.55,,40.43,,
dp3-100,Psyduck,100,Common,Secret Wonders,2026-07-13T18:05:07.999Z,EUR,277853.0,2026-07-13T18:05:05.733Z,USD,,88438.0,88438.0,,,2026-07-13 18:05:07.999000+00:00,2026-07-13,3.57,28.5,12.55,,40.43,,
dp3-100,Psyduck,100,Common,Secret Wonders,2026-07-14T18:05:08.458Z,EUR,277853.0,2026-07-14T18:05:05.362Z,USD,,88438.0,88438.0,,,2026-07-14 18:05:08.458000+00:00,2026-07-14,3.57,28.5,12.67,,40.43,,
dp3-100,Psyduck,100,Common,Secret Wonders,2026-07-15T18:05:08.182Z,EUR,277853.0,2026-07-15T18:05:05.551Z,USD,,88438.0,88438.0,,,2026-07-15 18:05:08.182000+00:00,2026-07-15,3.57,28.5,12.67,,45.99,,
dp3-100,Psyduck,100,Common,Secret Wonders,2026-07-16T18:05:08.727Z,EUR,277853.0,2026-07-16T18:05:05.577Z,USD,,88438.0,88438.0,,,2026-07-16 18:05:08.727000+00:00,2026-07-16,3.57,28.5,12.67,,45.99,,
dp3-100,Psyduck,100,Common,Secret Wonders,2026-07-17T18:05:09.690Z,EUR,277853.0,2026-07-17T18:05:06.831Z,USD,,88438.0,88438.0,,,2026-07-17 18:05:09.690000+00:00,2026-07-17,3.57,28.5,12.67,,45.99,,
dp3-100,Psyduck,100,Common,Secret Wonders,2026-07-18T08:02:59.387Z,EUR,277853.0,2026-07-18T08:02:56.510Z,USD,,88438.0,88438.0,,,2026-07-18 08:02:59.387000+00:00,2026-07-18,3.57,28.5,12.67,,45.99,,
dp3-100,Psyduck,100,Common,Secret Wonders,2026-07-19T08:03:04.658Z,EUR,277853.0,2026-07-19T08:03:01.913Z,USD,,88438.0,88438.0,,,2026-07-19 08:03:04.658000+00:00,2026-07-19,3.57,28.5,12.67,,45.99,,
dp3-100,Psyduck,100,Common,Secret Wonders,2026-07-20T08:03:04.265Z,EUR,277853.0,2026-07-20T08:03:01.812Z,USD,,88438.0,88438.0,,,2026-07-20 08:03:04.265000+00:00,2026-07-20,9.11,28.5,12.67,,45.99,,
dp3-100,Psyduck,100,Common,Secret Wonders,2026-07-21T08:03:04.252Z,EUR,277853.0,2026-07-21T08:03:01.653Z,USD,,88438.0,88438.0,,,2026-07-21 08:03:04.252000+00:00,2026-07-21,9.11,28.5,12.67,,45.99,,
dp3-100,Psyduck,100,Common,Secret Wonders,2026-07-22T08:03:06.558Z,EUR,277853.0,2026-07-22T08:03:03.509Z,USD,,88438.0,88438.0,,,2026-07-22 08:03:06.558000+00:00,2026-07-22,9.11,28.5,12.49,,45.99,,
dp3-100,Psyduck,100,Common,Secret Wonders,2026-07-23T08:03:03.918Z,EUR,277853.0,2026-07-23T08:03:01.469Z,USD,,88438.0,88438.0,,,2026-07-23 08:03:03.918000+00:00,2026-07-23,9.11,28.5,12.49,,45.99,,
dp3-100,Psyduck,100,Common,Secret Wonders,2026-07-24T08:03:04.300Z,EUR,277853.0,2026-07-24T08:03:01.880Z,USD,,88438.0,88438.0,,,2026-07-24 08:03:04.300000+00:00,2026-07-24,9.11,28.5,12.49,,45.99,,
dp3-100,Psyduck,100,Common,Secret Wonders,2026-07-25T08:03:04.624Z,EUR,277853.0,2026-07-25T08:03:01.832Z,USD,,88438.0,88438.0,,,2026-07-25 08:03:04.624000+00:00,2026-07-25,9.11,28.5,12.49,,49.99,,
dp3-100,Psyduck,100,Common,Secret Wonders,2026-07-26T08:03:04.532Z,EUR,277853.0,2026-07-26T08:03:08.852Z,USD,,88438.0,88438.0,,,2026-07-26 08:03:04.532000+00:00,2026-07-26,1.31,45.59,12.49,,49.99,,
dp3-100,Psyduck,100,Common,Secret Wonders,2026-07-27T08:03:04.458Z,EUR,277853.0,2026-07-27T08:03:04.525Z,USD,,88438.0,88438.0,,,2026-07-27 08:03:04.458000+00:00,2026-07-27,0.28,45.59,12.72,,49.99,,
dp3-100,Psyduck,100,Common,Secret Wonders,2026-07-28T08:03:04.598Z,EUR,277853.0,2026-07-28T08:03:03.473Z,USD,,88438.0,88438.0,,,2026-07-28 08:03:04.598000+00:00,2026-07-28,0.28,45.59,12.72,,61.59,,
dp3-100,Psyduck,100,Common,Secret Wonders,2026-07-29T08:03:04.597Z,EUR,277853.0,2026-07-29T08:03:02.662Z,USD,,88438.0,88438.0,,,2026-07-29 08:03:04.597000+00:00,2026-07-29,1.14,45.59,12.72,,61.59,,
ecard2-104,Psyduck,104,Common,Aquapolis,2026-07-08T18:05:11.087Z,EUR,275180.0,2026-07-08T18:05:06.517Z,USD,,88435.0,,,,2026-07-08 18:05:11.087000+00:00,2026-07-08,78.66,296.4,167.64,,,,
ecard2-104,Psyduck,104,Common,Aquapolis,2026-07-09T18:05:09.065Z,EUR,275180.0,2026-07-09T18:05:05.316Z,USD,,88435.0,,,,2026-07-09 18:05:09.065000+00:00,2026-07-09,78.66,296.4,167.5,,,,
ecard2-104,Psyduck,104,Common,Aquapolis,2026-07-10T18:05:08.528Z,EUR,275180.0,2026-07-10T18:05:05.191Z,USD,,88435.0,,,,2026-07-10 18:05:08.528000+00:00,2026-07-10,113.94,296.4,167.5,,,,
ecard2-104,Psyduck,104,Common,Aquapolis,2026-07-11T18:05:08.177Z,EUR,275180.0,2026-07-11T18:05:05.031Z,USD,,88435.0,,,,2026-07-11 18:05:08.177000+00:00,2026-07-11,113.94,296.4,167.5,,,,
ecard2-104,Psyduck,104,Common,Aquapolis,2026-07-12T18:05:08.999Z,EUR,275180.0,2026-07-12T18:05:06.230Z,USD,,88435.0,,,,2026-07-12 18:05:08.999000+00:00,2026-07-12,113.94,296.4,167.5,,,,
ecard2-104,Psyduck,104,Common,Aquapolis,2026-07-13T18:05:07.999Z,EUR,275180.0,2026-07-13T18:05:05.203Z,USD,,88435.0,,,,2026-07-13 18:05:07.999000+00:00,2026-07-13,148.2,296.4,167.5,,,,
ecard2-104,Psyduck,104,Common,Aquapolis,2026-07-14T18:05:08.458Z,EUR,275180.0,2026-07-14T18:05:04.992Z,USD,,88435.0,,,,2026-07-14 18:05:08.458000+00:00,2026-07-14,148.2,296.4,167.5,,,,
ecard2-104,Psyduck,104,Common,Aquapolis,2026-07-15T18:05:08.182Z,EUR,275180.0,2026-07-15T18:05:05.116Z,USD,,88435.0,,,,2026-07-15 18:05:08.182000+00:00,2026-07-15,148.2,296.4,167.5,,,,
ecard2-104,Psyduck,104,Common,Aquapolis,2026-07-16T18:05:08.727Z,EUR,275180.0,2026-07-16T18:05:05.107Z,USD,,88435.0,88435.0,,,2026-07-16 18:05:08.727000+00:00,2026-07-16,148.2,296.4,167.5,,391.4,,
ecard2-104,Psyduck,104,Common,Aquapolis,2026-07-17T18:05:09.690Z,EUR,275180.0,2026-07-17T18:05:06.444Z,USD,,88435.0,88435.0,,,2026-07-17 18:05:09.690000+00:00,2026-07-17,148.2,296.4,167.5,,391.4,,
ecard2-104,Psyduck,104,Common,Aquapolis,2026-07-18T08:02:59.387Z,EUR,275180.0,2026-07-18T08:02:56.204Z,USD,,88435.0,88435.0,,,2026-07-18 08:02:59.387000+00:00,2026-07-18,148.2,296.4,167.5,,391.4,,
ecard2-104,Psyduck,104,Common,Aquapolis,2026-07-19T08:03:04.658Z,EUR,275180.0,2026-07-19T08:03:01.596Z,USD,,88435.0,88435.0,,,2026-07-19 08:03:04.658000+00:00,2026-07-19,148.2,296.4,167.5,,391.4,,
ecard2-104,Psyduck,104,Common,Aquapolis,2026-07-20T08:03:04.265Z,EUR,275180.0,2026-07-20T08:03:01.468Z,USD,,88435.0,88435.0,,,2026-07-20 08:03:04.265000+00:00,2026-07-20,62.7,456.0,167.5,,391.4,,
ecard2-104,Psyduck,104,Common,Aquapolis,2026-07-21T08:03:04.252Z,EUR,275180.0,2026-07-21T08:03:01.319Z,USD,,88435.0,88435.0,,,2026-07-21 08:03:04.252000+00:00,2026-07-21,62.7,456.0,167.5,,391.4,,
ecard2-104,Psyduck,104,Common,Aquapolis,2026-07-22T08:03:06.471Z,EUR,275180.0,2026-07-22T08:03:03.197Z,USD,,88435.0,88435.0,,,2026-07-22 08:03:06.471000+00:00,2026-07-22,62.7,456.0,167.5,,391.4,,
ecard2-104,Psyduck,104,Common,Aquapolis,2026-07-23T08:03:03.918Z,EUR,275180.0,2026-07-23T08:03:01.185Z,USD,,88435.0,88435.0,,,2026-07-23 08:03:03.918000+00:00,2026-07-23,62.7,456.0,167.5,,391.4,,
ecard2-104,Psyduck,104,Common,Aquapolis,2026-07-24T08:03:04.300Z,EUR,275180.0,2026-07-24T08:03:01.584Z,USD,,88435.0,88435.0,,,2026-07-24 08:03:04.300000+00:00,2026-07-24,62.7,456.0,167.5,,700.0,,
ecard2-104,Psyduck,104,Common,Aquapolis,2026-07-25T08:03:04.397Z,EUR,275180.0,2026-07-25T08:03:01.473Z,USD,,88435.0,88435.0,,,2026-07-25 08:03:04.397000+00:00,2026-07-25,62.7,456.0,176.55,,700.0,,
ecard2-104,Psyduck,104,Common,Aquapolis,2026-07-26T08:03:04.732Z,EUR,275180.0,2026-07-26T08:03:02.265Z,USD,,88435.0,88435.0,,,2026-07-26 08:03:04.732000+00:00,2026-07-26,114.0,456.0,176.55,,700.0,,
ecard2-104,Psyduck,104,Common,Aquapolis,2026-07-27T08:03:04.458Z,EUR,275180.0,2026-07-27T08:03:02.665Z,USD,,88435.0,88435.0,,,2026-07-27 08:03:04.458000+00:00,2026-07-27,136.74,456.0,176.55,,700.0,,
ecard2-104,Psyduck,104,Common,Aquapolis,2026-07-28T08:03:04.286Z,EUR,275180.0,2026-07-28T08:03:01.574Z,USD,,88435.0,88435.0,,,2026-07-28 08:03:04.286000+00:00,2026-07-28,136.74,456.0,176.55,,700.0,,
ecard2-104,Psyduck,104,Common,Aquapolis,2026-07-29T08:03:04.597Z,EUR,275180.0,2026-07-29T08:03:02.024Z,USD,,88435.0,88435.0,,,2026-07-29 08:03:04.597000+00:00,2026-07-29,114.0,456.0,176.55,,700.0,,
ex13-81,Psyduck δ,81,Common,Holon Phantoms,2026-07-08T18:05:10.078Z,EUR,277051.0,,,,,,,,2026-07-08 18:05:10.078000+00:00,2026-07-08,5.7,126.67,,,,,
ex13-81,Psyduck δ,81,Common,Holon Phantoms,2026-07-09T18:05:09.065Z,EUR,277051.0,,,,,,,,2026-07-09 18:05:09.065000+00:00,2026-07-09,5.7,126.67,,,,,
ex13-81,Psyduck δ,81,Common,Holon Phantoms,2026-07-10T18:05:08.528Z,EUR,277051.0,,,,,,,,2026-07-10 18:05:08.528000+00:00,2026-07-10,9.03,126.67,,,,,
ex13-81,Psyduck δ,81,Common,Holon Phantoms,2026-07-11T18:05:08.177Z,EUR,277051.0,,,,,,,,2026-07-11 18:05:08.177000+00:00,2026-07-11,9.03,126.67,,,,,
ex13-81,Psyduck δ,81,Common,Holon Phantoms,2026-07-12T18:05:08.999Z,EUR,277051.0,,,,,,,,2026-07-12 18:05:08.999000+00:00,2026-07-12,9.03,126.67,,,,,
ex13-81,Psyduck δ,81,Common,Holon Phantoms,2026-07-13T18:05:07.999Z,EUR,277051.0,,,,,,,,2026-07-13 18:05:07.999000+00:00,2026-07-13,7.92,126.67,,,,,
ex13-81,Psyduck δ,81,Common,Holon Phantoms,2026-07-14T18:05:08.458Z,EUR,277051.0,,,,,,,,2026-07-14 18:05:08.458000+00:00,2026-07-14,7.92,126.67,,,,,
ex13-81,Psyduck δ,81,Common,Holon Phantoms,2026-07-15T18:05:08.182Z,EUR,277051.0,,,,,,,,2026-07-15 18:05:08.182000+00:00,2026-07-15,7.92,126.67,,,,,
ex13-81,Psyduck δ,81,Common,Holon Phantoms,2026-07-16T18:05:08.727Z,EUR,277051.0,,,,,,,,2026-07-16 18:05:08.727000+00:00,2026-07-16,7.92,126.67,,,,,
ex13-81,Psyduck δ,81,Common,Holon Phantoms,2026-07-17T18:05:09.271Z,EUR,277051.0,,,,,,,,2026-07-17 18:05:09.271000+00:00,2026-07-17,7.92,126.67,,,,,
ex13-81,Psyduck δ,81,Common,Holon Phantoms,2026-07-18T08:02:59.776Z,EUR,277051.0,,,,,,,,2026-07-18 08:02:59.776000+00:00,2026-07-18,7.92,126.67,,,,,
ex13-81,Psyduck δ,81,Common,Holon Phantoms,2026-07-19T08:03:04.658Z,EUR,277051.0,,,,,,,,2026-07-19 08:03:04.658000+00:00,2026-07-19,7.92,126.67,,,,,
ex13-81,Psyduck δ,81,Common,Holon Phantoms,2026-07-20T08:03:04.265Z,EUR,277051.0,,,,,,,,2026-07-20 08:03:04.265000+00:00,2026-07-20,3.41,126.67,,,,,
ex13-81,Psyduck δ,81,Common,Holon Phantoms,2026-07-21T08:03:04.457Z,EUR,277051.0,,,,,,,,2026-07-21 08:03:04.457000+00:00,2026-07-21,3.41,126.67,,,,,
ex13-81,Psyduck δ,81,Common,Holon Phantoms,2026-07-22T08:03:06.558Z,EUR,277051.0,,,,,,,,2026-07-22 08:03:06.558000+00:00,2026-07-22,3.41,126.67,,,,,
ex13-81,Psyduck δ,81,Common,Holon Phantoms,2026-07-23T08:03:03.918Z,EUR,277051.0,,,,,,,,2026-07-23 08:03:03.918000+00:00,2026-07-23,3.41,126.67,,,,,
ex13-81,Psyduck δ,81,Common,Holon Phantoms,2026-07-24T08:03:04.300Z,EUR,277051.0,,,,,,,,2026-07-24 08:03:04.300000+00:00,2026-07-24,3.41,126.67,,,,,
ex13-81,Psyduck δ,81,Common,Holon Phantoms,2026-07-25T08:03:04.261Z,EUR,277051.0,,,,,,,,2026-07-25 08:03:04.261000+00:00,2026-07-25,3.41,126.67,,,,,
ex13-81,Psyduck δ,81,Common,Holon Phantoms,2026-07-26T08:03:04.532Z,EUR,277051.0,,,,,,,,2026-07-26 08:03:04.532000+00:00,2026-07-26,3.99,126.67,,,,,
ex13-81,Psyduck δ,81,Common,Holon Phantoms,2026-07-27T08:03:04.458Z,EUR,277051.0,,,,,,,,2026-07-27 08:03:04.458000+00:00,2026-07-27,5.69,126.67,,,,,
ex13-81,Psyduck δ,81,Common,Holon Phantoms,2026-07-28T08:03:04.286Z,EUR,277051.0,,,,,,,,2026-07-28 08:03:04.286000+00:00,2026-07-28,5.69,126.67,,,,,
ex13-81,Psyduck δ,81,Common,Holon Phantoms,2026-07-29T08:03:05.570Z,EUR,277051.0,,,,,,,,2026-07-29 08:03:05.570000+00:00,2026-07-29,1.14,126.67,,,,,
ex2-73,Psyduck,73,Common,Sandstorm,2026-07-08T18:05:11.087Z,EUR,275850.0,2026-07-08T18:05:06.590Z,USD,,88432.0,88432.0,,,2026-07-08 18:05:11.087000+00:00,2026-07-08,14.81,17.1,17.22,,226.56,,
ex2-73,Psyduck,73,Common,Sandstorm,2026-07-09T18:05:09.065Z,EUR,275850.0,2026-07-09T18:05:05.600Z,USD,,88432.0,88432.0,,,2026-07-09 18:05:09.065000+00:00,2026-07-09,14.81,17.1,17.16,,226.56,,
ex2-73,Psyduck,73,Common,Sandstorm,2026-07-10T18:05:08.528Z,EUR,275850.0,2026-07-10T18:05:05.248Z,USD,,88432.0,88432.0,,,2026-07-10 18:05:08.528000+00:00,2026-07-10,14.81,17.1,17.1,,226.56,,
ex2-73,Psyduck,73,Common,Sandstorm,2026-07-11T18:05:08.177Z,EUR,275850.0,2026-07-11T18:05:05.066Z,USD,,88432.0,88432.0,,,2026-07-11 18:05:08.177000+00:00,2026-07-11,14.81,17.1,17.1,,226.56,,
ex2-73,Psyduck,73,Common,Sandstorm,2026-07-12T18:05:09.094Z,EUR,275850.0,2026-07-12T18:05:06.251Z,USD,,88432.0,88432.0,,,2026-07-12 18:05:09.094000+00:00,2026-07-12,14.81,17.1,17.1,,226.56,,
ex2-73,Psyduck,73,Common,Sandstorm,2026-07-13T18:05:07.999Z,EUR,275850.0,2026-07-13T18:05:05.250Z,USD,,88432.0,88432.0,,,2026-07-13 18:05:07.999000+00:00,2026-07-13,14.81,17.1,17.1,,226.56,,
ex2-73,Psyduck,73,Common,Sandstorm,2026-07-14T18:05:08.458Z,EUR,275850.0,2026-07-14T18:05:05.008Z,USD,,88432.0,88432.0,,,2026-07-14 18:05:08.458000+00:00,2026-07-14,14.81,17.1,17.1,,226.56,,
ex2-73,Psyduck,73,Common,Sandstorm,2026-07-15T18:05:08.182Z,EUR,275850.0,2026-07-15T18:05:05.129Z,USD,,88432.0,88432.0,,,2026-07-15 18:05:08.182000+00:00,2026-07-15,14.81,17.1,17.1,,226.56,,
ex2-73,Psyduck,73,Common,Sandstorm,2026-07-16T18:05:08.165Z,EUR,275850.0,2026-07-16T18:05:05.115Z,USD,,88432.0,88432.0,,,2026-07-16 18:05:08.165000+00:00,2026-07-16,14.81,17.1,17.1,,226.56,,
ex2-73,Psyduck,73,Common,Sandstorm,2026-07-17T18:05:09.271Z,EUR,275850.0,2026-07-17T18:05:06.463Z,USD,,88432.0,88432.0,,,2026-07-17 18:05:09.271000+00:00,2026-07-17,14.81,17.1,17.1,,226.56,,
ex2-73,Psyduck,73,Common,Sandstorm,2026-07-18T08:02:59.387Z,EUR,275850.0,2026-07-18T08:02:56.217Z,USD,,88432.0,88432.0,,,2026-07-18 08:02:59.387000+00:00,2026-07-18,14.81,17.1,17.1,,226.56,,
ex2-73,Psyduck,73,Common,Sandstorm,2026-07-19T08:03:04.658Z,EUR,275850.0,2026-07-19T08:03:01.616Z,USD,,88432.0,88432.0,,,2026-07-19 08:03:04.658000+00:00,2026-07-19,14.81,17.1,17.1,,226.56,,
ex2-73,Psyduck,73,Common,Sandstorm,2026-07-20T08:03:04.811Z,EUR,275850.0,2026-07-20T08:03:01.483Z,USD,,88432.0,88432.0,,,2026-07-20 08:03:04.811000+00:00,2026-07-20,3.84,33.05,17.1,,226.56,,
ex2-73,Psyduck,73,Common,Sandstorm,2026-07-21T08:03:04.457Z,EUR,275850.0,2026-07-21T08:03:01.334Z,USD,,88432.0,88432.0,,,2026-07-21 08:03:04.457000+00:00,2026-07-21,3.84,33.05,17.15,,226.56,,
ex2-73,Psyduck,73,Common,Sandstorm,2026-07-22T08:03:06.471Z,EUR,275850.0,2026-07-22T08:03:03.211Z,USD,,88432.0,88432.0,,,2026-07-22 08:03:06.471000+00:00,2026-07-22,3.84,33.05,17.15,,226.56,,
ex2-73,Psyduck,73,Common,Sandstorm,2026-07-23T08:03:03.918Z,EUR,275850.0,2026-07-23T08:03:01.198Z,USD,,88432.0,88432.0,,,2026-07-23 08:03:03.918000+00:00,2026-07-23,3.84,33.05,17.15,,226.56,,
ex2-73,Psyduck,73,Common,Sandstorm,2026-07-24T08:03:04.300Z,EUR,275850.0,2026-07-24T08:03:01.598Z,USD,,88432.0,88432.0,,,2026-07-24 08:03:04.300000+00:00,2026-07-24,3.84,33.05,17.15,,226.56,,
ex2-73,Psyduck,73,Common,Sandstorm,2026-07-25T08:03:04.302Z,EUR,275850.0,2026-07-25T08:03:01.497Z,USD,,88432.0,88432.0,,,2026-07-25 08:03:04.302000+00:00,2026-07-25,3.84,33.05,17.15,,226.56,,
ex2-73,Psyduck,73,Common,Sandstorm,2026-07-26T08:03:04.732Z,EUR,275850.0,2026-07-26T08:03:02.641Z,USD,,88432.0,88432.0,,,2026-07-26 08:03:04.732000+00:00,2026-07-26,0.11,10.75,17.15,,226.56,,
ex2-73,Psyduck,73,Common,Sandstorm,2026-07-27T08:03:04.705Z,EUR,275850.0,2026-07-27T08:03:02.758Z,USD,,88432.0,88432.0,,,2026-07-27 08:03:04.705000+00:00,2026-07-27,0.11,10.75,17.33,,226.56,,
ex2-73,Psyduck,73,Common,Sandstorm,2026-07-28T08:03:04.286Z,EUR,275850.0,2026-07-28T08:03:01.591Z,USD,,88432.0,88432.0,,,2026-07-28 08:03:04.286000+00:00,2026-07-28,0.11,10.75,17.33,,226.56,,
ex2-73,Psyduck,73,Common,Sandstorm,2026-07-29T08:03:05.570Z,EUR,275850.0,2026-07-29T08:03:02.041Z,USD,,88432.0,88432.0,,,2026-07-29 08:03:05.570000+00:00,2026-07-29,0.11,10.75,17.33,,226.56,,
ex4-44,Psyduck,44,Common,Team Magma vs Team Aqua,2026-07-08T18:05:10.078Z,EUR,276021.0,2026-07-08T18:05:06.607Z,USD,,88436.0,88436.0,,,2026-07-08 18:05:10.078000+00:00,2026-07-08,34.2,62.69,29.05,,249.99,,
ex4-44,Psyduck,44,Common,Team Magma vs Team Aqua,2026-07-09T18:05:09.065Z,EUR,276021.0,2026-07-09T18:05:05.626Z,USD,,88436.0,88436.0,,,2026-07-09 18:05:09.065000+00:00,2026-07-09,25.88,62.69,29.29,,249.99,,
ex4-44,Psyduck,44,Common,Team Magma vs Team Aqua,2026-07-10T18:05:08.528Z,EUR,276021.0,2026-07-10T18:05:05.261Z,USD,,88436.0,88436.0,,,2026-07-10 18:05:08.528000+00:00,2026-07-10,5.13,62.69,29.29,,249.99,,
ex4-44,Psyduck,44,Common,Team Magma vs Team Aqua,2026-07-11T18:05:08.177Z,EUR,276021.0,2026-07-11T18:05:05.076Z,USD,,88436.0,88436.0,,,2026-07-11 18:05:08.177000+00:00,2026-07-11,5.13,62.69,29.29,,249.99,,
ex4-44,Psyduck,44,Common,Team Magma vs Team Aqua,2026-07-12T18:05:08.999Z,EUR,276021.0,2026-07-12T18:05:06.264Z,USD,,88436.0,88436.0,,,2026-07-12 18:05:08.999000+00:00,2026-07-12,5.13,62.69,29.49,,249.99,,
ex4-44,Psyduck,44,Common,Team Magma vs Team Aqua,2026-07-13T18:05:07.999Z,EUR,276021.0,2026-07-13T18:05:05.260Z,USD,,88436.0,88436.0,,,2026-07-13 18:05:07.999000+00:00,2026-07-13,5.13,62.69,29.49,,249.99,,
ex4-44,Psyduck,44,Common,Team Magma vs Team Aqua,2026-07-14T18:05:08.458Z,EUR,276021.0,2026-07-14T18:05:05.023Z,USD,,88436.0,88436.0,,,2026-07-14 18:05:08.458000+00:00,2026-07-14,5.13,62.69,29.49,,249.99,,
ex4-44,Psyduck,44,Common,Team Magma vs Team Aqua,2026-07-15T18:05:08.182Z,EUR,276021.0,2026-07-15T18:05:05.140Z,USD,,88436.0,88436.0,,,2026-07-15 18:05:08.182000+00:00,2026-07-15,5.13,62.69,29.49,,249.99,,
ex4-44,Psyduck,44,Common,Team Magma vs Team Aqua,2026-07-16T18:05:08.165Z,EUR,276021.0,2026-07-16T18:05:05.121Z,USD,,88436.0,88436.0,,,2026-07-16 18:05:08.165000+00:00,2026-07-16,5.13,62.69,29.49,,249.99,,
ex4-44,Psyduck,44,Common,Team Magma vs Team Aqua,2026-07-17T18:05:09.271Z,EUR,276021.0,2026-07-17T18:05:06.477Z,USD,,88436.0,88436.0,,,2026-07-17 18:05:09.271000+00:00,2026-07-17,5.13,62.69,29.49,,249.99,,
ex4-44,Psyduck,44,Common,Team Magma vs Team Aqua,2026-07-18T08:02:59.387Z,EUR,276021.0,2026-07-18T08:02:56.231Z,USD,,88436.0,88436.0,,,2026-07-18 08:02:59.387000+00:00,2026-07-18,5.13,62.69,29.64,,249.99,,
ex4-44,Psyduck,44,Common,Team Magma vs Team Aqua,2026-07-19T08:03:04.658Z,EUR,276021.0,2026-07-19T08:03:01.632Z,USD,,88436.0,88436.0,,,2026-07-19 08:03:04.658000+00:00,2026-07-19,5.13,62.69,30.06,,249.99,,
ex4-44,Psyduck,44,Common,Team Magma vs Team Aqua,2026-07-20T08:03:04.811Z,EUR,276021.0,2026-07-20T08:03:01.502Z,USD,,88436.0,88436.0,,,2026-07-20 08:03:04.811000+00:00,2026-07-20,9.12,62.69,30.06,,249.99,,
ex4-44,Psyduck,44,Common,Team Magma vs Team Aqua,2026-07-21T08:03:04.457Z,EUR,276021.0,2026-07-21T08:03:01.348Z,USD,,88436.0,88436.0,,,2026-07-21 08:03:04.457000+00:00,2026-07-21,9.12,62.69,30.28,,249.99,,
ex4-44,Psyduck,44,Common,Team Magma vs Team Aqua,2026-07-22T08:03:06.471Z,EUR,276021.0,2026-07-22T08:03:03.221Z,USD,,88436.0,88436.0,,,2026-07-22 08:03:06.471000+00:00,2026-07-22,9.12,62.69,30.76,,249.99,,
ex4-44,Psyduck,44,Common,Team Magma vs Team Aqua,2026-07-23T08:03:03.918Z,EUR,276021.0,2026-07-23T08:03:01.210Z,USD,,88436.0,88436.0,,,2026-07-23 08:03:03.918000+00:00,2026-07-23,9.12,62.69,30.76,,249.99,,
ex4-44,Psyduck,44,Common,Team Magma vs Team Aqua,2026-07-24T08:03:04.550Z,EUR,276021.0,2026-07-24T08:03:01.610Z,USD,,88436.0,88436.0,,,2026-07-24 08:03:04.550000+00:00,2026-07-24,9.12,62.69,30.76,,249.99,,
ex4-44,Psyduck,44,Common,Team Magma vs Team Aqua,2026-07-25T08:03:04.261Z,EUR,276021.0,2026-07-25T08:03:01.509Z,USD,,88436.0,88436.0,,,2026-07-25 08:03:04.261000+00:00,2026-07-25,9.12,62.69,31.04,,249.99,,
ex4-44,Psyduck,44,Common,Team Magma vs Team Aqua,2026-07-26T08:03:04.571Z,EUR,276021.0,2026-07-26T08:03:02.675Z,USD,,88436.0,88436.0,,,2026-07-26 08:03:04.571000+00:00,2026-07-26,0.57,62.69,31.28,,249.99,,
ex4-44,Psyduck,44,Common,Team Magma vs Team Aqua,2026-07-27T08:03:04.705Z,EUR,276021.0,2026-07-27T08:03:02.888Z,USD,,88436.0,88436.0,,,2026-07-27 08:03:04.705000+00:00,2026-07-27,0.57,62.69,31.28,,249.99,,
ex4-44,Psyduck,44,Common,Team Magma vs Team Aqua,2026-07-28T08:03:04.286Z,EUR,276021.0,2026-07-28T08:03:01.610Z,USD,,88436.0,88436.0,,,2026-07-28 08:03:04.286000+00:00,2026-07-28,0.57,62.69,31.78,,249.99,,
ex4-44,Psyduck,44,Common,Team Magma vs Team Aqua,2026-07-29T08:03:05.570Z,EUR,276021.0,2026-07-29T08:03:02.068Z,USD,,88436.0,88436.0,,,2026-07-29 08:03:05.570000+00:00,2026-07-29,0.57,62.69,31.78,,249.99,,
ex7-70,Psyduck,70,Common,Team Rocket Returns,2026-07-08T18:05:11.087Z,EUR,276362.0,2026-07-08T18:05:06.617Z,USD,,88437.0,,,,2026-07-08 18:05:11.087000+00:00,2026-07-08,28.39,114.0,29.9,,,,
ex7-70,Psyduck,70,Common,Team Rocket Returns,2026-07-09T18:05:09.065Z,EUR,276362.0,2026-07-09T18:05:05.647Z,USD,,88437.0,,,,2026-07-09 18:05:09.065000+00:00,2026-07-09,28.39,227.89,30.26,,,,
ex7-70,Psyduck,70,Common,Team Rocket Returns,2026-07-10T18:05:08.528Z,EUR,276362.0,2026-07-10T18:05:05.384Z,USD,,88437.0,,,,2026-07-10 18:05:08.528000+00:00,2026-07-10,28.39,227.89,30.26,,,,
ex7-70,Psyduck,70,Common,Team Rocket Returns,2026-07-11T18:05:08.177Z,EUR,276362.0,2026-07-11T18:05:05.093Z,USD,,88437.0,,,,2026-07-11 18:05:08.177000+00:00,2026-07-11,28.39,227.89,30.26,,,,
ex7-70,Psyduck,70,Common,Team Rocket Returns,2026-07-12T18:05:08.999Z,EUR,276362.0,2026-07-12T18:05:06.281Z,USD,,88437.0,,,,2026-07-12 18:05:08.999000+00:00,2026-07-12,28.39,227.89,30.26,,,,
ex7-70,Psyduck,70,Common,Team Rocket Returns,2026-07-13T18:05:07.999Z,EUR,276362.0,2026-07-13T18:05:05.278Z,USD,,88437.0,,,,2026-07-13 18:05:07.999000+00:00,2026-07-13,5.64,273.6,30.26,,,,
ex7-70,Psyduck,70,Common,Team Rocket Returns,2026-07-14T18:05:08.458Z,EUR,276362.0,2026-07-14T18:05:05.052Z,USD,,88437.0,,,,2026-07-14 18:05:08.458000+00:00,2026-07-14,5.64,273.6,30.26,,,,
ex7-70,Psyduck,70,Common,Team Rocket Returns,2026-07-15T18:05:08.182Z,EUR,276362.0,2026-07-15T18:05:05.151Z,USD,,88437.0,,,,2026-07-15 18:05:08.182000+00:00,2026-07-15,5.64,273.6,30.14,,,,
ex7-70,Psyduck,70,Common,Team Rocket Returns,2026-07-16T18:05:08.727Z,EUR,276362.0,2026-07-16T18:05:05.137Z,USD,,88437.0,,,,2026-07-16 18:05:08.727000+00:00,2026-07-16,5.64,273.6,30.14,,,,
ex7-70,Psyduck,70,Common,Team Rocket Returns,2026-07-17T18:05:09.396Z,EUR,276362.0,2026-07-17T18:05:06.517Z,USD,,88437.0,,,,2026-07-17 18:05:09.396000+00:00,2026-07-17,5.64,273.6,30.14,,,,
ex7-70,Psyduck,70,Common,Team Rocket Returns,2026-07-18T08:02:59.387Z,EUR,276362.0,2026-07-18T08:02:56.252Z,USD,,88437.0,,,,2026-07-18 08:02:59.387000+00:00,2026-07-18,5.64,273.6,30.14,,,,
ex7-70,Psyduck,70,Common,Team Rocket Returns,2026-07-19T08:03:04.658Z,EUR,276362.0,2026-07-19T08:03:01.651Z,USD,,88437.0,,,,2026-07-19 08:03:04.658000+00:00,2026-07-19,5.64,273.6,30.12,,,,
ex7-70,Psyduck,70,Common,Team Rocket Returns,2026-07-20T08:03:04.811Z,EUR,276362.0,2026-07-20T08:03:01.518Z,USD,,88437.0,,,,2026-07-20 08:03:04.811000+00:00,2026-07-20,22.8,227.99,30.12,,,,
ex7-70,Psyduck,70,Common,Team Rocket Returns,2026-07-21T08:03:04.252Z,EUR,276362.0,2026-07-21T08:03:01.363Z,USD,,88437.0,,,,2026-07-21 08:03:04.252000+00:00,2026-07-21,22.8,227.99,30.23,,,,
ex7-70,Psyduck,70,Common,Team Rocket Returns,2026-07-22T08:03:06.471Z,EUR,276362.0,2026-07-22T08:03:03.242Z,USD,,88437.0,,,,2026-07-22 08:03:06.471000+00:00,2026-07-22,22.8,227.99,30.09,,,,
ex7-70,Psyduck,70,Common,Team Rocket Returns,2026-07-23T08:03:03.918Z,EUR,276362.0,2026-07-23T08:03:01.226Z,USD,,88437.0,,,,2026-07-23 08:03:03.918000+00:00,2026-07-23,22.8,227.99,30.09,,,,
ex7-70,Psyduck,70,Common,Team Rocket Returns,2026-07-24T08:03:04.300Z,EUR,276362.0,2026-07-24T08:03:01.621Z,USD,,88437.0,,,,2026-07-24 08:03:04.300000+00:00,2026-07-24,22.8,227.99,29.89,,,,
ex7-70,Psyduck,70,Common,Team Rocket Returns,2026-07-25T08:03:04.302Z,EUR,276362.0,2026-07-25T08:03:01.548Z,USD,,88437.0,,,,2026-07-25 08:03:04.302000+00:00,2026-07-25,22.8,227.99,30.28,,,,
ex7-70,Psyduck,70,Common,Team Rocket Returns,2026-07-26T08:03:04.532Z,EUR,276362.0,2026-07-26T08:03:03.761Z,USD,,88437.0,,,,2026-07-26 08:03:04.532000+00:00,2026-07-26,5.59,147.06,30.28,,,,
ex7-70,Psyduck,70,Common,Team Rocket Returns,2026-07-27T08:03:04.458Z,EUR,276362.0,2026-07-27T08:03:03.021Z,USD,,88437.0,,,,2026-07-27 08:03:04.458000+00:00,2026-07-27,5.59,147.06,30.28,,,,
ex7-70,Psyduck,70,Common,Team Rocket Returns,2026-07-28T08:03:04.598Z,EUR,276362.0,2026-07-28T08:03:01.637Z,USD,,88437.0,,,,2026-07-28 08:03:04.598000+00:00,2026-07-28,5.59,147.06,30.28,,,,
ex7-70,Psyduck,70,Common,Team Rocket Returns,2026-07-29T08:03:05.570Z,EUR,276362.0,2026-07-29T08:03:02.090Z,USD,,88437.0,,,,2026-07-29 08:03:05.570000+00:00,2026-07-29,5.59,147.06,30.28,,,,
gym1-54,Misty's Psyduck,54,Uncommon,Gym Heroes,2026-07-08T18:05:11.087Z,EUR,274190.0,2026-07-08T18:05:06.376Z,USD,,,,87539.0,87539.0,2026-07-08 18:05:11.087000+00:00,2026-07-08,3.41,,,,,28.66,9.2
gym1-54,Misty's Psyduck,54,Uncommon,Gym Heroes,2026-07-09T18:05:09.065Z,EUR,274190.0,2026-07-09T18:05:05.180Z,USD,,,,87539.0,87539.0,2026-07-09 18:05:09.065000+00:00,2026-07-09,17.1,,,,,28.2,9.35
gym1-54,Misty's Psyduck,54,Uncommon,Gym Heroes,2026-07-10T18:05:08.528Z,EUR,274190.0,2026-07-10T18:05:05.156Z,USD,,,,87539.0,87539.0,2026-07-10 18:05:08.528000+00:00,2026-07-10,6.84,,,,,28.2,9.35
gym1-54,Misty's Psyduck,54,Uncommon,Gym Heroes,2026-07-11T18:05:08.177Z,EUR,274190.0,2026-07-11T18:05:04.971Z,USD,,,,87539.0,87539.0,2026-07-11 18:05:08.177000+00:00,2026-07-11,6.84,,,,,28.2,9.35
gym1-54,Misty's Psyduck,54,Uncommon,Gym Heroes,2026-07-12T18:05:08.999Z,EUR,274190.0,2026-07-12T18:05:06.162Z,USD,,,,87539.0,87539.0,2026-07-12 18:05:08.999000+00:00,2026-07-12,6.84,,,,,28.2,9.35
gym1-54,Misty's Psyduck,54,Uncommon,Gym Heroes,2026-07-13T18:05:07.999Z,EUR,274190.0,2026-07-13T18:05:05.129Z,USD,,,,87539.0,87539.0,2026-07-13 18:05:07.999000+00:00,2026-07-13,3.29,,,,,28.14,9.35
gym1-54,Misty's Psyduck,54,Uncommon,Gym Heroes,2026-07-14T18:05:08.458Z,EUR,274190.0,2026-07-14T18:05:04.944Z,USD,,,,87539.0,87539.0,2026-07-14 18:05:08.458000+00:00,2026-07-14,3.29,,,,,28.14,9.61
gym1-54,Misty's Psyduck,54,Uncommon,Gym Heroes,2026-07-15T18:05:08.182Z,EUR,274190.0,2026-07-15T18:05:04.973Z,USD,,,,87539.0,87539.0,2026-07-15 18:05:08.182000+00:00,2026-07-15,3.29,,,,,28.14,9.61
gym1-54,Misty's Psyduck,54,Uncommon,Gym Heroes,2026-07-16T18:05:08.727Z,EUR,274190.0,2026-07-16T18:05:05.027Z,USD,,,,87539.0,87539.0,2026-07-16 18:05:08.727000+00:00,2026-07-16,3.29,,,,,28.14,9.61
gym1-54,Misty's Psyduck,54,Uncommon,Gym Heroes,2026-07-17T18:05:09.396Z,EUR,274190.0,2026-07-17T18:05:06.397Z,USD,,,,87539.0,87539.0,2026-07-17 18:05:09.396000+00:00,2026-07-17,3.29,,,,,28.14,9.61
gym1-54,Misty's Psyduck,54,Uncommon,Gym Heroes,2026-07-18T08:02:59.387Z,EUR,274190.0,2026-07-18T08:02:56.160Z,USD,,,,87539.0,87539.0,2026-07-18 08:02:59.387000+00:00,2026-07-18,3.29,,,,,28.14,10.26
gym1-54,Misty's Psyduck,54,Uncommon,Gym Heroes,2026-07-19T08:03:04.658Z,EUR,274190.0,2026-07-19T08:03:01.536Z,USD,,,,87539.0,87539.0,2026-07-19 08:03:04.658000+00:00,2026-07-19,3.29,,,,,28.14,10.37
gym1-54,Misty's Psyduck,54,Uncommon,Gym Heroes,2026-07-20T08:03:04.265Z,EUR,274190.0,2026-07-20T08:03:01.411Z,USD,,,,87539.0,87539.0,2026-07-20 08:03:04.265000+00:00,2026-07-20,7.69,,,,,28.14,10.54
gym1-54,Misty's Psyduck,54,Uncommon,Gym Heroes,2026-07-21T08:03:04.115Z,EUR,274190.0,2026-07-21T08:03:01.270Z,USD,,,,87539.0,87539.0,2026-07-21 08:03:04.115000+00:00,2026-07-21,7.69,,,,,28.14,10.58
gym1-54,Misty's Psyduck,54,Uncommon,Gym Heroes,2026-07-22T08:03:06.471Z,EUR,274190.0,2026-07-22T08:03:03.129Z,USD,,,,87539.0,87539.0,2026-07-22 08:03:06.471000+00:00,2026-07-22,7.69,,,,,28.14,10.58
gym1-54,Misty's Psyduck,54,Uncommon,Gym Heroes,2026-07-23T08:03:03.918Z,EUR,274190.0,2026-07-23T08:03:01.132Z,USD,,,,87539.0,87539.0,2026-07-23 08:03:03.918000+00:00,2026-07-23,7.69,,,,,28.14,10.58
gym1-54,Misty's Psyduck,54,Uncommon,Gym Heroes,2026-07-24T08:03:04.550Z,EUR,274190.0,2026-07-24T08:03:01.540Z,USD,,,,87539.0,87539.0,2026-07-24 08:03:04.550000+00:00,2026-07-24,7.69,,,,,28.14,10.58
gym1-54,Misty's Psyduck,54,Uncommon,Gym Heroes,2026-07-25T08:03:03.827Z,EUR,274190.0,2026-07-25T08:03:01.425Z,USD,,,,87539.0,87539.0,2026-07-25 08:03:03.827000+00:00,2026-07-25,7.69,,,,,29.0,10.6
gym1-54,Misty's Psyduck,54,Uncommon,Gym Heroes,2026-07-26T08:03:04.532Z,EUR,274190.0,2026-07-26T08:03:02.115Z,USD,,,,87539.0,87539.0,2026-07-26 08:03:04.532000+00:00,2026-07-26,7.4,,,,,29.0,10.6
gym1-54,Misty's Psyduck,54,Uncommon,Gym Heroes,2026-07-27T08:03:04.458Z,EUR,274190.0,2026-07-27T08:03:02.461Z,USD,,,,87539.0,87539.0,2026-07-27 08:03:04.458000+00:00,2026-07-27,4.39,,,,,28.94,10.6
gym1-54,Misty's Psyduck,54,Uncommon,Gym Heroes,2026-07-28T08:03:04.286Z,EUR,274190.0,2026-07-28T08:03:01.458Z,USD,,,,87539.0,87539.0,2026-07-28 08:03:04.286000+00:00,2026-07-28,4.39,,,,,28.94,10.6
gym1-54,Misty's Psyduck,54,Uncommon,Gym Heroes,2026-07-29T08:03:04.597Z,EUR,274190.0,2026-07-29T08:03:01.751Z,USD,,,,87539.0,87539.0,2026-07-29 08:03:04.597000+00:00,2026-07-29,30.21,,,,,28.94,10.69
gym2-90,Misty's Psyduck,90,Common,Gym Challenge,2026-07-08T18:05:11.087Z,EUR,274358.0,2026-07-08T18:05:06.384Z,USD,,,,87540.0,87540.0,2026-07-08 18:05:11.087000+00:00,2026-07-08,13.66,,,,,28.01,9.71
gym2-90,Misty's Psyduck,90,Common,Gym Challenge,2026-07-09T18:05:09.065Z,EUR,274358.0,2026-07-09T18:05:05.185Z,USD,,,,87540.0,87540.0,2026-07-09 18:05:09.065000+00:00,2026-07-09,13.66,,,,,27.13,9.88
gym2-90,Misty's Psyduck,90,Common,Gym Challenge,2026-07-10T18:05:08.528Z,EUR,274358.0,2026-07-10T18:05:05.160Z,USD,,,,87540.0,87540.0,2026-07-10 18:05:08.528000+00:00,2026-07-10,8.26,,,,,27.13,7.98
gym2-90,Misty's Psyduck,90,Common,Gym Challenge,2026-07-11T18:05:08.177Z,EUR,274358.0,2026-07-11T18:05:04.979Z,USD,,,,87540.0,87540.0,2026-07-11 18:05:08.177000+00:00,2026-07-11,8.26,,,,,27.25,8.18
gym2-90,Misty's Psyduck,90,Common,Gym Challenge,2026-07-12T18:05:08.999Z,EUR,274358.0,2026-07-12T18:05:06.167Z,USD,,,,87540.0,87540.0,2026-07-12 18:05:08.999000+00:00,2026-07-12,8.26,,,,,27.25,8.18
gym2-90,Misty's Psyduck,90,Common,Gym Challenge,2026-07-13T18:05:07.999Z,EUR,274358.0,2026-07-13T18:05:05.134Z,USD,,,,87540.0,87540.0,2026-07-13 18:05:07.999000+00:00,2026-07-13,3.35,,,,,27.25,8.26
gym2-90,Misty's Psyduck,90,Common,Gym Challenge,2026-07-14T18:05:08.458Z,EUR,274358.0,2026-07-14T18:05:04.949Z,USD,,,,87540.0,87540.0,2026-07-14 18:05:08.458000+00:00,2026-07-14,3.35,,,,,27.45,8.26
gym2-90,Misty's Psyduck,90,Common,Gym Challenge,2026-07-15T18:05:08.182Z,EUR,274358.0,2026-07-15T18:05:04.992Z,USD,,,,87540.0,87540.0,2026-07-15 18:05:08.182000+00:00,2026-07-15,3.35,,,,,27.45,8.35
gym2-90,Misty's Psyduck,90,Common,Gym Challenge,2026-07-16T18:05:08.727Z,EUR,274358.0,2026-07-16T18:05:05.051Z,USD,,,,87540.0,87540.0,2026-07-16 18:05:08.727000+00:00,2026-07-16,3.35,,,,,27.45,8.35
gym2-90,Misty's Psyduck,90,Common,Gym Challenge,2026-07-17T18:05:09.690Z,EUR,274358.0,2026-07-17T18:05:06.403Z,USD,,,,87540.0,87540.0,2026-07-17 18:05:09.690000+00:00,2026-07-17,3.35,,,,,27.45,8.51
gym2-90,Misty's Psyduck,90,Common,Gym Challenge,2026-07-18T08:02:59.387Z,EUR,274358.0,2026-07-18T08:02:56.166Z,USD,,,,87540.0,87540.0,2026-07-18 08:02:59.387000+00:00,2026-07-18,3.35,,,,,27.45,8.51
gym2-90,Misty's Psyduck,90,Common,Gym Challenge,2026-07-19T08:03:04.658Z,EUR,274358.0,2026-07-19T08:03:01.546Z,USD,,,,87540.0,87540.0,2026-07-19 08:03:04.658000+00:00,2026-07-19,3.35,,,,,27.55,8.52
gym2-90,Misty's Psyduck,90,Common,Gym Challenge,2026-07-20T08:03:04.265Z,EUR,274358.0,2026-07-20T08:03:01.415Z,USD,,,,87540.0,87540.0,2026-07-20 08:03:04.265000+00:00,2026-07-20,5.93,,,,,28.34,8.57
gym2-90,Misty's Psyduck,90,Common,Gym Challenge,2026-07-21T08:03:04.457Z,EUR,274358.0,2026-07-21T08:03:01.276Z,USD,,,,87540.0,87540.0,2026-07-21 08:03:04.457000+00:00,2026-07-21,5.93,,,,,28.34,8.57
gym2-90,Misty's Psyduck,90,Common,Gym Challenge,2026-07-22T08:03:06.471Z,EUR,274358.0,2026-07-22T08:03:03.134Z,USD,,,,87540.0,87540.0,2026-07-22 08:03:06.471000+00:00,2026-07-22,5.93,,,,,28.34,8.57
gym2-90,Misty's Psyduck,90,Common,Gym Challenge,2026-07-23T08:03:03.918Z,EUR,274358.0,2026-07-23T08:03:01.136Z,USD,,,,87540.0,87540.0,2026-07-23 08:03:03.918000+00:00,2026-07-23,5.93,,,,,28.34,8.62
gym2-90,Misty's Psyduck,90,Common,Gym Challenge,2026-07-24T08:03:04.300Z,EUR,274358.0,2026-07-24T08:03:01.545Z,USD,,,,87540.0,87540.0,2026-07-24 08:03:04.300000+00:00,2026-07-24,5.93,,,,,28.34,8.62
gym2-90,Misty's Psyduck,90,Common,Gym Challenge,2026-07-25T08:03:03.827Z,EUR,274358.0,2026-07-25T08:03:01.429Z,USD,,,,87540.0,87540.0,2026-07-25 08:03:03.827000+00:00,2026-07-25,5.93,,,,,28.34,8.77
gym2-90,Misty's Psyduck,90,Common,Gym Challenge,2026-07-26T08:03:04.532Z,EUR,274358.0,2026-07-26T08:03:02.125Z,USD,,,,87540.0,87540.0,2026-07-26 08:03:04.532000+00:00,2026-07-26,5.1,,,,,28.78,8.68
gym2-90,Misty's Psyduck,90,Common,Gym Challenge,2026-07-27T08:03:04.458Z,EUR,274358.0,2026-07-27T08:03:02.521Z,USD,,,,87540.0,87540.0,2026-07-27 08:03:04.458000+00:00,2026-07-27,4.1,,,,,28.9,8.68
gym2-90,Misty's Psyduck,90,Common,Gym Challenge,2026-07-28T08:03:04.286Z,EUR,274358.0,2026-07-28T08:03:01.475Z,USD,,,,87540.0,87540.0,2026-07-28 08:03:04.286000+00:00,2026-07-28,4.1,,,,,28.9,8.68
gym2-90,Misty's Psyduck,90,Common,Gym Challenge,2026-07-29T08:03:05.570Z,EUR,274358.0,2026-07-29T08:03:01.760Z,USD,,,,87540.0,87540.0,2026-07-29 08:03:05.570000+00:00,2026-07-29,13.87,,,,,29.34,8.62
gym2-99,Sabrina's Psyduck,99,Common,Gym Challenge,2026-07-08T18:05:10.686Z,EUR,274367.0,2026-07-08T18:05:06.384Z,USD,,,,88887.0,88887.0,2026-07-08 18:05:10.686000+00:00,2026-07-08,4.53,,,,,24.49,10.4
gym2-99,Sabrina's Psyduck,99,Common,Gym Challenge,2026-07-09T18:05:09.065Z,EUR,274367.0,2026-07-09T18:05:05.185Z,USD,,,,88887.0,88887.0,2026-07-09 18:05:09.065000+00:00,2026-07-09,4.53,,,,,23.89,10.4
gym2-99,Sabrina's Psyduck,99,Common,Gym Challenge,2026-07-10T18:05:08.528Z,EUR,274367.0,2026-07-10T18:05:05.160Z,USD,,,,88887.0,88887.0,2026-07-10 18:05:08.528000+00:00,2026-07-10,4.53,,,,,24.21,10.4
gym2-99,Sabrina's Psyduck,99,Common,Gym Challenge,2026-07-11T18:05:08.177Z,EUR,274367.0,2026-07-11T18:05:04.979Z,USD,,,,88887.0,88887.0,2026-07-11 18:05:08.177000+00:00,2026-07-11,4.53,,,,,24.21,10.48
gym2-99,Sabrina's Psyduck,99,Common,Gym Challenge,2026-07-12T18:05:08.999Z,EUR,274367.0,2026-07-12T18:05:06.167Z,USD,,,,88887.0,88887.0,2026-07-12 18:05:08.999000+00:00,2026-07-12,4.53,,,,,24.21,10.48
gym2-99,Sabrina's Psyduck,99,Common,Gym Challenge,2026-07-13T18:05:07.999Z,EUR,274367.0,2026-07-13T18:05:05.134Z,USD,,,,88887.0,88887.0,2026-07-13 18:05:07.999000+00:00,2026-07-13,3.42,,,,,24.21,10.3
gym2-99,Sabrina's Psyduck,99,Common,Gym Challenge,2026-07-14T18:05:08.458Z,EUR,274367.0,2026-07-14T18:05:04.949Z,USD,,,,88887.0,88887.0,2026-07-14 18:05:08.458000+00:00,2026-07-14,3.42,,,,,24.52,10.51
gym2-99,Sabrina's Psyduck,99,Common,Gym Challenge,2026-07-15T18:05:08.182Z,EUR,274367.0,2026-07-15T18:05:04.992Z,USD,,,,88887.0,88887.0,2026-07-15 18:05:08.182000+00:00,2026-07-15,3.42,,,,,24.86,10.67
gym2-99,Sabrina's Psyduck,99,Common,Gym Challenge,2026-07-16T18:05:08.727Z,EUR,274367.0,2026-07-16T18:05:05.051Z,USD,,,,88887.0,88887.0,2026-07-16 18:05:08.727000+00:00,2026-07-16,3.42,,,,,24.86,10.67
gym2-99,Sabrina's Psyduck,99,Common,Gym Challenge,2026-07-17T18:05:09.396Z,EUR,274367.0,2026-07-17T18:05:06.403Z,USD,,,,88887.0,88887.0,2026-07-17 18:05:09.396000+00:00,2026-07-17,3.42,,,,,24.94,10.63
gym2-99,Sabrina's Psyduck,99,Common,Gym Challenge,2026-07-18T08:02:59.776Z,EUR,274367.0,2026-07-18T08:02:56.166Z,USD,,,,88887.0,88887.0,2026-07-18 08:02:59.776000+00:00,2026-07-18,3.42,,,,,24.94,10.63
gym2-99,Sabrina's Psyduck,99,Common,Gym Challenge,2026-07-19T08:03:04.658Z,EUR,274367.0,2026-07-19T08:03:01.546Z,USD,,,,88887.0,88887.0,2026-07-19 08:03:04.658000+00:00,2026-07-19,3.42,,,,,24.94,10.35
gym2-99,Sabrina's Psyduck,99,Common,Gym Challenge,2026-07-20T08:03:04.265Z,EUR,274367.0,2026-07-20T08:03:01.415Z,USD,,,,88887.0,88887.0,2026-07-20 08:03:04.265000+00:00,2026-07-20,5.47,,,,,25.26,10.21
gym2-99,Sabrina's Psyduck,99,Common,Gym Challenge,2026-07-21T08:03:04.094Z,EUR,274367.0,2026-07-21T08:03:01.276Z,USD,,,,88887.0,88887.0,2026-07-21 08:03:04.094000+00:00,2026-07-21,5.47,,,,,25.03,10.21
gym2-99,Sabrina's Psyduck,99,Common,Gym Challenge,2026-07-22T08:03:06.558Z,EUR,274367.0,2026-07-22T08:03:03.134Z,USD,,,,88887.0,88887.0,2026-07-22 08:03:06.558000+00:00,2026-07-22,5.47,,,,,24.91,10.11
gym2-99,Sabrina's Psyduck,99,Common,Gym Challenge,2026-07-23T08:03:03.918Z,EUR,274367.0,2026-07-23T08:03:01.136Z,USD,,,,88887.0,88887.0,2026-07-23 08:03:03.918000+00:00,2026-07-23,5.47,,,,,24.91,9.99
gym2-99,Sabrina's Psyduck,99,Common,Gym Challenge,2026-07-24T08:03:04.550Z,EUR,274367.0,2026-07-24T08:03:01.545Z,USD,,,,88887.0,88887.0,2026-07-24 08:03:04.550000+00:00,2026-07-24,5.47,,,,,24.97,9.99
gym2-99,Sabrina's Psyduck,99,Common,Gym Challenge,2026-07-25T08:03:04.261Z,EUR,274367.0,2026-07-25T08:03:01.429Z,USD,,,,88887.0,88887.0,2026-07-25 08:03:04.261000+00:00,2026-07-25,5.47,,,,,24.97,9.99
gym2-99,Sabrina's Psyduck,99,Common,Gym Challenge,2026-07-26T08:03:04.532Z,EUR,274367.0,2026-07-26T08:03:02.125Z,USD,,,,88887.0,88887.0,2026-07-26 08:03:04.532000+00:00,2026-07-26,4.55,,,,,24.97,10.11
gym2-99,Sabrina's Psyduck,99,Common,Gym Challenge,2026-07-27T08:03:04.458Z,EUR,274367.0,2026-07-27T08:03:02.521Z,USD,,,,88887.0,88887.0,2026-07-27 08:03:04.458000+00:00,2026-07-27,4.5,,,,,24.97,10.06
gym2-99,Sabrina's Psyduck,99,Common,Gym Challenge,2026-07-28T08:03:04.286Z,EUR,274367.0,2026-07-28T08:03:01.475Z,USD,,,,88887.0,88887.0,2026-07-28 08:03:04.286000+00:00,2026-07-28,4.5,,,,,24.97,9.98
gym2-99,Sabrina's Psyduck,99,Common,Gym Challenge,2026-07-29T08:03:04.597Z,EUR,274367.0,2026-07-29T08:03:01.760Z,USD,,,,88887.0,88887.0,2026-07-29 08:03:04.597000+00:00,2026-07-29,10.5,,,,,24.97,10.05
hgss4-74,Psyduck,74,Common,Triumphant,2026-07-08T18:05:10.686Z,EUR,279604.0,2026-07-08T18:05:07.008Z,USD,,88440.0,88440.0,,,2026-07-08 18:05:10.686000+00:00,2026-07-08,6.84,30.72,17.42,,51.09,,
hgss4-74,Psyduck,74,Common,Triumphant,2026-07-09T18:05:09.065Z,EUR,279604.0,2026-07-09T18:05:06.233Z,USD,,88440.0,88440.0,,,2026-07-09 18:05:09.065000+00:00,2026-07-09,6.84,30.72,17.42,,51.09,,
hgss4-74,Psyduck,74,Common,Triumphant,2026-07-10T18:05:08.528Z,EUR,279604.0,2026-07-10T18:05:05.936Z,USD,,88440.0,88440.0,,,2026-07-10 18:05:08.528000+00:00,2026-07-10,6.27,30.72,17.42,,51.09,,
hgss4-74,Psyduck,74,Common,Triumphant,2026-07-11T18:05:08.177Z,EUR,279604.0,2026-07-11T18:05:05.614Z,USD,,88440.0,88440.0,,,2026-07-11 18:05:08.177000+00:00,2026-07-11,6.27,30.72,17.42,,51.09,,
hgss4-74,Psyduck,74,Common,Triumphant,2026-07-12T18:05:09.094Z,EUR,279604.0,2026-07-12T18:05:06.903Z,USD,,88440.0,88440.0,,,2026-07-12 18:05:09.094000+00:00,2026-07-12,6.27,30.72,17.42,,51.09,,
hgss4-74,Psyduck,74,Common,Triumphant,2026-07-13T18:05:07.999Z,EUR,279604.0,2026-07-13T18:05:05.817Z,USD,,88440.0,88440.0,,,2026-07-13 18:05:07.999000+00:00,2026-07-13,8.26,30.72,17.42,,51.09,,
hgss4-74,Psyduck,74,Common,Triumphant,2026-07-14T18:05:08.458Z,EUR,279604.0,2026-07-14T18:05:05.559Z,USD,,88440.0,88440.0,,,2026-07-14 18:05:08.458000+00:00,2026-07-14,8.26,30.72,17.42,,51.09,,
hgss4-74,Psyduck,74,Common,Triumphant,2026-07-15T18:05:08.182Z,EUR,279604.0,2026-07-15T18:05:05.615Z,USD,,88440.0,88440.0,,,2026-07-15 18:05:08.182000+00:00,2026-07-15,8.26,30.72,17.56,,51.09,,
hgss4-74,Psyduck,74,Common,Triumphant,2026-07-16T18:05:08.727Z,EUR,279604.0,2026-07-16T18:05:05.670Z,USD,,88440.0,88440.0,,,2026-07-16 18:05:08.727000+00:00,2026-07-16,8.26,30.72,17.56,,51.09,,
hgss4-74,Psyduck,74,Common,Triumphant,2026-07-17T18:05:09.396Z,EUR,279604.0,2026-07-17T18:05:06.932Z,USD,,88440.0,88440.0,,,2026-07-17 18:05:09.396000+00:00,2026-07-17,8.26,30.72,18.03,,51.09,,
hgss4-74,Psyduck,74,Common,Triumphant,2026-07-18T08:02:59.387Z,EUR,279604.0,2026-07-18T08:02:56.596Z,USD,,88440.0,88440.0,,,2026-07-18 08:02:59.387000+00:00,2026-07-18,8.26,30.72,18.03,,51.09,,
hgss4-74,Psyduck,74,Common,Triumphant,2026-07-19T08:03:04.658Z,EUR,279604.0,2026-07-19T08:03:02.000Z,USD,,88440.0,88440.0,,,2026-07-19 08:03:04.658000+00:00,2026-07-19,8.26,30.72,17.63,,51.09,,
hgss4-74,Psyduck,74,Common,Triumphant,2026-07-20T08:03:04.811Z,EUR,279604.0,2026-07-20T08:03:01.876Z,USD,,88440.0,88440.0,,,2026-07-20 08:03:04.811000+00:00,2026-07-20,4.45,54.71,17.73,,51.09,,
hgss4-74,Psyduck,74,Common,Triumphant,2026-07-21T08:03:04.252Z,EUR,279604.0,2026-07-21T08:03:01.773Z,USD,,88440.0,88440.0,,,2026-07-21 08:03:04.252000+00:00,2026-07-21,4.45,54.71,17.73,,51.09,,
hgss4-74,Psyduck,74,Common,Triumphant,2026-07-22T08:03:06.627Z,EUR,279604.0,2026-07-22T08:03:03.625Z,USD,,88440.0,88440.0,,,2026-07-22 08:03:06.627000+00:00,2026-07-22,4.45,54.71,17.74,,51.09,,
hgss4-74,Psyduck,74,Common,Triumphant,2026-07-23T08:03:03.918Z,EUR,279604.0,2026-07-23T08:03:01.534Z,USD,,88440.0,88440.0,,,2026-07-23 08:03:03.918000+00:00,2026-07-23,4.45,54.71,17.73,,51.09,,
hgss4-74,Psyduck,74,Common,Triumphant,2026-07-24T08:03:04.300Z,EUR,279604.0,2026-07-24T08:03:01.943Z,USD,,88440.0,88440.0,,,2026-07-24 08:03:04.300000+00:00,2026-07-24,4.45,54.71,17.73,,51.09,,
hgss4-74,Psyduck,74,Common,Triumphant,2026-07-25T08:03:03.827Z,EUR,279604.0,2026-07-25T08:03:01.907Z,USD,,88440.0,88440.0,,,2026-07-25 08:03:03.827000+00:00,2026-07-25,4.45,54.71,17.72,,51.09,,
hgss4-74,Psyduck,74,Common,Triumphant,2026-07-26T08:03:04.732Z,EUR,279604.0,2026-07-26T08:03:21.574Z,USD,,88440.0,88440.0,,,2026-07-26 08:03:04.732000+00:00,2026-07-26,3.98,54.71,17.72,,51.65,,
hgss4-74,Psyduck,74,Common,Triumphant,2026-07-27T08:03:04.705Z,EUR,279604.0,2026-07-27T08:03:09.022Z,USD,,88440.0,88440.0,,,2026-07-27 08:03:04.705000+00:00,2026-07-27,3.98,54.71,17.72,,51.65,,
hgss4-74,Psyduck,74,Common,Triumphant,2026-07-28T08:03:04.286Z,EUR,279604.0,2026-07-28T08:03:04.025Z,USD,,88440.0,88440.0,,,2026-07-28 08:03:04.286000+00:00,2026-07-28,3.98,54.71,17.72,,51.65,,
hgss4-74,Psyduck,74,Common,Triumphant,2026-07-29T08:03:05.570Z,EUR,279604.0,2026-07-29T08:03:03.057Z,USD,,88440.0,88440.0,,,2026-07-29 08:03:05.570000+00:00,2026-07-29,2.74,54.71,17.8,,51.65,,
lc-88,Psyduck,88,Common,Legendary Collection,2026-07-08T18:05:11.087Z,EUR,274853.0,2026-07-08T18:05:06.476Z,USD,,88434.0,,,,2026-07-08 18:05:11.087000+00:00,2026-07-08,6.84,398.99,8.6,,,,
lc-88,Psyduck,88,Common,Legendary Collection,2026-07-09T18:05:09.065Z,EUR,274853.0,2026-07-09T18:05:05.283Z,USD,,88434.0,,,,2026-07-09 18:05:09.065000+00:00,2026-07-09,6.84,398.99,9.04,,,,
lc-88,Psyduck,88,Common,Legendary Collection,2026-07-10T18:05:08.528Z,EUR,274853.0,2026-07-10T18:05:05.180Z,USD,,88434.0,,,,2026-07-10 18:05:08.528000+00:00,2026-07-10,6.84,398.99,9.04,,,,
lc-88,Psyduck,88,Common,Legendary Collection,2026-07-11T18:05:08.177Z,EUR,274853.0,2026-07-11T18:05:05.018Z,USD,,88434.0,,,,2026-07-11 18:05:08.177000+00:00,2026-07-11,6.84,398.99,9.36,,,,
lc-88,Psyduck,88,Common,Legendary Collection,2026-07-12T18:05:08.999Z,EUR,274853.0,2026-07-12T18:05:06.207Z,USD,,88434.0,,,,2026-07-12 18:05:08.999000+00:00,2026-07-12,6.84,398.99,9.36,,,,
lc-88,Psyduck,88,Common,Legendary Collection,2026-07-13T18:05:07.999Z,EUR,274853.0,2026-07-13T18:05:05.187Z,USD,,88434.0,,,,2026-07-13 18:05:07.999000+00:00,2026-07-13,0.23,398.99,9.36,,,,
lc-88,Psyduck,88,Common,Legendary Collection,2026-07-14T18:05:08.458Z,EUR,274853.0,2026-07-14T18:05:04.977Z,USD,,88434.0,,,,2026-07-14 18:05:08.458000+00:00,2026-07-14,0.23,398.99,9.36,,,,
lc-88,Psyduck,88,Common,Legendary Collection,2026-07-15T18:05:08.182Z,EUR,274853.0,2026-07-15T18:05:05.101Z,USD,,88434.0,88434.0,,,2026-07-15 18:05:08.182000+00:00,2026-07-15,0.23,398.99,9.36,,490.24,,
lc-88,Psyduck,88,Common,Legendary Collection,2026-07-16T18:05:08.727Z,EUR,274853.0,2026-07-16T18:05:05.098Z,USD,,88434.0,88434.0,,,2026-07-16 18:05:08.727000+00:00,2026-07-16,0.23,398.99,9.36,,490.24,,
lc-88,Psyduck,88,Common,Legendary Collection,2026-07-17T18:05:09.271Z,EUR,274853.0,2026-07-17T18:05:06.428Z,USD,,88434.0,88434.0,,,2026-07-17 18:05:09.271000+00:00,2026-07-17,0.23,398.99,9.36,,490.24,,
lc-88,Psyduck,88,Common,Legendary Collection,2026-07-18T08:02:59.776Z,EUR,274853.0,2026-07-18T08:02:56.192Z,USD,,88434.0,88434.0,,,2026-07-18 08:02:59.776000+00:00,2026-07-18,0.23,398.99,9.36,,490.24,,
lc-88,Psyduck,88,Common,Legendary Collection,2026-07-19T08:03:04.658Z,EUR,274853.0,2026-07-19T08:03:01.579Z,USD,,88434.0,88434.0,,,2026-07-19 08:03:04.658000+00:00,2026-07-19,0.23,398.99,9.36,,490.24,,
lc-88,Psyduck,88,Common,Legendary Collection,2026-07-20T08:03:04.265Z,EUR,274853.0,2026-07-20T08:03:01.453Z,USD,,88434.0,88434.0,,,2026-07-20 08:03:04.265000+00:00,2026-07-20,4.55,284.89,9.59,,490.24,,
lc-88,Psyduck,88,Common,Legendary Collection,2026-07-21T08:03:04.457Z,EUR,274853.0,2026-07-21T08:03:01.305Z,USD,,88434.0,88434.0,,,2026-07-21 08:03:04.457000+00:00,2026-07-21,4.55,284.89,9.59,,490.24,,
lc-88,Psyduck,88,Common,Legendary Collection,2026-07-22T08:03:06.471Z,EUR,274853.0,2026-07-22T08:03:03.180Z,USD,,88434.0,88434.0,,,2026-07-22 08:03:06.471000+00:00,2026-07-22,4.55,284.89,9.59,,490.24,,
lc-88,Psyduck,88,Common,Legendary Collection,2026-07-23T08:03:03.918Z,EUR,274853.0,2026-07-23T08:03:01.174Z,USD,,88434.0,88434.0,,,2026-07-23 08:03:03.918000+00:00,2026-07-23,4.55,284.89,9.59,,490.24,,
lc-88,Psyduck,88,Common,Legendary Collection,2026-07-24T08:03:04.300Z,EUR,274853.0,2026-07-24T08:03:01.572Z,USD,,88434.0,88434.0,,,2026-07-24 08:03:04.300000+00:00,2026-07-24,4.55,284.89,9.59,,490.24,,
lc-88,Psyduck,88,Common,Legendary Collection,2026-07-25T08:03:04.261Z,EUR,274853.0,2026-07-25T08:03:01.460Z,USD,,88434.0,88434.0,,,2026-07-25 08:03:04.261000+00:00,2026-07-25,4.55,284.89,9.59,,490.24,,
lc-88,Psyduck,88,Common,Legendary Collection,2026-07-26T08:03:04.532Z,EUR,274853.0,2026-07-26T08:03:02.167Z,USD,,88434.0,88434.0,,,2026-07-26 08:03:04.532000+00:00,2026-07-26,22.8,284.89,9.59,,490.24,,
lc-88,Psyduck,88,Common,Legendary Collection,2026-07-27T08:03:04.458Z,EUR,274853.0,2026-07-27T08:03:02.625Z,USD,,88434.0,88434.0,,,2026-07-27 08:03:04.458000+00:00,2026-07-27,22.8,284.89,9.59,,490.24,,
lc-88,Psyduck,88,Common,Legendary Collection,2026-07-28T08:03:04.598Z,EUR,274853.0,2026-07-28T08:03:01.541Z,USD,,88434.0,88434.0,,,2026-07-28 08:03:04.598000+00:00,2026-07-28,22.8,284.89,9.7,,490.24,,
lc-88,Psyduck,88,Common,Legendary Collection,2026-07-29T08:03:05.570Z,EUR,274853.0,2026-07-29T08:03:01.980Z,USD,,88434.0,88434.0,,,2026-07-29 08:03:05.570000+00:00,2026-07-29,22.8,284.89,9.7,,490.24,,
me02.5-039,Psyduck,39,Common,Ascended Heroes,2026-07-08T18:05:11.087Z,EUR,869650.0,2026-07-08T18:05:07.558Z,USD,,675851.0,,,,2026-07-08 18:05:11.087000+00:00,2026-07-08,0.09,,0.26,,,,
me02.5-039,Psyduck,39,Common,Ascended Heroes,2026-07-09T18:05:09.065Z,EUR,869650.0,2026-07-09T18:05:06.655Z,USD,,675851.0,,,,2026-07-09 18:05:09.065000+00:00,2026-07-09,0.06,,0.27,,,,
me02.5-039,Psyduck,39,Common,Ascended Heroes,2026-07-10T18:05:08.528Z,EUR,869650.0,2026-07-10T18:05:06.301Z,USD,,675851.0,,,,2026-07-10 18:05:08.528000+00:00,2026-07-10,0.18,,0.27,,,,
me02.5-039,Psyduck,39,Common,Ascended Heroes,2026-07-11T18:05:08.177Z,EUR,869650.0,2026-07-11T18:05:05.944Z,USD,,675851.0,,,,2026-07-11 18:05:08.177000+00:00,2026-07-11,0.18,,0.24,,,,
me02.5-039,Psyduck,39,Common,Ascended Heroes,2026-07-12T18:05:08.999Z,EUR,869650.0,2026-07-12T18:05:07.270Z,USD,,675851.0,,,,2026-07-12 18:05:08.999000+00:00,2026-07-12,0.18,,0.27,,,,
me02.5-039,Psyduck,39,Common,Ascended Heroes,2026-07-13T18:05:07.999Z,EUR,869650.0,2026-07-13T18:05:06.319Z,USD,,675851.0,,,,2026-07-13 18:05:07.999000+00:00,2026-07-13,0.07,,0.3,,,,
me02.5-039,Psyduck,39,Common,Ascended Heroes,2026-07-14T18:05:08.458Z,EUR,869650.0,2026-07-14T18:05:05.980Z,USD,,675851.0,,,,2026-07-14 18:05:08.458000+00:00,2026-07-14,0.07,,0.3,,,,
me02.5-039,Psyduck,39,Common,Ascended Heroes,2026-07-15T18:05:08.182Z,EUR,869650.0,2026-07-15T18:05:06.043Z,USD,,675851.0,,,,2026-07-15 18:05:08.182000+00:00,2026-07-15,0.07,,0.36,,,,
me02.5-039,Psyduck,39,Common,Ascended Heroes,2026-07-16T18:05:08.727Z,EUR,869650.0,2026-07-16T18:05:05.987Z,USD,,675851.0,,,,2026-07-16 18:05:08.727000+00:00,2026-07-16,0.07,,0.39,,,,
me02.5-039,Psyduck,39,Common,Ascended Heroes,2026-07-17T18:05:09.396Z,EUR,869650.0,2026-07-17T18:05:07.347Z,USD,,675851.0,,,,2026-07-17 18:05:09.396000+00:00,2026-07-17,0.07,,0.31,,,,
me02.5-039,Psyduck,39,Common,Ascended Heroes,2026-07-18T08:02:59.387Z,EUR,869650.0,2026-07-18T08:02:56.971Z,USD,,675851.0,,,,2026-07-18 08:02:59.387000+00:00,2026-07-18,0.07,,0.29,,,,
me02.5-039,Psyduck,39,Common,Ascended Heroes,2026-07-19T08:03:04.658Z,EUR,869650.0,2026-07-19T08:03:02.357Z,USD,,675851.0,,,,2026-07-19 08:03:04.658000+00:00,2026-07-19,0.07,,0.38,,,,
me02.5-039,Psyduck,39,Common,Ascended Heroes,2026-07-20T08:03:04.265Z,EUR,869650.0,2026-07-20T08:03:02.209Z,USD,,675851.0,,,,2026-07-20 08:03:04.265000+00:00,2026-07-20,0.03,,0.3,,,,
me02.5-039,Psyduck,39,Common,Ascended Heroes,2026-07-21T08:03:04.457Z,EUR,869650.0,2026-07-21T08:03:02.304Z,USD,,675851.0,,,,2026-07-21 08:03:04.457000+00:00,2026-07-21,0.03,,0.32,,,,
me02.5-039,Psyduck,39,Common,Ascended Heroes,2026-07-22T08:03:06.471Z,EUR,869650.0,2026-07-22T08:03:04.158Z,USD,,675851.0,,,,2026-07-22 08:03:06.471000+00:00,2026-07-22,0.03,,0.22,,,,
me02.5-039,Psyduck,39,Common,Ascended Heroes,2026-07-23T08:03:03.918Z,EUR,869650.0,2026-07-23T08:03:01.931Z,USD,,675851.0,,,,2026-07-23 08:03:03.918000+00:00,2026-07-23,0.03,,0.22,,,,
me02.5-039,Psyduck,39,Common,Ascended Heroes,2026-07-24T08:03:04.550Z,EUR,869650.0,2026-07-24T08:03:02.302Z,USD,,675851.0,,,,2026-07-24 08:03:04.550000+00:00,2026-07-24,0.03,,0.25,,,,
me02.5-039,Psyduck,39,Common,Ascended Heroes,2026-07-25T08:03:04.302Z,EUR,869650.0,2026-07-25T08:03:02.299Z,USD,,675851.0,,,,2026-07-25 08:03:04.302000+00:00,2026-07-25,0.03,,0.29,,,,
me02.5-039,Psyduck,39,Common,Ascended Heroes,2026-07-26T08:03:04.571Z,EUR,869650.0,2026-07-26T08:03:41.128Z,USD,,675851.0,,,,2026-07-26 08:03:04.571000+00:00,2026-07-26,0.05,,0.28,,,,
me02.5-039,Psyduck,39,Common,Ascended Heroes,2026-07-27T08:03:04.705Z,EUR,869650.0,2026-07-27T08:03:44.755Z,USD,,675851.0,,,,2026-07-27 08:03:04.705000+00:00,2026-07-27,0.06,,0.29,,,,
me02.5-039,Psyduck,39,Common,Ascended Heroes,2026-07-28T08:03:04.286Z,EUR,869650.0,2026-07-28T08:03:56.223Z,USD,,675851.0,,,,2026-07-28 08:03:04.286000+00:00,2026-07-28,0.06,,0.28,,,,
me02.5-039,Psyduck,39,Common,Ascended Heroes,2026-07-29T08:03:05.570Z,EUR,869650.0,2026-07-29T08:03:04.896Z,USD,,675851.0,,,,2026-07-29 08:03:05.570000+00:00,2026-07-29,0.09,,0.29,,,,
me02.5-226,Psyduck,226,Illustration rare,Ascended Heroes,2026-07-08T18:05:10.078Z,EUR,869837.0,2026-07-08T18:05:07.558Z,USD,676038.0,,,,,2026-07-08 18:05:10.078000+00:00,2026-07-08,62.05,,,86.6,,,
me02.5-226,Psyduck,226,Illustration rare,Ascended Heroes,2026-07-09T18:05:09.065Z,EUR,869837.0,2026-07-09T18:05:06.655Z,USD,676038.0,,,,,2026-07-09 18:05:09.065000+00:00,2026-07-09,61.58,,,83.8,,,
me02.5-226,Psyduck,226,Illustration rare,Ascended Heroes,2026-07-10T18:05:08.528Z,EUR,869837.0,2026-07-10T18:05:06.301Z,USD,676038.0,,,,,2026-07-10 18:05:08.528000+00:00,2026-07-10,68.84,,,84.29,,,
me02.5-226,Psyduck,226,Illustration rare,Ascended Heroes,2026-07-11T18:05:08.177Z,EUR,869837.0,2026-07-11T18:05:05.944Z,USD,676038.0,,,,,2026-07-11 18:05:08.177000+00:00,2026-07-11,68.84,,,83.35,,,
me02.5-226,Psyduck,226,Illustration rare,Ascended Heroes,2026-07-12T18:05:08.999Z,EUR,869837.0,2026-07-12T18:05:07.270Z,USD,676038.0,,,,,2026-07-12 18:05:08.999000+00:00,2026-07-12,68.84,,,82.9,,,
me02.5-226,Psyduck,226,Illustration rare,Ascended Heroes,2026-07-13T18:05:07.999Z,EUR,869837.0,2026-07-13T18:05:06.319Z,USD,676038.0,,,,,2026-07-13 18:05:07.999000+00:00,2026-07-13,67.25,,,82.66,,,
me02.5-226,Psyduck,226,Illustration rare,Ascended Heroes,2026-07-14T18:05:08.458Z,EUR,869837.0,2026-07-14T18:05:05.980Z,USD,676038.0,,,,,2026-07-14 18:05:08.458000+00:00,2026-07-14,67.25,,,81.8,,,
me02.5-226,Psyduck,226,Illustration rare,Ascended Heroes,2026-07-15T18:05:08.182Z,EUR,869837.0,2026-07-15T18:05:06.043Z,USD,676038.0,,,,,2026-07-15 18:05:08.182000+00:00,2026-07-15,67.25,,,79.77,,,
me02.5-226,Psyduck,226,Illustration rare,Ascended Heroes,2026-07-16T18:05:08.727Z,EUR,869837.0,2026-07-16T18:05:05.987Z,USD,676038.0,,,,,2026-07-16 18:05:08.727000+00:00,2026-07-16,67.25,,,81.22,,,
me02.5-226,Psyduck,226,Illustration rare,Ascended Heroes,2026-07-17T18:05:09.271Z,EUR,869837.0,2026-07-17T18:05:07.347Z,USD,676038.0,,,,,2026-07-17 18:05:09.271000+00:00,2026-07-17,67.25,,,81.71,,,
me02.5-226,Psyduck,226,Illustration rare,Ascended Heroes,2026-07-18T08:02:59.387Z,EUR,869837.0,2026-07-18T08:02:56.971Z,USD,676038.0,,,,,2026-07-18 08:02:59.387000+00:00,2026-07-18,67.25,,,78.64,,,
me02.5-226,Psyduck,226,Illustration rare,Ascended Heroes,2026-07-19T08:03:04.658Z,EUR,869837.0,2026-07-19T08:03:02.357Z,USD,676038.0,,,,,2026-07-19 08:03:04.658000+00:00,2026-07-19,67.25,,,75.55,,,
me02.5-226,Psyduck,226,Illustration rare,Ascended Heroes,2026-07-20T08:03:04.265Z,EUR,869837.0,2026-07-20T08:03:02.209Z,USD,676038.0,,,,,2026-07-20 08:03:04.265000+00:00,2026-07-20,70.02,,,73.7,,,
me02.5-226,Psyduck,226,Illustration rare,Ascended Heroes,2026-07-21T08:03:04.252Z,EUR,869837.0,2026-07-21T08:03:02.304Z,USD,676038.0,,,,,2026-07-21 08:03:04.252000+00:00,2026-07-21,70.02,,,74.18,,,
me02.5-226,Psyduck,226,Illustration rare,Ascended Heroes,2026-07-22T08:03:06.471Z,EUR,869837.0,2026-07-22T08:03:04.158Z,USD,676038.0,,,,,2026-07-22 08:03:06.471000+00:00,2026-07-22,70.02,,,76.49,,,
me02.5-226,Psyduck,226,Illustration rare,Ascended Heroes,2026-07-23T08:03:03.918Z,EUR,869837.0,2026-07-23T08:03:01.931Z,USD,676038.0,,,,,2026-07-23 08:03:03.918000+00:00,2026-07-23,70.02,,,74.49,,,
me02.5-226,Psyduck,226,Illustration rare,Ascended Heroes,2026-07-24T08:03:04.550Z,EUR,869837.0,2026-07-24T08:03:02.302Z,USD,676038.0,,,,,2026-07-24 08:03:04.550000+00:00,2026-07-24,70.02,,,76.81,,,
me02.5-226,Psyduck,226,Illustration rare,Ascended Heroes,2026-07-25T08:03:04.261Z,EUR,869837.0,2026-07-25T08:03:02.299Z,USD,676038.0,,,,,2026-07-25 08:03:04.261000+00:00,2026-07-25,70.02,,,77.37,,,
me02.5-226,Psyduck,226,Illustration rare,Ascended Heroes,2026-07-26T08:03:04.732Z,EUR,869837.0,2026-07-26T08:03:41.128Z,USD,676038.0,,,,,2026-07-26 08:03:04.732000+00:00,2026-07-26,70.0,,,78.36,,,
me02.5-226,Psyduck,226,Illustration rare,Ascended Heroes,2026-07-27T08:03:04.458Z,EUR,869837.0,2026-07-27T08:03:44.755Z,USD,676038.0,,,,,2026-07-27 08:03:04.458000+00:00,2026-07-27,48.96,,,77.59,,,
me02.5-226,Psyduck,226,Illustration rare,Ascended Heroes,2026-07-28T08:03:04.286Z,EUR,869837.0,2026-07-28T08:03:56.223Z,USD,676038.0,,,,,2026-07-28 08:03:04.286000+00:00,2026-07-28,48.96,,,77.57,,,
me02.5-226,Psyduck,226,Illustration rare,Ascended Heroes,2026-07-29T08:03:04.597Z,EUR,869837.0,2026-07-29T08:03:04.896Z,USD,676038.0,,,,,2026-07-29 08:03:04.597000+00:00,2026-07-29,66.4,,,76.72,,,
mep-007,Psyduck,7,Promo,MEP Black Star Promos,2026-07-08T18:05:10.691Z,EUR,851053.0,,,,,,,,2026-07-08 18:05:10.691000+00:00,2026-07-08,5.11,,,,,,
mep-007,Psyduck,7,Promo,MEP Black Star Promos,2026-07-09T18:05:09.065Z,EUR,851053.0,,,,,,,,2026-07-09 18:05:09.065000+00:00,2026-07-09,15.17,,,,,,
mep-007,Psyduck,7,Promo,MEP Black Star Promos,2026-07-10T18:05:08.528Z,EUR,851053.0,,,,,,,,2026-07-10 18:05:08.528000+00:00,2026-07-10,2.58,,,,,,
mep-007,Psyduck,7,Promo,MEP Black Star Promos,2026-07-11T18:05:08.177Z,EUR,851053.0,,,,,,,,2026-07-11 18:05:08.177000+00:00,2026-07-11,2.58,,,,,,
mep-007,Psyduck,7,Promo,MEP Black Star Promos,2026-07-12T18:05:08.999Z,EUR,851053.0,,,,,,,,2026-07-12 18:05:08.999000+00:00,2026-07-12,2.58,,,,,,
mep-007,Psyduck,7,Promo,MEP Black Star Promos,2026-07-13T18:05:07.999Z,EUR,851053.0,,,,,,,,2026-07-13 18:05:07.999000+00:00,2026-07-13,5.26,,,,,,
mep-007,Psyduck,7,Promo,MEP Black Star Promos,2026-07-14T18:05:08.458Z,EUR,851053.0,,,,,,,,2026-07-14 18:05:08.458000+00:00,2026-07-14,5.26,,,,,,
mep-007,Psyduck,7,Promo,MEP Black Star Promos,2026-07-15T18:05:08.182Z,EUR,851053.0,,,,,,,,2026-07-15 18:05:08.182000+00:00,2026-07-15,5.26,,,,,,
mep-007,Psyduck,7,Promo,MEP Black Star Promos,2026-07-16T18:05:08.165Z,EUR,851053.0,,,,,,,,2026-07-16 18:05:08.165000+00:00,2026-07-16,5.26,,,,,,
mep-007,Psyduck,7,Promo,MEP Black Star Promos,2026-07-17T18:05:09.271Z,EUR,851053.0,,,,,,,,2026-07-17 18:05:09.271000+00:00,2026-07-17,5.26,,,,,,
mep-007,Psyduck,7,Promo,MEP Black Star Promos,2026-07-18T08:02:59.387Z,EUR,851053.0,,,,,,,,2026-07-18 08:02:59.387000+00:00,2026-07-18,5.26,,,,,,
mep-007,Psyduck,7,Promo,MEP Black Star Promos,2026-07-19T08:03:04.658Z,EUR,851053.0,,,,,,,,2026-07-19 08:03:04.658000+00:00,2026-07-19,5.26,,,,,,
mep-007,Psyduck,7,Promo,MEP Black Star Promos,2026-07-20T08:03:04.265Z,EUR,851053.0,,,,,,,,2026-07-20 08:03:04.265000+00:00,2026-07-20,7.17,,,,,,
mep-007,Psyduck,7,Promo,MEP Black Star Promos,2026-07-21T08:03:04.252Z,EUR,851053.0,,,,,,,,2026-07-21 08:03:04.252000+00:00,2026-07-21,7.17,,,,,,
mep-007,Psyduck,7,Promo,MEP Black Star Promos,2026-07-22T08:03:06.627Z,EUR,851053.0,,,,,,,,2026-07-22 08:03:06.627000+00:00,2026-07-22,7.17,,,,,,
mep-007,Psyduck,7,Promo,MEP Black Star Promos,2026-07-23T08:03:03.918Z,EUR,851053.0,,,,,,,,2026-07-23 08:03:03.918000+00:00,2026-07-23,7.17,,,,,,
mep-007,Psyduck,7,Promo,MEP Black Star Promos,2026-07-24T08:03:04.550Z,EUR,851053.0,,,,,,,,2026-07-24 08:03:04.550000+00:00,2026-07-24,7.17,,,,,,
mep-007,Psyduck,7,Promo,MEP Black Star Promos,2026-07-25T08:03:04.261Z,EUR,851053.0,,,,,,,,2026-07-25 08:03:04.261000+00:00,2026-07-25,7.17,,,,,,
mep-007,Psyduck,7,Promo,MEP Black Star Promos,2026-07-26T08:03:04.571Z,EUR,851053.0,,,,,,,,2026-07-26 08:03:04.571000+00:00,2026-07-26,4.87,,,,,,
mep-007,Psyduck,7,Promo,MEP Black Star Promos,2026-07-27T08:03:04.458Z,EUR,851053.0,,,,,,,,2026-07-27 08:03:04.458000+00:00,2026-07-27,1.0,,,,,,
mep-007,Psyduck,7,Promo,MEP Black Star Promos,2026-07-28T08:03:04.286Z,EUR,851053.0,,,,,,,,2026-07-28 08:03:04.286000+00:00,2026-07-28,1.0,,,,,,
mep-007,Psyduck,7,Promo,MEP Black Star Promos,2026-07-29T08:03:05.570Z,EUR,851053.0,,,,,,,,2026-07-29 08:03:05.570000+00:00,2026-07-29,6.43,,,,,,
neo4-79,Psyduck,79,Common,Neo Destiny,2026-07-08T18:05:11.087Z,EUR,274731.0,2026-07-08T18:05:06.434Z,USD,,,,88433.0,88433.0,2026-07-08 18:05:11.087000+00:00,2026-07-08,3.04,,,,,52.5,31.4
neo4-79,Psyduck,79,Common,Neo Destiny,2026-07-09T18:05:09.065Z,EUR,274731.0,2026-07-09T18:05:05.258Z,USD,,,,88433.0,88433.0,2026-07-09 18:05:09.065000+00:00,2026-07-09,3.04,,,,,52.8,31.4
neo4-79,Psyduck,79,Common,Neo Destiny,2026-07-10T18:05:08.528Z,EUR,274731.0,2026-07-10T18:05:05.177Z,USD,,,,88433.0,88433.0,2026-07-10 18:05:08.528000+00:00,2026-07-10,3.04,,,,,52.5,31.4
neo4-79,Psyduck,79,Common,Neo Destiny,2026-07-11T18:05:08.177Z,EUR,274731.0,2026-07-11T18:05:05.013Z,USD,,,,88433.0,88433.0,2026-07-11 18:05:08.177000+00:00,2026-07-11,3.04,,,,,52.5,30.96
neo4-79,Psyduck,79,Common,Neo Destiny,2026-07-12T18:05:09.094Z,EUR,274731.0,2026-07-12T18:05:06.197Z,USD,,,,88433.0,88433.0,2026-07-12 18:05:09.094000+00:00,2026-07-12,3.04,,,,,52.5,31.4
neo4-79,Psyduck,79,Common,Neo Destiny,2026-07-13T18:05:07.999Z,EUR,274731.0,2026-07-13T18:05:05.173Z,USD,,,,88433.0,88433.0,2026-07-13 18:05:07.999000+00:00,2026-07-13,0.44,,,,,52.5,31.42
neo4-79,Psyduck,79,Common,Neo Destiny,2026-07-14T18:05:08.458Z,EUR,274731.0,2026-07-14T18:05:04.973Z,USD,,,,88433.0,88433.0,2026-07-14 18:05:08.458000+00:00,2026-07-14,0.44,,,,,52.5,31.22
neo4-79,Psyduck,79,Common,Neo Destiny,2026-07-15T18:05:08.182Z,EUR,274731.0,2026-07-15T18:05:05.086Z,USD,,,,88433.0,88433.0,2026-07-15 18:05:08.182000+00:00,2026-07-15,0.44,,,,,52.5,31.66
neo4-79,Psyduck,79,Common,Neo Destiny,2026-07-16T18:05:08.727Z,EUR,274731.0,2026-07-16T18:05:05.095Z,USD,,,,88433.0,88433.0,2026-07-16 18:05:08.727000+00:00,2026-07-16,0.44,,,,,52.5,31.07
neo4-79,Psyduck,79,Common,Neo Destiny,2026-07-17T18:05:09.396Z,EUR,274731.0,2026-07-17T18:05:06.425Z,USD,,,,88433.0,88433.0,2026-07-17 18:05:09.396000+00:00,2026-07-17,0.44,,,,,52.5,31.07
neo4-79,Psyduck,79,Common,Neo Destiny,2026-07-18T08:02:59.387Z,EUR,274731.0,2026-07-18T08:02:56.186Z,USD,,,,88433.0,88433.0,2026-07-18 08:02:59.387000+00:00,2026-07-18,0.44,,,,,52.5,31.5
neo4-79,Psyduck,79,Common,Neo Destiny,2026-07-19T08:03:04.658Z,EUR,274731.0,2026-07-19T08:03:01.574Z,USD,,,,88433.0,88433.0,2026-07-19 08:03:04.658000+00:00,2026-07-19,0.44,,,,,52.5,31.5
neo4-79,Psyduck,79,Common,Neo Destiny,2026-07-20T08:03:04.265Z,EUR,274731.0,2026-07-20T08:03:01.437Z,USD,,,,88433.0,88433.0,2026-07-20 08:03:04.265000+00:00,2026-07-20,12.26,,,,,52.5,31.56
neo4-79,Psyduck,79,Common,Neo Destiny,2026-07-21T08:03:04.252Z,EUR,274731.0,2026-07-21T08:03:01.300Z,USD,,,,88433.0,88433.0,2026-07-21 08:03:04.252000+00:00,2026-07-21,12.26,,,,,52.5,31.56
neo4-79,Psyduck,79,Common,Neo Destiny,2026-07-22T08:03:06.627Z,EUR,274731.0,2026-07-22T08:03:03.175Z,USD,,,,88433.0,88433.0,2026-07-22 08:03:06.627000+00:00,2026-07-22,12.26,,,,,52.5,31.56
neo4-79,Psyduck,79,Common,Neo Destiny,2026-07-23T08:03:03.918Z,EUR,274731.0,2026-07-23T08:03:01.169Z,USD,,,,88433.0,88433.0,2026-07-23 08:03:03.918000+00:00,2026-07-23,12.26,,,,,52.5,31.52
neo4-79,Psyduck,79,Common,Neo Destiny,2026-07-24T08:03:04.300Z,EUR,274731.0,2026-07-24T08:03:01.566Z,USD,,,,88433.0,88433.0,2026-07-24 08:03:04.300000+00:00,2026-07-24,12.26,,,,,52.5,31.52
neo4-79,Psyduck,79,Common,Neo Destiny,2026-07-25T08:03:04.302Z,EUR,274731.0,2026-07-25T08:03:01.455Z,USD,,,,88433.0,88433.0,2026-07-25 08:03:04.302000+00:00,2026-07-25,12.26,,,,,52.5,31.52
neo4-79,Psyduck,79,Common,Neo Destiny,2026-07-26T08:03:04.732Z,EUR,274731.0,2026-07-26T08:03:02.160Z,USD,,,,88433.0,88433.0,2026-07-26 08:03:04.732000+00:00,2026-07-26,3.42,,,,,52.5,31.52
neo4-79,Psyduck,79,Common,Neo Destiny,2026-07-27T08:03:04.458Z,EUR,274731.0,2026-07-27T08:03:02.608Z,USD,,,,88433.0,88433.0,2026-07-27 08:03:04.458000+00:00,2026-07-27,3.42,,,,,52.5,31.99
neo4-79,Psyduck,79,Common,Neo Destiny,2026-07-28T08:03:04.286Z,EUR,274731.0,2026-07-28T08:03:01.525Z,USD,,,,88433.0,88433.0,2026-07-28 08:03:04.286000+00:00,2026-07-28,3.42,,,,,52.5,31.99
neo4-79,Psyduck,79,Common,Neo Destiny,2026-07-29T08:03:05.570Z,EUR,274731.0,2026-07-29T08:03:01.952Z,USD,,,,88433.0,88433.0,2026-07-29 08:03:05.570000+00:00,2026-07-29,7.07,,,,,52.5,31.99
pl1-87,Psyduck,87,Common,Platinum,2026-07-08T18:05:11.087Z,EUR,278508.0,2026-07-08T18:05:06.978Z,USD,,88439.0,88439.0,,,2026-07-08 18:05:11.087000+00:00,2026-07-08,10.39,62.7,25.73,,149.99,,
pl1-87,Psyduck,87,Common,Platinum,2026-07-09T18:05:09.065Z,EUR,278508.0,2026-07-09T18:05:06.154Z,USD,,88439.0,88439.0,,,2026-07-09 18:05:09.065000+00:00,2026-07-09,8.4,62.7,25.89,,149.99,,
pl1-87,Psyduck,87,Common,Platinum,2026-07-10T18:05:08.528Z,EUR,278508.0,2026-07-10T18:05:05.887Z,USD,,88439.0,88439.0,,,2026-07-10 18:05:08.528000+00:00,2026-07-10,8.4,62.7,25.89,,149.99,,
pl1-87,Psyduck,87,Common,Platinum,2026-07-11T18:05:08.177Z,EUR,278508.0,2026-07-11T18:05:05.543Z,USD,,88439.0,88439.0,,,2026-07-11 18:05:08.177000+00:00,2026-07-11,8.4,62.7,25.89,,149.99,,
pl1-87,Psyduck,87,Common,Platinum,2026-07-12T18:05:08.999Z,EUR,278508.0,2026-07-12T18:05:06.871Z,USD,,88439.0,88439.0,,,2026-07-12 18:05:08.999000+00:00,2026-07-12,8.4,62.7,26.24,,149.99,,
pl1-87,Psyduck,87,Common,Platinum,2026-07-13T18:05:07.999Z,EUR,278508.0,2026-07-13T18:05:05.766Z,USD,,88439.0,88439.0,,,2026-07-13 18:05:07.999000+00:00,2026-07-13,12.97,62.7,26.24,,149.99,,
pl1-87,Psyduck,87,Common,Platinum,2026-07-14T18:05:08.458Z,EUR,278508.0,2026-07-14T18:05:05.428Z,USD,,88439.0,88439.0,,,2026-07-14 18:05:08.458000+00:00,2026-07-14,12.97,62.7,26.24,,149.99,,
pl1-87,Psyduck,87,Common,Platinum,2026-07-15T18:05:08.182Z,EUR,278508.0,2026-07-15T18:05:05.577Z,USD,,88439.0,88439.0,,,2026-07-15 18:05:08.182000+00:00,2026-07-15,12.97,62.7,26.24,,149.99,,
pl1-87,Psyduck,87,Common,Platinum,2026-07-16T18:05:08.727Z,EUR,278508.0,2026-07-16T18:05:05.617Z,USD,,88439.0,88439.0,,,2026-07-16 18:05:08.727000+00:00,2026-07-16,12.97,62.7,26.24,,149.99,,
pl1-87,Psyduck,87,Common,Platinum,2026-07-17T18:05:09.271Z,EUR,278508.0,2026-07-17T18:05:06.872Z,USD,,88439.0,88439.0,,,2026-07-17 18:05:09.271000+00:00,2026-07-17,12.97,62.7,26.19,,149.99,,
pl1-87,Psyduck,87,Common,Platinum,2026-07-18T08:02:59.776Z,EUR,278508.0,2026-07-18T08:02:56.544Z,USD,,88439.0,88439.0,,,2026-07-18 08:02:59.776000+00:00,2026-07-18,12.97,62.7,26.19,,149.99,,
pl1-87,Psyduck,87,Common,Platinum,2026-07-19T08:03:04.658Z,EUR,278508.0,2026-07-19T08:03:01.947Z,USD,,88439.0,88439.0,,,2026-07-19 08:03:04.658000+00:00,2026-07-19,12.97,62.7,26.11,,149.99,,
pl1-87,Psyduck,87,Common,Platinum,2026-07-20T08:03:04.265Z,EUR,278508.0,2026-07-20T08:03:01.840Z,USD,,88439.0,88439.0,,,2026-07-20 08:03:04.265000+00:00,2026-07-20,3.42,25.08,26.11,,149.99,,
pl1-87,Psyduck,87,Common,Platinum,2026-07-21T08:03:04.457Z,EUR,278508.0,2026-07-21T08:03:01.698Z,USD,,88439.0,88439.0,,,2026-07-21 08:03:04.457000+00:00,2026-07-21,3.42,25.08,26.02,,149.99,,
pl1-87,Psyduck,87,Common,Platinum,2026-07-22T08:03:06.471Z,EUR,278508.0,2026-07-22T08:03:03.548Z,USD,,88439.0,88439.0,,,2026-07-22 08:03:06.471000+00:00,2026-07-22,3.42,25.08,26.02,,149.99,,
pl1-87,Psyduck,87,Common,Platinum,2026-07-23T08:03:03.918Z,EUR,278508.0,2026-07-23T08:03:01.489Z,USD,,88439.0,88439.0,,,2026-07-23 08:03:03.918000+00:00,2026-07-23,3.42,25.08,26.02,,149.99,,
pl1-87,Psyduck,87,Common,Platinum,2026-07-24T08:03:04.300Z,EUR,278508.0,2026-07-24T08:03:01.905Z,USD,,88439.0,88439.0,,,2026-07-24 08:03:04.300000+00:00,2026-07-24,3.42,25.08,26.02,,149.99,,
pl1-87,Psyduck,87,Common,Platinum,2026-07-25T08:03:03.827Z,EUR,278508.0,2026-07-25T08:03:01.861Z,USD,,88439.0,88439.0,,,2026-07-25 08:03:03.827000+00:00,2026-07-25,3.42,25.08,25.34,,149.99,,
pl1-87,Psyduck,87,Common,Platinum,2026-07-26T08:03:04.532Z,EUR,278508.0,2026-07-26T08:03:21.453Z,USD,,88439.0,88439.0,,,2026-07-26 08:03:04.532000+00:00,2026-07-26,3.78,85.5,25.34,,149.99,,
pl1-87,Psyduck,87,Common,Platinum,2026-07-27T08:03:04.458Z,EUR,278508.0,2026-07-27T08:03:04.626Z,USD,,88439.0,88439.0,,,2026-07-27 08:03:04.458000+00:00,2026-07-27,3.78,85.5,25.34,,149.99,,
pl1-87,Psyduck,87,Common,Platinum,2026-07-28T08:03:04.598Z,EUR,278508.0,2026-07-28T08:03:03.521Z,USD,,88439.0,88439.0,,,2026-07-28 08:03:04.598000+00:00,2026-07-28,3.78,85.5,25.34,,149.99,,
pl1-87,Psyduck,87,Common,Platinum,2026-07-29T08:03:05.570Z,EUR,278508.0,2026-07-29T08:03:02.905Z,USD,,88439.0,88439.0,,,2026-07-29 08:03:05.570000+00:00,2026-07-29,17.1,22.8,24.72,,149.99,,
sm1-28,Psyduck,28,Common,Sun & Moon,2026-07-08T18:05:10.686Z,EUR,295338.0,2026-07-08T18:05:07.138Z,USD,,126899.0,126899.0,,,2026-07-08 18:05:10.686000+00:00,2026-07-08,0.32,1.14,0.96,,6.41,,
sm1-28,Psyduck,28,Common,Sun & Moon,2026-07-09T18:05:09.065Z,EUR,295338.0,2026-07-09T18:05:06.439Z,USD,,126899.0,126899.0,,,2026-07-09 18:05:09.065000+00:00,2026-07-09,0.06,1.14,1.04,,7.15,,
sm1-28,Psyduck,28,Common,Sun & Moon,2026-07-10T18:05:08.528Z,EUR,295338.0,2026-07-10T18:05:06.057Z,USD,,126899.0,126899.0,,,2026-07-10 18:05:08.528000+00:00,2026-07-10,0.56,7.41,1.05,,7.15,,
sm1-28,Psyduck,28,Common,Sun & Moon,2026-07-11T18:05:08.177Z,EUR,295338.0,2026-07-11T18:05:05.715Z,USD,,126899.0,126899.0,,,2026-07-11 18:05:08.177000+00:00,2026-07-11,0.56,7.41,1.05,,7.16,,
sm1-28,Psyduck,28,Common,Sun & Moon,2026-07-12T18:05:08.999Z,EUR,295338.0,2026-07-12T18:05:07.016Z,USD,,126899.0,126899.0,,,2026-07-12 18:05:08.999000+00:00,2026-07-12,0.56,7.41,1.05,,7.03,,
sm1-28,Psyduck,28,Common,Sun & Moon,2026-07-13T18:05:07.999Z,EUR,295338.0,2026-07-13T18:05:05.972Z,USD,,126899.0,126899.0,,,2026-07-13 18:05:07.999000+00:00,2026-07-13,4.33,7.41,1.03,,7.02,,
sm1-28,Psyduck,28,Common,Sun & Moon,2026-07-14T18:05:08.458Z,EUR,295338.0,2026-07-14T18:05:05.737Z,USD,,126899.0,126899.0,,,2026-07-14 18:05:08.458000+00:00,2026-07-14,4.33,7.41,1.04,,7.03,,
sm1-28,Psyduck,28,Common,Sun & Moon,2026-07-15T18:05:08.182Z,EUR,295338.0,2026-07-15T18:05:05.719Z,USD,,126899.0,126899.0,,,2026-07-15 18:05:08.182000+00:00,2026-07-15,4.33,7.41,1.05,,7.03,,
sm1-28,Psyduck,28,Common,Sun & Moon,2026-07-16T18:05:08.165Z,EUR,295338.0,2026-07-16T18:05:05.760Z,USD,,126899.0,126899.0,,,2026-07-16 18:05:08.165000+00:00,2026-07-16,4.33,7.41,1.05,,7.03,,
sm1-28,Psyduck,28,Common,Sun & Moon,2026-07-17T18:05:09.271Z,EUR,295338.0,2026-07-17T18:05:07.126Z,USD,,126899.0,126899.0,,,2026-07-17 18:05:09.271000+00:00,2026-07-17,4.33,7.41,0.98,,7.27,,
sm1-28,Psyduck,28,Common,Sun & Moon,2026-07-18T08:02:59.776Z,EUR,295338.0,2026-07-18T08:02:56.774Z,USD,,126899.0,126899.0,,,2026-07-18 08:02:59.776000+00:00,2026-07-18,4.33,7.41,0.98,,7.27,,
sm1-28,Psyduck,28,Common,Sun & Moon,2026-07-19T08:03:04.658Z,EUR,295338.0,2026-07-19T08:03:02.154Z,USD,,126899.0,126899.0,,,2026-07-19 08:03:04.658000+00:00,2026-07-19,4.33,7.41,1.01,,7.36,,
sm1-28,Psyduck,28,Common,Sun & Moon,2026-07-20T08:03:04.265Z,EUR,295338.0,2026-07-20T08:03:02.009Z,USD,,126899.0,126899.0,,,2026-07-20 08:03:04.265000+00:00,2026-07-20,0.83,9.69,0.99,,7.36,,
sm1-28,Psyduck,28,Common,Sun & Moon,2026-07-21T08:03:04.252Z,EUR,295338.0,2026-07-21T08:03:01.981Z,USD,,126899.0,126899.0,,,2026-07-21 08:03:04.252000+00:00,2026-07-21,0.83,9.69,0.96,,7.42,,
sm1-28,Psyduck,28,Common,Sun & Moon,2026-07-22T08:03:06.627Z,EUR,295338.0,2026-07-22T08:03:03.858Z,USD,,126899.0,126899.0,,,2026-07-22 08:03:06.627000+00:00,2026-07-22,0.83,9.69,1.0,,7.38,,
sm1-28,Psyduck,28,Common,Sun & Moon,2026-07-23T08:03:03.918Z,EUR,295338.0,2026-07-23T08:03:01.698Z,USD,,126899.0,126899.0,,,2026-07-23 08:03:03.918000+00:00,2026-07-23,0.83,9.69,0.96,,7.38,,
sm1-28,Psyduck,28,Common,Sun & Moon,2026-07-24T08:03:04.550Z,EUR,295338.0,2026-07-24T08:03:02.096Z,USD,,126899.0,126899.0,,,2026-07-24 08:03:04.550000+00:00,2026-07-24,0.83,9.69,0.95,,7.38,,
sm1-28,Psyduck,28,Common,Sun & Moon,2026-07-25T08:03:04.302Z,EUR,295338.0,2026-07-25T08:03:02.071Z,USD,,126899.0,126899.0,,,2026-07-25 08:03:04.302000+00:00,2026-07-25,0.83,9.69,0.93,,7.38,,
sm1-28,Psyduck,28,Common,Sun & Moon,2026-07-26T08:03:04.571Z,EUR,295338.0,2026-07-26T08:03:26.175Z,USD,,126899.0,126899.0,,,2026-07-26 08:03:04.571000+00:00,2026-07-26,0.96,3.41,0.9,,7.4,,
sm1-28,Psyduck,28,Common,Sun & Moon,2026-07-27T08:03:04.458Z,EUR,295338.0,2026-07-27T08:03:22.412Z,USD,,126899.0,126899.0,,,2026-07-27 08:03:04.458000+00:00,2026-07-27,0.96,13.11,0.9,,7.38,,
sm1-28,Psyduck,28,Common,Sun & Moon,2026-07-28T08:03:04.286Z,EUR,295338.0,2026-07-28T08:03:19.113Z,USD,,126899.0,126899.0,,,2026-07-28 08:03:04.286000+00:00,2026-07-28,0.96,13.11,0.87,,7.38,,
sm1-28,Psyduck,28,Common,Sun & Moon,2026-07-29T08:03:04.597Z,EUR,295338.0,2026-07-29T08:03:03.891Z,USD,,126899.0,126899.0,,,2026-07-29 08:03:04.597000+00:00,2026-07-29,0.91,0.57,0.86,,7.28,,
sm11-217,Slowpoke & Psyduck GX,217,Ultra Rare,Unified Minds,2026-07-08T18:05:11.087Z,EUR,388872.0,2026-07-08T18:05:07.267Z,USD,194954.0,,,,,2026-07-08 18:05:11.087000+00:00,2026-07-08,85.5,13.62,,136.3,,,
sm11-217,Slowpoke & Psyduck GX,217,Ultra Rare,Unified Minds,2026-07-09T18:05:09.065Z,EUR,388872.0,2026-07-09T18:05:06.493Z,USD,194954.0,,,,,2026-07-09 18:05:09.065000+00:00,2026-07-09,85.5,13.62,,137.5,,,
sm11-217,Slowpoke & Psyduck GX,217,Ultra Rare,Unified Minds,2026-07-10T18:05:08.528Z,EUR,388872.0,2026-07-10T18:05:06.118Z,USD,194954.0,,,,,2026-07-10 18:05:08.528000+00:00,2026-07-10,85.5,13.62,,137.5,,,
sm11-217,Slowpoke & Psyduck GX,217,Ultra Rare,Unified Minds,2026-07-11T18:05:08.177Z,EUR,388872.0,2026-07-11T18:05:05.763Z,USD,194954.0,,,,,2026-07-11 18:05:08.177000+00:00,2026-07-11,85.5,13.62,,137.5,,,
sm11-217,Slowpoke & Psyduck GX,217,Ultra Rare,Unified Minds,2026-07-12T18:05:08.999Z,EUR,388872.0,2026-07-12T18:05:07.088Z,USD,194954.0,,,,,2026-07-12 18:05:08.999000+00:00,2026-07-12,85.5,13.62,,137.5,,,
sm11-217,Slowpoke & Psyduck GX,217,Ultra Rare,Unified Minds,2026-07-13T18:05:07.999Z,EUR,388872.0,2026-07-13T18:05:06.050Z,USD,194954.0,,,,,2026-07-13 18:05:07.999000+00:00,2026-07-13,85.5,13.62,,140.5,,,
sm11-217,Slowpoke & Psyduck GX,217,Ultra Rare,Unified Minds,2026-07-14T18:05:08.458Z,EUR,388872.0,2026-07-14T18:05:05.822Z,USD,194954.0,,,,,2026-07-14 18:05:08.458000+00:00,2026-07-14,85.5,13.62,,143.66,,,
sm11-217,Slowpoke & Psyduck GX,217,Ultra Rare,Unified Minds,2026-07-15T18:05:08.182Z,EUR,388872.0,2026-07-15T18:05:05.772Z,USD,194954.0,,,,,2026-07-15 18:05:08.182000+00:00,2026-07-15,85.5,13.62,,143.66,,,
sm11-217,Slowpoke & Psyduck GX,217,Ultra Rare,Unified Minds,2026-07-16T18:05:08.165Z,EUR,388872.0,2026-07-16T18:05:05.812Z,USD,194954.0,,,,,2026-07-16 18:05:08.165000+00:00,2026-07-16,85.5,13.62,,143.66,,,
sm11-217,Slowpoke & Psyduck GX,217,Ultra Rare,Unified Minds,2026-07-17T18:05:09.396Z,EUR,388872.0,2026-07-17T18:05:07.200Z,USD,194954.0,,,,,2026-07-17 18:05:09.396000+00:00,2026-07-17,85.5,13.62,,143.66,,,
sm11-217,Slowpoke & Psyduck GX,217,Ultra Rare,Unified Minds,2026-07-18T08:02:59.387Z,EUR,388872.0,2026-07-18T08:02:56.836Z,USD,194954.0,,,,,2026-07-18 08:02:59.387000+00:00,2026-07-18,85.5,13.62,,143.66,,,
sm11-217,Slowpoke & Psyduck GX,217,Ultra Rare,Unified Minds,2026-07-19T08:03:04.320Z,EUR,388872.0,2026-07-19T08:03:02.204Z,USD,194954.0,,,,,2026-07-19 08:03:04.320000+00:00,2026-07-19,85.5,13.62,,143.66,,,
sm11-217,Slowpoke & Psyduck GX,217,Ultra Rare,Unified Minds,2026-07-20T08:03:04.265Z,EUR,388872.0,2026-07-20T08:03:02.058Z,USD,194954.0,,,,,2026-07-20 08:03:04.265000+00:00,2026-07-20,159.6,13.62,,143.66,,,
sm11-217,Slowpoke & Psyduck GX,217,Ultra Rare,Unified Minds,2026-07-21T08:03:04.252Z,EUR,388872.0,2026-07-21T08:03:02.109Z,USD,194954.0,,,,,2026-07-21 08:03:04.252000+00:00,2026-07-21,159.6,13.62,,144.45,,,
sm11-217,Slowpoke & Psyduck GX,217,Ultra Rare,Unified Minds,2026-07-22T08:03:06.471Z,EUR,388872.0,2026-07-22T08:03:03.924Z,USD,194954.0,,,,,2026-07-22 08:03:06.471000+00:00,2026-07-22,159.6,13.62,,144.45,,,
sm11-217,Slowpoke & Psyduck GX,217,Ultra Rare,Unified Minds,2026-07-23T08:03:03.735Z,EUR,388872.0,2026-07-23T08:03:01.776Z,USD,194954.0,,,,,2026-07-23 08:03:03.735000+00:00,2026-07-23,159.6,13.62,,145.13,,,
sm11-217,Slowpoke & Psyduck GX,217,Ultra Rare,Unified Minds,2026-07-24T08:03:04.550Z,EUR,388872.0,2026-07-24T08:03:02.145Z,USD,194954.0,,,,,2026-07-24 08:03:04.550000+00:00,2026-07-24,159.6,13.62,,148.81,,,
sm11-217,Slowpoke & Psyduck GX,217,Ultra Rare,Unified Minds,2026-07-25T08:03:04.397Z,EUR,388872.0,2026-07-25T08:03:02.127Z,USD,194954.0,,,,,2026-07-25 08:03:04.397000+00:00,2026-07-25,159.6,13.62,,148.81,,,
sm11-217,Slowpoke & Psyduck GX,217,Ultra Rare,Unified Minds,2026-07-26T08:03:04.532Z,EUR,388872.0,2026-07-26T08:03:29.322Z,USD,194954.0,,,,,2026-07-26 08:03:04.532000+00:00,2026-07-26,159.6,13.62,,148.81,,,
sm11-217,Slowpoke & Psyduck GX,217,Ultra Rare,Unified Minds,2026-07-27T08:03:04.705Z,EUR,388872.0,2026-07-27T08:03:28.219Z,USD,194954.0,,,,,2026-07-27 08:03:04.705000+00:00,2026-07-27,159.6,13.62,,148.81,,,
sm11-217,Slowpoke & Psyduck GX,217,Ultra Rare,Unified Minds,2026-07-28T08:03:04.286Z,EUR,388872.0,2026-07-28T08:03:23.325Z,USD,194954.0,,,,,2026-07-28 08:03:04.286000+00:00,2026-07-28,159.6,13.62,,148.81,,,
sm11-217,Slowpoke & Psyduck GX,217,Ultra Rare,Unified Minds,2026-07-29T08:03:04.597Z,EUR,388872.0,2026-07-29T08:03:04.328Z,USD,194954.0,,,,,2026-07-29 08:03:04.597000+00:00,2026-07-29,159.6,13.62,,148.81,,,
sm11-218,Slowpoke & Psyduck GX,218,Ultra Rare,Unified Minds,2026-07-08T18:05:11.087Z,EUR,849811.0,2026-07-08T18:05:07.267Z,USD,194955.0,,,,,2026-07-08 18:05:11.087000+00:00,2026-07-08,79.79,,,306.63,,,
sm11-218,Slowpoke & Psyduck GX,218,Ultra Rare,Unified Minds,2026-07-09T18:05:09.065Z,EUR,849811.0,2026-07-09T18:05:06.493Z,USD,194955.0,,,,,2026-07-09 18:05:09.065000+00:00,2026-07-09,79.79,,,306.63,,,
sm11-218,Slowpoke & Psyduck GX,218,Ultra Rare,Unified Minds,2026-07-10T18:05:08.528Z,EUR,849811.0,2026-07-10T18:05:06.118Z,USD,194955.0,,,,,2026-07-10 18:05:08.528000+00:00,2026-07-10,79.79,,,306.63,,,
sm11-218,Slowpoke & Psyduck GX,218,Ultra Rare,Unified Minds,2026-07-11T18:05:08.177Z,EUR,849811.0,2026-07-11T18:05:05.763Z,USD,194955.0,,,,,2026-07-11 18:05:08.177000+00:00,2026-07-11,79.79,,,306.63,,,
sm11-218,Slowpoke & Psyduck GX,218,Ultra Rare,Unified Minds,2026-07-12T18:05:08.999Z,EUR,849811.0,2026-07-12T18:05:07.088Z,USD,194955.0,,,,,2026-07-12 18:05:08.999000+00:00,2026-07-12,79.79,,,306.63,,,
sm11-218,Slowpoke & Psyduck GX,218,Ultra Rare,Unified Minds,2026-07-13T18:05:07.999Z,EUR,849811.0,2026-07-13T18:05:06.050Z,USD,194955.0,,,,,2026-07-13 18:05:07.999000+00:00,2026-07-13,79.79,,,306.63,,,
sm11-218,Slowpoke & Psyduck GX,218,Ultra Rare,Unified Minds,2026-07-14T18:05:08.458Z,EUR,849811.0,2026-07-14T18:05:05.822Z,USD,194955.0,,,,,2026-07-14 18:05:08.458000+00:00,2026-07-14,79.79,,,306.63,,,
sm11-218,Slowpoke & Psyduck GX,218,Ultra Rare,Unified Minds,2026-07-15T18:05:08.182Z,EUR,849811.0,2026-07-15T18:05:05.772Z,USD,194955.0,,,,,2026-07-15 18:05:08.182000+00:00,2026-07-15,79.79,,,306.63,,,
sm11-218,Slowpoke & Psyduck GX,218,Ultra Rare,Unified Minds,2026-07-16T18:05:08.165Z,EUR,849811.0,2026-07-16T18:05:05.812Z,USD,194955.0,,,,,2026-07-16 18:05:08.165000+00:00,2026-07-16,79.79,,,306.63,,,
sm11-218,Slowpoke & Psyduck GX,218,Ultra Rare,Unified Minds,2026-07-17T18:05:09.396Z,EUR,849811.0,2026-07-17T18:05:07.200Z,USD,194955.0,,,,,2026-07-17 18:05:09.396000+00:00,2026-07-17,79.79,,,306.63,,,
sm11-218,Slowpoke & Psyduck GX,218,Ultra Rare,Unified Minds,2026-07-18T08:02:59.387Z,EUR,849811.0,2026-07-18T08:02:56.836Z,USD,194955.0,,,,,2026-07-18 08:02:59.387000+00:00,2026-07-18,79.79,,,306.63,,,
sm11-218,Slowpoke & Psyduck GX,218,Ultra Rare,Unified Minds,2026-07-19T08:03:04.558Z,EUR,849811.0,2026-07-19T08:03:02.204Z,USD,194955.0,,,,,2026-07-19 08:03:04.558000+00:00,2026-07-19,79.79,,,306.63,,,
sm11-218,Slowpoke & Psyduck GX,218,Ultra Rare,Unified Minds,2026-07-20T08:03:04.265Z,EUR,849811.0,2026-07-20T08:03:02.058Z,USD,194955.0,,,,,2026-07-20 08:03:04.265000+00:00,2026-07-20,79.79,,,306.63,,,
sm11-218,Slowpoke & Psyduck GX,218,Ultra Rare,Unified Minds,2026-07-21T08:03:04.252Z,EUR,849811.0,2026-07-21T08:03:02.109Z,USD,194955.0,,,,,2026-07-21 08:03:04.252000+00:00,2026-07-21,79.79,,,306.63,,,
sm11-218,Slowpoke & Psyduck GX,218,Ultra Rare,Unified Minds,2026-07-22T08:03:06.471Z,EUR,849811.0,2026-07-22T08:03:03.924Z,USD,194955.0,,,,,2026-07-22 08:03:06.471000+00:00,2026-07-22,79.79,,,306.63,,,
sm11-218,Slowpoke & Psyduck GX,218,Ultra Rare,Unified Minds,2026-07-23T08:03:03.918Z,EUR,849811.0,2026-07-23T08:03:01.776Z,USD,194955.0,,,,,2026-07-23 08:03:03.918000+00:00,2026-07-23,79.79,,,306.63,,,
sm11-218,Slowpoke & Psyduck GX,218,Ultra Rare,Unified Minds,2026-07-24T08:03:04.550Z,EUR,849811.0,2026-07-24T08:03:02.145Z,USD,194955.0,,,,,2026-07-24 08:03:04.550000+00:00,2026-07-24,79.79,,,306.63,,,
sm11-218,Slowpoke & Psyduck GX,218,Ultra Rare,Unified Minds,2026-07-25T08:03:04.397Z,EUR,849811.0,2026-07-25T08:03:02.127Z,USD,194955.0,,,,,2026-07-25 08:03:04.397000+00:00,2026-07-25,79.79,,,306.63,,,
sm11-218,Slowpoke & Psyduck GX,218,Ultra Rare,Unified Minds,2026-07-26T08:03:04.532Z,EUR,849811.0,2026-07-26T08:03:29.322Z,USD,194955.0,,,,,2026-07-26 08:03:04.532000+00:00,2026-07-26,79.79,,,306.63,,,
sm11-218,Slowpoke & Psyduck GX,218,Ultra Rare,Unified Minds,2026-07-27T08:03:04.458Z,EUR,849811.0,2026-07-27T08:03:28.219Z,USD,194955.0,,,,,2026-07-27 08:03:04.458000+00:00,2026-07-27,79.79,,,306.63,,,
sm11-218,Slowpoke & Psyduck GX,218,Ultra Rare,Unified Minds,2026-07-28T08:03:04.286Z,EUR,849811.0,2026-07-28T08:03:23.325Z,USD,194955.0,,,,,2026-07-28 08:03:04.286000+00:00,2026-07-28,79.79,,,306.63,,,
sm11-218,Slowpoke & Psyduck GX,218,Ultra Rare,Unified Minds,2026-07-29T08:03:05.570Z,EUR,849811.0,2026-07-29T08:03:04.328Z,USD,194955.0,,,,,2026-07-29 08:03:05.570000+00:00,2026-07-29,79.79,,,306.63,,,
sm11-239,Slowpoke & Psyduck GX,239,Secret Rare,Unified Minds,2026-07-08T18:05:10.686Z,EUR,388987.0,2026-07-08T18:05:07.267Z,USD,194956.0,,,,,2026-07-08 18:05:10.686000+00:00,2026-07-08,34.09,19.27,,184.83,,,
sm11-239,Slowpoke & Psyduck GX,239,Secret Rare,Unified Minds,2026-07-09T18:05:09.065Z,EUR,388987.0,2026-07-09T18:05:06.493Z,USD,194956.0,,,,,2026-07-09 18:05:09.065000+00:00,2026-07-09,34.09,19.27,,184.83,,,
sm11-239,Slowpoke & Psyduck GX,239,Secret Rare,Unified Minds,2026-07-10T18:05:08.528Z,EUR,388987.0,2026-07-10T18:05:06.118Z,USD,194956.0,,,,,2026-07-10 18:05:08.528000+00:00,2026-07-10,34.09,19.27,,194.17,,,
sm11-239,Slowpoke & Psyduck GX,239,Secret Rare,Unified Minds,2026-07-11T18:05:07.832Z,EUR,388987.0,2026-07-11T18:05:05.763Z,USD,194956.0,,,,,2026-07-11 18:05:07.832000+00:00,2026-07-11,34.09,19.27,,194.17,,,
sm11-239,Slowpoke & Psyduck GX,239,Secret Rare,Unified Minds,2026-07-12T18:05:08.999Z,EUR,388987.0,2026-07-12T18:05:07.088Z,USD,194956.0,,,,,2026-07-12 18:05:08.999000+00:00,2026-07-12,34.09,19.27,,194.17,,,
sm11-239,Slowpoke & Psyduck GX,239,Secret Rare,Unified Minds,2026-07-13T18:05:07.999Z,EUR,388987.0,2026-07-13T18:05:06.050Z,USD,194956.0,,,,,2026-07-13 18:05:07.999000+00:00,2026-07-13,34.09,19.27,,194.17,,,
sm11-239,Slowpoke & Psyduck GX,239,Secret Rare,Unified Minds,2026-07-14T18:05:08.458Z,EUR,388987.0,2026-07-14T18:05:05.822Z,USD,194956.0,,,,,2026-07-14 18:05:08.458000+00:00,2026-07-14,34.09,19.27,,196.5,,,
sm11-239,Slowpoke & Psyduck GX,239,Secret Rare,Unified Minds,2026-07-15T18:05:08.182Z,EUR,388987.0,2026-07-15T18:05:05.772Z,USD,194956.0,,,,,2026-07-15 18:05:08.182000+00:00,2026-07-15,34.09,19.27,,194.39,,,
sm11-239,Slowpoke & Psyduck GX,239,Secret Rare,Unified Minds,2026-07-16T18:05:08.727Z,EUR,388987.0,2026-07-16T18:05:05.812Z,USD,194956.0,,,,,2026-07-16 18:05:08.727000+00:00,2026-07-16,34.09,19.27,,194.39,,,
sm11-239,Slowpoke & Psyduck GX,239,Secret Rare,Unified Minds,2026-07-17T18:05:09.690Z,EUR,388987.0,2026-07-17T18:05:07.200Z,USD,194956.0,,,,,2026-07-17 18:05:09.690000+00:00,2026-07-17,34.09,19.27,,194.39,,,
sm11-239,Slowpoke & Psyduck GX,239,Secret Rare,Unified Minds,2026-07-18T08:02:59.387Z,EUR,388987.0,2026-07-18T08:02:56.836Z,USD,194956.0,,,,,2026-07-18 08:02:59.387000+00:00,2026-07-18,34.09,19.27,,195.77,,,
sm11-239,Slowpoke & Psyduck GX,239,Secret Rare,Unified Minds,2026-07-19T08:03:04.658Z,EUR,388987.0,2026-07-19T08:03:02.204Z,USD,194956.0,,,,,2026-07-19 08:03:04.658000+00:00,2026-07-19,34.09,19.27,,195.77,,,
sm11-239,Slowpoke & Psyduck GX,239,Secret Rare,Unified Minds,2026-07-20T08:03:04.265Z,EUR,388987.0,2026-07-20T08:03:02.058Z,USD,194956.0,,,,,2026-07-20 08:03:04.265000+00:00,2026-07-20,102.59,19.27,,195.77,,,
sm11-239,Slowpoke & Psyduck GX,239,Secret Rare,Unified Minds,2026-07-21T08:03:04.457Z,EUR,388987.0,2026-07-21T08:03:02.109Z,USD,194956.0,,,,,2026-07-21 08:03:04.457000+00:00,2026-07-21,102.59,19.27,,195.77,,,
sm11-239,Slowpoke & Psyduck GX,239,Secret Rare,Unified Minds,2026-07-22T08:03:06.471Z,EUR,388987.0,2026-07-22T08:03:03.924Z,USD,194956.0,,,,,2026-07-22 08:03:06.471000+00:00,2026-07-22,102.59,19.27,,195.77,,,
sm11-239,Slowpoke & Psyduck GX,239,Secret Rare,Unified Minds,2026-07-23T08:03:03.918Z,EUR,388987.0,2026-07-23T08:03:01.776Z,USD,194956.0,,,,,2026-07-23 08:03:03.918000+00:00,2026-07-23,102.59,19.27,,195.77,,,
sm11-239,Slowpoke & Psyduck GX,239,Secret Rare,Unified Minds,2026-07-24T08:03:04.300Z,EUR,388987.0,2026-07-24T08:03:02.145Z,USD,194956.0,,,,,2026-07-24 08:03:04.300000+00:00,2026-07-24,102.59,19.27,,195.77,,,
sm11-239,Slowpoke & Psyduck GX,239,Secret Rare,Unified Minds,2026-07-25T08:03:04.302Z,EUR,388987.0,2026-07-25T08:03:02.127Z,USD,194956.0,,,,,2026-07-25 08:03:04.302000+00:00,2026-07-25,102.59,19.27,,195.77,,,
sm11-239,Slowpoke & Psyduck GX,239,Secret Rare,Unified Minds,2026-07-26T08:03:04.532Z,EUR,388987.0,2026-07-26T08:03:29.322Z,USD,194956.0,,,,,2026-07-26 08:03:04.532000+00:00,2026-07-26,22.69,19.27,,195.77,,,
sm11-239,Slowpoke & Psyduck GX,239,Secret Rare,Unified Minds,2026-07-27T08:03:04.458Z,EUR,388987.0,2026-07-27T08:03:28.219Z,USD,194956.0,,,,,2026-07-27 08:03:04.458000+00:00,2026-07-27,22.69,19.27,,195.77,,,
sm11-239,Slowpoke & Psyduck GX,239,Secret Rare,Unified Minds,2026-07-28T08:03:04.286Z,EUR,388987.0,2026-07-28T08:03:23.325Z,USD,194956.0,,,,,2026-07-28 08:03:04.286000+00:00,2026-07-28,22.69,19.27,,195.77,,,
sm11-239,Slowpoke & Psyduck GX,239,Secret Rare,Unified Minds,2026-07-29T08:03:04.597Z,EUR,388987.0,2026-07-29T08:03:04.328Z,USD,194956.0,,,,,2026-07-29 08:03:04.597000+00:00,2026-07-29,39.84,19.27,,195.77,,,
sm11-35,Slowpoke & Psyduck GX,35,Ultra Rare,Unified Minds,2026-07-08T18:05:10.078Z,EUR,377505.0,2026-07-08T18:05:07.267Z,USD,194953.0,,,,,2026-07-08 18:05:10.078000+00:00,2026-07-08,136.79,8.55,,132.98,,,
sm11-35,Slowpoke & Psyduck GX,35,Ultra Rare,Unified Minds,2026-07-09T18:05:09.065Z,EUR,377505.0,2026-07-09T18:05:06.493Z,USD,194953.0,,,,,2026-07-09 18:05:09.065000+00:00,2026-07-09,27.36,8.55,,132.98,,,
sm11-35,Slowpoke & Psyduck GX,35,Ultra Rare,Unified Minds,2026-07-10T18:05:08.528Z,EUR,377505.0,2026-07-10T18:05:06.118Z,USD,194953.0,,,,,2026-07-10 18:05:08.528000+00:00,2026-07-10,79.8,8.55,,135.14,,,
sm11-35,Slowpoke & Psyduck GX,35,Ultra Rare,Unified Minds,2026-07-11T18:05:08.177Z,EUR,377505.0,2026-07-11T18:05:05.763Z,USD,194953.0,,,,,2026-07-11 18:05:08.177000+00:00,2026-07-11,79.8,8.55,,135.14,,,
sm11-35,Slowpoke & Psyduck GX,35,Ultra Rare,Unified Minds,2026-07-12T18:05:08.999Z,EUR,377505.0,2026-07-12T18:05:07.088Z,USD,194953.0,,,,,2026-07-12 18:05:08.999000+00:00,2026-07-12,79.8,8.55,,135.14,,,
sm11-35,Slowpoke & Psyduck GX,35,Ultra Rare,Unified Minds,2026-07-13T18:05:07.999Z,EUR,377505.0,2026-07-13T18:05:06.050Z,USD,194953.0,,,,,2026-07-13 18:05:07.999000+00:00,2026-07-13,54.65,8.55,,135.14,,,
sm11-35,Slowpoke & Psyduck GX,35,Ultra Rare,Unified Minds,2026-07-14T18:05:08.458Z,EUR,377505.0,2026-07-14T18:05:05.822Z,USD,194953.0,,,,,2026-07-14 18:05:08.458000+00:00,2026-07-14,54.65,8.55,,135.14,,,
sm11-35,Slowpoke & Psyduck GX,35,Ultra Rare,Unified Minds,2026-07-15T18:05:08.182Z,EUR,377505.0,2026-07-15T18:05:05.772Z,USD,194953.0,,,,,2026-07-15 18:05:08.182000+00:00,2026-07-15,54.65,8.55,,135.14,,,
sm11-35,Slowpoke & Psyduck GX,35,Ultra Rare,Unified Minds,2026-07-16T18:05:08.727Z,EUR,377505.0,2026-07-16T18:05:05.812Z,USD,194953.0,,,,,2026-07-16 18:05:08.727000+00:00,2026-07-16,54.65,8.55,,136.97,,,
sm11-35,Slowpoke & Psyduck GX,35,Ultra Rare,Unified Minds,2026-07-17T18:05:09.271Z,EUR,377505.0,2026-07-17T18:05:07.200Z,USD,194953.0,,,,,2026-07-17 18:05:09.271000+00:00,2026-07-17,54.65,8.55,,136.97,,,
sm11-35,Slowpoke & Psyduck GX,35,Ultra Rare,Unified Minds,2026-07-18T08:02:59.776Z,EUR,377505.0,2026-07-18T08:02:56.836Z,USD,194953.0,,,,,2026-07-18 08:02:59.776000+00:00,2026-07-18,54.65,8.55,,137.76,,,
sm11-35,Slowpoke & Psyduck GX,35,Ultra Rare,Unified Minds,2026-07-19T08:03:04.658Z,EUR,377505.0,2026-07-19T08:03:02.204Z,USD,194953.0,,,,,2026-07-19 08:03:04.658000+00:00,2026-07-19,54.65,8.55,,139.21,,,
sm11-35,Slowpoke & Psyduck GX,35,Ultra Rare,Unified Minds,2026-07-20T08:03:04.811Z,EUR,377505.0,2026-07-20T08:03:02.058Z,USD,194953.0,,,,,2026-07-20 08:03:04.811000+00:00,2026-07-20,96.9,8.55,,140.19,,,
sm11-35,Slowpoke & Psyduck GX,35,Ultra Rare,Unified Minds,2026-07-21T08:03:04.094Z,EUR,377505.0,2026-07-21T08:03:02.109Z,USD,194953.0,,,,,2026-07-21 08:03:04.094000+00:00,2026-07-21,96.9,8.55,,142.93,,,
sm11-35,Slowpoke & Psyduck GX,35,Ultra Rare,Unified Minds,2026-07-22T08:03:06.471Z,EUR,377505.0,2026-07-22T08:03:03.924Z,USD,194953.0,,,,,2026-07-22 08:03:06.471000+00:00,2026-07-22,96.9,8.55,,142.93,,,
sm11-35,Slowpoke & Psyduck GX,35,Ultra Rare,Unified Minds,2026-07-23T08:03:03.918Z,EUR,377505.0,2026-07-23T08:03:01.776Z,USD,194953.0,,,,,2026-07-23 08:03:03.918000+00:00,2026-07-23,96.9,8.55,,142.93,,,
sm11-35,Slowpoke & Psyduck GX,35,Ultra Rare,Unified Minds,2026-07-24T08:03:04.550Z,EUR,377505.0,2026-07-24T08:03:02.145Z,USD,194953.0,,,,,2026-07-24 08:03:04.550000+00:00,2026-07-24,96.9,8.55,,144.27,,,
sm11-35,Slowpoke & Psyduck GX,35,Ultra Rare,Unified Minds,2026-07-25T08:03:03.827Z,EUR,377505.0,2026-07-25T08:03:02.127Z,USD,194953.0,,,,,2026-07-25 08:03:03.827000+00:00,2026-07-25,96.9,8.55,,144.27,,,
sm11-35,Slowpoke & Psyduck GX,35,Ultra Rare,Unified Minds,2026-07-26T08:03:04.571Z,EUR,377505.0,2026-07-26T08:03:29.322Z,USD,194953.0,,,,,2026-07-26 08:03:04.571000+00:00,2026-07-26,49.59,8.55,,142.92,,,
sm11-35,Slowpoke & Psyduck GX,35,Ultra Rare,Unified Minds,2026-07-27T08:03:04.705Z,EUR,377505.0,2026-07-27T08:03:28.219Z,USD,194953.0,,,,,2026-07-27 08:03:04.705000+00:00,2026-07-27,49.59,8.55,,142.92,,,
sm11-35,Slowpoke & Psyduck GX,35,Ultra Rare,Unified Minds,2026-07-28T08:03:04.286Z,EUR,377505.0,2026-07-28T08:03:23.325Z,USD,194953.0,,,,,2026-07-28 08:03:04.286000+00:00,2026-07-28,49.59,8.55,,142.92,,,
sm11-35,Slowpoke & Psyduck GX,35,Ultra Rare,Unified Minds,2026-07-29T08:03:05.570Z,EUR,377505.0,2026-07-29T08:03:04.328Z,USD,194953.0,,,,,2026-07-29 08:03:05.570000+00:00,2026-07-29,78.09,8.55,,142.92,,,
sm115-11,Psyduck,11,Common,Hidden Fates,2026-07-08T18:05:10.691Z,EUR,394772.0,2026-07-08T18:05:07.271Z,USD,,197653.0,197653.0,,,2026-07-08 18:05:10.691000+00:00,2026-07-08,0.09,6.56,0.34,,4.03,,
sm115-11,Psyduck,11,Common,Hidden Fates,2026-07-09T18:05:09.065Z,EUR,394772.0,2026-07-09T18:05:06.496Z,USD,,197653.0,197653.0,,,2026-07-09 18:05:09.065000+00:00,2026-07-09,0.11,6.56,0.34,,4.02,,
sm115-11,Psyduck,11,Common,Hidden Fates,2026-07-10T18:05:08.528Z,EUR,394772.0,2026-07-10T18:05:06.120Z,USD,,197653.0,197653.0,,,2026-07-10 18:05:08.528000+00:00,2026-07-10,0.11,6.56,0.36,,3.98,,
sm115-11,Psyduck,11,Common,Hidden Fates,2026-07-11T18:05:07.832Z,EUR,394772.0,2026-07-11T18:05:05.765Z,USD,,197653.0,197653.0,,,2026-07-11 18:05:07.832000+00:00,2026-07-11,0.11,6.56,0.35,,3.91,,
sm115-11,Psyduck,11,Common,Hidden Fates,2026-07-12T18:05:08.999Z,EUR,394772.0,2026-07-12T18:05:07.090Z,USD,,197653.0,197653.0,,,2026-07-12 18:05:08.999000+00:00,2026-07-12,0.11,6.56,0.35,,3.91,,
sm115-11,Psyduck,11,Common,Hidden Fates,2026-07-13T18:05:07.999Z,EUR,394772.0,2026-07-13T18:05:06.057Z,USD,,197653.0,197653.0,,,2026-07-13 18:05:07.999000+00:00,2026-07-13,0.18,0.86,0.36,,3.87,,
sm115-11,Psyduck,11,Common,Hidden Fates,2026-07-14T18:05:08.458Z,EUR,394772.0,2026-07-14T18:05:05.828Z,USD,,197653.0,197653.0,,,2026-07-14 18:05:08.458000+00:00,2026-07-14,0.18,0.86,0.35,,3.87,,
sm115-11,Psyduck,11,Common,Hidden Fates,2026-07-15T18:05:08.182Z,EUR,394772.0,2026-07-15T18:05:05.775Z,USD,,197653.0,197653.0,,,2026-07-15 18:05:08.182000+00:00,2026-07-15,0.18,0.86,0.32,,3.87,,
sm115-11,Psyduck,11,Common,Hidden Fates,2026-07-16T18:05:08.165Z,EUR,394772.0,2026-07-16T18:05:05.814Z,USD,,197653.0,197653.0,,,2026-07-16 18:05:08.165000+00:00,2026-07-16,0.18,0.86,0.32,,3.87,,
sm115-11,Psyduck,11,Common,Hidden Fates,2026-07-17T18:05:09.396Z,EUR,394772.0,2026-07-17T18:05:07.203Z,USD,,197653.0,197653.0,,,2026-07-17 18:05:09.396000+00:00,2026-07-17,0.18,0.86,0.31,,3.87,,
sm115-11,Psyduck,11,Common,Hidden Fates,2026-07-18T08:02:59.387Z,EUR,394772.0,2026-07-18T08:02:56.850Z,USD,,197653.0,197653.0,,,2026-07-18 08:02:59.387000+00:00,2026-07-18,0.18,0.86,0.31,,3.87,,
sm115-11,Psyduck,11,Common,Hidden Fates,2026-07-19T08:03:04.658Z,EUR,394772.0,2026-07-19T08:03:02.207Z,USD,,197653.0,197653.0,,,2026-07-19 08:03:04.658000+00:00,2026-07-19,0.18,0.86,0.3,,3.87,,
sm115-11,Psyduck,11,Common,Hidden Fates,2026-07-20T08:03:04.265Z,EUR,394772.0,2026-07-20T08:03:02.061Z,USD,,197653.0,197653.0,,,2026-07-20 08:03:04.265000+00:00,2026-07-20,0.19,9.67,0.32,,3.87,,
sm115-11,Psyduck,11,Common,Hidden Fates,2026-07-21T08:03:04.252Z,EUR,394772.0,2026-07-21T08:03:02.113Z,USD,,197653.0,197653.0,,,2026-07-21 08:03:04.252000+00:00,2026-07-21,0.19,9.67,0.32,,3.91,,
sm115-11,Psyduck,11,Common,Hidden Fates,2026-07-22T08:03:06.627Z,EUR,394772.0,2026-07-22T08:03:03.927Z,USD,,197653.0,197653.0,,,2026-07-22 08:03:06.627000+00:00,2026-07-22,0.19,9.67,0.34,,3.88,,
sm115-11,Psyduck,11,Common,Hidden Fates,2026-07-23T08:03:03.918Z,EUR,394772.0,2026-07-23T08:03:01.779Z,USD,,197653.0,197653.0,,,2026-07-23 08:03:03.918000+00:00,2026-07-23,0.19,9.67,0.34,,3.88,,
sm115-11,Psyduck,11,Common,Hidden Fates,2026-07-24T08:03:04.550Z,EUR,394772.0,2026-07-24T08:03:02.148Z,USD,,197653.0,197653.0,,,2026-07-24 08:03:04.550000+00:00,2026-07-24,0.19,9.67,0.36,,3.84,,
sm115-11,Psyduck,11,Common,Hidden Fates,2026-07-25T08:03:04.261Z,EUR,394772.0,2026-07-25T08:03:02.130Z,USD,,197653.0,197653.0,,,2026-07-25 08:03:04.261000+00:00,2026-07-25,0.19,9.67,0.36,,3.84,,
sm115-11,Psyduck,11,Common,Hidden Fates,2026-07-26T08:03:04.571Z,EUR,394772.0,2026-07-26T08:03:29.444Z,USD,,197653.0,197653.0,,,2026-07-26 08:03:04.571000+00:00,2026-07-26,0.1,0.44,0.38,,3.82,,
sm115-11,Psyduck,11,Common,Hidden Fates,2026-07-27T08:03:04.705Z,EUR,394772.0,2026-07-27T08:03:28.425Z,USD,,197653.0,197653.0,,,2026-07-27 08:03:04.705000+00:00,2026-07-27,0.15,6.38,0.39,,3.81,,
sm115-11,Psyduck,11,Common,Hidden Fates,2026-07-28T08:03:04.598Z,EUR,394772.0,2026-07-28T08:03:23.483Z,USD,,197653.0,197653.0,,,2026-07-28 08:03:04.598000+00:00,2026-07-28,0.15,6.38,0.38,,3.81,,
sm115-11,Psyduck,11,Common,Hidden Fates,2026-07-29T08:03:05.570Z,EUR,394772.0,2026-07-29T08:03:04.376Z,USD,,197653.0,197653.0,,,2026-07-29 08:03:05.570000+00:00,2026-07-29,0.07,9.11,0.36,,3.84,,
sm12-40,Psyduck,40,Common,Cosmic Eclipse,2026-07-08T18:05:10.691Z,EUR,407849.0,2026-07-08T18:05:07.278Z,USD,,201216.0,201216.0,,,2026-07-08 18:05:10.691000+00:00,2026-07-08,1.63,11.4,2.76,,25.3,,
sm12-40,Psyduck,40,Common,Cosmic Eclipse,2026-07-09T18:05:09.065Z,EUR,407849.0,2026-07-09T18:05:06.503Z,USD,,201216.0,201216.0,,,2026-07-09 18:05:09.065000+00:00,2026-07-09,0.4,34.2,2.76,,25.3,,
sm12-40,Psyduck,40,Common,Cosmic Eclipse,2026-07-10T18:05:08.528Z,EUR,407849.0,2026-07-10T18:05:06.126Z,USD,,201216.0,201216.0,,,2026-07-10 18:05:08.528000+00:00,2026-07-10,0.4,34.2,2.71,,25.3,,
sm12-40,Psyduck,40,Common,Cosmic Eclipse,2026-07-11T18:05:08.177Z,EUR,407849.0,2026-07-11T18:05:05.771Z,USD,,201216.0,201216.0,,,2026-07-11 18:05:08.177000+00:00,2026-07-11,0.4,34.2,2.68,,25.3,,
sm12-40,Psyduck,40,Common,Cosmic Eclipse,2026-07-12T18:05:08.999Z,EUR,407849.0,2026-07-12T18:05:07.097Z,USD,,201216.0,201216.0,,,2026-07-12 18:05:08.999000+00:00,2026-07-12,0.4,34.2,2.68,,24.8,,
sm12-40,Psyduck,40,Common,Cosmic Eclipse,2026-07-13T18:05:07.999Z,EUR,407849.0,2026-07-13T18:05:06.065Z,USD,,201216.0,201216.0,,,2026-07-13 18:05:07.999000+00:00,2026-07-13,0.07,34.2,2.67,,24.71,,
sm12-40,Psyduck,40,Common,Cosmic Eclipse,2026-07-14T18:05:08.458Z,EUR,407849.0,2026-07-14T18:05:05.834Z,USD,,201216.0,201216.0,,,2026-07-14 18:05:08.458000+00:00,2026-07-14,0.07,34.2,2.63,,24.71,,
sm12-40,Psyduck,40,Common,Cosmic Eclipse,2026-07-15T18:05:08.182Z,EUR,407849.0,2026-07-15T18:05:05.780Z,USD,,201216.0,201216.0,,,2026-07-15 18:05:08.182000+00:00,2026-07-15,0.07,34.2,2.64,,24.71,,
sm12-40,Psyduck,40,Common,Cosmic Eclipse,2026-07-16T18:05:08.727Z,EUR,407849.0,2026-07-16T18:05:05.819Z,USD,,201216.0,201216.0,,,2026-07-16 18:05:08.727000+00:00,2026-07-16,0.07,34.2,2.72,,24.87,,
sm12-40,Psyduck,40,Common,Cosmic Eclipse,2026-07-17T18:05:09.271Z,EUR,407849.0,2026-07-17T18:05:07.207Z,USD,,201216.0,201216.0,,,2026-07-17 18:05:09.271000+00:00,2026-07-17,0.07,34.2,2.7,,24.87,,
sm12-40,Psyduck,40,Common,Cosmic Eclipse,2026-07-18T08:02:59.387Z,EUR,407849.0,2026-07-18T08:02:56.855Z,USD,,201216.0,201216.0,,,2026-07-18 08:02:59.387000+00:00,2026-07-18,0.07,34.2,2.67,,24.87,,
sm12-40,Psyduck,40,Common,Cosmic Eclipse,2026-07-19T08:03:04.658Z,EUR,407849.0,2026-07-19T08:03:02.211Z,USD,,201216.0,201216.0,,,2026-07-19 08:03:04.658000+00:00,2026-07-19,0.07,34.2,2.78,,25.26,,
sm12-40,Psyduck,40,Common,Cosmic Eclipse,2026-07-20T08:03:04.386Z,EUR,407849.0,2026-07-20T08:03:02.067Z,USD,,201216.0,201216.0,,,2026-07-20 08:03:04.386000+00:00,2026-07-20,0.46,39.89,2.84,,25.26,,
sm12-40,Psyduck,40,Common,Cosmic Eclipse,2026-07-21T08:03:04.457Z,EUR,407849.0,2026-07-21T08:03:02.125Z,USD,,201216.0,201216.0,,,2026-07-21 08:03:04.457000+00:00,2026-07-21,0.46,39.89,2.82,,25.33,,
sm12-40,Psyduck,40,Common,Cosmic Eclipse,2026-07-22T08:03:06.471Z,EUR,407849.0,2026-07-22T08:03:03.932Z,USD,,201216.0,201216.0,,,2026-07-22 08:03:06.471000+00:00,2026-07-22,0.46,39.89,2.8,,25.33,,
sm12-40,Psyduck,40,Common,Cosmic Eclipse,2026-07-23T08:03:03.918Z,EUR,407849.0,2026-07-23T08:03:01.784Z,USD,,201216.0,201216.0,,,2026-07-23 08:03:03.918000+00:00,2026-07-23,0.46,39.89,2.8,,25.21,,
sm12-40,Psyduck,40,Common,Cosmic Eclipse,2026-07-24T08:03:04.550Z,EUR,407849.0,2026-07-24T08:03:02.154Z,USD,,201216.0,201216.0,,,2026-07-24 08:03:04.550000+00:00,2026-07-24,0.46,39.89,2.78,,25.21,,
sm12-40,Psyduck,40,Common,Cosmic Eclipse,2026-07-25T08:03:04.261Z,EUR,407849.0,2026-07-25T08:03:02.137Z,USD,,201216.0,201216.0,,,2026-07-25 08:03:04.261000+00:00,2026-07-25,0.46,39.89,2.81,,25.4,,
sm12-40,Psyduck,40,Common,Cosmic Eclipse,2026-07-26T08:03:04.571Z,EUR,407849.0,2026-07-26T08:03:29.806Z,USD,,201216.0,201216.0,,,2026-07-26 08:03:04.571000+00:00,2026-07-26,0.17,22.79,2.81,,25.65,,
sm12-40,Psyduck,40,Common,Cosmic Eclipse,2026-07-27T08:03:04.705Z,EUR,407849.0,2026-07-27T08:03:28.703Z,USD,,201216.0,201216.0,,,2026-07-27 08:03:04.705000+00:00,2026-07-27,0.17,24.51,2.96,,25.65,,
sm12-40,Psyduck,40,Common,Cosmic Eclipse,2026-07-28T08:03:04.286Z,EUR,407849.0,2026-07-28T08:03:23.766Z,USD,,201216.0,201216.0,,,2026-07-28 08:03:04.286000+00:00,2026-07-28,0.17,24.51,2.93,,25.65,,
sm12-40,Psyduck,40,Common,Cosmic Eclipse,2026-07-29T08:03:04.597Z,EUR,407849.0,2026-07-29T08:03:04.395Z,USD,,201216.0,201216.0,,,2026-07-29 08:03:04.597000+00:00,2026-07-29,0.44,24.51,2.88,,25.65,,
sm9-26,Psyduck,26,Common,Team Up,2026-07-08T18:05:10.691Z,EUR,368958.0,2026-07-08T18:05:07.256Z,USD,,183797.0,183797.0,,,2026-07-08 18:05:10.691000+00:00,2026-07-08,0.14,2.28,0.97,,17.63,,
sm9-26,Psyduck,26,Common,Team Up,2026-07-09T18:05:09.065Z,EUR,368958.0,2026-07-09T18:05:06.479Z,USD,,183797.0,183797.0,,,2026-07-09 18:05:09.065000+00:00,2026-07-09,0.09,14.82,0.97,,17.61,,
sm9-26,Psyduck,26,Common,Team Up,2026-07-10T18:05:08.528Z,EUR,368958.0,2026-07-10T18:05:06.110Z,USD,,183797.0,183797.0,,,2026-07-10 18:05:08.528000+00:00,2026-07-10,0.09,14.82,0.97,,17.61,,
sm9-26,Psyduck,26,Common,Team Up,2026-07-11T18:05:08.177Z,EUR,368958.0,2026-07-11T18:05:05.754Z,USD,,183797.0,183797.0,,,2026-07-11 18:05:08.177000+00:00,2026-07-11,0.09,14.82,1.02,,17.61,,
sm9-26,Psyduck,26,Common,Team Up,2026-07-12T18:05:08.999Z,EUR,368958.0,2026-07-12T18:05:07.069Z,USD,,183797.0,183797.0,,,2026-07-12 18:05:08.999000+00:00,2026-07-12,0.09,14.82,1.03,,17.8,,
sm9-26,Psyduck,26,Common,Team Up,2026-07-13T18:05:07.999Z,EUR,368958.0,2026-07-13T18:05:06.025Z,USD,,183797.0,183797.0,,,2026-07-13 18:05:07.999000+00:00,2026-07-13,0.25,22.22,1.03,,17.8,,
sm9-26,Psyduck,26,Common,Team Up,2026-07-14T18:05:08.458Z,EUR,368958.0,2026-07-14T18:05:05.803Z,USD,,183797.0,183797.0,,,2026-07-14 18:05:08.458000+00:00,2026-07-14,0.25,22.22,1.04,,17.8,,
sm9-26,Psyduck,26,Common,Team Up,2026-07-15T18:05:08.182Z,EUR,368958.0,2026-07-15T18:05:05.760Z,USD,,183797.0,183797.0,,,2026-07-15 18:05:08.182000+00:00,2026-07-15,0.25,22.22,1.05,,17.72,,
sm9-26,Psyduck,26,Common,Team Up,2026-07-16T18:05:08.727Z,EUR,368958.0,2026-07-16T18:05:05.800Z,USD,,183797.0,183797.0,,,2026-07-16 18:05:08.727000+00:00,2026-07-16,0.25,22.22,1.06,,17.81,,
sm9-26,Psyduck,26,Common,Team Up,2026-07-17T18:05:09.271Z,EUR,368958.0,2026-07-17T18:05:07.188Z,USD,,183797.0,183797.0,,,2026-07-17 18:05:09.271000+00:00,2026-07-17,0.25,22.22,1.03,,17.81,,
sm9-26,Psyduck,26,Common,Team Up,2026-07-18T08:02:59.387Z,EUR,368958.0,2026-07-18T08:02:56.826Z,USD,,183797.0,183797.0,,,2026-07-18 08:02:59.387000+00:00,2026-07-18,0.25,22.22,1.03,,17.81,,
sm9-26,Psyduck,26,Common,Team Up,2026-07-19T08:03:04.658Z,EUR,368958.0,2026-07-19T08:03:02.194Z,USD,,183797.0,183797.0,,,2026-07-19 08:03:04.658000+00:00,2026-07-19,0.25,22.22,1.03,,17.81,,
sm9-26,Psyduck,26,Common,Team Up,2026-07-20T08:03:04.265Z,EUR,368958.0,2026-07-20T08:03:02.048Z,USD,,183797.0,183797.0,,,2026-07-20 08:03:04.265000+00:00,2026-07-20,0.17,19.38,1.02,,18.0,,
sm9-26,Psyduck,26,Common,Team Up,2026-07-21T08:03:04.252Z,EUR,368958.0,2026-07-21T08:03:02.094Z,USD,,183797.0,183797.0,,,2026-07-21 08:03:04.252000+00:00,2026-07-21,0.17,19.38,1.01,,18.0,,
sm9-26,Psyduck,26,Common,Team Up,2026-07-22T08:03:06.558Z,EUR,368958.0,2026-07-22T08:03:03.910Z,USD,,183797.0,183797.0,,,2026-07-22 08:03:06.558000+00:00,2026-07-22,0.17,19.38,0.99,,18.0,,
sm9-26,Psyduck,26,Common,Team Up,2026-07-23T08:03:03.918Z,EUR,368958.0,2026-07-23T08:03:01.755Z,USD,,183797.0,183797.0,,,2026-07-23 08:03:03.918000+00:00,2026-07-23,0.17,19.38,0.95,,18.0,,
sm9-26,Psyduck,26,Common,Team Up,2026-07-24T08:03:04.300Z,EUR,368958.0,2026-07-24T08:03:02.132Z,USD,,183797.0,183797.0,,,2026-07-24 08:03:04.300000+00:00,2026-07-24,0.17,19.38,0.96,,18.0,,
sm9-26,Psyduck,26,Common,Team Up,2026-07-25T08:03:04.261Z,EUR,368958.0,2026-07-25T08:03:02.117Z,USD,,183797.0,183797.0,,,2026-07-25 08:03:04.261000+00:00,2026-07-25,0.17,19.38,0.96,,18.0,,
sm9-26,Psyduck,26,Common,Team Up,2026-07-26T08:03:04.571Z,EUR,368958.0,2026-07-26T08:03:28.595Z,USD,,183797.0,183797.0,,,2026-07-26 08:03:04.571000+00:00,2026-07-26,0.49,1.37,0.95,,17.94,,
sm9-26,Psyduck,26,Common,Team Up,2026-07-27T08:03:04.458Z,EUR,368958.0,2026-07-27T08:03:27.426Z,USD,,183797.0,183797.0,,,2026-07-27 08:03:04.458000+00:00,2026-07-27,0.49,1.37,0.94,,17.94,,
sm9-26,Psyduck,26,Common,Team Up,2026-07-28T08:03:04.286Z,EUR,368958.0,2026-07-28T08:03:22.842Z,USD,,183797.0,183797.0,,,2026-07-28 08:03:04.286000+00:00,2026-07-28,0.49,1.37,0.96,,17.97,,
sm9-26,Psyduck,26,Common,Team Up,2026-07-29T08:03:04.597Z,EUR,368958.0,2026-07-29T08:03:04.306Z,USD,,183797.0,183797.0,,,2026-07-29 08:03:04.597000+00:00,2026-07-29,0.27,1.37,0.94,,18.05,,
sv03.5-054,Psyduck,54,Common,151,2026-07-08T18:05:11.087Z,EUR,733649.0,2026-07-08T18:05:07.453Z,USD,,516231.0,516231.0,,,2026-07-08 18:05:11.087000+00:00,2026-07-08,0.1,0.49,0.22,,0.55,,
sv03.5-054,Psyduck,54,Common,151,2026-07-09T18:05:09.065Z,EUR,733649.0,2026-07-09T18:05:06.607Z,USD,,516231.0,516231.0,,,2026-07-09 18:05:09.065000+00:00,2026-07-09,0.09,0.26,0.21,,0.48,,
sv03.5-054,Psyduck,54,Common,151,2026-07-10T18:05:08.528Z,EUR,733649.0,2026-07-10T18:05:06.231Z,USD,,516231.0,516231.0,,,2026-07-10 18:05:08.528000+00:00,2026-07-10,0.13,0.22,0.21,,0.52,,
sv03.5-054,Psyduck,54,Common,151,2026-07-11T18:05:08.177Z,EUR,733649.0,2026-07-11T18:05:05.878Z,USD,,516231.0,516231.0,,,2026-07-11 18:05:08.177000+00:00,2026-07-11,0.13,0.22,0.22,,0.47,,
sv03.5-054,Psyduck,54,Common,151,2026-07-12T18:05:08.999Z,EUR,733649.0,2026-07-12T18:05:07.183Z,USD,,516231.0,516231.0,,,2026-07-12 18:05:08.999000+00:00,2026-07-12,0.13,0.22,0.2,,0.52,,
sv03.5-054,Psyduck,54,Common,151,2026-07-13T18:05:07.999Z,EUR,733649.0,2026-07-13T18:05:06.210Z,USD,,516231.0,516231.0,,,2026-07-13 18:05:07.999000+00:00,2026-07-13,0.07,0.31,0.21,,0.47,,
sv03.5-054,Psyduck,54,Common,151,2026-07-14T18:05:08.458Z,EUR,733649.0,2026-07-14T18:05:05.934Z,USD,,516231.0,516231.0,,,2026-07-14 18:05:08.458000+00:00,2026-07-14,0.07,0.31,0.24,,0.53,,
sv03.5-054,Psyduck,54,Common,151,2026-07-15T18:05:08.182Z,EUR,733649.0,2026-07-15T18:05:05.880Z,USD,,516231.0,516231.0,,,2026-07-15 18:05:08.182000+00:00,2026-07-15,0.07,0.31,0.22,,0.61,,
sv03.5-054,Psyduck,54,Common,151,2026-07-16T18:05:08.165Z,EUR,733649.0,2026-07-16T18:05:05.895Z,USD,,516231.0,516231.0,,,2026-07-16 18:05:08.165000+00:00,2026-07-16,0.07,0.31,0.2,,0.58,,
sv03.5-054,Psyduck,54,Common,151,2026-07-17T18:05:09.271Z,EUR,733649.0,2026-07-17T18:05:07.290Z,USD,,516231.0,516231.0,,,2026-07-17 18:05:09.271000+00:00,2026-07-17,0.07,0.31,0.23,,0.51,,
sv03.5-054,Psyduck,54,Common,151,2026-07-18T08:02:59.387Z,EUR,733649.0,2026-07-18T08:02:56.924Z,USD,,516231.0,516231.0,,,2026-07-18 08:02:59.387000+00:00,2026-07-18,0.07,0.31,0.21,,0.51,,
sv03.5-054,Psyduck,54,Common,151,2026-07-19T08:03:04.658Z,EUR,733649.0,2026-07-19T08:03:02.285Z,USD,,516231.0,516231.0,,,2026-07-19 08:03:04.658000+00:00,2026-07-19,0.07,0.31,0.2,,0.54,,
sv03.5-054,Psyduck,54,Common,151,2026-07-20T08:03:04.811Z,EUR,733649.0,2026-07-20T08:03:02.144Z,USD,,516231.0,516231.0,,,2026-07-20 08:03:04.811000+00:00,2026-07-20,0.11,0.79,0.22,,0.5,,
sv03.5-054,Psyduck,54,Common,151,2026-07-21T08:03:04.457Z,EUR,733649.0,2026-07-21T08:03:02.235Z,USD,,516231.0,516231.0,,,2026-07-21 08:03:04.457000+00:00,2026-07-21,0.11,0.79,0.26,,0.51,,
sv03.5-054,Psyduck,54,Common,151,2026-07-22T08:03:06.471Z,EUR,733649.0,2026-07-22T08:03:04.059Z,USD,,516231.0,516231.0,,,2026-07-22 08:03:06.471000+00:00,2026-07-22,0.11,0.79,0.28,,0.49,,
sv03.5-054,Psyduck,54,Common,151,2026-07-23T08:03:03.918Z,EUR,733649.0,2026-07-23T08:03:01.874Z,USD,,516231.0,516231.0,,,2026-07-23 08:03:03.918000+00:00,2026-07-23,0.11,0.79,0.26,,0.46,,
sv03.5-054,Psyduck,54,Common,151,2026-07-24T08:03:04.550Z,EUR,733649.0,2026-07-24T08:03:02.244Z,USD,,516231.0,516231.0,,,2026-07-24 08:03:04.550000+00:00,2026-07-24,0.11,0.79,0.25,,0.51,,
sv03.5-054,Psyduck,54,Common,151,2026-07-25T08:03:03.827Z,EUR,733649.0,2026-07-25T08:03:02.243Z,USD,,516231.0,516231.0,,,2026-07-25 08:03:03.827000+00:00,2026-07-25,0.11,0.79,0.26,,0.53,,
sv03.5-054,Psyduck,54,Common,151,2026-07-26T08:03:04.438Z,EUR,733649.0,2026-07-26T08:03:35.610Z,USD,,516231.0,516231.0,,,2026-07-26 08:03:04.438000+00:00,2026-07-26,0.05,0.39,0.27,,0.52,,
sv03.5-054,Psyduck,54,Common,151,2026-07-27T08:03:04.705Z,EUR,733649.0,2026-07-27T08:03:39.285Z,USD,,516231.0,516231.0,,,2026-07-27 08:03:04.705000+00:00,2026-07-27,0.13,0.47,0.28,,0.61,,
sv03.5-054,Psyduck,54,Common,151,2026-07-28T08:03:04.598Z,EUR,733649.0,2026-07-28T08:03:38.363Z,USD,,516231.0,516231.0,,,2026-07-28 08:03:04.598000+00:00,2026-07-28,0.13,0.47,0.25,,0.69,,
sv03.5-054,Psyduck,54,Common,151,2026-07-29T08:03:04.597Z,EUR,733649.0,2026-07-29T08:03:04.683Z,USD,,516231.0,516231.0,,,2026-07-29 08:03:04.597000+00:00,2026-07-29,0.08,0.46,0.23,,0.72,,
sv03.5-175,Psyduck,175,Illustration rare,151,2026-07-08T18:05:11.087Z,EUR,733770.0,2026-07-08T18:05:07.453Z,USD,517035.0,,,,,2026-07-08 18:05:11.087000+00:00,2026-07-08,51.3,,,78.2,,,
sv03.5-175,Psyduck,175,Illustration rare,151,2026-07-09T18:05:09.065Z,EUR,733770.0,2026-07-09T18:05:06.607Z,USD,517035.0,,,,,2026-07-09 18:05:09.065000+00:00,2026-07-09,57.35,,,77.04,,,
sv03.5-175,Psyduck,175,Illustration rare,151,2026-07-10T18:05:08.528Z,EUR,733770.0,2026-07-10T18:05:06.231Z,USD,517035.0,,,,,2026-07-10 18:05:08.528000+00:00,2026-07-10,64.4,,,75.33,,,
sv03.5-175,Psyduck,175,Illustration rare,151,2026-07-11T18:05:08.177Z,EUR,733770.0,2026-07-11T18:05:05.878Z,USD,517035.0,,,,,2026-07-11 18:05:08.177000+00:00,2026-07-11,64.4,,,74.76,,,
sv03.5-175,Psyduck,175,Illustration rare,151,2026-07-12T18:05:08.999Z,EUR,733770.0,2026-07-12T18:05:07.183Z,USD,517035.0,,,,,2026-07-12 18:05:08.999000+00:00,2026-07-12,64.4,,,74.75,,,
sv03.5-175,Psyduck,175,Illustration rare,151,2026-07-13T18:05:07.999Z,EUR,733770.0,2026-07-13T18:05:06.210Z,USD,517035.0,,,,,2026-07-13 18:05:07.999000+00:00,2026-07-13,61.17,,,74.17,,,
sv03.5-175,Psyduck,175,Illustration rare,151,2026-07-14T18:05:08.458Z,EUR,733770.0,2026-07-14T18:05:05.934Z,USD,517035.0,,,,,2026-07-14 18:05:08.458000+00:00,2026-07-14,61.17,,,73.75,,,
sv03.5-175,Psyduck,175,Illustration rare,151,2026-07-15T18:05:08.182Z,EUR,733770.0,2026-07-15T18:05:05.880Z,USD,517035.0,,,,,2026-07-15 18:05:08.182000+00:00,2026-07-15,61.17,,,74.17,,,
sv03.5-175,Psyduck,175,Illustration rare,151,2026-07-16T18:05:08.165Z,EUR,733770.0,2026-07-16T18:05:05.895Z,USD,517035.0,,,,,2026-07-16 18:05:08.165000+00:00,2026-07-16,61.17,,,73.9,,,
sv03.5-175,Psyduck,175,Illustration rare,151,2026-07-17T18:05:09.690Z,EUR,733770.0,2026-07-17T18:05:07.290Z,USD,517035.0,,,,,2026-07-17 18:05:09.690000+00:00,2026-07-17,61.17,,,73.4,,,
sv03.5-175,Psyduck,175,Illustration rare,151,2026-07-18T08:02:59.776Z,EUR,733770.0,2026-07-18T08:02:56.924Z,USD,517035.0,,,,,2026-07-18 08:02:59.776000+00:00,2026-07-18,61.17,,,73.09,,,
sv03.5-175,Psyduck,175,Illustration rare,151,2026-07-19T08:03:04.558Z,EUR,733770.0,2026-07-19T08:03:02.285Z,USD,517035.0,,,,,2026-07-19 08:03:04.558000+00:00,2026-07-19,61.17,,,73.41,,,
sv03.5-175,Psyduck,175,Illustration rare,151,2026-07-20T08:03:04.265Z,EUR,733770.0,2026-07-20T08:03:02.144Z,USD,517035.0,,,,,2026-07-20 08:03:04.265000+00:00,2026-07-20,60.76,,,72.72,,,
sv03.5-175,Psyduck,175,Illustration rare,151,2026-07-21T08:03:04.252Z,EUR,733770.0,2026-07-21T08:03:02.235Z,USD,517035.0,,,,,2026-07-21 08:03:04.252000+00:00,2026-07-21,60.76,,,74.6,,,
sv03.5-175,Psyduck,175,Illustration rare,151,2026-07-22T08:03:06.471Z,EUR,733770.0,2026-07-22T08:03:04.059Z,USD,517035.0,,,,,2026-07-22 08:03:06.471000+00:00,2026-07-22,60.76,,,74.64,,,
sv03.5-175,Psyduck,175,Illustration rare,151,2026-07-23T08:03:03.918Z,EUR,733770.0,2026-07-23T08:03:01.874Z,USD,517035.0,,,,,2026-07-23 08:03:03.918000+00:00,2026-07-23,60.76,,,75.06,,,
sv03.5-175,Psyduck,175,Illustration rare,151,2026-07-24T08:03:04.550Z,EUR,733770.0,2026-07-24T08:03:02.244Z,USD,517035.0,,,,,2026-07-24 08:03:04.550000+00:00,2026-07-24,60.76,,,75.39,,,
sv03.5-175,Psyduck,175,Illustration rare,151,2026-07-25T08:03:04.397Z,EUR,733770.0,2026-07-25T08:03:02.243Z,USD,517035.0,,,,,2026-07-25 08:03:04.397000+00:00,2026-07-25,60.76,,,74.51,,,
sv03.5-175,Psyduck,175,Illustration rare,151,2026-07-26T08:03:04.532Z,EUR,733770.0,2026-07-26T08:03:35.610Z,USD,517035.0,,,,,2026-07-26 08:03:04.532000+00:00,2026-07-26,71.54,,,74.18,,,
sv03.5-175,Psyduck,175,Illustration rare,151,2026-07-27T08:03:04.458Z,EUR,733770.0,2026-07-27T08:03:39.285Z,USD,517035.0,,,,,2026-07-27 08:03:04.458000+00:00,2026-07-27,51.29,,,72.88,,,
sv03.5-175,Psyduck,175,Illustration rare,151,2026-07-28T08:03:04.286Z,EUR,733770.0,2026-07-28T08:03:38.363Z,USD,517035.0,,,,,2026-07-28 08:03:04.286000+00:00,2026-07-28,51.29,,,73.13,,,
sv03.5-175,Psyduck,175,Illustration rare,151,2026-07-29T08:03:04.597Z,EUR,733770.0,2026-07-29T08:03:04.683Z,USD,517035.0,,,,,2026-07-29 08:03:04.597000+00:00,2026-07-29,63.84,,,74.41,,,
sv10-045,Misty's Psyduck,45,Uncommon,Destined Rivals,2026-07-08T18:05:11.087Z,EUR,825919.0,2026-07-08T18:05:07.533Z,USD,,630812.0,630812.0,,,2026-07-08 18:05:11.087000+00:00,2026-07-08,0.07,0.21,0.25,,0.98,,
sv10-045,Misty's Psyduck,45,Uncommon,Destined Rivals,2026-07-09T18:05:09.065Z,EUR,825919.0,2026-07-09T18:05:06.639Z,USD,,630812.0,630812.0,,,2026-07-09 18:05:09.065000+00:00,2026-07-09,0.13,0.59,0.25,,0.93,,
sv10-045,Misty's Psyduck,45,Uncommon,Destined Rivals,2026-07-10T18:05:08.528Z,EUR,825919.0,2026-07-10T18:05:06.276Z,USD,,630812.0,630812.0,,,2026-07-10 18:05:08.528000+00:00,2026-07-10,0.11,0.89,0.27,,0.91,,
sv10-045,Misty's Psyduck,45,Uncommon,Destined Rivals,2026-07-11T18:05:08.177Z,EUR,825919.0,2026-07-11T18:05:05.928Z,USD,,630812.0,630812.0,,,2026-07-11 18:05:08.177000+00:00,2026-07-11,0.11,0.89,0.28,,0.86,,
sv10-045,Misty's Psyduck,45,Uncommon,Destined Rivals,2026-07-12T18:05:08.999Z,EUR,825919.0,2026-07-12T18:05:07.246Z,USD,,630812.0,630812.0,,,2026-07-12 18:05:08.999000+00:00,2026-07-12,0.11,0.89,0.29,,0.82,,
sv10-045,Misty's Psyduck,45,Uncommon,Destined Rivals,2026-07-13T18:05:07.846Z,EUR,825919.0,2026-07-13T18:05:06.294Z,USD,,630812.0,630812.0,,,2026-07-13 18:05:07.846000+00:00,2026-07-13,0.06,0.48,0.32,,0.8,,
sv10-045,Misty's Psyduck,45,Uncommon,Destined Rivals,2026-07-14T18:05:08.458Z,EUR,825919.0,2026-07-14T18:05:05.964Z,USD,,630812.0,630812.0,,,2026-07-14 18:05:08.458000+00:00,2026-07-14,0.06,0.48,0.28,,0.92,,
sv10-045,Misty's Psyduck,45,Uncommon,Destined Rivals,2026-07-15T18:05:08.182Z,EUR,825919.0,2026-07-15T18:05:05.963Z,USD,,630812.0,630812.0,,,2026-07-15 18:05:08.182000+00:00,2026-07-15,0.06,0.48,0.3,,0.93,,
sv10-045,Misty's Psyduck,45,Uncommon,Destined Rivals,2026-07-16T18:05:08.165Z,EUR,825919.0,2026-07-16T18:05:05.954Z,USD,,630812.0,630812.0,,,2026-07-16 18:05:08.165000+00:00,2026-07-16,0.06,0.48,0.31,,0.97,,
sv10-045,Misty's Psyduck,45,Uncommon,Destined Rivals,2026-07-17T18:05:09.271Z,EUR,825919.0,2026-07-17T18:05:07.328Z,USD,,630812.0,630812.0,,,2026-07-17 18:05:09.271000+00:00,2026-07-17,0.06,0.48,0.32,,1.05,,
sv10-045,Misty's Psyduck,45,Uncommon,Destined Rivals,2026-07-18T08:02:59.387Z,EUR,825919.0,2026-07-18T08:02:56.956Z,USD,,630812.0,630812.0,,,2026-07-18 08:02:59.387000+00:00,2026-07-18,0.06,0.48,0.33,,0.88,,
sv10-045,Misty's Psyduck,45,Uncommon,Destined Rivals,2026-07-19T08:03:04.658Z,EUR,825919.0,2026-07-19T08:03:02.339Z,USD,,630812.0,630812.0,,,2026-07-19 08:03:04.658000+00:00,2026-07-19,0.06,0.48,0.28,,0.87,,
sv10-045,Misty's Psyduck,45,Uncommon,Destined Rivals,2026-07-20T08:03:04.265Z,EUR,825919.0,2026-07-20T08:03:02.189Z,USD,,630812.0,630812.0,,,2026-07-20 08:03:04.265000+00:00,2026-07-20,0.03,0.22,0.27,,0.87,,
sv10-045,Misty's Psyduck,45,Uncommon,Destined Rivals,2026-07-21T08:03:04.457Z,EUR,825919.0,2026-07-21T08:03:02.278Z,USD,,630812.0,630812.0,,,2026-07-21 08:03:04.457000+00:00,2026-07-21,0.03,0.22,0.3,,0.92,,
sv10-045,Misty's Psyduck,45,Uncommon,Destined Rivals,2026-07-22T08:03:06.471Z,EUR,825919.0,2026-07-22T08:03:04.107Z,USD,,630812.0,630812.0,,,2026-07-22 08:03:06.471000+00:00,2026-07-22,0.03,0.22,0.29,,0.93,,
sv10-045,Misty's Psyduck,45,Uncommon,Destined Rivals,2026-07-23T08:03:03.918Z,EUR,825919.0,2026-07-23T08:03:01.913Z,USD,,630812.0,630812.0,,,2026-07-23 08:03:03.918000+00:00,2026-07-23,0.03,0.22,0.29,,0.92,,
sv10-045,Misty's Psyduck,45,Uncommon,Destined Rivals,2026-07-24T08:03:04.550Z,EUR,825919.0,2026-07-24T08:03:02.285Z,USD,,630812.0,630812.0,,,2026-07-24 08:03:04.550000+00:00,2026-07-24,0.03,0.22,0.32,,0.88,,
sv10-045,Misty's Psyduck,45,Uncommon,Destined Rivals,2026-07-25T08:03:04.261Z,EUR,825919.0,2026-07-25T08:03:02.280Z,USD,,630812.0,630812.0,,,2026-07-25 08:03:04.261000+00:00,2026-07-25,0.03,0.22,0.34,,0.87,,
sv10-045,Misty's Psyduck,45,Uncommon,Destined Rivals,2026-07-26T08:03:04.571Z,EUR,825919.0,2026-07-26T08:03:38.067Z,USD,,630812.0,630812.0,,,2026-07-26 08:03:04.571000+00:00,2026-07-26,0.13,0.34,0.31,,0.86,,
sv10-045,Misty's Psyduck,45,Uncommon,Destined Rivals,2026-07-27T08:03:04.458Z,EUR,825919.0,2026-07-27T08:03:41.153Z,USD,,630812.0,630812.0,,,2026-07-27 08:03:04.458000+00:00,2026-07-27,0.23,0.38,0.25,,0.85,,
sv10-045,Misty's Psyduck,45,Uncommon,Destined Rivals,2026-07-28T08:03:04.598Z,EUR,825919.0,2026-07-28T08:03:51.617Z,USD,,630812.0,630812.0,,,2026-07-28 08:03:04.598000+00:00,2026-07-28,0.23,0.38,0.26,,0.88,,
sv10-045,Misty's Psyduck,45,Uncommon,Destined Rivals,2026-07-29T08:03:05.570Z,EUR,825919.0,2026-07-29T08:03:04.821Z,USD,,630812.0,630812.0,,,2026-07-29 08:03:05.570000+00:00,2026-07-29,0.07,0.13,0.22,,0.89,,
sv10-193,Misty's Psyduck,193,Illustration rare,Destined Rivals,2026-07-08T18:05:11.087Z,EUR,826067.0,2026-07-08T18:05:07.533Z,USD,632993.0,,,,,2026-07-08 18:05:11.087000+00:00,2026-07-08,47.52,,,71.24,,,
sv10-193,Misty's Psyduck,193,Illustration rare,Destined Rivals,2026-07-09T18:05:09.065Z,EUR,826067.0,2026-07-09T18:05:06.639Z,USD,632993.0,,,,,2026-07-09 18:05:09.065000+00:00,2026-07-09,61.46,,,70.97,,,
sv10-193,Misty's Psyduck,193,Illustration rare,Destined Rivals,2026-07-10T18:05:08.528Z,EUR,826067.0,2026-07-10T18:05:06.276Z,USD,632993.0,,,,,2026-07-10 18:05:08.528000+00:00,2026-07-10,63.5,,,68.99,,,
sv10-193,Misty's Psyduck,193,Illustration rare,Destined Rivals,2026-07-11T18:05:08.177Z,EUR,826067.0,2026-07-11T18:05:05.928Z,USD,632993.0,,,,,2026-07-11 18:05:08.177000+00:00,2026-07-11,63.5,,,68.61,,,
sv10-193,Misty's Psyduck,193,Illustration rare,Destined Rivals,2026-07-12T18:05:08.999Z,EUR,826067.0,2026-07-12T18:05:07.246Z,USD,632993.0,,,,,2026-07-12 18:05:08.999000+00:00,2026-07-12,63.5,,,68.4,,,
sv10-193,Misty's Psyduck,193,Illustration rare,Destined Rivals,2026-07-13T18:05:07.999Z,EUR,826067.0,2026-07-13T18:05:06.294Z,USD,632993.0,,,,,2026-07-13 18:05:07.999000+00:00,2026-07-13,59.6,,,68.3,,,
sv10-193,Misty's Psyduck,193,Illustration rare,Destined Rivals,2026-07-14T18:05:08.458Z,EUR,826067.0,2026-07-14T18:05:05.964Z,USD,632993.0,,,,,2026-07-14 18:05:08.458000+00:00,2026-07-14,59.6,,,68.78,,,
sv10-193,Misty's Psyduck,193,Illustration rare,Destined Rivals,2026-07-15T18:05:08.182Z,EUR,826067.0,2026-07-15T18:05:05.963Z,USD,632993.0,,,,,2026-07-15 18:05:08.182000+00:00,2026-07-15,59.6,,,69.28,,,
sv10-193,Misty's Psyduck,193,Illustration rare,Destined Rivals,2026-07-16T18:05:08.165Z,EUR,826067.0,2026-07-16T18:05:05.954Z,USD,632993.0,,,,,2026-07-16 18:05:08.165000+00:00,2026-07-16,59.6,,,68.75,,,
sv10-193,Misty's Psyduck,193,Illustration rare,Destined Rivals,2026-07-17T18:05:09.690Z,EUR,826067.0,2026-07-17T18:05:07.328Z,USD,632993.0,,,,,2026-07-17 18:05:09.690000+00:00,2026-07-17,59.6,,,68.4,,,
sv10-193,Misty's Psyduck,193,Illustration rare,Destined Rivals,2026-07-18T08:02:59.387Z,EUR,826067.0,2026-07-18T08:02:56.956Z,USD,632993.0,,,,,2026-07-18 08:02:59.387000+00:00,2026-07-18,59.6,,,68.91,,,
sv10-193,Misty's Psyduck,193,Illustration rare,Destined Rivals,2026-07-19T08:03:04.558Z,EUR,826067.0,2026-07-19T08:03:02.339Z,USD,632993.0,,,,,2026-07-19 08:03:04.558000+00:00,2026-07-19,59.6,,,70.1,,,
sv10-193,Misty's Psyduck,193,Illustration rare,Destined Rivals,2026-07-20T08:03:04.265Z,EUR,826067.0,2026-07-20T08:03:02.189Z,USD,632993.0,,,,,2026-07-20 08:03:04.265000+00:00,2026-07-20,78.18,,,68.9,,,
sv10-193,Misty's Psyduck,193,Illustration rare,Destined Rivals,2026-07-21T08:03:04.252Z,EUR,826067.0,2026-07-21T08:03:02.278Z,USD,632993.0,,,,,2026-07-21 08:03:04.252000+00:00,2026-07-21,78.18,,,71.0,,,
sv10-193,Misty's Psyduck,193,Illustration rare,Destined Rivals,2026-07-22T08:03:06.471Z,EUR,826067.0,2026-07-22T08:03:04.107Z,USD,632993.0,,,,,2026-07-22 08:03:06.471000+00:00,2026-07-22,78.18,,,69.95,,,
sv10-193,Misty's Psyduck,193,Illustration rare,Destined Rivals,2026-07-23T08:03:03.918Z,EUR,826067.0,2026-07-23T08:03:01.913Z,USD,632993.0,,,,,2026-07-23 08:03:03.918000+00:00,2026-07-23,78.18,,,72.51,,,
sv10-193,Misty's Psyduck,193,Illustration rare,Destined Rivals,2026-07-24T08:03:04.550Z,EUR,826067.0,2026-07-24T08:03:02.285Z,USD,632993.0,,,,,2026-07-24 08:03:04.550000+00:00,2026-07-24,78.18,,,74.54,,,
sv10-193,Misty's Psyduck,193,Illustration rare,Destined Rivals,2026-07-25T08:03:04.397Z,EUR,826067.0,2026-07-25T08:03:02.280Z,USD,632993.0,,,,,2026-07-25 08:03:04.397000+00:00,2026-07-25,78.18,,,74.78,,,
sv10-193,Misty's Psyduck,193,Illustration rare,Destined Rivals,2026-07-26T08:03:04.532Z,EUR,826067.0,2026-07-26T08:03:38.067Z,USD,632993.0,,,,,2026-07-26 08:03:04.532000+00:00,2026-07-26,75.21,,,72.59,,,
sv10-193,Misty's Psyduck,193,Illustration rare,Destined Rivals,2026-07-27T08:03:04.458Z,EUR,826067.0,2026-07-27T08:03:41.153Z,USD,632993.0,,,,,2026-07-27 08:03:04.458000+00:00,2026-07-27,44.57,,,72.43,,,
sv10-193,Misty's Psyduck,193,Illustration rare,Destined Rivals,2026-07-28T08:03:04.598Z,EUR,826067.0,2026-07-28T08:03:51.617Z,USD,632993.0,,,,,2026-07-28 08:03:04.598000+00:00,2026-07-28,44.57,,,69.9,,,
sv10-193,Misty's Psyduck,193,Illustration rare,Destined Rivals,2026-07-29T08:03:04.597Z,EUR,826067.0,2026-07-29T08:03:04.821Z,USD,632993.0,,,,,2026-07-29 08:03:04.597000+00:00,2026-07-29,67.68,,,69.55,,,
swsh10-028,Psyduck,28,Common,Astral Radiance,2026-07-08T18:05:10.686Z,EUR,658533.0,2026-07-08T18:05:07.396Z,USD,,272228.0,272228.0,,,2026-07-08 18:05:10.686000+00:00,2026-07-08,0.07,0.44,0.23,,0.47,,
swsh10-028,Psyduck,28,Common,Astral Radiance,2026-07-09T18:05:09.065Z,EUR,658533.0,2026-07-09T18:05:06.573Z,USD,,272228.0,272228.0,,,2026-07-09 18:05:09.065000+00:00,2026-07-09,0.03,0.56,0.23,,0.52,,
swsh10-028,Psyduck,28,Common,Astral Radiance,2026-07-10T18:05:08.528Z,EUR,658533.0,2026-07-10T18:05:06.198Z,USD,,272228.0,272228.0,,,2026-07-10 18:05:08.528000+00:00,2026-07-10,0.15,0.28,0.24,,0.51,,
swsh10-028,Psyduck,28,Common,Astral Radiance,2026-07-11T18:05:08.177Z,EUR,658533.0,2026-07-11T18:05:05.834Z,USD,,272228.0,272228.0,,,2026-07-11 18:05:08.177000+00:00,2026-07-11,0.15,0.28,0.22,,0.53,,
swsh10-028,Psyduck,28,Common,Astral Radiance,2026-07-12T18:05:08.999Z,EUR,658533.0,2026-07-12T18:05:07.150Z,USD,,272228.0,272228.0,,,2026-07-12 18:05:08.999000+00:00,2026-07-12,0.15,0.28,0.25,,0.5,,
swsh10-028,Psyduck,28,Common,Astral Radiance,2026-07-13T18:05:07.999Z,EUR,658533.0,2026-07-13T18:05:06.175Z,USD,,272228.0,272228.0,,,2026-07-13 18:05:07.999000+00:00,2026-07-13,0.15,0.6,0.23,,0.5,,
swsh10-028,Psyduck,28,Common,Astral Radiance,2026-07-14T18:05:08.458Z,EUR,658533.0,2026-07-14T18:05:05.895Z,USD,,272228.0,272228.0,,,2026-07-14 18:05:08.458000+00:00,2026-07-14,0.15,0.6,0.25,,0.5,,
swsh10-028,Psyduck,28,Common,Astral Radiance,2026-07-15T18:05:08.182Z,EUR,658533.0,2026-07-15T18:05:05.848Z,USD,,272228.0,272228.0,,,2026-07-15 18:05:08.182000+00:00,2026-07-15,0.15,0.6,0.23,,0.49,,
swsh10-028,Psyduck,28,Common,Astral Radiance,2026-07-16T18:05:08.165Z,EUR,658533.0,2026-07-16T18:05:05.865Z,USD,,272228.0,272228.0,,,2026-07-16 18:05:08.165000+00:00,2026-07-16,0.15,0.6,0.21,,0.49,,
swsh10-028,Psyduck,28,Common,Astral Radiance,2026-07-17T18:05:09.396Z,EUR,658533.0,2026-07-17T18:05:07.256Z,USD,,272228.0,272228.0,,,2026-07-17 18:05:09.396000+00:00,2026-07-17,0.15,0.6,0.21,,0.48,,
swsh10-028,Psyduck,28,Common,Astral Radiance,2026-07-18T08:02:59.776Z,EUR,658533.0,2026-07-18T08:02:56.897Z,USD,,272228.0,272228.0,,,2026-07-18 08:02:59.776000+00:00,2026-07-18,0.15,0.6,0.22,,0.48,,
swsh10-028,Psyduck,28,Common,Astral Radiance,2026-07-19T08:03:04.658Z,EUR,658533.0,2026-07-19T08:03:02.257Z,USD,,272228.0,272228.0,,,2026-07-19 08:03:04.658000+00:00,2026-07-19,0.15,0.6,0.23,,0.45,,
swsh10-028,Psyduck,28,Common,Astral Radiance,2026-07-20T08:03:04.265Z,EUR,658533.0,2026-07-20T08:03:02.116Z,USD,,272228.0,272228.0,,,2026-07-20 08:03:04.265000+00:00,2026-07-20,0.14,0.57,0.23,,0.46,,
swsh10-028,Psyduck,28,Common,Astral Radiance,2026-07-21T08:03:04.457Z,EUR,658533.0,2026-07-21T08:03:02.180Z,USD,,272228.0,272228.0,,,2026-07-21 08:03:04.457000+00:00,2026-07-21,0.14,0.57,0.23,,0.5,,
swsh10-028,Psyduck,28,Common,Astral Radiance,2026-07-22T08:03:06.627Z,EUR,658533.0,2026-07-22T08:03:04.005Z,USD,,272228.0,272228.0,,,2026-07-22 08:03:06.627000+00:00,2026-07-22,0.14,0.57,0.23,,0.5,,
swsh10-028,Psyduck,28,Common,Astral Radiance,2026-07-23T08:03:03.918Z,EUR,658533.0,2026-07-23T08:03:01.835Z,USD,,272228.0,272228.0,,,2026-07-23 08:03:03.918000+00:00,2026-07-23,0.14,0.57,0.21,,0.51,,
swsh10-028,Psyduck,28,Common,Astral Radiance,2026-07-24T08:03:04.550Z,EUR,658533.0,2026-07-24T08:03:02.216Z,USD,,272228.0,272228.0,,,2026-07-24 08:03:04.550000+00:00,2026-07-24,0.14,0.57,0.2,,0.51,,
swsh10-028,Psyduck,28,Common,Astral Radiance,2026-07-25T08:03:03.827Z,EUR,658533.0,2026-07-25T08:03:02.194Z,USD,,272228.0,272228.0,,,2026-07-25 08:03:03.827000+00:00,2026-07-25,0.14,0.57,0.22,,0.5,,
swsh10-028,Psyduck,28,Common,Astral Radiance,2026-07-26T08:03:04.571Z,EUR,658533.0,2026-07-26T08:03:33.294Z,USD,,272228.0,272228.0,,,2026-07-26 08:03:04.571000+00:00,2026-07-26,0.07,0.19,0.23,,0.53,,
swsh10-028,Psyduck,28,Common,Astral Radiance,2026-07-27T08:03:04.458Z,EUR,658533.0,2026-07-27T08:03:32.789Z,USD,,272228.0,272228.0,,,2026-07-27 08:03:04.458000+00:00,2026-07-27,0.08,0.59,0.22,,0.5,,
swsh10-028,Psyduck,28,Common,Astral Radiance,2026-07-28T08:03:04.286Z,EUR,658533.0,2026-07-28T08:03:31.482Z,USD,,272228.0,272228.0,,,2026-07-28 08:03:04.286000+00:00,2026-07-28,0.08,0.59,0.2,,0.5,,
swsh10-028,Psyduck,28,Common,Astral Radiance,2026-07-29T08:03:05.570Z,EUR,658533.0,2026-07-29T08:03:04.605Z,USD,,272228.0,272228.0,,,2026-07-29 08:03:05.570000+00:00,2026-07-29,0.13,0.48,0.21,,0.51,,
swsh7-24,Psyduck,24,Common,Evolving Skies,2026-07-08T18:05:11.087Z,EUR,574048.0,2026-07-08T18:05:07.345Z,USD,,246816.0,246816.0,,,2026-07-08 18:05:11.087000+00:00,2026-07-08,0.1,0.26,0.23,,0.46,,
swsh7-24,Psyduck,24,Common,Evolving Skies,2026-07-09T18:05:09.065Z,EUR,574048.0,2026-07-09T18:05:06.557Z,USD,,246816.0,246816.0,,,2026-07-09 18:05:09.065000+00:00,2026-07-09,0.15,0.23,0.29,,0.49,,
swsh7-24,Psyduck,24,Common,Evolving Skies,2026-07-10T18:05:08.528Z,EUR,574048.0,2026-07-10T18:05:06.187Z,USD,,246816.0,246816.0,,,2026-07-10 18:05:08.528000+00:00,2026-07-10,0.35,0.36,0.3,,0.49,,
swsh7-24,Psyduck,24,Common,Evolving Skies,2026-07-11T18:05:08.177Z,EUR,574048.0,2026-07-11T18:05:05.814Z,USD,,246816.0,246816.0,,,2026-07-11 18:05:08.177000+00:00,2026-07-11,0.35,0.36,0.31,,0.48,,
swsh7-24,Psyduck,24,Common,Evolving Skies,2026-07-12T18:05:08.999Z,EUR,574048.0,2026-07-12T18:05:07.133Z,USD,,246816.0,246816.0,,,2026-07-12 18:05:08.999000+00:00,2026-07-12,0.35,0.36,0.29,,0.48,,
swsh7-24,Psyduck,24,Common,Evolving Skies,2026-07-13T18:05:07.901Z,EUR,574048.0,2026-07-13T18:05:06.156Z,USD,,246816.0,246816.0,,,2026-07-13 18:05:07.901000+00:00,2026-07-13,0.19,0.46,0.28,,0.53,,
swsh7-24,Psyduck,24,Common,Evolving Skies,2026-07-14T18:05:08.458Z,EUR,574048.0,2026-07-14T18:05:05.874Z,USD,,246816.0,246816.0,,,2026-07-14 18:05:08.458000+00:00,2026-07-14,0.19,0.46,0.3,,0.53,,
swsh7-24,Psyduck,24,Common,Evolving Skies,2026-07-15T18:05:08.182Z,EUR,574048.0,2026-07-15T18:05:05.831Z,USD,,246816.0,246816.0,,,2026-07-15 18:05:08.182000+00:00,2026-07-15,0.19,0.46,0.25,,0.53,,
swsh7-24,Psyduck,24,Common,Evolving Skies,2026-07-16T18:05:08.165Z,EUR,574048.0,2026-07-16T18:05:05.852Z,USD,,246816.0,246816.0,,,2026-07-16 18:05:08.165000+00:00,2026-07-16,0.19,0.46,0.24,,0.52,,
swsh7-24,Psyduck,24,Common,Evolving Skies,2026-07-17T18:05:09.271Z,EUR,574048.0,2026-07-17T18:05:07.242Z,USD,,246816.0,246816.0,,,2026-07-17 18:05:09.271000+00:00,2026-07-17,0.19,0.46,0.24,,0.52,,
swsh7-24,Psyduck,24,Common,Evolving Skies,2026-07-18T08:02:59.387Z,EUR,574048.0,2026-07-18T08:02:56.886Z,USD,,246816.0,246816.0,,,2026-07-18 08:02:59.387000+00:00,2026-07-18,0.19,0.46,0.24,,0.52,,
swsh7-24,Psyduck,24,Common,Evolving Skies,2026-07-19T08:03:04.658Z,EUR,574048.0,2026-07-19T08:03:02.244Z,USD,,246816.0,246816.0,,,2026-07-19 08:03:04.658000+00:00,2026-07-19,0.19,0.46,0.29,,0.53,,
swsh7-24,Psyduck,24,Common,Evolving Skies,2026-07-20T08:03:04.811Z,EUR,574048.0,2026-07-20T08:03:02.103Z,USD,,246816.0,246816.0,,,2026-07-20 08:03:04.811000+00:00,2026-07-20,0.15,0.35,0.3,,0.53,,
swsh7-24,Psyduck,24,Common,Evolving Skies,2026-07-21T08:03:04.252Z,EUR,574048.0,2026-07-21T08:03:02.168Z,USD,,246816.0,246816.0,,,2026-07-21 08:03:04.252000+00:00,2026-07-21,0.15,0.35,0.3,,0.53,,
swsh7-24,Psyduck,24,Common,Evolving Skies,2026-07-22T08:03:06.627Z,EUR,574048.0,2026-07-22T08:03:03.970Z,USD,,246816.0,246816.0,,,2026-07-22 08:03:06.627000+00:00,2026-07-22,0.15,0.35,0.26,,0.53,,
swsh7-24,Psyduck,24,Common,Evolving Skies,2026-07-23T08:03:03.918Z,EUR,574048.0,2026-07-23T08:03:01.819Z,USD,,246816.0,246816.0,,,2026-07-23 08:03:03.918000+00:00,2026-07-23,0.15,0.35,0.23,,0.54,,
swsh7-24,Psyduck,24,Common,Evolving Skies,2026-07-24T08:03:04.300Z,EUR,574048.0,2026-07-24T08:03:02.185Z,USD,,246816.0,246816.0,,,2026-07-24 08:03:04.300000+00:00,2026-07-24,0.15,0.35,0.28,,0.56,,
swsh7-24,Psyduck,24,Common,Evolving Skies,2026-07-25T08:03:04.302Z,EUR,574048.0,2026-07-25T08:03:02.179Z,USD,,246816.0,246816.0,,,2026-07-25 08:03:04.302000+00:00,2026-07-25,0.15,0.35,0.28,,0.54,,
swsh7-24,Psyduck,24,Common,Evolving Skies,2026-07-26T08:03:04.571Z,EUR,574048.0,2026-07-26T08:03:32.507Z,USD,,246816.0,246816.0,,,2026-07-26 08:03:04.571000+00:00,2026-07-26,0.09,0.72,0.3,,0.55,,
swsh7-24,Psyduck,24,Common,Evolving Skies,2026-07-27T08:03:04.458Z,EUR,574048.0,2026-07-27T08:03:31.149Z,USD,,246816.0,246816.0,,,2026-07-27 08:03:04.458000+00:00,2026-07-27,0.17,0.19,0.33,,0.55,,
swsh7-24,Psyduck,24,Common,Evolving Skies,2026-07-28T08:03:04.286Z,EUR,574048.0,2026-07-28T08:03:28.731Z,USD,,246816.0,246816.0,,,2026-07-28 08:03:04.286000+00:00,2026-07-28,0.17,0.19,0.29,,0.55,,
swsh7-24,Psyduck,24,Common,Evolving Skies,2026-07-29T08:03:04.597Z,EUR,574048.0,2026-07-29T08:03:04.488Z,USD,,246816.0,246816.0,,,2026-07-29 08:03:04.597000+00:00,2026-07-29,0.06,0.34,0.27,,0.57,,
xy9-16,Psyduck,16,Common,BREAKpoint,2026-07-08T18:05:10.691Z,EUR,288191.0,2026-07-08T18:05:07.121Z,USD,,111519.0,111519.0,,,2026-07-08 18:05:10.691000+00:00,2026-07-08,0.57,79.74,1.38,,13.89,,
xy9-16,Psyduck,16,Common,BREAKpoint,2026-07-09T18:05:09.065Z,EUR,288191.0,2026-07-09T18:05:06.417Z,USD,,111519.0,111519.0,,,2026-07-09 18:05:09.065000+00:00,2026-07-09,0.57,79.74,1.39,,14.16,,
xy9-16,Psyduck,16,Common,BREAKpoint,2026-07-10T18:05:08.528Z,EUR,288191.0,2026-07-10T18:05:06.042Z,USD,,111519.0,111519.0,,,2026-07-10 18:05:08.528000+00:00,2026-07-10,0.54,79.74,1.38,,14.16,,
xy9-16,Psyduck,16,Common,BREAKpoint,2026-07-11T18:05:08.177Z,EUR,288191.0,2026-07-11T18:05:05.696Z,USD,,111519.0,111519.0,,,2026-07-11 18:05:08.177000+00:00,2026-07-11,0.54,79.74,1.39,,14.16,,
xy9-16,Psyduck,16,Common,BREAKpoint,2026-07-12T18:05:08.999Z,EUR,288191.0,2026-07-12T18:05:06.994Z,USD,,111519.0,111519.0,,,2026-07-12 18:05:08.999000+00:00,2026-07-12,0.54,79.74,1.41,,14.16,,
xy9-16,Psyduck,16,Common,BREAKpoint,2026-07-13T18:05:07.901Z,EUR,288191.0,2026-07-13T18:05:05.940Z,USD,,111519.0,111519.0,,,2026-07-13 18:05:07.901000+00:00,2026-07-13,0.65,1.14,1.39,,14.16,,
xy9-16,Psyduck,16,Common,BREAKpoint,2026-07-14T18:05:08.458Z,EUR,288191.0,2026-07-14T18:05:05.668Z,USD,,111519.0,111519.0,,,2026-07-14 18:05:08.458000+00:00,2026-07-14,0.65,1.14,1.39,,14.16,,
xy9-16,Psyduck,16,Common,BREAKpoint,2026-07-15T18:05:08.182Z,EUR,288191.0,2026-07-15T18:05:05.689Z,USD,,111519.0,111519.0,,,2026-07-15 18:05:08.182000+00:00,2026-07-15,0.65,1.14,1.39,,14.16,,
xy9-16,Psyduck,16,Common,BREAKpoint,2026-07-16T18:05:08.165Z,EUR,288191.0,2026-07-16T18:05:05.743Z,USD,,111519.0,111519.0,,,2026-07-16 18:05:08.165000+00:00,2026-07-16,0.65,1.14,1.38,,14.16,,
xy9-16,Psyduck,16,Common,BREAKpoint,2026-07-17T18:05:09.396Z,EUR,288191.0,2026-07-17T18:05:07.097Z,USD,,111519.0,111519.0,,,2026-07-17 18:05:09.396000+00:00,2026-07-17,0.65,1.14,1.38,,14.16,,
xy9-16,Psyduck,16,Common,BREAKpoint,2026-07-18T08:02:59.387Z,EUR,288191.0,2026-07-18T08:02:56.746Z,USD,,111519.0,111519.0,,,2026-07-18 08:02:59.387000+00:00,2026-07-18,0.65,1.14,1.38,,14.16,,
xy9-16,Psyduck,16,Common,BREAKpoint,2026-07-19T08:03:04.658Z,EUR,288191.0,2026-07-19T08:03:02.125Z,USD,,111519.0,111519.0,,,2026-07-19 08:03:04.658000+00:00,2026-07-19,0.65,1.14,1.39,,14.16,,
xy9-16,Psyduck,16,Common,BREAKpoint,2026-07-20T08:03:04.811Z,EUR,288191.0,2026-07-20T08:03:01.985Z,USD,,111519.0,111519.0,,,2026-07-20 08:03:04.811000+00:00,2026-07-20,0.68,2.28,1.39,,14.16,,
xy9-16,Psyduck,16,Common,BREAKpoint,2026-07-21T08:03:04.252Z,EUR,288191.0,2026-07-21T08:03:01.952Z,USD,,111519.0,111519.0,,,2026-07-21 08:03:04.252000+00:00,2026-07-21,0.68,2.28,1.4,,14.4,,
xy9-16,Psyduck,16,Common,BREAKpoint,2026-07-22T08:03:06.627Z,EUR,288191.0,2026-07-22T08:03:03.804Z,USD,,111519.0,111519.0,,,2026-07-22 08:03:06.627000+00:00,2026-07-22,0.68,2.28,1.39,,14.4,,
xy9-16,Psyduck,16,Common,BREAKpoint,2026-07-23T08:03:03.918Z,EUR,288191.0,2026-07-23T08:03:01.672Z,USD,,111519.0,111519.0,,,2026-07-23 08:03:03.918000+00:00,2026-07-23,0.68,2.28,1.35,,14.4,,
xy9-16,Psyduck,16,Common,BREAKpoint,2026-07-24T08:03:04.300Z,EUR,288191.0,2026-07-24T08:03:02.075Z,USD,,111519.0,111519.0,,,2026-07-24 08:03:04.300000+00:00,2026-07-24,0.68,2.28,1.3,,14.4,,
xy9-16,Psyduck,16,Common,BREAKpoint,2026-07-25T08:03:03.827Z,EUR,288191.0,2026-07-25T08:03:02.048Z,USD,,111519.0,111519.0,,,2026-07-25 08:03:03.827000+00:00,2026-07-25,0.68,2.28,1.3,,14.4,,
xy9-16,Psyduck,16,Common,BREAKpoint,2026-07-26T08:03:04.571Z,EUR,288191.0,2026-07-26T08:03:23.053Z,USD,,111519.0,111519.0,,,2026-07-26 08:03:04.571000+00:00,2026-07-26,1.41,0.68,1.3,,14.4,,
xy9-16,Psyduck,16,Common,BREAKpoint,2026-07-27T08:03:04.689Z,EUR,288191.0,2026-07-27T08:03:20.410Z,USD,,111519.0,111519.0,,,2026-07-27 08:03:04.689000+00:00,2026-07-27,1.41,0.68,1.3,,14.36,,
xy9-16,Psyduck,16,Common,BREAKpoint,2026-07-28T08:03:04.286Z,EUR,288191.0,2026-07-28T08:03:16.595Z,USD,,111519.0,111519.0,,,2026-07-28 08:03:04.286000+00:00,2026-07-28,1.41,0.68,1.31,,14.36,,
xy9-16,Psyduck,16,Common,BREAKpoint,2026-07-29T08:03:05.570Z,EUR,288191.0,2026-07-29T08:03:03.702Z,USD,,111519.0,111519.0,,,2026-07-29 08:03:05.570000+00:00,2026-07-29,1.29,0.57,1.3,,14.48,,
